country,population,indicator,direction,admin_level,admin_name,n_surveys,years_available,latest_year,baseline_target_year,baseline_year,baseline_year_gap,baseline_estimate,observed_latest_estimate,pp_change_10yr,recoded_baseline_estimate,recoded_observed_latest,pp_change_10yr_recoded,change_rank,prevalence_rank
DRC,,anc4plus,beneficial,ADM1,Sud-Kivu,2,2013;2024,2024,2014,2013,1,35.260602,61.335376,26.074774,64.739398,38.664624,-26.074774,1,3
DRC,,anc4plus,beneficial,ADM1,Kongo Central,2,2013;2024,2024,2014,2013,1,39.058061,46.591919,7.533858,60.941939,53.408081,-7.533858,2,10
DRC,,anc4plus,beneficial,ADM1,Lualaba,2,2013;2024,2024,2014,2013,1,52.568414,56.845866,4.277452,47.431586,43.154134,-4.277452,3,4
DRC,,anc4plus,beneficial,ADM1,Mai-Ndombe,2,2013;2024,2024,2014,2013,1,61.381791,62.428795,1.047004,38.618209,37.571205,-1.047004,4,2
DRC,,anc4plus,beneficial,ADM1,Kwango,2,2013;2024,2024,2014,2013,1,27.990395,28.543366,0.552971,72.009605,71.456634,-0.552971,5,21
DRC,,anc4plus,beneficial,ADM1,Haut-Katanga,2,2013;2024,2024,2014,2013,1,47.46886,47.965755,0.496895,52.53114,52.034245,-0.496895,6,9
DRC,,anc4plus,beneficial,ADM1,Tshopo,2,2013;2024,2024,2014,2013,1,49.277575,49.27738,-0.000195,50.722425,50.72262,0.000195,7,7
DRC,,anc4plus,beneficial,ADM1,Kasai-Central,2,2013;2024,2024,2014,2013,1,43.300453,43.295979,-0.004474,56.699547,56.704021,0.004474,8,12
DRC,,anc4plus,beneficial,ADM1,Mongala,2,2013;2024,2024,2014,2013,1,47.278443,45.638067,-1.640376,52.721557,54.361933,1.640376,9,11
DRC,,anc4plus,beneficial,ADM1,Kwilu,2,2013;2024,2024,2014,2013,1,51.024096,49.32902,-1.695076,48.975904,50.67098,1.695076,10,6
DRC,,anc4plus,beneficial,ADM1,Nord-Ubangi,2,2013;2024,2024,2014,2013,1,42.813713,40.777702,-2.036011,57.186287,59.222298,2.036011,11,13
DRC,,anc4plus,beneficial,ADM1,Tanganyika,2,2013;2024,2024,2014,2013,1,28.744074,25.468926,-3.275148,71.255926,74.531074,3.275148,12,23
DRC,,anc4plus,beneficial,ADM1,Kinshasa,2,2013;2024,2024,2014,2013,1,74.236269,69.19981,-5.036459,25.763731,30.80019,5.036459,13,1
DRC,,anc4plus,beneficial,ADM1,Nord-Kivu,2,2013;2024,2024,2014,2013,1,56.771075,50.668947,-6.102128,43.228925,49.331053,6.102128,14,5
DRC,,anc4plus,beneficial,ADM1,Lomami,2,2013;2024,2024,2014,2013,1,38.853656,31.705168,-7.148488,61.146344,68.294832,7.148488,15,18
DRC,,anc4plus,beneficial,ADM1,Haut-Lomami,2,2013;2024,2024,2014,2013,1,41.79437,34.381983,-7.412387,58.20563,65.618017,7.412387,16,17
DRC,,anc4plus,beneficial,ADM1,Maniema,2,2013;2024,2024,2014,2013,1,39.338688,29.817499,-9.521189,60.661312,70.182501,9.521189,17,20
DRC,,anc4plus,beneficial,ADM1,Tshuapa,2,2013;2024,2024,2014,2013,1,35.818544,24.070656,-11.747888,64.181456,75.929344,11.747888,18,25
DRC,,anc4plus,beneficial,ADM1,Sankuru,2,2013;2024,2024,2014,2013,1,27.727223,14.184444,-13.542779,72.272777,85.815556,13.542779,19,26
DRC,,anc4plus,beneficial,ADM1,Sud-Ubangi,2,2013;2024,2024,2014,2013,1,54.590128,39.788027,-14.802101,45.409872,60.211973,14.802101,20,14
DRC,,anc4plus,beneficial,ADM1,Bas-Uele,2,2013;2024,2024,2014,2013,1,39.572666,24.25363,-15.319036,60.427334,75.74637,15.319036,21,24
DRC,,anc4plus,beneficial,ADM1,Equateur,2,2013;2024,2024,2014,2013,1,65.346516,48.688968,-16.657548,34.653484,51.311032,16.657548,22,8
DRC,,anc4plus,beneficial,ADM1,Ituri,2,2013;2024,2024,2014,2013,1,56.512938,39.702706,-16.810232,43.487062,60.297294,16.810232,23,15
DRC,,anc4plus,beneficial,ADM1,Kasai,2,2013;2024,2024,2014,2013,1,43.521968,26.604883,-16.917085,56.478032,73.395117,16.917085,24,22
DRC,,anc4plus,beneficial,ADM1,Haut-Uele,2,2013;2024,2024,2014,2013,1,48.676925,30.473965,-18.20296,51.323075,69.526035,18.20296,25,19
DRC,,anc4plus,beneficial,ADM1,Kasai-Oriental,2,2013;2024,2024,2014,2013,1,56.834348,34.698145,-22.136203,43.165652,65.301855,22.136203,26,16
DRC,,anc_skilled_provider,beneficial,ADM1,Tanganyika,2,2013;2024,2024,2014,2013,1,50.664282,58.346524,7.682242,49.335718,41.653476,-7.682242,1,24
DRC,,anc_skilled_provider,beneficial,ADM1,Mongala,2,2013;2024,2024,2014,2013,1,77.411583,82.070772,4.659189,22.588417,17.929228,-4.659189,2,12
DRC,,anc_skilled_provider,beneficial,ADM1,Mai-Ndombe,2,2013;2024,2024,2014,2013,1,90.084847,92.962728,2.877881,9.915153,7.037272,-2.877881,3,4
DRC,,anc_skilled_provider,beneficial,ADM1,Nord-Ubangi,2,2013;2024,2024,2014,2013,1,86.882122,89.169379,2.287257,13.117878,10.830621,-2.287257,4,6
DRC,,anc_skilled_provider,beneficial,ADM1,Kasai-Central,2,2013;2024,2024,2014,2013,1,90.89712,92.630632,1.733512,9.10288,7.369368,-1.733512,5,5
DRC,,anc_skilled_provider,beneficial,ADM1,Nord-Kivu,2,2013;2024,2024,2014,2013,1,97.445999,98.430124,0.984125,2.554001,1.569876,-0.984125,6,1
DRC,,anc_skilled_provider,beneficial,ADM1,Tshopo,2,2013;2024,2024,2014,2013,1,79.945867,79.979817,0.03395,20.054133,20.020183,-0.03395,7,18
DRC,,anc_skilled_provider,beneficial,ADM1,Sud-Kivu,2,2013;2024,2024,2014,2013,1,95.798278,95.007291,-0.790987,4.201722,4.992709,0.790987,8,2
DRC,,anc_skilled_provider,beneficial,ADM1,Kwango,2,2013;2024,2024,2014,2013,1,81.923405,80.948675,-0.97473,18.076595,19.051325,0.97473,9,15
DRC,,anc_skilled_provider,beneficial,ADM1,Haut-Katanga,2,2013;2024,2024,2014,2013,1,85.915643,84.712821,-1.202822,14.084357,15.287179,1.202822,10,9
DRC,,anc_skilled_provider,beneficial,ADM1,Kinshasa,2,2013;2024,2024,2014,2013,1,96.433763,94.996178,-1.437585,3.566237,5.003822,1.437585,11,3
DRC,,anc_skilled_provider,beneficial,ADM1,Haut-Lomami,2,2013;2024,2024,2014,2013,1,76.458249,74.698618,-1.759631,23.541751,25.301382,1.759631,12,20
DRC,,anc_skilled_provider,beneficial,ADM1,Lualaba,2,2013;2024,2024,2014,2013,1,90.775518,88.052364,-2.723154,9.224482,11.947636,2.723154,13,7
DRC,,anc_skilled_provider,beneficial,ADM1,Kasai-Oriental,2,2013;2024,2024,2014,2013,1,85.26257,80.516627,-4.745943,14.73743,19.483373,4.745943,14,17
DRC,,anc_skilled_provider,beneficial,ADM1,Tshuapa,2,2013;2024,2024,2014,2013,1,68.627686,62.29405,-6.333636,31.372314,37.70595,6.333636,15,23
DRC,,anc_skilled_provider,beneficial,ADM1,Kwilu,2,2013;2024,2024,2014,2013,1,94.734022,87.306645,-7.427377,5.265978,12.693355,7.427377,16,8
DRC,,anc_skilled_provider,beneficial,ADM1,Equateur,2,2013;2024,2024,2014,2013,1,89.113832,80.859216,-8.254616,10.886168,19.140784,8.254616,17,16
DRC,,anc_skilled_provider,beneficial,ADM1,Maniema,2,2013;2024,2024,2014,2013,1,91.712288,81.404895,-10.307393,8.287712,18.595105,10.307393,18,13
DRC,,anc_skilled_provider,beneficial,ADM1,Lomami,2,2013;2024,2024,2014,2013,1,80.800699,69.75455,-11.046149,19.199301,30.24545,11.046149,19,22
DRC,,anc_skilled_provider,beneficial,ADM1,Kongo Central,2,2013;2024,2024,2014,2013,1,95.148756,83.960688,-11.188068,4.851244,16.039312,11.188068,20,10
DRC,,anc_skilled_provider,beneficial,ADM1,Haut-Uele,2,2013;2024,2024,2014,2013,1,93.445855,82.19245,-11.253405,6.554145,17.80755,11.253405,21,11
DRC,,anc_skilled_provider,beneficial,ADM1,Sud-Ubangi,2,2013;2024,2024,2014,2013,1,89.266522,76.959589,-12.306933,10.733478,23.040411,12.306933,22,19
DRC,,anc_skilled_provider,beneficial,ADM1,Ituri,2,2013;2024,2024,2014,2013,1,93.868584,81.248667,-12.619917,6.131416,18.751333,12.619917,23,14
DRC,,anc_skilled_provider,beneficial,ADM1,Kasai,2,2013;2024,2024,2014,2013,1,86.131734,69.987873,-16.143861,13.868266,30.012127,16.143861,24,21
DRC,,anc_skilled_provider,beneficial,ADM1,Sankuru,2,2013;2024,2024,2014,2013,1,69.838993,48.005846,-21.833147,30.161007,51.994154,21.833147,25,26
DRC,,anc_skilled_provider,beneficial,ADM1,Bas-Uele,2,2013;2024,2024,2014,2013,1,85.975525,53.497572,-32.477953,14.024475,46.502428,32.477953,26,25
DRC,women_15_49,anemia_women,adverse,ADM1,Kasai-Central,2,2013;2024,2024,2014,2013,1,51.55285089,37.70505018,-13.84780071,51.55285089,37.70505018,-13.84780071,1,8
DRC,women_15_49,anemia_women,adverse,ADM1,Haut-Uele,2,2013;2024,2024,2014,2013,1,31.63129715,20.01550384,-11.61579331,31.63129715,20.01550384,-11.61579331,2,1
DRC,women_15_49,anemia_women,adverse,ADM1,Lomami,2,2013;2024,2024,2014,2013,1,44.4710144,34.56479806,-9.90621634,44.4710144,34.56479806,-9.90621634,3,7
DRC,women_15_49,anemia_women,adverse,ADM1,Tanganyika,2,2013;2024,2024,2014,2013,1,55.32394348,46.04104555,-9.28289793,55.32394348,46.04104555,-9.28289793,4,16
DRC,women_15_49,anemia_women,adverse,ADM1,Mai-Ndombe,2,2013;2024,2024,2014,2013,1,51.90657796,47.23483535,-4.67174261,51.90657796,47.23483535,-4.67174261,5,19
DRC,women_15_49,anemia_women,adverse,ADM1,Ituri,2,2013;2024,2024,2014,2013,1,30.59619121,26.65892704,-3.93726417,30.59619121,26.65892704,-3.93726417,6,3
DRC,women_15_49,anemia_women,adverse,ADM1,Kasai,2,2013;2024,2024,2014,2013,1,41.03163378,39.43153683,-1.60009695,41.03163378,39.43153683,-1.60009695,7,10
DRC,women_15_49,anemia_women,adverse,ADM1,Kwilu,2,2013;2024,2024,2014,2013,1,35.20088221,33.72567736,-1.47520485,35.20088221,33.72567736,-1.47520485,8,6
DRC,women_15_49,anemia_women,adverse,ADM1,Kongo Central,2,2013;2024,2024,2014,2013,1,54.71769659,53.86678421,-0.85091238,54.71769659,53.86678421,-0.85091238,9,26
DRC,women_15_49,anemia_women,adverse,ADM1,Nord-Kivu,2,2013;2024,2024,2014,2013,1,20.68430468,20.05860565,-0.62569903,20.68430468,20.05860565,-0.62569903,10,2
DRC,women_15_49,anemia_women,adverse,ADM1,Kasai-Oriental,2,2013;2024,2024,2014,2013,1,38.25099538,38.29265923,0.04166385,38.25099538,38.29265923,0.04166385,11,9
DRC,women_15_49,anemia_women,adverse,ADM1,Maniema,2,2013;2024,2024,2014,2013,1,49.51299106,50.37001028,0.85701922,49.51299106,50.37001028,0.85701922,12,21
DRC,women_15_49,anemia_women,adverse,ADM1,Equateur,2,2013;2024,2024,2014,2013,1,44.64411038,46.13368683,1.48957645,44.64411038,46.13368683,1.48957645,13,17
DRC,women_15_49,anemia_women,adverse,ADM1,Bas-Uele,2,2013;2024,2024,2014,2013,1,48.85419643,52.19790521,3.34370878,48.85419643,52.19790521,3.34370878,14,24
DRC,women_15_49,anemia_women,adverse,ADM1,Nord-Ubangi,2,2013;2024,2024,2014,2013,1,27.01382202,30.64932186,3.63549984,27.01382202,30.64932186,3.63549984,15,4
DRC,women_15_49,anemia_women,adverse,ADM1,Haut-Lomami,2,2013;2024,2024,2014,2013,1,46.01571189,50.62036479,4.6046529,46.01571189,50.62036479,4.6046529,16,22
DRC,women_15_49,anemia_women,adverse,ADM1,Kinshasa,2,2013;2024,2024,2014,2013,1,46.67994828,51.37402788,4.6940796,46.67994828,51.37402788,4.6940796,17,23
DRC,women_15_49,anemia_women,adverse,ADM1,Sankuru,2,2013;2024,2024,2014,2013,1,37.99070554,43.22528283,5.23457729,37.99070554,43.22528283,5.23457729,18,13
DRC,women_15_49,anemia_women,adverse,ADM1,Haut-Katanga,2,2013;2024,2024,2014,2013,1,41.7312191,47.73422063,6.00300153,41.7312191,47.73422063,6.00300153,19,20
DRC,women_15_49,anemia_women,adverse,ADM1,Tshopo,2,2013;2024,2024,2014,2013,1,39.64164994,46.39290663,6.75125669,39.64164994,46.39290663,6.75125669,20,18
DRC,women_15_49,anemia_women,adverse,ADM1,Tshuapa,2,2013;2024,2024,2014,2013,1,44.83669291,52.73581191,7.899119,44.83669291,52.73581191,7.899119,21,25
DRC,women_15_49,anemia_women,adverse,ADM1,Mongala,2,2013;2024,2024,2014,2013,1,35.4805968,44.25433334,8.77373654,35.4805968,44.25433334,8.77373654,22,15
DRC,women_15_49,anemia_women,adverse,ADM1,Lualaba,2,2013;2024,2024,2014,2013,1,31.3097673,41.82974505,10.51997775,31.3097673,41.82974505,10.51997775,23,12
DRC,women_15_49,anemia_women,adverse,ADM1,Sud-Kivu,2,2013;2024,2024,2014,2013,1,22.70339914,33.47917132,10.77577218,22.70339914,33.47917132,10.77577218,24,5
DRC,women_15_49,anemia_women,adverse,ADM1,Kwango,2,2013;2024,2024,2014,2013,1,28.20319784,40.80110987,12.59791203,28.20319784,40.80110987,12.59791203,25,11
DRC,women_15_49,anemia_women,adverse,ADM1,Sud-Ubangi,2,2013;2024,2024,2014,2013,1,27.24583728,43.47286191,16.22702463,27.24583728,43.47286191,16.22702463,26,14
DRC,,diarrhea_care_seeking,beneficial,ADM1,Nord-Kivu,2,2013;2024,2024,2014,2013,1,41.504396,83.455488,41.951092,58.495604,16.544512,-41.951092,1,1
DRC,,diarrhea_care_seeking,beneficial,ADM1,Sankuru,2,2013;2024,2024,2014,2013,1,38.753164,64.205612,25.452448,61.246836,35.794388,-25.452448,2,2
DRC,,diarrhea_care_seeking,beneficial,ADM1,Nord-Ubangi,2,2013;2024,2024,2014,2013,1,30.798691,51.104009,20.305318,69.201309,48.895991,-20.305318,3,8
DRC,,diarrhea_care_seeking,beneficial,ADM1,Sud-Ubangi,2,2013;2024,2024,2014,2013,1,34.756893,53.86655,19.109657,65.243107,46.13345,-19.109657,4,6
DRC,,diarrhea_care_seeking,beneficial,ADM1,Haut-Lomami,2,2013;2024,2024,2014,2013,1,37.90744,54.886096,16.978656,62.09256,45.113904,-16.978656,5,4
DRC,,diarrhea_care_seeking,beneficial,ADM1,Tshuapa,2,2013;2024,2024,2014,2013,1,27.749667,42.056831,14.307164,72.250333,57.943169,-14.307164,6,13
DRC,,diarrhea_care_seeking,beneficial,ADM1,Equateur,2,2013;2024,2024,2014,2013,1,49.252899,63.177708,13.924809,50.747101,36.822292,-13.924809,7,3
DRC,,diarrhea_care_seeking,beneficial,ADM1,Ituri,2,2013;2024,2024,2014,2013,1,28.184095,41.539313,13.355218,71.815905,58.460687,-13.355218,8,14
DRC,,diarrhea_care_seeking,beneficial,ADM1,Kwilu,2,2013;2024,2024,2014,2013,1,25.384398,36.643747,11.259349,74.615602,63.356253,-11.259349,9,18
DRC,,diarrhea_care_seeking,beneficial,ADM1,Kasai,2,2013;2024,2024,2014,2013,1,34.042289,43.359945,9.317656,65.957711,56.640055,-9.317656,10,11
DRC,,diarrhea_care_seeking,beneficial,ADM1,Sud-Kivu,2,2013;2024,2024,2014,2013,1,46.088107,54.834524,8.746417,53.911893,45.165476,-8.746417,11,5
DRC,,diarrhea_care_seeking,beneficial,ADM1,Kasai-Oriental,2,2013;2024,2024,2014,2013,1,20.668852,26.674335,6.005483,79.331148,73.325665,-6.005483,12,26
DRC,,diarrhea_care_seeking,beneficial,ADM1,Haut-Katanga,2,2013;2024,2024,2014,2013,1,25.776,31.766891,5.990891,74.224,68.233109,-5.990891,13,24
DRC,,diarrhea_care_seeking,beneficial,ADM1,Kasai-Central,2,2013;2024,2024,2014,2013,1,40.350329,45.997712,5.647383,59.649671,54.002288,-5.647383,14,10
DRC,,diarrhea_care_seeking,beneficial,ADM1,Lomami,2,2013;2024,2024,2014,2013,1,39.509656,42.555252,3.045596,60.490344,57.444748,-3.045596,15,12
DRC,,diarrhea_care_seeking,beneficial,ADM1,Mai-Ndombe,2,2013;2024,2024,2014,2013,1,50.046181,48.549885,-1.496296,49.953819,51.450115,1.496296,16,9
DRC,,diarrhea_care_seeking,beneficial,ADM1,Lualaba,2,2013;2024,2024,2014,2013,1,42.186418,39.955468,-2.23095,57.813582,60.044532,2.23095,17,15
DRC,,diarrhea_care_seeking,beneficial,ADM1,Bas-Uele,2,2013;2024,2024,2014,2013,1,34.847447,31.183101,-3.664346,65.152553,68.816899,3.664346,18,25
DRC,,diarrhea_care_seeking,beneficial,ADM1,Kinshasa,2,2013;2024,2024,2014,2013,1,37.938496,32.032421,-5.906075,62.061504,67.967579,5.906075,19,23
DRC,,diarrhea_care_seeking,beneficial,ADM1,Kwango,2,2013;2024,2024,2014,2013,1,44.693695,37.228222,-7.465473,55.306305,62.771778,7.465473,20,17
DRC,,diarrhea_care_seeking,beneficial,ADM1,Tshopo,2,2013;2024,2024,2014,2013,1,44.168516,33.603736,-10.56478,55.831484,66.396264,10.56478,21,21
DRC,,diarrhea_care_seeking,beneficial,ADM1,Mongala,2,2013;2024,2024,2014,2013,1,51.222973,38.775898,-12.447075,48.777027,61.224102,12.447075,22,16
DRC,,diarrhea_care_seeking,beneficial,ADM1,Kongo Central,2,2013;2024,2024,2014,2013,1,47.094104,33.41584,-13.678264,52.905896,66.58416,13.678264,23,22
DRC,,diarrhea_care_seeking,beneficial,ADM1,Tanganyika,2,2013;2024,2024,2014,2013,1,48.990533,34.47364,-14.516893,51.009467,65.52636,14.516893,24,20
DRC,,diarrhea_care_seeking,beneficial,ADM1,Maniema,2,2013;2024,2024,2014,2013,1,70.29766,53.703277,-16.594383,29.70234,46.296723,16.594383,25,7
DRC,,diarrhea_care_seeking,beneficial,ADM1,Haut-Uele,2,2013;2024,2024,2014,2013,1,54.669336,36.326261,-18.343075,45.330664,63.673739,18.343075,26,19
DRC,,facility_delivery,beneficial,ADM1,Tanganyika,2,2013;2024,2024,2014,2013,1,16.00799,38.976167,22.968177,83.99201,61.023833,-22.968177,1,25
DRC,,facility_delivery,beneficial,ADM1,Nord-Ubangi,2,2013;2024,2024,2014,2013,1,48.095354,69.338891,21.243537,51.904646,30.661109,-21.243537,2,19
DRC,,facility_delivery,beneficial,ADM1,Haut-Lomami,2,2013;2024,2024,2014,2013,1,44.010904,64.487289,20.476385,55.989096,35.512711,-20.476385,3,20
DRC,,facility_delivery,beneficial,ADM1,Lualaba,2,2013;2024,2024,2014,2013,1,71.100491,90.362809,19.262318,28.899509,9.637191,-19.262318,4,10
DRC,,facility_delivery,beneficial,ADM1,Mongala,2,2013;2024,2024,2014,2013,1,49.108228,63.268784,14.160556,50.891772,36.731216,-14.160556,5,22
DRC,,facility_delivery,beneficial,ADM1,Kwango,2,2013;2024,2024,2014,2013,1,67.208581,76.791197,9.582616,32.791419,23.208803,-9.582616,6,13
DRC,,facility_delivery,beneficial,ADM1,Lomami,2,2013;2024,2024,2014,2013,1,68.488712,75.645139,7.156427,31.511288,24.354861,-7.156427,7,14
DRC,,facility_delivery,beneficial,ADM1,Nord-Kivu,2,2013;2024,2024,2014,2013,1,92.066121,98.882948,6.816827,7.933879,1.117052,-6.816827,8,1
DRC,,facility_delivery,beneficial,ADM1,Haut-Katanga,2,2013;2024,2024,2014,2013,1,86.671791,91.594271,4.92248,13.328209,8.405729,-4.92248,9,8
DRC,,facility_delivery,beneficial,ADM1,Sud-Kivu,2,2013;2024,2024,2014,2013,1,92.638077,97.41304,4.774963,7.361923,2.58696,-4.774963,10,2
DRC,,facility_delivery,beneficial,ADM1,Ituri,2,2013;2024,2024,2014,2013,1,91.666267,95.972076,4.305809,8.333733,4.027924,-4.305809,11,4
DRC,,facility_delivery,beneficial,ADM1,Mai-Ndombe,2,2013;2024,2024,2014,2013,1,88.293505,92.18783,3.894325,11.706495,7.81217,-3.894325,12,7
DRC,,facility_delivery,beneficial,ADM1,Kasai-Central,2,2013;2024,2024,2014,2013,1,87.788768,91.305537,3.516769,12.211232,8.694463,-3.516769,13,9
DRC,,facility_delivery,beneficial,ADM1,Kasai,2,2013;2024,2024,2014,2013,1,81.54915,84.275093,2.725943,18.45085,15.724907,-2.725943,14,12
DRC,,facility_delivery,beneficial,ADM1,Sud-Ubangi,2,2013;2024,2024,2014,2013,1,71.063324,71.124878,0.061554,28.936676,28.875122,-0.061554,15,18
DRC,,facility_delivery,beneficial,ADM1,Kinshasa,2,2013;2024,2024,2014,2013,1,98.272061,97.397626,-0.874435,1.727939,2.602374,0.874435,16,3
DRC,,facility_delivery,beneficial,ADM1,Kongo Central,2,2013;2024,2024,2014,2013,1,95.517036,94.630055,-0.886981,4.482964,5.369945,0.886981,17,5
DRC,,facility_delivery,beneficial,ADM1,Kwilu,2,2013;2024,2024,2014,2013,1,93.977184,92.432617,-1.544567,6.022816,7.567383,1.544567,18,6
DRC,,facility_delivery,beneficial,ADM1,Tshuapa,2,2013;2024,2024,2014,2013,1,41.082896,38.116438,-2.966458,58.917104,61.883562,2.966458,19,26
DRC,,facility_delivery,beneficial,ADM1,Kasai-Oriental,2,2013;2024,2024,2014,2013,1,90.806308,87.456933,-3.349375,9.193692,12.543067,3.349375,20,11
DRC,,facility_delivery,beneficial,ADM1,Sankuru,2,2013;2024,2024,2014,2013,1,46.048268,42.439303,-3.608965,53.951732,57.560697,3.608965,21,24
DRC,,facility_delivery,beneficial,ADM1,Tshopo,2,2013;2024,2024,2014,2013,1,77.03063,72.553502,-4.477128,22.96937,27.446498,4.477128,22,16
DRC,,facility_delivery,beneficial,ADM1,Bas-Uele,2,2013;2024,2024,2014,2013,1,71.859999,59.058099,-12.8019,28.140001,40.941901,12.8019,23,23
DRC,,facility_delivery,beneficial,ADM1,Equateur,2,2013;2024,2024,2014,2013,1,78.496328,63.416808,-15.07952,21.503672,36.583192,15.07952,24,21
DRC,,facility_delivery,beneficial,ADM1,Haut-Uele,2,2013;2024,2024,2014,2013,1,88.309932,73.0025,-15.307432,11.690068,26.9975,15.307432,25,15
DRC,,facility_delivery,beneficial,ADM1,Maniema,2,2013;2024,2024,2014,2013,1,88.425339,71.421659,-17.00368,11.574661,28.578341,17.00368,26,17
DRC,,fever_care_seeking,beneficial,ADM1,Haut-Uele,2,2013;2024,2024,2014,2013,1,44.701156,69.184773,24.483617,55.298844,30.815227,-24.483617,1,1
DRC,,fever_care_seeking,beneficial,ADM1,Mai-Ndombe,2,2013;2024,2024,2014,2013,1,47.394117,62.046759,14.652642,52.605883,37.953241,-14.652642,2,3
DRC,,fever_care_seeking,beneficial,ADM1,Kasai-Central,2,2013;2024,2024,2014,2013,1,48.655454,58.423824,9.76837,51.344546,41.576176,-9.76837,3,4
DRC,,fever_care_seeking,beneficial,ADM1,Tanganyika,2,2013;2024,2024,2014,2013,1,42.486564,51.231683,8.745119,57.513436,48.768317,-8.745119,4,8
DRC,,fever_care_seeking,beneficial,ADM1,Kasai-Oriental,2,2013;2024,2024,2014,2013,1,37.413524,43.683373,6.269849,62.586476,56.316627,-6.269849,5,20
DRC,,fever_care_seeking,beneficial,ADM1,Bas-Uele,2,2013;2024,2024,2014,2013,1,40.13873,40.879176,0.740446,59.86127,59.120824,-0.740446,6,24
DRC,,fever_care_seeking,beneficial,ADM1,Nord-Kivu,2,2013;2024,2024,2014,2013,1,67.901624,66.437937,-1.463687,32.098376,33.562063,1.463687,7,2
DRC,,fever_care_seeking,beneficial,ADM1,Haut-Katanga,2,2013;2024,2024,2014,2013,1,47.353038,45.171391,-2.181647,52.646962,54.828609,2.181647,8,17
DRC,,fever_care_seeking,beneficial,ADM1,Maniema,2,2013;2024,2024,2014,2013,1,60.083635,56.15737,-3.926265,39.916365,43.84263,3.926265,9,6
DRC,,fever_care_seeking,beneficial,ADM1,Lualaba,2,2013;2024,2024,2014,2013,1,52.614017,48.374323,-4.239694,47.385983,51.625677,4.239694,10,12
DRC,,fever_care_seeking,beneficial,ADM1,Sud-Ubangi,2,2013;2024,2024,2014,2013,1,48.836668,44.380793,-4.455875,51.163332,55.619207,4.455875,11,19
DRC,,fever_care_seeking,beneficial,ADM1,Kongo Central,2,2013;2024,2024,2014,2013,1,55.3837,50.162542,-5.221158,44.6163,49.837458,5.221158,12,10
DRC,,fever_care_seeking,beneficial,ADM1,Sud-Kivu,2,2013;2024,2024,2014,2013,1,62.776258,57.531234,-5.245024,37.223742,42.468766,5.245024,13,5
DRC,,fever_care_seeking,beneficial,ADM1,Tshuapa,2,2013;2024,2024,2014,2013,1,46.984024,41.229332,-5.754692,53.015976,58.770668,5.754692,14,23
DRC,,fever_care_seeking,beneficial,ADM1,Haut-Lomami,2,2013;2024,2024,2014,2013,1,54.186097,47.497681,-6.688416,45.813903,52.502319,6.688416,15,14
DRC,,fever_care_seeking,beneficial,ADM1,Kwilu,2,2013;2024,2024,2014,2013,1,51.991164,44.415115,-7.576049,48.008836,55.584885,7.576049,16,18
DRC,,fever_care_seeking,beneficial,ADM1,Equateur,2,2013;2024,2024,2014,2013,1,62.580605,54.88529,-7.695315,37.419395,45.11471,7.695315,17,7
DRC,,fever_care_seeking,beneficial,ADM1,Lomami,2,2013;2024,2024,2014,2013,1,58.64372,50.57388,-8.06984,41.35628,49.42612,8.06984,18,9
DRC,,fever_care_seeking,beneficial,ADM1,Tshopo,2,2013;2024,2024,2014,2013,1,56.942955,47.598405,-9.34455,43.057045,52.401595,9.34455,19,13
DRC,,fever_care_seeking,beneficial,ADM1,Nord-Ubangi,2,2013;2024,2024,2014,2013,1,52.948557,43.185416,-9.763141,47.051443,56.814584,9.763141,20,22
DRC,,fever_care_seeking,beneficial,ADM1,Mongala,2,2013;2024,2024,2014,2013,1,58.16275,45.200093,-12.962657,41.83725,54.799907,12.962657,21,16
DRC,,fever_care_seeking,beneficial,ADM1,Kwango,2,2013;2024,2024,2014,2013,1,61.100418,47.113303,-13.987115,38.899582,52.886697,13.987115,22,15
DRC,,fever_care_seeking,beneficial,ADM1,Sankuru,2,2013;2024,2024,2014,2013,1,46.791249,29.545519,-17.24573,53.208751,70.454481,17.24573,23,26
DRC,,fever_care_seeking,beneficial,ADM1,Kasai,2,2013;2024,2024,2014,2013,1,67.585177,49.358891,-18.226286,32.414823,50.641109,18.226286,24,11
DRC,,fever_care_seeking,beneficial,ADM1,Ituri,2,2013;2024,2024,2014,2013,1,57.363301,38.558823,-18.804478,42.636699,61.441177,18.804478,25,25
DRC,,fever_care_seeking,beneficial,ADM1,Kinshasa,2,2013;2024,2024,2014,2013,1,73.936398,43.454341,-30.482057,26.063602,56.545659,30.482057,26,21
DRC,women_first_birth_ever,first_birth_under20,adverse,ADM1,Lomami,2,2013;2024,2024,2014,2013,1,65.40306749,51.08336917,-14.31969832,65.40306749,51.08336917,-14.31969832,1,5
DRC,women_first_birth_ever,first_birth_under20,adverse,ADM1,Kongo Central,2,2013;2024,2024,2014,2013,1,59.83970102,49.38358568,-10.45611534,59.83970102,49.38358568,-10.45611534,2,4
DRC,women_first_birth_ever,first_birth_under20,adverse,ADM1,Mai-Ndombe,2,2013;2024,2024,2014,2013,1,63.60542968,53.21422479,-10.39120489,63.60542968,53.21422479,-10.39120489,3,7
DRC,women_first_birth_ever,first_birth_under20,adverse,ADM1,Haut-Uele,2,2013;2024,2024,2014,2013,1,63.24991998,53.61477623,-9.63514375,63.24991998,53.61477623,-9.63514375,4,8
DRC,women_first_birth_ever,first_birth_under20,adverse,ADM1,Haut-Lomami,2,2013;2024,2024,2014,2013,1,63.82564744,54.34518117,-9.48046627,63.82564744,54.34518117,-9.48046627,5,9
DRC,women_first_birth_ever,first_birth_under20,adverse,ADM1,Tanganyika,2,2013;2024,2024,2014,2013,1,69.57551952,60.94314405,-8.63237547,69.57551952,60.94314405,-8.63237547,6,16
DRC,women_first_birth_ever,first_birth_under20,adverse,ADM1,Haut-Katanga,2,2013;2024,2024,2014,2013,1,67.79436331,59.63506352,-8.15929979,67.79436331,59.63506352,-8.15929979,7,15
DRC,women_first_birth_ever,first_birth_under20,adverse,ADM1,Kasai,2,2013;2024,2024,2014,2013,1,65.4497163,58.62877405,-6.82094225,65.4497163,58.62877405,-6.82094225,8,13
DRC,women_first_birth_ever,first_birth_under20,adverse,ADM1,Equateur,2,2013;2024,2024,2014,2013,1,63.740878,58.08275699,-5.65812101,63.740878,58.08275699,-5.65812101,9,12
DRC,women_first_birth_ever,first_birth_under20,adverse,ADM1,Kwilu,2,2013;2024,2024,2014,2013,1,52.17486595,47.29516559,-4.87970036,52.17486595,47.29516559,-4.87970036,10,3
DRC,women_first_birth_ever,first_birth_under20,adverse,ADM1,Nord-Ubangi,2,2013;2024,2024,2014,2013,1,57.27020404,52.73019237,-4.54001167,57.27020404,52.73019237,-4.54001167,11,6
DRC,women_first_birth_ever,first_birth_under20,adverse,ADM1,Kasai-Oriental,2,2013;2024,2024,2014,2013,1,68.67505795,64.37675079,-4.29830716,68.67505795,64.37675079,-4.29830716,12,22
DRC,women_first_birth_ever,first_birth_under20,adverse,ADM1,Bas-Uele,2,2013;2024,2024,2014,2013,1,65.77362534,61.62053612,-4.15308922,65.77362534,61.62053612,-4.15308922,13,18
DRC,women_first_birth_ever,first_birth_under20,adverse,ADM1,Nord-Kivu,2,2013;2024,2024,2014,2013,1,60.8348016,56.92171169,-3.91308991,60.8348016,56.92171169,-3.91308991,14,11
DRC,women_first_birth_ever,first_birth_under20,adverse,ADM1,Sankuru,2,2013;2024,2024,2014,2013,1,59.53551453,55.96176784,-3.57374669,59.53551453,55.96176784,-3.57374669,15,10
DRC,women_first_birth_ever,first_birth_under20,adverse,ADM1,Kinshasa,2,2013;2024,2024,2014,2013,1,45.5164307,42.38966911,-3.12676159,45.5164307,42.38966911,-3.12676159,16,1
DRC,women_first_birth_ever,first_birth_under20,adverse,ADM1,Kasai-Central,2,2013;2024,2024,2014,2013,1,64.43404844,61.8588893,-2.57515914,64.43404844,61.8588893,-2.57515914,17,19
DRC,women_first_birth_ever,first_birth_under20,adverse,ADM1,Sud-Kivu,2,2013;2024,2024,2014,2013,1,63.35515661,61.52114087,-1.83401574,63.35515661,61.52114087,-1.83401574,18,17
DRC,women_first_birth_ever,first_birth_under20,adverse,ADM1,Lualaba,2,2013;2024,2024,2014,2013,1,66.4714634,64.7040401,-1.7674233,66.4714634,64.7040401,-1.7674233,19,23
DRC,women_first_birth_ever,first_birth_under20,adverse,ADM1,Ituri,2,2013;2024,2024,2014,2013,1,65.72047783,64.06851161,-1.65196622,65.72047783,64.06851161,-1.65196622,20,21
DRC,women_first_birth_ever,first_birth_under20,adverse,ADM1,Tshuapa,2,2013;2024,2024,2014,2013,1,60.89334785,59.55180618,-1.34154167,60.89334785,59.55180618,-1.34154167,21,14
DRC,women_first_birth_ever,first_birth_under20,adverse,ADM1,Tshopo,2,2013;2024,2024,2014,2013,1,64.91682873,64.73431386,-0.18251487,64.91682873,64.73431386,-0.18251487,22,24
DRC,women_first_birth_ever,first_birth_under20,adverse,ADM1,Sud-Ubangi,2,2013;2024,2024,2014,2013,1,62.24369273,62.29159558,0.04790285,62.24369273,62.29159558,0.04790285,23,20
DRC,women_first_birth_ever,first_birth_under20,adverse,ADM1,Mongala,2,2013;2024,2024,2014,2013,1,70.5071322,70.67920961,0.17207741,70.5071322,70.67920961,0.17207741,24,26
DRC,women_first_birth_ever,first_birth_under20,adverse,ADM1,Kwango,2,2013;2024,2024,2014,2013,1,43.20681439,45.89726662,2.69045223,43.20681439,45.89726662,2.69045223,25,2
DRC,women_first_birth_ever,first_birth_under20,adverse,ADM1,Maniema,2,2013;2024,2024,2014,2013,1,60.64477186,68.59702167,7.95224981,60.64477186,68.59702167,7.95224981,26,25
DRC,children_6_59_months,malaria_microscopy_positive,adverse,ADM1,Bas-Uele,1,2013,2013,2003,,,,54.47468121,,,54.47468121,,,26
DRC,children_6_59_months,malaria_microscopy_positive,adverse,ADM1,Equateur,1,2013,2013,2003,,,,14.56956895,,,14.56956895,,,5
DRC,children_6_59_months,malaria_microscopy_positive,adverse,ADM1,Haut-Katanga,1,2013,2013,2003,,,,23.11825409,,,23.11825409,,,11
DRC,children_6_59_months,malaria_microscopy_positive,adverse,ADM1,Haut-Lomami,1,2013,2013,2003,,,,28.44392945,,,28.44392945,,,16
DRC,children_6_59_months,malaria_microscopy_positive,adverse,ADM1,Haut-Uele,1,2013,2013,2003,,,,47.89545104,,,47.89545104,,,24
DRC,children_6_59_months,malaria_microscopy_positive,adverse,ADM1,Ituri,1,2013,2013,2003,,,,34.79806195,,,34.79806195,,,20
DRC,children_6_59_months,malaria_microscopy_positive,adverse,ADM1,Kasai,1,2013,2013,2003,,,,25.95599816,,,25.95599816,,,15
DRC,children_6_59_months,malaria_microscopy_positive,adverse,ADM1,Kasai-Central,1,2013,2013,2003,,,,36.61231026,,,36.61231026,,,21
DRC,children_6_59_months,malaria_microscopy_positive,adverse,ADM1,Kasai-Oriental,1,2013,2013,2003,,,,23.43242303,,,23.43242303,,,13
DRC,children_6_59_months,malaria_microscopy_positive,adverse,ADM1,Kinshasa,1,2013,2013,2003,,,,18.14227297,,,18.14227297,,,8
DRC,children_6_59_months,malaria_microscopy_positive,adverse,ADM1,Kongo Central,1,2013,2013,2003,,,,23.67716534,,,23.67716534,,,14
DRC,children_6_59_months,malaria_microscopy_positive,adverse,ADM1,Kwango,1,2013,2013,2003,,,,10.32490807,,,10.32490807,,,4
DRC,children_6_59_months,malaria_microscopy_positive,adverse,ADM1,Kwilu,1,2013,2013,2003,,,,8.311328503,,,8.311328503,,,2
DRC,children_6_59_months,malaria_microscopy_positive,adverse,ADM1,Lomami,1,2013,2013,2003,,,,37.98783055,,,37.98783055,,,22
DRC,children_6_59_months,malaria_microscopy_positive,adverse,ADM1,Lualaba,1,2013,2013,2003,,,,39.1929548,,,39.1929548,,,23
DRC,children_6_59_months,malaria_microscopy_positive,adverse,ADM1,Mai-Ndombe,1,2013,2013,2003,,,,29.7447423,,,29.7447423,,,17
DRC,children_6_59_months,malaria_microscopy_positive,adverse,ADM1,Maniema,1,2013,2013,2003,,,,34.21354612,,,34.21354612,,,19
DRC,children_6_59_months,malaria_microscopy_positive,adverse,ADM1,Mongala,1,2013,2013,2003,,,,20.72105232,,,20.72105232,,,10
DRC,children_6_59_months,malaria_microscopy_positive,adverse,ADM1,Nord-Kivu,1,2013,2013,2003,,,,4.970695547,,,4.970695547,,,1
DRC,children_6_59_months,malaria_microscopy_positive,adverse,ADM1,Nord-Ubangi,1,2013,2013,2003,,,,33.16698842,,,33.16698842,,,18
DRC,children_6_59_months,malaria_microscopy_positive,adverse,ADM1,Sankuru,1,2013,2013,2003,,,,18.80990992,,,18.80990992,,,9
DRC,children_6_59_months,malaria_microscopy_positive,adverse,ADM1,Sud-Kivu,1,2013,2013,2003,,,,9.921054708,,,9.921054708,,,3
DRC,children_6_59_months,malaria_microscopy_positive,adverse,ADM1,Sud-Ubangi,1,2013,2013,2003,,,,16.9112868,,,16.9112868,,,6
DRC,children_6_59_months,malaria_microscopy_positive,adverse,ADM1,Tanganyika,1,2013,2013,2003,,,,48.56945943,,,48.56945943,,,25
DRC,children_6_59_months,malaria_microscopy_positive,adverse,ADM1,Tshopo,1,2013,2013,2003,,,,23.15612283,,,23.15612283,,,12
DRC,children_6_59_months,malaria_microscopy_positive,adverse,ADM1,Tshuapa,1,2013,2013,2003,,,,17.95935045,,,17.95935045,,,7
DRC,children_6_59_months,malaria_rdt_positive,adverse,ADM1,Haut-Uele,2,2013;2024,2024,2014,2013,1,66.45133284,20.37656886,-46.07476398,66.45133284,20.37656886,-46.07476398,1,5
DRC,children_6_59_months,malaria_rdt_positive,adverse,ADM1,Nord-Ubangi,2,2013;2024,2024,2014,2013,1,47.54589469,23.70656272,-23.83933197,47.54589469,23.70656272,-23.83933197,2,9
DRC,children_6_59_months,malaria_rdt_positive,adverse,ADM1,Tanganyika,2,2013;2024,2024,2014,2013,1,66.00276368,44.83896073,-21.16380295,66.00276368,44.83896073,-21.16380295,3,19
DRC,children_6_59_months,malaria_rdt_positive,adverse,ADM1,Mai-Ndombe,2,2013;2024,2024,2014,2013,1,31.13108443,15.36260447,-15.76847996,31.13108443,15.36260447,-15.76847996,4,4
DRC,children_6_59_months,malaria_rdt_positive,adverse,ADM1,Lomami,2,2013;2024,2024,2014,2013,1,66.20411029,52.08573298,-14.11837731,66.20411029,52.08573298,-14.11837731,5,23
DRC,children_6_59_months,malaria_rdt_positive,adverse,ADM1,Mongala,2,2013;2024,2024,2014,2013,1,25.32370056,11.93418117,-13.38951939,25.32370056,11.93418117,-13.38951939,6,3
DRC,children_6_59_months,malaria_rdt_positive,adverse,ADM1,Bas-Uele,2,2013;2024,2024,2014,2013,1,73.08962119,61.02302039,-12.0666008,73.08962119,61.02302039,-12.0666008,7,26
DRC,children_6_59_months,malaria_rdt_positive,adverse,ADM1,Kinshasa,2,2013;2024,2024,2014,2013,1,17.09441239,5.111819932,-11.98259246,17.09441239,5.111819932,-11.98259246,8,1
DRC,children_6_59_months,malaria_rdt_positive,adverse,ADM1,Ituri,2,2013;2024,2024,2014,2013,1,44.05122778,33.67511878,-10.376109,44.05122778,33.67511878,-10.376109,9,12
DRC,children_6_59_months,malaria_rdt_positive,adverse,ADM1,Equateur,2,2013;2024,2024,2014,2013,1,26.39952544,21.74049565,-4.65902979,26.39952544,21.74049565,-4.65902979,10,7
DRC,children_6_59_months,malaria_rdt_positive,adverse,ADM1,Kasai,2,2013;2024,2024,2014,2013,1,40.30793166,37.45056562,-2.85736604,40.30793166,37.45056562,-2.85736604,11,13
DRC,children_6_59_months,malaria_rdt_positive,adverse,ADM1,Haut-Katanga,2,2013;2024,2024,2014,2013,1,23.31455108,20.46222088,-2.8523302,23.31455108,20.46222088,-2.8523302,12,6
DRC,children_6_59_months,malaria_rdt_positive,adverse,ADM1,Haut-Lomami,2,2013;2024,2024,2014,2013,1,43.29754236,44.19325998,0.89571762,43.29754236,44.19325998,0.89571762,13,18
DRC,children_6_59_months,malaria_rdt_positive,adverse,ADM1,Sud-Ubangi,2,2013;2024,2024,2014,2013,1,23.61580552,26.10199399,2.48618847,23.61580552,26.10199399,2.48618847,14,10
DRC,children_6_59_months,malaria_rdt_positive,adverse,ADM1,Kongo Central,2,2013;2024,2024,2014,2013,1,47.10412757,50.838574,3.73444643,47.10412757,50.838574,3.73444643,15,22
DRC,children_6_59_months,malaria_rdt_positive,adverse,ADM1,Nord-Kivu,2,2013;2024,2024,2014,2013,1,2.911612767,8.538666208,5.627053441,2.911612767,8.538666208,5.627053441,16,2
DRC,children_6_59_months,malaria_rdt_positive,adverse,ADM1,Kasai-Oriental,2,2013;2024,2024,2014,2013,1,37.22126726,43.13127631,5.91000905,37.22126726,43.13127631,5.91000905,17,16
DRC,children_6_59_months,malaria_rdt_positive,adverse,ADM1,Lualaba,2,2013;2024,2024,2014,2013,1,42.54452746,50.15997198,7.61544452,42.54452746,50.15997198,7.61544452,18,20
DRC,children_6_59_months,malaria_rdt_positive,adverse,ADM1,Sankuru,2,2013;2024,2024,2014,2013,1,31.48831983,41.92691531,10.43859548,31.48831983,41.92691531,10.43859548,19,14
DRC,children_6_59_months,malaria_rdt_positive,adverse,ADM1,Kasai-Central,2,2013;2024,2024,2014,2013,1,47.6862678,58.30350085,10.61723305,47.6862678,58.30350085,10.61723305,20,25
DRC,children_6_59_months,malaria_rdt_positive,adverse,ADM1,Sud-Kivu,2,2013;2024,2024,2014,2013,1,11.95102997,22.61865784,10.66762787,11.95102997,22.61865784,10.66762787,21,8
DRC,children_6_59_months,malaria_rdt_positive,adverse,ADM1,Maniema,2,2013;2024,2024,2014,2013,1,44.10986881,57.40076973,13.29090092,44.10986881,57.40076973,13.29090092,22,24
DRC,children_6_59_months,malaria_rdt_positive,adverse,ADM1,Kwilu,2,2013;2024,2024,2014,2013,1,14.43947354,29.58574788,15.14627434,14.43947354,29.58574788,15.14627434,23,11
DRC,children_6_59_months,malaria_rdt_positive,adverse,ADM1,Tshuapa,2,2013;2024,2024,2014,2013,1,26.63219237,41.95128071,15.31908834,26.63219237,41.95128071,15.31908834,24,15
DRC,children_6_59_months,malaria_rdt_positive,adverse,ADM1,Tshopo,2,2013;2024,2024,2014,2013,1,25.92413052,43.78845564,17.86432512,25.92413052,43.78845564,17.86432512,25,17
DRC,children_6_59_months,malaria_rdt_positive,adverse,ADM1,Kwango,2,2013;2024,2024,2014,2013,1,19.33109853,50.18961738,30.85851885,19.33109853,50.18961738,30.85851885,26,21
DRC,,no_anc,adverse,ADM1,Tanganyika,2,2013;2024,2024,2014,2013,1,47.656921,38.342331,-9.31459,47.656921,38.342331,-9.31459,1,24
DRC,,no_anc,adverse,ADM1,Mai-Ndombe,2,2013;2024,2024,2014,2013,1,9.915153,7.037272,-2.877881,9.915153,7.037272,-2.877881,2,4
DRC,,no_anc,adverse,ADM1,Mongala,2,2013;2024,2024,2014,2013,1,20.303132,17.630752,-2.67238,20.303132,17.630752,-2.67238,3,12
DRC,,no_anc,adverse,ADM1,Nord-Ubangi,2,2013;2024,2024,2014,2013,1,11.927901,10.207526,-1.720375,11.927901,10.207526,-1.720375,4,6
DRC,,no_anc,adverse,ADM1,Kasai-Central,2,2013;2024,2024,2014,2013,1,8.610203,7.25629,-1.353913,8.610203,7.25629,-1.353913,5,5
DRC,,no_anc,adverse,ADM1,Nord-Kivu,2,2013;2024,2024,2014,2013,1,2.554001,1.569876,-0.984125,2.554001,1.569876,-0.984125,6,1
DRC,,no_anc,adverse,ADM1,Tshopo,2,2013;2024,2024,2014,2013,1,19.560513,19.225212,-0.335301,19.560513,19.225212,-0.335301,7,17
DRC,,no_anc,adverse,ADM1,Sud-Kivu,2,2013;2024,2024,2014,2013,1,3.671253,3.950764,0.279511,3.671253,3.950764,0.279511,8,2
DRC,,no_anc,adverse,ADM1,Haut-Katanga,2,2013;2024,2024,2014,2013,1,14.084357,15.287179,1.202822,14.084357,15.287179,1.202822,9,9
DRC,,no_anc,adverse,ADM1,Kinshasa,2,2013;2024,2024,2014,2013,1,2.492092,4.596533,2.104441,2.492092,4.596533,2.104441,10,3
DRC,,no_anc,adverse,ADM1,Haut-Lomami,2,2013;2024,2024,2014,2013,1,20.494415,23.983422,3.489007,20.494415,23.983422,3.489007,11,20
DRC,,no_anc,adverse,ADM1,Lualaba,2,2013;2024,2024,2014,2013,1,7.0453,11.642561,4.597261,7.0453,11.642561,4.597261,12,8
DRC,,no_anc,adverse,ADM1,Kasai-Oriental,2,2013;2024,2024,2014,2013,1,14.098617,19.483373,5.384756,14.098617,19.483373,5.384756,13,18
DRC,,no_anc,adverse,ADM1,Kwango,2,2013;2024,2024,2014,2013,1,13.6379,19.051325,5.413425,13.6379,19.051325,5.413425,14,16
DRC,,no_anc,adverse,ADM1,Kwilu,2,2013;2024,2024,2014,2013,1,4.21634,11.499682,7.283342,4.21634,11.499682,7.283342,15,7
DRC,,no_anc,adverse,ADM1,Maniema,2,2013;2024,2024,2014,2013,1,7.146811,18.020285,10.873474,7.146811,18.020285,10.873474,16,14
DRC,,no_anc,adverse,ADM1,Kongo Central,2,2013;2024,2024,2014,2013,1,4.766937,15.6933,10.926363,4.766937,15.6933,10.926363,17,10
DRC,,no_anc,adverse,ADM1,Haut-Uele,2,2013;2024,2024,2014,2013,1,6.001888,17.057821,11.055933,6.001888,17.057821,11.055933,18,11
DRC,,no_anc,adverse,ADM1,Ituri,2,2013;2024,2024,2014,2013,1,6.018552,17.846938,11.828386,6.018552,17.846938,11.828386,19,13
DRC,,no_anc,adverse,ADM1,Equateur,2,2013;2024,2024,2014,2013,1,6.018402,18.640751,12.622349,6.018402,18.640751,12.622349,20,15
DRC,,no_anc,adverse,ADM1,Tshuapa,2,2013;2024,2024,2014,2013,1,20.738528,33.7599,13.021372,20.738528,33.7599,13.021372,21,23
DRC,,no_anc,adverse,ADM1,Lomami,2,2013;2024,2024,2014,2013,1,16.26934,30.038266,13.768926,16.26934,30.038266,13.768926,22,22
DRC,,no_anc,adverse,ADM1,Sud-Ubangi,2,2013;2024,2024,2014,2013,1,8.510147,22.774456,14.264309,8.510147,22.774456,14.264309,23,19
DRC,,no_anc,adverse,ADM1,Kasai,2,2013;2024,2024,2014,2013,1,13.588257,29.14038,15.552123,13.588257,29.14038,15.552123,24,21
DRC,,no_anc,adverse,ADM1,Sankuru,2,2013;2024,2024,2014,2013,1,25.865248,50.599554,24.734306,25.865248,50.599554,24.734306,25,26
DRC,,no_anc,adverse,ADM1,Bas-Uele,2,2013;2024,2024,2014,2013,1,13.967592,45.110551,31.142959,13.967592,45.110551,31.142959,26,25
DRC,women_15_49,severe_anemia_women,adverse,ADM1,Kasai,2,2013;2024,2024,2014,2013,1,1.11386638,0.690372387,-0.423493993,1.11386638,0.690372387,-0.423493993,1,12
DRC,women_15_49,severe_anemia_women,adverse,ADM1,Haut-Lomami,2,2013;2024,2024,2014,2013,1,0.82813508,0.621363139,-0.206771941,0.82813508,0.621363139,-0.206771941,2,10
DRC,women_15_49,severe_anemia_women,adverse,ADM1,Kasai-Central,2,2013;2024,2024,2014,2013,1,0.575345119,0.50156045,-0.073784669,0.575345119,0.50156045,-0.073784669,3,7
DRC,women_15_49,severe_anemia_women,adverse,ADM1,Haut-Uele,2,2013;2024,2024,2014,2013,1,0,0,0,0,0,0,4,1
DRC,women_15_49,severe_anemia_women,adverse,ADM1,Maniema,2,2013;2024,2024,2014,2013,1,0.355909703,0.61188423,0.255974527,0.355909703,0.61188423,0.255974527,5,9
DRC,women_15_49,severe_anemia_women,adverse,ADM1,Nord-Ubangi,2,2013;2024,2024,2014,2013,1,0,0.264382973,0.264382973,0,0.264382973,0.264382973,6,2
DRC,women_15_49,severe_anemia_women,adverse,ADM1,Sankuru,2,2013;2024,2024,2014,2013,1,0.677485294,0.980528589,0.303043295,0.677485294,0.980528589,0.303043295,7,13
DRC,women_15_49,severe_anemia_women,adverse,ADM1,Sud-Ubangi,2,2013;2024,2024,2014,2013,1,0,0.3141954,0.3141954,0,0.3141954,0.3141954,8,3
DRC,women_15_49,severe_anemia_women,adverse,ADM1,Ituri,2,2013;2024,2024,2014,2013,1,0,0.33805714,0.33805714,0,0.33805714,0.33805714,9,4
DRC,women_15_49,severe_anemia_women,adverse,ADM1,Mongala,2,2013;2024,2024,2014,2013,1,0,0.366129868,0.366129868,0,0.366129868,0.366129868,10,5
DRC,women_15_49,severe_anemia_women,adverse,ADM1,Tshuapa,2,2013;2024,2024,2014,2013,1,0.787447908,1.207565224,0.420117316,0.787447908,1.207565224,0.420117316,11,15
DRC,women_15_49,severe_anemia_women,adverse,ADM1,Kasai-Oriental,2,2013;2024,2024,2014,2013,1,0.172857276,0.632663237,0.459805961,0.172857276,0.632663237,0.459805961,12,11
DRC,women_15_49,severe_anemia_women,adverse,ADM1,Mai-Ndombe,2,2013;2024,2024,2014,2013,1,0,0.495982455,0.495982455,0,0.495982455,0.495982455,13,6
DRC,women_15_49,severe_anemia_women,adverse,ADM1,Nord-Kivu,2,2013;2024,2024,2014,2013,1,0,0.528512438,0.528512438,0,0.528512438,0.528512438,14,8
DRC,women_15_49,severe_anemia_women,adverse,ADM1,Tanganyika,2,2013;2024,2024,2014,2013,1,0.705947525,1.596191176,0.890243651,0.705947525,1.596191176,0.890243651,15,21
DRC,women_15_49,severe_anemia_women,adverse,ADM1,Haut-Katanga,2,2013;2024,2024,2014,2013,1,0.290119704,1.211720905,0.921601201,0.290119704,1.211720905,0.921601201,16,16
DRC,women_15_49,severe_anemia_women,adverse,ADM1,Kongo Central,2,2013;2024,2024,2014,2013,1,0.455420684,1.474821163,1.019400479,0.455420684,1.474821163,1.019400479,17,20
DRC,women_15_49,severe_anemia_women,adverse,ADM1,Equateur,2,2013;2024,2024,2014,2013,1,0.261097792,1.342106901,1.081009109,0.261097792,1.342106901,1.081009109,18,19
DRC,women_15_49,severe_anemia_women,adverse,ADM1,Kwilu,2,2013;2024,2024,2014,2013,1,0.163093627,1.301888595,1.138794968,0.163093627,1.301888595,1.138794968,19,17
DRC,women_15_49,severe_anemia_women,adverse,ADM1,Bas-Uele,2,2013;2024,2024,2014,2013,1,0,1.151378678,1.151378678,0,1.151378678,1.151378678,20,14
DRC,women_15_49,severe_anemia_women,adverse,ADM1,Kwango,2,2013;2024,2024,2014,2013,1,0,1.30495351,1.30495351,0,1.30495351,1.30495351,21,18
DRC,women_15_49,severe_anemia_women,adverse,ADM1,Sud-Kivu,2,2013;2024,2024,2014,2013,1,0.762881718,2.072957428,1.31007571,0.762881718,2.072957428,1.31007571,22,23
DRC,women_15_49,severe_anemia_women,adverse,ADM1,Lomami,2,2013;2024,2024,2014,2013,1,0.586886486,1.97430651,1.387420024,0.586886486,1.97430651,1.387420024,23,22
DRC,women_15_49,severe_anemia_women,adverse,ADM1,Kinshasa,2,2013;2024,2024,2014,2013,1,0.56077474,2.436472665,1.875697925,0.56077474,2.436472665,1.875697925,24,24
DRC,women_15_49,severe_anemia_women,adverse,ADM1,Lualaba,2,2013;2024,2024,2014,2013,1,0.927673101,2.886783158,1.959110057,0.927673101,2.886783158,1.959110057,25,25
DRC,women_15_49,severe_anemia_women,adverse,ADM1,Tshopo,2,2013;2024,2024,2014,2013,1,0.056373927,3.46837572,3.412001793,0.056373927,3.46837572,3.412001793,26,26
DRC,children_under5,severe_stunting,adverse,ADM1,Kasai,2,2013;2024,2024,2014,2013,1,35.26488947,22.68930536,-12.57558411,35.26488947,22.68930536,-12.57558411,1,11
DRC,children_under5,severe_stunting,adverse,ADM1,Lomami,2,2013;2024,2024,2014,2013,1,32.32980807,21.84624688,-10.48356119,32.32980807,21.84624688,-10.48356119,2,8
DRC,children_under5,severe_stunting,adverse,ADM1,Sud-Kivu,2,2013;2024,2024,2014,2013,1,34.33563111,24.05102691,-10.2846042,34.33563111,24.05102691,-10.2846042,3,14
DRC,children_under5,severe_stunting,adverse,ADM1,Mongala,2,2013;2024,2024,2014,2013,1,23.67242034,15.4944302,-8.17799014,23.67242034,15.4944302,-8.17799014,4,2
DRC,children_under5,severe_stunting,adverse,ADM1,Tshuapa,2,2013;2024,2024,2014,2013,1,26.43317702,20.8815509,-5.55162612,26.43317702,20.8815509,-5.55162612,5,7
DRC,children_under5,severe_stunting,adverse,ADM1,Haut-Lomami,2,2013;2024,2024,2014,2013,1,29.00144773,24.57449665,-4.42695108,29.00144773,24.57449665,-4.42695108,6,17
DRC,children_under5,severe_stunting,adverse,ADM1,Kinshasa,2,2013;2024,2024,2014,2013,1,5.668649884,2.999368133,-2.669281751,5.668649884,2.999368133,-2.669281751,7,1
DRC,children_under5,severe_stunting,adverse,ADM1,Tshopo,2,2013;2024,2024,2014,2013,1,26.71571253,24.36485002,-2.35086251,26.71571253,24.36485002,-2.35086251,8,16
DRC,children_under5,severe_stunting,adverse,ADM1,Haut-Uele,2,2013;2024,2024,2014,2013,1,24.36034826,22.19575929,-2.16458897,24.36034826,22.19575929,-2.16458897,9,10
DRC,children_under5,severe_stunting,adverse,ADM1,Tanganyika,2,2013;2024,2024,2014,2013,1,26.2635888,24.69984055,-1.56374825,26.2635888,24.69984055,-1.56374825,10,18
DRC,children_under5,severe_stunting,adverse,ADM1,Sankuru,2,2013;2024,2024,2014,2013,1,23.5119976,21.95943905,-1.55255855,23.5119976,21.95943905,-1.55255855,11,9
DRC,children_under5,severe_stunting,adverse,ADM1,Kongo Central,2,2013;2024,2024,2014,2013,1,24.68875833,23.20007126,-1.48868707,24.68875833,23.20007126,-1.48868707,12,13
DRC,children_under5,severe_stunting,adverse,ADM1,Haut-Katanga,2,2013;2024,2024,2014,2013,1,21.06044205,20.37143111,-0.68901094,21.06044205,20.37143111,-0.68901094,13,6
DRC,children_under5,severe_stunting,adverse,ADM1,Ituri,2,2013;2024,2024,2014,2013,1,26.31499884,25.81275203,-0.50224681,26.31499884,25.81275203,-0.50224681,14,20
DRC,children_under5,severe_stunting,adverse,ADM1,Kasai-Central,2,2013;2024,2024,2014,2013,1,26.09258329,27.91107931,1.81849602,26.09258329,27.91107931,1.81849602,15,22
DRC,children_under5,severe_stunting,adverse,ADM1,Kwilu,2,2013;2024,2024,2014,2013,1,15.23871953,17.72153826,2.48281873,15.23871953,17.72153826,2.48281873,16,3
DRC,children_under5,severe_stunting,adverse,ADM1,Nord-Ubangi,2,2013;2024,2024,2014,2013,1,19.18969349,24.14130661,4.95161312,19.18969349,24.14130661,4.95161312,17,15
DRC,children_under5,severe_stunting,adverse,ADM1,Mai-Ndombe,2,2013;2024,2024,2014,2013,1,13.37249781,18.33565125,4.96315344,13.37249781,18.33565125,4.96315344,18,5
DRC,children_under5,severe_stunting,adverse,ADM1,Nord-Kivu,2,2013;2024,2024,2014,2013,1,28.92076222,33.92203562,5.0012734,28.92076222,33.92203562,5.0012734,19,26
DRC,children_under5,severe_stunting,adverse,ADM1,Kasai-Oriental,2,2013;2024,2024,2014,2013,1,16.93829547,22.94068492,6.00238945,16.93829547,22.94068492,6.00238945,20,12
DRC,children_under5,severe_stunting,adverse,ADM1,Lualaba,2,2013;2024,2024,2014,2013,1,17.66322399,24.73054264,7.06731865,17.66322399,24.73054264,7.06731865,21,19
DRC,children_under5,severe_stunting,adverse,ADM1,Kwango,2,2013;2024,2024,2014,2013,1,25.42488698,32.80153486,7.37664788,25.42488698,32.80153486,7.37664788,22,25
DRC,children_under5,severe_stunting,adverse,ADM1,Sud-Ubangi,2,2013;2024,2024,2014,2013,1,20.77985681,28.37660065,7.59674384,20.77985681,28.37660065,7.59674384,23,23
DRC,children_under5,severe_stunting,adverse,ADM1,Maniema,2,2013;2024,2024,2014,2013,1,20.65568332,29.30001581,8.64433249,20.65568332,29.30001581,8.64433249,24,24
DRC,children_under5,severe_stunting,adverse,ADM1,Bas-Uele,2,2013;2024,2024,2014,2013,1,15.20134678,26.17499067,10.97364389,15.20134678,26.17499067,10.97364389,25,21
DRC,children_under5,severe_stunting,adverse,ADM1,Equateur,2,2013;2024,2024,2014,2013,1,6.102604365,17.86740384,11.76479948,6.102604365,17.86740384,11.76479948,26,4
DRC,children_under5,severe_wasting,adverse,ADM1,Maniema,2,2013;2024,2024,2014,2013,1,8.590639927,2.830792729,-5.759847198,8.590639927,2.830792729,-5.759847198,1,20
DRC,children_under5,severe_wasting,adverse,ADM1,Ituri,2,2013;2024,2024,2014,2013,1,7.120111255,1.637038338,-5.483072917,7.120111255,1.637038338,-5.483072917,2,12
DRC,children_under5,severe_wasting,adverse,ADM1,Mai-Ndombe,2,2013;2024,2024,2014,2013,1,6.415072188,2.178639466,-4.236432722,6.415072188,2.178639466,-4.236432722,3,16
DRC,children_under5,severe_wasting,adverse,ADM1,Haut-Uele,2,2013;2024,2024,2014,2013,1,3.979948642,0.40414691,-3.575801732,3.979948642,0.40414691,-3.575801732,4,1
DRC,children_under5,severe_wasting,adverse,ADM1,Tanganyika,2,2013;2024,2024,2014,2013,1,3.754569488,0.753372285,-3.001197203,3.754569488,0.753372285,-3.001197203,5,3
DRC,children_under5,severe_wasting,adverse,ADM1,Kasai-Oriental,2,2013;2024,2024,2014,2013,1,3.382728017,0.784251002,-2.598477015,3.382728017,0.784251002,-2.598477015,6,4
DRC,children_under5,severe_wasting,adverse,ADM1,Sankuru,2,2013;2024,2024,2014,2013,1,4.142448839,1.70136213,-2.441086709,4.142448839,1.70136213,-2.441086709,7,14
DRC,children_under5,severe_wasting,adverse,ADM1,Sud-Kivu,2,2013;2024,2024,2014,2013,1,3.056017826,1.308272758,-1.747745068,3.056017826,1.308272758,-1.747745068,8,10
DRC,children_under5,severe_wasting,adverse,ADM1,Mongala,2,2013;2024,2024,2014,2013,1,2.520458298,1.230752047,-1.289706251,2.520458298,1.230752047,-1.289706251,9,8
DRC,children_under5,severe_wasting,adverse,ADM1,Kwango,2,2013;2024,2024,2014,2013,1,3.89479033,2.620012038,-1.274778292,3.89479033,2.620012038,-1.274778292,10,19
DRC,children_under5,severe_wasting,adverse,ADM1,Sud-Ubangi,2,2013;2024,2024,2014,2013,1,1.939284616,1.010181713,-0.929102903,1.939284616,1.010181713,-0.929102903,11,6
DRC,children_under5,severe_wasting,adverse,ADM1,Lualaba,2,2013;2024,2024,2014,2013,1,3.052688861,2.51283592,-0.539852941,3.052688861,2.51283592,-0.539852941,12,18
DRC,children_under5,severe_wasting,adverse,ADM1,Nord-Kivu,2,2013;2024,2024,2014,2013,1,1.739594294,1.248378757,-0.491215537,1.739594294,1.248378757,-0.491215537,13,9
DRC,children_under5,severe_wasting,adverse,ADM1,Kinshasa,2,2013;2024,2024,2014,2013,1,0.690802219,0.489856968,-0.200945251,0.690802219,0.489856968,-0.200945251,14,2
DRC,children_under5,severe_wasting,adverse,ADM1,Kongo Central,2,2013;2024,2024,2014,2013,1,2.864844284,2.896914549,0.032070265,2.864844284,2.896914549,0.032070265,15,21
DRC,children_under5,severe_wasting,adverse,ADM1,Equateur,2,2013;2024,2024,2014,2013,1,0.630143918,0.876691271,0.246547353,0.630143918,0.876691271,0.246547353,16,5
DRC,children_under5,severe_wasting,adverse,ADM1,Kasai-Central,2,2013;2024,2024,2014,2013,1,0.709225927,1.015266297,0.30604037,0.709225927,1.015266297,0.30604037,17,7
DRC,children_under5,severe_wasting,adverse,ADM1,Haut-Katanga,2,2013;2024,2024,2014,2013,1,1.165810291,1.572126211,0.40631592,1.165810291,1.572126211,0.40631592,18,11
DRC,children_under5,severe_wasting,adverse,ADM1,Lomami,2,2013;2024,2024,2014,2013,1,1.440232021,2.105936577,0.665704556,1.440232021,2.105936577,0.665704556,19,15
DRC,children_under5,severe_wasting,adverse,ADM1,Tshopo,2,2013;2024,2024,2014,2013,1,2.374882035,3.170830232,0.795948197,2.374882035,3.170830232,0.795948197,20,22
DRC,children_under5,severe_wasting,adverse,ADM1,Tshuapa,2,2013;2024,2024,2014,2013,1,2.384714657,3.365611457,0.9808968,2.384714657,3.365611457,0.9808968,21,23
DRC,children_under5,severe_wasting,adverse,ADM1,Kwilu,2,2013;2024,2024,2014,2013,1,1.19337338,2.399364287,1.205990907,1.19337338,2.399364287,1.205990907,22,17
DRC,children_under5,severe_wasting,adverse,ADM1,Nord-Ubangi,2,2013;2024,2024,2014,2013,1,0.392138609,1.645421073,1.253282464,0.392138609,1.645421073,1.253282464,23,13
DRC,children_under5,severe_wasting,adverse,ADM1,Haut-Lomami,2,2013;2024,2024,2014,2013,1,1.466068292,3.386685175,1.920616883,1.466068292,3.386685175,1.920616883,24,24
DRC,children_under5,severe_wasting,adverse,ADM1,Kasai,2,2013;2024,2024,2014,2013,1,1.932287431,4.928139512,2.995852081,1.932287431,4.928139512,2.995852081,25,25
DRC,children_under5,severe_wasting,adverse,ADM1,Bas-Uele,2,2013;2024,2024,2014,2013,1,2.159583599,5.999780588,3.840196989,2.159583599,5.999780588,3.840196989,26,26
DRC,,skilled_birth_attendance,beneficial,ADM1,Haut-Lomami,2,2013;2024,2024,2014,2013,1,46.389833,75.019999,28.630166,53.610167,24.980001,-28.630166,1,18
DRC,,skilled_birth_attendance,beneficial,ADM1,Tanganyika,2,2013;2024,2024,2014,2013,1,17.255718,45.27079,28.015072,82.744282,54.72921,-28.015072,2,25
DRC,,skilled_birth_attendance,beneficial,ADM1,Nord-Ubangi,2,2013;2024,2024,2014,2013,1,53.640628,75.125512,21.484884,46.359372,24.874488,-21.484884,3,17
DRC,,skilled_birth_attendance,beneficial,ADM1,Lualaba,2,2013;2024,2024,2014,2013,1,68.865998,86.930895,18.064897,31.134002,13.069105,-18.064897,4,11
DRC,,skilled_birth_attendance,beneficial,ADM1,Kwango,2,2013;2024,2024,2014,2013,1,60.935146,76.531775,15.596629,39.064854,23.468225,-15.596629,5,16
DRC,,skilled_birth_attendance,beneficial,ADM1,Sankuru,2,2013;2024,2024,2014,2013,1,38.454698,46.705886,8.251188,61.545302,53.294114,-8.251188,6,24
DRC,,skilled_birth_attendance,beneficial,ADM1,Kasai-Central,2,2013;2024,2024,2014,2013,1,83.247977,91.410341,8.162364,16.752023,8.589659,-8.162364,7,9
DRC,,skilled_birth_attendance,beneficial,ADM1,Nord-Kivu,2,2013;2024,2024,2014,2013,1,91.681061,99.315699,7.634638,8.318939,0.684301,-7.634638,8,1
DRC,,skilled_birth_attendance,beneficial,ADM1,Lomami,2,2013;2024,2024,2014,2013,1,66.939094,74.24532,7.306226,33.060906,25.75468,-7.306226,9,19
DRC,,skilled_birth_attendance,beneficial,ADM1,Haut-Katanga,2,2013;2024,2024,2014,2013,1,86.88559,93.606656,6.721066,13.11441,6.393344,-6.721066,10,6
DRC,,skilled_birth_attendance,beneficial,ADM1,Tshuapa,2,2013;2024,2024,2014,2013,1,37.662778,44.043257,6.380479,62.337222,55.956743,-6.380479,11,26
DRC,,skilled_birth_attendance,beneficial,ADM1,Mongala,2,2013;2024,2024,2014,2013,1,60.09876,66.243843,6.145083,39.90124,33.756157,-6.145083,12,22
DRC,,skilled_birth_attendance,beneficial,ADM1,Ituri,2,2013;2024,2024,2014,2013,1,91.303745,95.542997,4.239252,8.696255,4.457003,-4.239252,13,3
DRC,,skilled_birth_attendance,beneficial,ADM1,Sud-Kivu,2,2013;2024,2024,2014,2013,1,92.41648,94.614114,2.197634,7.58352,5.385886,-2.197634,14,5
DRC,,skilled_birth_attendance,beneficial,ADM1,Mai-Ndombe,2,2013;2024,2024,2014,2013,1,90.774925,92.902852,2.127927,9.225075,7.097148,-2.127927,15,8
DRC,,skilled_birth_attendance,beneficial,ADM1,Kinshasa,2,2013;2024,2024,2014,2013,1,97.392505,99.129404,1.736899,2.607495,0.870596,-1.736899,16,2
DRC,,skilled_birth_attendance,beneficial,ADM1,Kasai,2,2013;2024,2024,2014,2013,1,81.930675,83.05662,1.125945,18.069325,16.94338,-1.125945,17,12
DRC,,skilled_birth_attendance,beneficial,ADM1,Sud-Ubangi,2,2013;2024,2024,2014,2013,1,70.372198,71.262655,0.890457,29.627802,28.737345,-0.890457,18,21
DRC,,skilled_birth_attendance,beneficial,ADM1,Kongo Central,2,2013;2024,2024,2014,2013,1,94.941535,94.717507,-0.224028,5.058465,5.282493,0.224028,19,4
DRC,,skilled_birth_attendance,beneficial,ADM1,Kwilu,2,2013;2024,2024,2014,2013,1,93.29071,93.004827,-0.285883,6.70929,6.995173,0.285883,20,7
DRC,,skilled_birth_attendance,beneficial,ADM1,Kasai-Oriental,2,2013;2024,2024,2014,2013,1,88.895567,87.646157,-1.24941,11.104433,12.353843,1.24941,21,10
DRC,,skilled_birth_attendance,beneficial,ADM1,Haut-Uele,2,2013;2024,2024,2014,2013,1,89.425072,82.677754,-6.747318,10.574928,17.322246,6.747318,22,13
DRC,,skilled_birth_attendance,beneficial,ADM1,Maniema,2,2013;2024,2024,2014,2013,1,86.550378,79.144368,-7.40601,13.449622,20.855632,7.40601,23,15
DRC,,skilled_birth_attendance,beneficial,ADM1,Tshopo,2,2013;2024,2024,2014,2013,1,88.111861,80.670921,-7.44094,11.888139,19.329079,7.44094,24,14
DRC,,skilled_birth_attendance,beneficial,ADM1,Equateur,2,2013;2024,2024,2014,2013,1,83.694487,71.875799,-11.818688,16.305513,28.124201,11.818688,25,20
DRC,,skilled_birth_attendance,beneficial,ADM1,Bas-Uele,2,2013;2024,2024,2014,2013,1,73.381161,61.351601,-12.02956,26.618839,38.648399,12.02956,26,23
DRC,children_under5,stunting,adverse,ADM1,Kasai,2,2013;2024,2024,2014,2013,1,57.94704437,42.35279844,-15.59424593,57.94704437,42.35279844,-15.59424593,1,6
DRC,children_under5,stunting,adverse,ADM1,Lomami,2,2013;2024,2024,2014,2013,1,51.12123434,40.0427793,-11.07845504,51.12123434,40.0427793,-11.07845504,2,5
DRC,children_under5,stunting,adverse,ADM1,Sankuru,2,2013;2024,2024,2014,2013,1,50.07632825,42.67676571,-7.39956254,50.07632825,42.67676571,-7.39956254,3,7
DRC,children_under5,stunting,adverse,ADM1,Haut-Uele,2,2013;2024,2024,2014,2013,1,40.70206443,34.45720663,-6.2448578,40.70206443,34.45720663,-6.2448578,4,2
DRC,children_under5,stunting,adverse,ADM1,Tanganyika,2,2013;2024,2024,2014,2013,1,50.99396916,45.85825864,-5.13571052,50.99396916,45.85825864,-5.13571052,5,14
DRC,children_under5,stunting,adverse,ADM1,Sud-Kivu,2,2013;2024,2024,2014,2013,1,53.02831448,47.98986633,-5.03844815,53.02831448,47.98986633,-5.03844815,6,18
DRC,children_under5,stunting,adverse,ADM1,Haut-Lomami,2,2013;2024,2024,2014,2013,1,49.50768817,45.45767727,-4.0500109,49.50768817,45.45767727,-4.0500109,7,13
DRC,children_under5,stunting,adverse,ADM1,Tshuapa,2,2013;2024,2024,2014,2013,1,47.76114581,44.02110543,-3.74004038,47.76114581,44.02110543,-3.74004038,8,9
DRC,children_under5,stunting,adverse,ADM1,Kinshasa,2,2013;2024,2024,2014,2013,1,17.30254284,14.17127149,-3.13127135,17.30254284,14.17127149,-3.13127135,9,1
DRC,children_under5,stunting,adverse,ADM1,Kongo Central,2,2013;2024,2024,2014,2013,1,45.91289623,45.45487999,-0.45801624,45.91289623,45.45487999,-0.45801624,10,12
DRC,children_under5,stunting,adverse,ADM1,Mongala,2,2013;2024,2024,2014,2013,1,40.87786928,43.10301234,2.22514306,40.87786928,43.10301234,2.22514306,11,8
DRC,children_under5,stunting,adverse,ADM1,Tshopo,2,2013;2024,2024,2014,2013,1,42.37677407,45.03775249,2.66097842,42.37677407,45.03775249,2.66097842,12,11
DRC,children_under5,stunting,adverse,ADM1,Haut-Katanga,2,2013;2024,2024,2014,2013,1,40.38118835,44.09813642,3.71694807,40.38118835,44.09813642,3.71694807,13,10
DRC,children_under5,stunting,adverse,ADM1,Nord-Kivu,2,2013;2024,2024,2014,2013,1,52.01143425,55.87250682,3.86107257,52.01143425,55.87250682,3.86107257,14,24
DRC,children_under5,stunting,adverse,ADM1,Bas-Uele,2,2013;2024,2024,2014,2013,1,43.11031621,47.18481786,4.07450165,43.11031621,47.18481786,4.07450165,15,17
DRC,children_under5,stunting,adverse,ADM1,Kasai-Central,2,2013;2024,2024,2014,2013,1,46.80004438,52.50362825,5.70358387,46.80004438,52.50362825,5.70358387,16,22
DRC,children_under5,stunting,adverse,ADM1,Ituri,2,2013;2024,2024,2014,2013,1,44.51754731,51.20224492,6.68469761,44.51754731,51.20224492,6.68469761,17,21
DRC,children_under5,stunting,adverse,ADM1,Mai-Ndombe,2,2013;2024,2024,2014,2013,1,32.00111516,38.73723266,6.7361175,32.00111516,38.73723266,6.7361175,18,4
DRC,children_under5,stunting,adverse,ADM1,Kwilu,2,2013;2024,2024,2014,2013,1,38.88026913,46.19723911,7.31696998,38.88026913,46.19723911,7.31696998,19,16
DRC,children_under5,stunting,adverse,ADM1,Kasai-Oriental,2,2013;2024,2024,2014,2013,1,37.77465712,46.12783962,8.3531825,37.77465712,46.12783962,8.3531825,20,15
DRC,children_under5,stunting,adverse,ADM1,Nord-Ubangi,2,2013;2024,2024,2014,2013,1,41.52565625,50.33094742,8.80529117,41.52565625,50.33094742,8.80529117,21,19
DRC,children_under5,stunting,adverse,ADM1,Lualaba,2,2013;2024,2024,2014,2013,1,42.10642968,50.91312943,8.80669975,42.10642968,50.91312943,8.80669975,22,20
DRC,children_under5,stunting,adverse,ADM1,Maniema,2,2013;2024,2024,2014,2013,1,46.37493625,56.68288798,10.30795173,46.37493625,56.68288798,10.30795173,23,25
DRC,children_under5,stunting,adverse,ADM1,Equateur,2,2013;2024,2024,2014,2013,1,23.05647366,34.84384453,11.78737087,23.05647366,34.84384453,11.78737087,24,3
DRC,children_under5,stunting,adverse,ADM1,Sud-Ubangi,2,2013;2024,2024,2014,2013,1,40.79534011,53.61955939,12.82421928,40.79534011,53.61955939,12.82421928,25,23
DRC,children_under5,stunting,adverse,ADM1,Kwango,2,2013;2024,2024,2014,2013,1,45.62013585,59.49287478,13.87273893,45.62013585,59.49287478,13.87273893,26,26
DRC,children_under5,wasting,adverse,ADM1,Maniema,2,2013;2024,2024,2014,2013,1,22.66338709,8.76312653,-13.90026056,22.66338709,8.76312653,-13.90026056,1,19
DRC,children_under5,wasting,adverse,ADM1,Tanganyika,2,2013;2024,2024,2014,2013,1,10.58050606,5.372098747,-5.208407313,10.58050606,5.372098747,-5.208407313,2,9
DRC,children_under5,wasting,adverse,ADM1,Ituri,2,2013;2024,2024,2014,2013,1,8.482751649,3.832645285,-4.650106364,8.482751649,3.832645285,-4.650106364,3,3
DRC,children_under5,wasting,adverse,ADM1,Sud-Ubangi,2,2013;2024,2024,2014,2013,1,6.336006715,2.320354371,-4.015652344,6.336006715,2.320354371,-4.015652344,4,2
DRC,children_under5,wasting,adverse,ADM1,Sankuru,2,2013;2024,2024,2014,2013,1,9.628882177,6.3361994,-3.292682777,9.628882177,6.3361994,-3.292682777,5,11
DRC,children_under5,wasting,adverse,ADM1,Lualaba,2,2013;2024,2024,2014,2013,1,9.625761805,6.537129322,-3.088632483,9.625761805,6.537129322,-3.088632483,6,12
DRC,children_under5,wasting,adverse,ADM1,Haut-Uele,2,2013;2024,2024,2014,2013,1,7.553601321,4.999207201,-2.55439412,7.553601321,4.999207201,-2.55439412,7,5
DRC,children_under5,wasting,adverse,ADM1,Nord-Kivu,2,2013;2024,2024,2014,2013,1,4.734132719,2.266849853,-2.467282866,4.734132719,2.266849853,-2.467282866,8,1
DRC,children_under5,wasting,adverse,ADM1,Kongo Central,2,2013;2024,2024,2014,2013,1,11.11326599,8.82370853,-2.28955746,11.11326599,8.82370853,-2.28955746,9,20
DRC,children_under5,wasting,adverse,ADM1,Haut-Lomami,2,2013;2024,2024,2014,2013,1,9.896619583,8.39330609,-1.503313493,9.896619583,8.39330609,-1.503313493,10,16
DRC,children_under5,wasting,adverse,ADM1,Tshuapa,2,2013;2024,2024,2014,2013,1,9.225335341,8.08918282,-1.136152521,9.225335341,8.08918282,-1.136152521,11,15
DRC,children_under5,wasting,adverse,ADM1,Kasai-Central,2,2013;2024,2024,2014,2013,1,6.133666634,5.250054819,-0.883611815,6.133666634,5.250054819,-0.883611815,12,7
DRC,children_under5,wasting,adverse,ADM1,Haut-Katanga,2,2013;2024,2024,2014,2013,1,5.920754654,5.320855323,-0.599899331,5.920754654,5.320855323,-0.599899331,13,8
DRC,children_under5,wasting,adverse,ADM1,Sud-Kivu,2,2013;2024,2024,2014,2013,1,7.169483672,6.711761749,-0.457721923,7.169483672,6.711761749,-0.457721923,14,13
DRC,children_under5,wasting,adverse,ADM1,Nord-Ubangi,2,2013;2024,2024,2014,2013,1,4.440080841,4.761222179,0.321141338,4.440080841,4.761222179,0.321141338,15,4
DRC,children_under5,wasting,adverse,ADM1,Mongala,2,2013;2024,2024,2014,2013,1,5.476223908,6.002141898,0.52591799,5.476223908,6.002141898,0.52591799,16,10
DRC,children_under5,wasting,adverse,ADM1,Kasai-Oriental,2,2013;2024,2024,2014,2013,1,7.927471625,8.527883032,0.600411407,7.927471625,8.527883032,0.600411407,17,18
DRC,children_under5,wasting,adverse,ADM1,Kinshasa,2,2013;2024,2024,2014,2013,1,3.530280591,5.054251357,1.523970766,3.530280591,5.054251357,1.523970766,18,6
DRC,children_under5,wasting,adverse,ADM1,Lomami,2,2013;2024,2024,2014,2013,1,6.481452191,8.39511332,1.913661129,6.481452191,8.39511332,1.913661129,19,17
DRC,children_under5,wasting,adverse,ADM1,Mai-Ndombe,2,2013;2024,2024,2014,2013,1,13.9846506,16.05166661,2.06701601,13.9846506,16.05166661,2.06701601,20,26
DRC,children_under5,wasting,adverse,ADM1,Tshopo,2,2013;2024,2024,2014,2013,1,6.272858526,8.954720928,2.681862402,6.272858526,8.954720928,2.681862402,21,21
DRC,children_under5,wasting,adverse,ADM1,Equateur,2,2013;2024,2024,2014,2013,1,4.527261501,7.356872998,2.829611497,4.527261501,7.356872998,2.829611497,22,14
DRC,children_under5,wasting,adverse,ADM1,Kwango,2,2013;2024,2024,2014,2013,1,11.59338761,14.6696228,3.07623519,11.59338761,14.6696228,3.07623519,23,25
DRC,children_under5,wasting,adverse,ADM1,Kwilu,2,2013;2024,2024,2014,2013,1,6.107492584,10.04908018,3.941587596,6.107492584,10.04908018,3.941587596,24,22
DRC,children_under5,wasting,adverse,ADM1,Kasai,2,2013;2024,2024,2014,2013,1,8.636914592,14.52925549,5.892340898,8.636914592,14.52925549,5.892340898,25,24
DRC,children_under5,wasting,adverse,ADM1,Bas-Uele,2,2013;2024,2024,2014,2013,1,6.110987695,13.33877398,7.227786285,6.110987695,13.33877398,7.227786285,26,23
DRC,children_12_23_months,zero_dose,adverse,ADM1,Tanganyika,2,2013;2024,2024,2014,2013,1,61.28829225,51.64923892,-9.63905333,61.28829225,51.64923892,-9.63905333,1,18
DRC,children_12_23_months,zero_dose,adverse,ADM1,Lualaba,2,2013;2024,2024,2014,2013,1,40.52353475,33.9425992,-6.58093555,40.52353475,33.9425992,-6.58093555,2,10
DRC,children_12_23_months,zero_dose,adverse,ADM1,Kinshasa,2,2013;2024,2024,2014,2013,1,2.168293536,0.75324915,-1.415044386,2.168293536,0.75324915,-1.415044386,3,1
DRC,children_12_23_months,zero_dose,adverse,ADM1,Kasai-Central,2,2013;2024,2024,2014,2013,1,10.15675915,10.32900114,0.17224199,10.15675915,10.32900114,0.17224199,4,3
DRC,children_12_23_months,zero_dose,adverse,ADM1,Kasai-Oriental,2,2013;2024,2024,2014,2013,1,15.48127069,18.12919367,2.64792298,15.48127069,18.12919367,2.64792298,5,4
DRC,children_12_23_months,zero_dose,adverse,ADM1,Nord-Kivu,2,2013;2024,2024,2014,2013,1,6.276122704,9.982604647,3.706481943,6.276122704,9.982604647,3.706481943,6,2
DRC,children_12_23_months,zero_dose,adverse,ADM1,Haut-Uele,2,2013;2024,2024,2014,2013,1,37.8538262,45.71143912,7.85761292,37.8538262,45.71143912,7.85761292,7,14
DRC,children_12_23_months,zero_dose,adverse,ADM1,Haut-Katanga,2,2013;2024,2024,2014,2013,1,17.42391402,25.72857572,8.3046617,17.42391402,25.72857572,8.3046617,8,7
DRC,children_12_23_months,zero_dose,adverse,ADM1,Kwango,2,2013;2024,2024,2014,2013,1,17.10425323,29.01005374,11.90580051,17.10425323,29.01005374,11.90580051,9,9
DRC,children_12_23_months,zero_dose,adverse,ADM1,Kwilu,2,2013;2024,2024,2014,2013,1,8.808161342,21.30428407,12.49612273,8.808161342,21.30428407,12.49612273,10,6
DRC,children_12_23_months,zero_dose,adverse,ADM1,Ituri,2,2013;2024,2024,2014,2013,1,8.527066658,21.22315736,12.6960907,8.527066658,21.22315736,12.6960907,11,5
DRC,children_12_23_months,zero_dose,adverse,ADM1,Lomami,2,2013;2024,2024,2014,2013,1,21.8546671,34.64926038,12.79459328,21.8546671,34.64926038,12.79459328,12,11
DRC,children_12_23_months,zero_dose,adverse,ADM1,Haut-Lomami,2,2013;2024,2024,2014,2013,1,33.96929538,46.92928069,12.95998531,33.96929538,46.92928069,12.95998531,13,16
DRC,children_12_23_months,zero_dose,adverse,ADM1,Nord-Ubangi,2,2013;2024,2024,2014,2013,1,22.75137908,38.40327539,15.65189631,22.75137908,38.40327539,15.65189631,14,12
DRC,children_12_23_months,zero_dose,adverse,ADM1,Bas-Uele,2,2013;2024,2024,2014,2013,1,45.22019109,62.17853809,16.958347,45.22019109,62.17853809,16.958347,15,22
DRC,children_12_23_months,zero_dose,adverse,ADM1,Mongala,2,2013;2024,2024,2014,2013,1,58.44910418,76.09457264,17.64546846,58.44910418,76.09457264,17.64546846,16,25
DRC,children_12_23_months,zero_dose,adverse,ADM1,Sankuru,2,2013;2024,2024,2014,2013,1,46.24315428,64.88217563,18.63902135,46.24315428,64.88217563,18.63902135,17,23
DRC,children_12_23_months,zero_dose,adverse,ADM1,Tshuapa,2,2013;2024,2024,2014,2013,1,44.87508078,65.79184427,20.91676349,44.87508078,65.79184427,20.91676349,18,24
DRC,children_12_23_months,zero_dose,adverse,ADM1,Sud-Kivu,2,2013;2024,2024,2014,2013,1,4.851664274,27.06851279,22.21684852,4.851664274,27.06851279,22.21684852,19,8
DRC,children_12_23_months,zero_dose,adverse,ADM1,Kasai,2,2013;2024,2024,2014,2013,1,28.7648829,51.83293396,23.06805106,28.7648829,51.83293396,23.06805106,20,19
DRC,children_12_23_months,zero_dose,adverse,ADM1,Tshopo,2,2013;2024,2024,2014,2013,1,32.15002102,56.10117642,23.9511554,32.15002102,56.10117642,23.9511554,21,20
DRC,children_12_23_months,zero_dose,adverse,ADM1,Equateur,2,2013;2024,2024,2014,2013,1,20.16134799,46.44776014,26.28641215,20.16134799,46.44776014,26.28641215,22,15
DRC,children_12_23_months,zero_dose,adverse,ADM1,Mai-Ndombe,2,2013;2024,2024,2014,2013,1,13.42710726,47.80057596,34.3734687,13.42710726,47.80057596,34.3734687,23,17
DRC,children_12_23_months,zero_dose,adverse,ADM1,Kongo Central,2,2013;2024,2024,2014,2013,1,6.478190658,42.52501773,36.04682707,6.478190658,42.52501773,36.04682707,24,13
DRC,children_12_23_months,zero_dose,adverse,ADM1,Sud-Ubangi,2,2013;2024,2024,2014,2013,1,18.3770771,60.82812719,42.45105009,18.3770771,60.82812719,42.45105009,25,21
DRC,children_12_23_months,zero_dose,adverse,ADM1,Maniema,2,2013;2024,2024,2014,2013,1,26.16975654,78.34638212,52.17662558,26.16975654,78.34638212,52.17662558,26,26
Ethiopia,,anc4plus,beneficial,ADM1,Amhara,3,2016;2019;2024,2024,2014,2016,2,31.4694965,62.02802437,30.55852787,68.5305035,37.97197563,-30.55852787,1,3
Ethiopia,,anc4plus,beneficial,ADM1,Oromia,3,2016;2019;2024,2024,2014,2016,2,22.11828231,48.44824705,26.32996474,77.88171769,51.55175295,-26.32996474,2,8
Ethiopia,,anc4plus,beneficial,ADM1,Afar,3,2016;2019;2024,2024,2014,2016,2,20.5893706,46.17716497,25.58779437,79.4106294,53.82283503,-25.58779437,3,10
Ethiopia,,anc4plus,beneficial,ADM1,Benishangul,3,2016;2019;2024,2024,2014,2016,2,42.02709085,57.15136707,15.12427622,57.97290915,42.84863293,-15.12427622,4,4
Ethiopia,,anc4plus,beneficial,ADM1,Harari,3,2016;2019;2024,2024,2014,2016,2,34.93877855,46.52613647,11.58735792,65.06122145,53.47386353,-11.58735792,5,9
Ethiopia,,anc4plus,beneficial,ADM1,SNNPR,3,2016;2019;2024,2024,2014,2016,2,38.17744433,48.91373611,10.73629177,61.82255567,51.08626389,-10.73629177,6,7
Ethiopia,,anc4plus,beneficial,ADM1,Gambela,3,2016;2019;2024,2024,2014,2016,2,43.3533789,49.17214331,5.818764412,56.6466211,50.82785669,-5.818764412,7,6
Ethiopia,,anc4plus,beneficial,ADM1,Addis Ababa,3,2016;2019;2024,2024,2014,2016,2,89.08304138,94.77796662,5.694925235,10.91695862,5.222033383,-5.694925235,8,1
Ethiopia,,anc4plus,beneficial,ADM1,Dire Dawa,3,2016;2019;2024,2024,2014,2016,2,65.98468912,69.146672,3.161982879,34.01531088,30.853328,-3.161982879,9,2
Ethiopia,,anc4plus,beneficial,ADM1,Somali,3,2016;2019;2024,2024,2014,2016,2,11.78012345,12.72288797,0.942764519,88.21987655,87.27711203,-0.942764519,10,11
Ethiopia,,anc4plus,beneficial,ADM1,Tigray,3,2016;2019;2024,2024,2014,2016,2,56.54667738,57.13955724,0.592879859,43.45332262,42.86044276,-0.592879859,11,5
Ethiopia,,anc_skilled_provider,beneficial,ADM1,Amhara,3,2016;2019;2024,2024,2014,2016,2,67.12127554,90.26669172,23.14541618,32.87872446,9.733308277,-23.14541618,1,2
Ethiopia,,anc_skilled_provider,beneficial,ADM1,Oromia,3,2016;2019;2024,2024,2014,2016,2,50.71572386,70.93729716,20.22157331,49.28427614,29.06270284,-20.22157331,2,8
Ethiopia,,anc_skilled_provider,beneficial,ADM1,Afar,3,2016;2019;2024,2024,2014,2016,2,51.31655636,70.79239952,19.47584315,48.68344364,29.20760048,-19.47584315,3,10
Ethiopia,,anc_skilled_provider,beneficial,ADM1,SNNPR,3,2016;2019;2024,2024,2014,2016,2,69.30121373,78.87226457,9.57105084,30.69878627,21.12773543,-9.57105084,4,7
Ethiopia,,anc_skilled_provider,beneficial,ADM1,Gambela,3,2016;2019;2024,2024,2014,2016,2,72.323066,79.60620653,7.283140525,27.676934,20.39379347,-7.283140525,5,6
Ethiopia,,anc_skilled_provider,beneficial,ADM1,Harari,3,2016;2019;2024,2024,2014,2016,2,75.86383682,79.78007546,3.916238636,24.13616318,20.21992454,-3.916238636,6,5
Ethiopia,,anc_skilled_provider,beneficial,ADM1,Benishangul,3,2016;2019;2024,2024,2014,2016,2,68.71563078,70.86871447,2.153083687,31.28436922,29.13128553,-2.153083687,7,9
Ethiopia,,anc_skilled_provider,beneficial,ADM1,Addis Ababa,3,2016;2019;2024,2024,2014,2016,2,96.7652331,98.22168766,1.456454562,3.234766903,1.778312341,-1.456454562,8,1
Ethiopia,,anc_skilled_provider,beneficial,ADM1,Dire Dawa,3,2016;2019;2024,2024,2014,2016,2,87.38216139,87.98875866,0.606597267,12.61783861,12.01124134,-0.606597267,9,4
Ethiopia,,anc_skilled_provider,beneficial,ADM1,Tigray,3,2016;2019;2024,2024,2014,2016,2,90.00034431,90.16278604,0.162441731,9.999655687,9.837213956,-0.162441731,10,3
Ethiopia,,anc_skilled_provider,beneficial,ADM1,Somali,3,2016;2019;2024,2024,2014,2016,2,43.61893098,35.05676049,-8.562170487,56.38106902,64.94323951,8.562170487,11,11
Ethiopia,women_15_49,anemia_women,adverse,ADM1,Gambela,3,2005;2011;2016,2016,2006,2005,1,42.0159031,26.10307417,-15.91282893,42.0159031,26.10307417,-15.91282893,1,6
Ethiopia,women_15_49,anemia_women,adverse,ADM1,Amhara,3,2005;2011;2016,2016,2006,2005,1,31.00178011,17.18962792,-13.81215219,31.00178011,17.18962792,-13.81215219,2,2
Ethiopia,women_15_49,anemia_women,adverse,ADM1,Benishangul,3,2005;2011;2016,2016,2006,2005,1,31.34265695,19.22993609,-12.11272086,31.34265695,19.22993609,-12.11272086,3,3
Ethiopia,women_15_49,anemia_women,adverse,ADM1,Tigray,3,2005;2011;2016,2016,2006,2005,1,29.28901952,19.7412697,-9.54774982,29.28901952,19.7412697,-9.54774982,4,4
Ethiopia,women_15_49,anemia_women,adverse,ADM1,SNNPR,3,2005;2011;2016,2016,2006,2005,1,23.46017853,22.54381813,-0.9163604,23.46017853,22.54381813,-0.9163604,5,5
Ethiopia,women_15_49,anemia_women,adverse,ADM1,Addis Ababa,3,2005;2011;2016,2016,2006,2005,1,14.60536943,15.96796288,1.36259345,14.60536943,15.96796288,1.36259345,6,1
Ethiopia,women_15_49,anemia_women,adverse,ADM1,Oromia,3,2005;2011;2016,2016,2006,2005,1,24.87912208,27.29235308,2.413231,24.87912208,27.29235308,2.413231,7,7
Ethiopia,women_15_49,anemia_women,adverse,ADM1,Afar,3,2005;2011;2016,2016,2006,2005,1,40.44234973,44.69838377,4.25603404,40.44234973,44.69838377,4.25603404,8,10
Ethiopia,women_15_49,anemia_women,adverse,ADM1,Dire Dawa,3,2005;2011;2016,2016,2006,2005,1,25.79776646,30.11001267,4.31224621,25.79776646,30.11001267,4.31224621,9,9
Ethiopia,women_15_49,anemia_women,adverse,ADM1,Harari,3,2005;2011;2016,2016,2006,2005,1,22.42857601,27.69211022,5.26353421,22.42857601,27.69211022,5.26353421,10,8
Ethiopia,women_15_49,anemia_women,adverse,ADM1,Somali,3,2005;2011;2016,2016,2006,2005,1,39.82627461,59.54086719,19.71459258,39.82627461,59.54086719,19.71459258,11,11
Ethiopia,,diarrhea_care_seeking,beneficial,ADM1,Benishangul,2,2016;2024,2024,2014,2016,2,61.272838,74.506959,13.234121,38.727162,25.493041,-13.234121,1,1
Ethiopia,,diarrhea_care_seeking,beneficial,ADM1,Harari,2,2016;2024,2024,2014,2016,2,54.459685,66.068956,11.609271,45.540315,33.931044,-11.609271,2,3
Ethiopia,,diarrhea_care_seeking,beneficial,ADM1,Gambela,2,2016;2024,2024,2014,2016,2,58.704838,66.119376,7.414538,41.295162,33.880624,-7.414538,3,2
Ethiopia,,diarrhea_care_seeking,beneficial,ADM1,Oromia,2,2016;2024,2024,2014,2016,2,41.863082,46.761431,4.898349,58.136918,53.238569,-4.898349,4,7
Ethiopia,,diarrhea_care_seeking,beneficial,ADM1,Afar,2,2016;2024,2024,2014,2016,2,53.037356,56.888024,3.850668,46.962644,43.111976,-3.850668,5,4
Ethiopia,,diarrhea_care_seeking,beneficial,ADM1,Tigray,2,2016;2024,2024,2014,2016,2,50.708239,51.734554,1.026315,49.291761,48.265446,-1.026315,6,6
Ethiopia,,diarrhea_care_seeking,beneficial,ADM1,Amhara,2,2016;2024,2024,2014,2016,2,40.017309,36.939541,-3.077768,59.982691,63.060459,3.077768,7,10
Ethiopia,,diarrhea_care_seeking,beneficial,ADM1,Somali,2,2016;2024,2024,2014,2016,2,44.718487,40.272261,-4.446226,55.281513,59.727739,4.446226,8,8
Ethiopia,,diarrhea_care_seeking,beneficial,ADM1,SNNPR,2,2016;2024,2024,2014,2016,2,47.831303,39.570151,-8.261152,52.168697,60.429849,8.261152,9,9
Ethiopia,,diarrhea_care_seeking,beneficial,ADM1,Dire Dawa,2,2016;2024,2024,2014,2016,2,68.198632,55.253634,-12.944998,31.801368,44.746366,12.944998,10,5
Ethiopia,,diarrhea_care_seeking,beneficial,ADM1,Addis Ababa,2,2016;2024,2024,2014,2016,2,60.830911,25.310265,-35.520646,39.169089,74.689735,35.520646,11,11
Ethiopia,,facility_delivery,beneficial,ADM1,Amhara,3,2016;2019;2024,2024,2014,2016,2,27.1200345,72.7674788,45.6474443,72.8799655,27.2325212,-45.6474443,1,4
Ethiopia,,facility_delivery,beneficial,ADM1,Benishangul,3,2016;2019;2024,2024,2014,2016,2,25.68535648,61.49202206,35.80666558,74.31464352,38.50797794,-35.80666558,2,7
Ethiopia,,facility_delivery,beneficial,ADM1,Oromia,3,2016;2019;2024,2024,2014,2016,2,18.75523027,53.73758317,34.9823529,81.24476973,46.26241683,-34.9823529,3,9
Ethiopia,,facility_delivery,beneficial,ADM1,SNNPR,3,2016;2019;2024,2024,2014,2016,2,25.52660061,59.45105687,33.92445626,74.47339939,40.54894313,-33.92445626,4,8
Ethiopia,,facility_delivery,beneficial,ADM1,Harari,3,2016;2019;2024,2024,2014,2016,2,50.24974957,78.68707824,28.43732867,49.75025043,21.31292176,-28.43732867,5,3
Ethiopia,,facility_delivery,beneficial,ADM1,Gambela,3,2016;2019;2024,2024,2014,2016,2,44.97408792,71.81995,26.84586208,55.02591208,28.18005,-26.84586208,6,5
Ethiopia,,facility_delivery,beneficial,ADM1,Dire Dawa,3,2016;2019;2024,2024,2014,2016,2,56.22691686,82.43829498,26.21137812,43.77308314,17.56170502,-26.21137812,7,2
Ethiopia,,facility_delivery,beneficial,ADM1,Afar,3,2016;2019;2024,2024,2014,2016,2,14.69986651,33.26268233,18.56281582,85.30013349,66.73731767,-18.56281582,8,11
Ethiopia,,facility_delivery,beneficial,ADM1,Somali,3,2016;2019;2024,2024,2014,2016,2,17.92460027,34.22026892,16.29566866,82.07539973,65.77973108,-16.29566866,9,10
Ethiopia,,facility_delivery,beneficial,ADM1,Tigray,3,2016;2019;2024,2024,2014,2016,2,56.94104915,68.25728369,11.31623454,43.05895085,31.74271631,-11.31623454,10,6
Ethiopia,,facility_delivery,beneficial,ADM1,Addis Ababa,3,2016;2019;2024,2024,2014,2016,2,96.61764271,97.94164058,1.323997866,3.382357286,2.05835942,-1.323997866,11,1
Ethiopia,,fever_care_seeking,beneficial,ADM1,Benishangul,2,2016;2024,2024,2014,2016,2,44.200167,67.678,23.477833,55.799833,32.322,-23.477833,1,1
Ethiopia,,fever_care_seeking,beneficial,ADM1,Gambela,2,2016;2024,2024,2014,2016,2,46.933203,63.533277,16.600074,53.066797,36.466723,-16.600074,2,2
Ethiopia,,fever_care_seeking,beneficial,ADM1,Oromia,2,2016;2024,2024,2014,2016,2,35.384339,42.475027,7.090688,64.615661,57.524973,-7.090688,3,6
Ethiopia,,fever_care_seeking,beneficial,ADM1,SNNPR,2,2016;2024,2024,2014,2016,2,37.234842,42.708545,5.473703,62.765158,57.291455,-5.473703,4,5
Ethiopia,,fever_care_seeking,beneficial,ADM1,Amhara,2,2016;2024,2024,2014,2016,2,31.392766,34.182334,2.789568,68.607234,65.817666,-2.789568,5,10
Ethiopia,,fever_care_seeking,beneficial,ADM1,Tigray,2,2016;2024,2024,2014,2016,2,34.090533,34.32616,0.235627,65.909467,65.67384,-0.235627,6,9
Ethiopia,,fever_care_seeking,beneficial,ADM1,Somali,2,2016;2024,2024,2014,2016,2,29.108309,28.283234,-0.825075,70.891691,71.716766,0.825075,7,11
Ethiopia,,fever_care_seeking,beneficial,ADM1,Afar,2,2016;2024,2024,2014,2016,2,41.296283,39.623656,-1.672627,58.703717,60.376344,1.672627,8,8
Ethiopia,,fever_care_seeking,beneficial,ADM1,Harari,2,2016;2024,2024,2014,2016,2,53.78857,48.786803,-5.001767,46.21143,51.213197,5.001767,9,3
Ethiopia,,fever_care_seeking,beneficial,ADM1,Dire Dawa,2,2016;2024,2024,2014,2016,2,51.185917,39.807431,-11.378486,48.814083,60.192569,11.378486,10,7
Ethiopia,,fever_care_seeking,beneficial,ADM1,Addis Ababa,2,2016;2024,2024,2014,2016,2,64.148229,46.286052,-17.862177,35.851771,53.713948,17.862177,11,4
Ethiopia,women_first_birth_ever,first_birth_under20,adverse,ADM1,Amhara,4,2011;2016;2019;2024,2024,2014,2016,2,68.75298691,52.14165477,-16.61133214,68.75298691,52.14165477,-16.61133214,1,5
Ethiopia,women_first_birth_ever,first_birth_under20,adverse,ADM1,Tigray,4,2011;2016;2019;2024,2024,2014,2016,2,65.70534257,51.89177808,-13.81356449,65.70534257,51.89177808,-13.81356449,2,4
Ethiopia,women_first_birth_ever,first_birth_under20,adverse,ADM1,SNNPR,4,2011;2016;2019;2024,2024,2014,2016,2,61.67042071,48.84615688,-12.82426383,61.67042071,48.84615688,-12.82426383,3,3
Ethiopia,women_first_birth_ever,first_birth_under20,adverse,ADM1,Addis Ababa,4,2011;2016;2019;2024,2024,2014,2016,2,37.05286835,25.06369518,-11.98917317,37.05286835,25.06369518,-11.98917317,4,1
Ethiopia,women_first_birth_ever,first_birth_under20,adverse,ADM1,Dire Dawa,4,2011;2016;2019;2024,2024,2014,2016,2,59.72029632,48.0384523,-11.68184402,59.72029632,48.0384523,-11.68184402,5,2
Ethiopia,women_first_birth_ever,first_birth_under20,adverse,ADM1,Benishangul,4,2011;2016;2019;2024,2024,2014,2016,2,71.32915279,61.27388503,-10.05526776,71.32915279,61.27388503,-10.05526776,6,9
Ethiopia,women_first_birth_ever,first_birth_under20,adverse,ADM1,Afar,4,2011;2016;2019;2024,2024,2014,2016,2,71.00436446,61.38020365,-9.62416081,71.00436446,61.38020365,-9.62416081,7,10
Ethiopia,women_first_birth_ever,first_birth_under20,adverse,ADM1,Oromia,4,2011;2016;2019;2024,2024,2014,2016,2,67.29422948,60.35503427,-6.93919521,67.29422948,60.35503427,-6.93919521,8,8
Ethiopia,women_first_birth_ever,first_birth_under20,adverse,ADM1,Gambela,4,2011;2016;2019;2024,2024,2014,2016,2,66.52139336,62.99129611,-3.53009725,66.52139336,62.99129611,-3.53009725,9,11
Ethiopia,women_first_birth_ever,first_birth_under20,adverse,ADM1,Somali,4,2011;2016;2019;2024,2024,2014,2016,2,58.36202936,54.8335277,-3.52850166,58.36202936,54.8335277,-3.52850166,10,6
Ethiopia,women_first_birth_ever,first_birth_under20,adverse,ADM1,Harari,4,2011;2016;2019;2024,2024,2014,2016,2,57.05684286,56.28709113,-0.76975173,57.05684286,56.28709113,-0.76975173,11,7
Ethiopia,,no_anc,adverse,ADM1,Amhara,3,2016;2019;2024,2024,2014,2016,2,32.36955653,9.733308277,-22.63624826,32.36955653,9.733308277,-22.63624826,1,2
Ethiopia,,no_anc,adverse,ADM1,Afar,3,2016;2019;2024,2024,2014,2016,2,48.41024759,28.61985454,-19.79039305,48.41024759,28.61985454,-19.79039305,2,8
Ethiopia,,no_anc,adverse,ADM1,Oromia,3,2016;2019;2024,2024,2014,2016,2,48.63910817,28.87545441,-19.76365376,48.63910817,28.87545441,-19.76365376,3,9
Ethiopia,,no_anc,adverse,ADM1,SNNPR,3,2016;2019;2024,2024,2014,2016,2,30.36578868,20.74528001,-9.620508669,30.36578868,20.74528001,-9.620508669,4,7
Ethiopia,,no_anc,adverse,ADM1,Gambela,3,2016;2019;2024,2024,2014,2016,2,27.31287816,20.10092347,-7.211954694,27.31287816,20.10092347,-7.211954694,5,5
Ethiopia,,no_anc,adverse,ADM1,Harari,3,2016;2019;2024,2024,2014,2016,2,23.69336183,20.21992454,-3.473437285,23.69336183,20.21992454,-3.473437285,6,6
Ethiopia,,no_anc,adverse,ADM1,Addis Ababa,3,2016;2019;2024,2024,2014,2016,2,3.234766903,1.541690062,-1.693076841,3.234766903,1.541690062,-1.693076841,7,1
Ethiopia,,no_anc,adverse,ADM1,Benishangul,3,2016;2019;2024,2024,2014,2016,2,30.75239461,29.13128553,-1.621109078,30.75239461,29.13128553,-1.621109078,8,10
Ethiopia,,no_anc,adverse,ADM1,Dire Dawa,3,2016;2019;2024,2024,2014,2016,2,12.61783861,12.01124134,-0.606597267,12.61783861,12.01124134,-0.606597267,9,4
Ethiopia,,no_anc,adverse,ADM1,Tigray,3,2016;2019;2024,2024,2014,2016,2,9.621380619,9.837213956,0.215833337,9.621380619,9.837213956,0.215833337,10,3
Ethiopia,,no_anc,adverse,ADM1,Somali,3,2016;2019;2024,2024,2014,2016,2,55.99450641,64.7701903,8.775683892,55.99450641,64.7701903,8.775683892,11,11
Ethiopia,women_15_49,severe_anemia_women,adverse,ADM1,Gambela,3,2005;2011;2016,2016,2006,2005,1,1.719078176,0.319550728,-1.399527448,1.719078176,0.319550728,-1.399527448,1,4
Ethiopia,women_15_49,severe_anemia_women,adverse,ADM1,Amhara,3,2005;2011;2016,2016,2006,2005,1,1.51175964,0.113619231,-1.398140409,1.51175964,0.113619231,-1.398140409,2,2
Ethiopia,women_15_49,severe_anemia_women,adverse,ADM1,Afar,3,2005;2011;2016,2016,2006,2005,1,3.357777465,1.999396854,-1.358380611,3.357777465,1.999396854,-1.358380611,3,10
Ethiopia,women_15_49,severe_anemia_women,adverse,ADM1,Dire Dawa,3,2005;2011;2016,2016,2006,2005,1,2.475978761,1.2592491,-1.216729661,2.475978761,1.2592491,-1.216729661,4,9
Ethiopia,women_15_49,severe_anemia_women,adverse,ADM1,Addis Ababa,3,2005;2011;2016,2016,2006,2005,1,0.837238995,0.067807975,-0.76943102,0.837238995,0.067807975,-0.76943102,5,1
Ethiopia,women_15_49,severe_anemia_women,adverse,ADM1,Benishangul,3,2005;2011;2016,2016,2006,2005,1,0.802446513,0.216225008,-0.586221505,0.802446513,0.216225008,-0.586221505,6,3
Ethiopia,women_15_49,severe_anemia_women,adverse,ADM1,SNNPR,3,2005;2011;2016,2016,2006,2005,1,1.032078554,0.547824959,-0.484253595,1.032078554,0.547824959,-0.484253595,7,6
Ethiopia,women_15_49,severe_anemia_women,adverse,ADM1,Tigray,3,2005;2011;2016,2016,2006,2005,1,0.556981015,0.320024465,-0.23695655,0.556981015,0.320024465,-0.23695655,8,5
Ethiopia,women_15_49,severe_anemia_women,adverse,ADM1,Somali,3,2005;2011;2016,2016,2006,2005,1,4.831710061,4.770174452,-0.061535609,4.831710061,4.770174452,-0.061535609,9,11
Ethiopia,women_15_49,severe_anemia_women,adverse,ADM1,Oromia,3,2005;2011;2016,2016,2006,2005,1,1.18835371,1.19059248,0.00223877,1.18835371,1.19059248,0.00223877,10,7
Ethiopia,women_15_49,severe_anemia_women,adverse,ADM1,Harari,3,2005;2011;2016,2016,2006,2005,1,0.468721682,1.230145947,0.761424265,0.468721682,1.230145947,0.761424265,11,8
Ethiopia,children_under5,severe_stunting,adverse,ADM1,Amhara,4,2011;2016;2019;2024,2024,2014,2016,2,19.57387051,13.06752701,-6.5063435,19.57387051,13.06752701,-6.5063435,1,4
Ethiopia,children_under5,severe_stunting,adverse,ADM1,Dire Dawa,4,2011;2016;2019;2024,2024,2014,2016,2,16.93222976,13.52769151,-3.40453825,16.93222976,13.52769151,-3.40453825,2,5
Ethiopia,children_under5,severe_stunting,adverse,ADM1,Gambela,4,2011;2016;2019;2024,2024,2014,2016,2,7.394660495,4.97064756,-2.424012935,7.394660495,4.97064756,-2.424012935,3,2
Ethiopia,children_under5,severe_stunting,adverse,ADM1,Oromia,4,2011;2016;2019;2024,2024,2014,2016,2,17.05695111,14.77794496,-2.27900615,17.05695111,14.77794496,-2.27900615,4,7
Ethiopia,children_under5,severe_stunting,adverse,ADM1,SNNPR,4,2011;2016;2019;2024,2024,2014,2016,2,20.17729465,18.83799414,-1.33930051,20.17729465,18.83799414,-1.33930051,5,9
Ethiopia,children_under5,severe_stunting,adverse,ADM1,Harari,4,2011;2016;2019;2024,2024,2014,2016,2,12.62731447,12.4629766,-0.16433787,12.62731447,12.4629766,-0.16433787,6,3
Ethiopia,children_under5,severe_stunting,adverse,ADM1,Addis Ababa,4,2011;2016;2019;2024,2024,2014,2016,2,3.13156357,3.818888953,0.687325383,3.13156357,3.818888953,0.687325383,7,1
Ethiopia,children_under5,severe_stunting,adverse,ADM1,Tigray,4,2011;2016;2019;2024,2024,2014,2016,2,13.4457037,14.20511457,0.75941087,13.4457037,14.20511457,0.75941087,8,6
Ethiopia,children_under5,severe_stunting,adverse,ADM1,Afar,4,2011;2016;2019;2024,2024,2014,2016,2,22.32599708,24.16399671,1.83799963,22.32599708,24.16399671,1.83799963,9,10
Ethiopia,children_under5,severe_stunting,adverse,ADM1,Somali,4,2011;2016;2019;2024,2024,2014,2016,2,12.75582506,16.63265642,3.87683136,12.75582506,16.63265642,3.87683136,10,8
Ethiopia,children_under5,severe_stunting,adverse,ADM1,Benishangul,4,2011;2016;2019;2024,2024,2014,2016,2,21.66204083,25.91998475,4.25794392,21.66204083,25.91998475,4.25794392,11,11
Ethiopia,children_under5,severe_wasting,adverse,ADM1,Harari,4,2011;2016;2019;2024,2024,2014,2016,2,2.989451807,0,-2.989451807,2.989451807,0,-2.989451807,1,1
Ethiopia,children_under5,severe_wasting,adverse,ADM1,Dire Dawa,4,2011;2016;2019;2024,2024,2014,2016,2,4.165607617,1.179999331,-2.985608286,4.165607617,1.179999331,-2.985608286,2,7
Ethiopia,children_under5,severe_wasting,adverse,ADM1,Oromia,4,2011;2016;2019;2024,2024,2014,2016,2,3.512860199,0.818431273,-2.694428926,3.512860199,0.818431273,-2.694428926,3,4
Ethiopia,children_under5,severe_wasting,adverse,ADM1,Benishangul,4,2011;2016;2019;2024,2024,2014,2016,2,3.127169585,0.662213776,-2.464955809,3.127169585,0.662213776,-2.464955809,4,2
Ethiopia,children_under5,severe_wasting,adverse,ADM1,Afar,4,2011;2016;2019;2024,2024,2014,2016,2,5.270249937,2.915363804,-2.354886133,5.270249937,2.915363804,-2.354886133,5,10
Ethiopia,children_under5,severe_wasting,adverse,ADM1,Somali,4,2011;2016;2019;2024,2024,2014,2016,2,6.122472192,4.39042589,-1.732046302,6.122472192,4.39042589,-1.732046302,6,11
Ethiopia,children_under5,severe_wasting,adverse,ADM1,Tigray,4,2011;2016;2019;2024,2024,2014,2016,2,3.380346445,1.78261038,-1.597736065,3.380346445,1.78261038,-1.597736065,7,8
Ethiopia,children_under5,severe_wasting,adverse,ADM1,Amhara,4,2011;2016;2019;2024,2024,2014,2016,2,2.173427697,0.691032293,-1.482395404,2.173427697,0.691032293,-1.482395404,8,3
Ethiopia,children_under5,severe_wasting,adverse,ADM1,Gambela,4,2011;2016;2019;2024,2024,2014,2016,2,3.380216086,2.742387531,-0.637828555,3.380216086,2.742387531,-0.637828555,9,9
Ethiopia,children_under5,severe_wasting,adverse,ADM1,SNNPR,4,2011;2016;2019;2024,2024,2014,2016,2,1.682359274,1.109708378,-0.572650896,1.682359274,1.109708378,-0.572650896,10,6
Ethiopia,children_under5,severe_wasting,adverse,ADM1,Addis Ababa,4,2011;2016;2019;2024,2024,2014,2016,2,0.38301684,0.99233866,0.60932182,0.38301684,0.99233866,0.60932182,11,5
Ethiopia,,skilled_birth_attendance,beneficial,ADM1,Amhara,3,2016;2019;2024,2024,2014,2016,2,27.74714498,74.30898597,46.561841,72.25285502,25.69101403,-46.561841,1,4
Ethiopia,,skilled_birth_attendance,beneficial,ADM1,Oromia,3,2016;2019;2024,2024,2014,2016,2,19.65512567,58.42427817,38.7691525,80.34487433,41.57572183,-38.7691525,2,9
Ethiopia,,skilled_birth_attendance,beneficial,ADM1,Benishangul,3,2016;2019;2024,2024,2014,2016,2,28.5853964,62.17004875,33.58465235,71.4146036,37.82995125,-33.58465235,3,7
Ethiopia,,skilled_birth_attendance,beneficial,ADM1,SNNPR,3,2016;2019;2024,2024,2014,2016,2,28.58008415,60.23944192,31.65935777,71.41991585,39.76055808,-31.65935777,4,8
Ethiopia,,skilled_birth_attendance,beneficial,ADM1,Harari,3,2016;2019;2024,2024,2014,2016,2,51.20218789,80.02205612,28.81986823,48.79781211,19.97794388,-28.81986823,5,3
Ethiopia,,skilled_birth_attendance,beneficial,ADM1,Gambela,3,2016;2019;2024,2024,2014,2016,2,46.93153121,73.67182134,26.74029013,53.06846879,26.32817866,-26.74029013,6,5
Ethiopia,,skilled_birth_attendance,beneficial,ADM1,Dire Dawa,3,2016;2019;2024,2024,2014,2016,2,56.66224253,82.96932218,26.30707965,43.33775747,17.03067782,-26.30707965,7,2
Ethiopia,,skilled_birth_attendance,beneficial,ADM1,Afar,3,2016;2019;2024,2024,2014,2016,2,16.37764237,34.98445506,18.60681269,83.62235763,65.01554494,-18.60681269,8,11
Ethiopia,,skilled_birth_attendance,beneficial,ADM1,Somali,3,2016;2019;2024,2024,2014,2016,2,19.99517108,37.02789987,17.03272879,80.00482892,62.97210013,-17.03272879,9,10
Ethiopia,,skilled_birth_attendance,beneficial,ADM1,Tigray,3,2016;2019;2024,2024,2014,2016,2,59.25843427,69.32971752,10.07128326,40.74156573,30.67028248,-10.07128326,10,6
Ethiopia,,skilled_birth_attendance,beneficial,ADM1,Addis Ababa,3,2016;2019;2024,2024,2014,2016,2,96.82212313,98.17746881,1.355345681,3.177876868,1.822531187,-1.355345681,11,1
Ethiopia,children_under5,stunting,adverse,ADM1,Gambela,4,2011;2016;2019;2024,2024,2014,2016,2,23.52715921,16.52115075,-7.00600846,23.52715921,16.52115075,-7.00600846,1,2
Ethiopia,children_under5,stunting,adverse,ADM1,Dire Dawa,4,2011;2016;2019;2024,2024,2014,2016,2,40.19737791,33.26367777,-6.93370014,40.19737791,33.26367777,-6.93370014,2,3
Ethiopia,children_under5,stunting,adverse,ADM1,Amhara,4,2011;2016;2019;2024,2024,2014,2016,2,46.32034267,43.11980818,-3.20053449,46.32034267,43.11980818,-3.20053449,3,9
Ethiopia,children_under5,stunting,adverse,ADM1,SNNPR,4,2011;2016;2019;2024,2024,2014,2016,2,38.63327534,38.124292,-0.50898334,38.63327534,38.124292,-0.50898334,4,6
Ethiopia,children_under5,stunting,adverse,ADM1,Addis Ababa,4,2011;2016;2019;2024,2024,2014,2016,2,14.59285226,14.70189373,0.10904147,14.59285226,14.70189373,0.10904147,5,1
Ethiopia,children_under5,stunting,adverse,ADM1,Tigray,4,2011;2016;2019;2024,2024,2014,2016,2,39.27100653,41.572768,2.30176147,39.27100653,41.572768,2.30176147,6,8
Ethiopia,children_under5,stunting,adverse,ADM1,Harari,4,2011;2016;2019;2024,2024,2014,2016,2,31.95869229,34.82838269,2.8696904,31.95869229,34.82838269,2.8696904,7,5
Ethiopia,children_under5,stunting,adverse,ADM1,Oromia,4,2011;2016;2019;2024,2024,2014,2016,2,36.47153473,41.2707518,4.79921707,36.47153473,41.2707518,4.79921707,8,7
Ethiopia,children_under5,stunting,adverse,ADM1,Afar,4,2011;2016;2019;2024,2024,2014,2016,2,41.10692894,45.96492927,4.85800033,41.10692894,45.96492927,4.85800033,9,10
Ethiopia,children_under5,stunting,adverse,ADM1,Somali,4,2011;2016;2019;2024,2024,2014,2016,2,27.43530595,34.55629984,7.12099389,27.43530595,34.55629984,7.12099389,10,4
Ethiopia,children_under5,stunting,adverse,ADM1,Benishangul,4,2011;2016;2019;2024,2024,2014,2016,2,42.74297167,51.6315312,8.88855953,42.74297167,51.6315312,8.88855953,11,11
Ethiopia,children_under5,wasting,adverse,ADM1,Somali,4,2011;2016;2019;2024,2024,2014,2016,2,22.6944446,13.72103265,-8.97341195,22.6944446,13.72103265,-8.97341195,1,11
Ethiopia,children_under5,wasting,adverse,ADM1,Harari,4,2011;2016;2019;2024,2024,2014,2016,2,10.65156225,2.649625748,-8.001936502,10.65156225,2.649625748,-8.001936502,2,2
Ethiopia,children_under5,wasting,adverse,ADM1,Benishangul,4,2011;2016;2019;2024,2024,2014,2016,2,11.46307081,4.157369547,-7.305701263,11.46307081,4.157369547,-7.305701263,3,4
Ethiopia,children_under5,wasting,adverse,ADM1,Afar,4,2011;2016;2019;2024,2024,2014,2016,2,17.70385912,10.5138072,-7.19005192,17.70385912,10.5138072,-7.19005192,4,9
Ethiopia,children_under5,wasting,adverse,ADM1,Oromia,4,2011;2016;2019;2024,2024,2014,2016,2,10.58827435,3.860214346,-6.728060004,10.58827435,3.860214346,-6.728060004,5,3
Ethiopia,children_under5,wasting,adverse,ADM1,Tigray,4,2011;2016;2019;2024,2024,2014,2016,2,11.0944552,5.183301796,-5.911153404,11.0944552,5.183301796,-5.911153404,6,7
Ethiopia,children_under5,wasting,adverse,ADM1,Amhara,4,2011;2016;2019;2024,2024,2014,2016,2,9.754061917,4.535431126,-5.218630791,9.754061917,4.535431126,-5.218630791,7,6
Ethiopia,children_under5,wasting,adverse,ADM1,Dire Dawa,4,2011;2016;2019;2024,2024,2014,2016,2,9.748419474,6.842042901,-2.906376573,9.748419474,6.842042901,-2.906376573,8,8
Ethiopia,children_under5,wasting,adverse,ADM1,SNNPR,4,2011;2016;2019;2024,2024,2014,2016,2,6.008460746,4.174819533,-1.833641213,6.008460746,4.174819533,-1.833641213,9,5
Ethiopia,children_under5,wasting,adverse,ADM1,Gambela,4,2011;2016;2019;2024,2024,2014,2016,2,14.0986079,12.91561315,-1.18299475,14.0986079,12.91561315,-1.18299475,10,10
Ethiopia,children_under5,wasting,adverse,ADM1,Addis Ababa,4,2011;2016;2019;2024,2024,2014,2016,2,3.472332598,2.354158264,-1.118174334,3.472332598,2.354158264,-1.118174334,11,1
Ethiopia,children_12_23_months,zero_dose,adverse,ADM1,Amhara,4,2011;2016;2019;2024,2024,2014,2016,2,17.76990817,12.09403222,-5.67587595,17.76990817,12.09403222,-5.67587595,1,3
Ethiopia,children_12_23_months,zero_dose,adverse,ADM1,Harari,4,2011;2016;2019;2024,2024,2014,2016,2,19.92414497,16.45890236,-3.46524261,19.92414497,16.45890236,-3.46524261,2,4
Ethiopia,children_12_23_months,zero_dose,adverse,ADM1,Afar,4,2011;2016;2019;2024,2024,2014,2016,2,52.76781763,51.42357821,-1.34423942,52.76781763,51.42357821,-1.34423942,3,10
Ethiopia,children_12_23_months,zero_dose,adverse,ADM1,Addis Ababa,4,2011;2016;2019;2024,2024,2014,2016,2,2.544862087,3.772074716,1.227212629,2.544862087,3.772074716,1.227212629,4,1
Ethiopia,children_12_23_months,zero_dose,adverse,ADM1,Tigray,4,2011;2016;2019;2024,2024,2014,2016,2,7.29800879,10.43862645,3.14061766,7.29800879,10.43862645,3.14061766,5,2
Ethiopia,children_12_23_months,zero_dose,adverse,ADM1,SNNPR,4,2011;2016;2019;2024,2024,2014,2016,2,23.31061112,29.27009719,5.95948607,23.31061112,29.27009719,5.95948607,6,6
Ethiopia,children_12_23_months,zero_dose,adverse,ADM1,Oromia,4,2011;2016;2019;2024,2024,2014,2016,2,34.74723574,41.66457272,6.91733698,34.74723574,41.66457272,6.91733698,7,9
Ethiopia,children_12_23_months,zero_dose,adverse,ADM1,Gambela,4,2011;2016;2019;2024,2024,2014,2016,2,25.97774632,33.0054701,7.02772378,25.97774632,33.0054701,7.02772378,8,7
Ethiopia,children_12_23_months,zero_dose,adverse,ADM1,Dire Dawa,4,2011;2016;2019;2024,2024,2014,2016,2,1.779790165,23.52072896,21.7409388,1.779790165,23.52072896,21.7409388,9,5
Ethiopia,children_12_23_months,zero_dose,adverse,ADM1,Benishangul,4,2011;2016;2019;2024,2024,2014,2016,2,18.08875084,40.8941287,22.80537786,18.08875084,40.8941287,22.80537786,10,8
Ethiopia,children_12_23_months,zero_dose,adverse,ADM1,Somali,4,2011;2016;2019;2024,2024,2014,2016,2,38.36827465,66.99703119,28.62875654,38.36827465,66.99703119,28.62875654,11,11
Nigeria,,anc4plus,beneficial,ADM1,Borno,3,2013;2018;2024,2024,2014,2013,1,26.002759,61.103373,35.100614,73.997241,38.896627,-35.100614,1,18
Nigeria,,anc4plus,beneficial,ADM1,Yobe,3,2013;2018;2024,2024,2014,2013,1,19.564892,48.495499,28.930607,80.435108,51.504501,-28.930607,2,28
Nigeria,,anc4plus,beneficial,ADM1,Rivers,3,2013;2018;2024,2024,2014,2013,1,52.970342,76.477595,23.507253,47.029658,23.522405,-23.507253,3,8
Nigeria,,anc4plus,beneficial,ADM1,Kaduna,3,2013;2018;2024,2024,2014,2013,1,44.173917,59.432276,15.258359,55.826083,40.567724,-15.258359,4,20
Nigeria,,anc4plus,beneficial,ADM1,Bayelsa,3,2013;2018;2024,2024,2014,2013,1,33.825571,48.615939,14.790368,66.174429,51.384061,-14.790368,5,27
Nigeria,,anc4plus,beneficial,ADM1,Katsina,3,2013;2018;2024,2024,2014,2013,1,23.138545,37.178724,14.040179,76.861455,62.821276,-14.040179,6,33
Nigeria,,anc4plus,beneficial,ADM1,Benue,3,2013;2018;2024,2024,2014,2013,1,36.6205,49.128425,12.507925,63.3795,50.871575,-12.507925,7,26
Nigeria,,anc4plus,beneficial,ADM1,Akwa Ibom,3,2013;2018;2024,2024,2014,2013,1,55.234927,65.724152,10.489225,44.765073,34.275848,-10.489225,8,14
Nigeria,,anc4plus,beneficial,ADM1,Taraba,3,2013;2018;2024,2024,2014,2013,1,40.165727,50.546595,10.380868,59.834273,49.453405,-10.380868,9,25
Nigeria,,anc4plus,beneficial,ADM1,Kano,3,2013;2018;2024,2024,2014,2013,1,41.198446,51.261443,10.062997,58.801554,48.738557,-10.062997,10,24
Nigeria,,anc4plus,beneficial,ADM1,Anambra,3,2013;2018;2024,2024,2014,2013,1,76.839839,84.858744,8.018905,23.160161,15.141256,-8.018905,11,4
Nigeria,,anc4plus,beneficial,ADM1,Nasarawa,3,2013;2018;2024,2024,2014,2013,1,58.189215,65.953382,7.764167,41.810785,34.046618,-7.764167,12,13
Nigeria,,anc4plus,beneficial,ADM1,Sokoto,3,2013;2018;2024,2024,2014,2013,1,16.412769,22.747631,6.334862,83.587231,77.252369,-6.334862,13,35
Nigeria,,anc4plus,beneficial,ADM1,Plateau,3,2013;2018;2024,2024,2014,2013,1,40.587517,46.436564,5.849047,59.412483,53.563436,-5.849047,14,30
Nigeria,,anc4plus,beneficial,ADM1,Bauchi,3,2013;2018;2024,2024,2014,2013,1,42.174099,46.602332,4.428233,57.825901,53.397668,-4.428233,15,29
Nigeria,,anc4plus,beneficial,ADM1,Cross River,3,2013;2018;2024,2024,2014,2013,1,75.840652,79.987405,4.146753,24.159348,20.012595,-4.146753,16,5
Nigeria,,anc4plus,beneficial,ADM1,Zamfara,3,2013;2018;2024,2024,2014,2013,1,17.796082,21.457577,3.661495,82.203918,78.542423,-3.661495,17,36
Nigeria,,anc4plus,beneficial,ADM1,Lagos,3,2013;2018;2024,2024,2014,2013,1,92.027614,95.432872,3.405258,7.972386,4.567128,-3.405258,18,1
Nigeria,,anc4plus,beneficial,ADM1,Jigawa,3,2013;2018;2024,2024,2014,2013,1,34.440171,37.660619,3.220448,65.559829,62.339381,-3.220448,19,32
Nigeria,,anc4plus,beneficial,ADM1,Osun,3,2013;2018;2024,2024,2014,2013,1,94.711027,91.974982,-2.736045,5.288973,8.025018,2.736045,20,2
Nigeria,,anc4plus,beneficial,ADM1,Imo,3,2013;2018;2024,2024,2014,2013,1,88.456753,84.932995,-3.523758,11.543247,15.067005,3.523758,21,3
Nigeria,,anc4plus,beneficial,ADM1,Kebbi,3,2013;2018;2024,2024,2014,2013,1,18.058802,14.031834,-4.026968,81.941198,85.968166,4.026968,22,37
Nigeria,,anc4plus,beneficial,ADM1,FCT Abuja,3,2013;2018;2024,2024,2014,2013,1,85.805242,79.905067,-5.900175,14.194758,20.094933,5.900175,23,6
Nigeria,,anc4plus,beneficial,ADM1,Oyo,3,2013;2018;2024,2024,2014,2013,1,79.879594,73.775034,-6.10456,20.120406,26.224966,6.10456,24,9
Nigeria,,anc4plus,beneficial,ADM1,Abia,3,2013;2018;2024,2024,2014,2013,1,85.459158,79.05641,-6.402748,14.540842,20.94359,6.402748,25,7
Nigeria,,anc4plus,beneficial,ADM1,Edo,3,2013;2018;2024,2024,2014,2013,1,69.738842,62.99775,-6.741092,30.261158,37.00225,6.741092,26,15
Nigeria,,anc4plus,beneficial,ADM1,Adamawa,3,2013;2018;2024,2024,2014,2013,1,64.720338,56.421333,-8.299005,35.279662,43.578667,8.299005,27,21
Nigeria,,anc4plus,beneficial,ADM1,Ondo,3,2013;2018;2024,2024,2014,2013,1,79.835558,66.281513,-13.554045,20.164442,33.718487,13.554045,28,12
Nigeria,,anc4plus,beneficial,ADM1,Delta,3,2013;2018;2024,2024,2014,2013,1,74.163519,60.458586,-13.704933,25.836481,39.541414,13.704933,29,19
Nigeria,,anc4plus,beneficial,ADM1,Ebonyi,3,2013;2018;2024,2024,2014,2013,1,75.84746,61.727962,-14.119498,24.15254,38.272038,14.119498,30,17
Nigeria,,anc4plus,beneficial,ADM1,Gombe,3,2013;2018;2024,2024,2014,2013,1,53.472647,39.103663,-14.368984,46.527353,60.896337,14.368984,31,31
Nigeria,,anc4plus,beneficial,ADM1,Niger,3,2013;2018;2024,2024,2014,2013,1,50.070031,34.69295,-15.377081,49.929969,65.30705,15.377081,32,34
Nigeria,,anc4plus,beneficial,ADM1,Ekiti,3,2013;2018;2024,2024,2014,2013,1,84.233275,68.589093,-15.644182,15.766725,31.410907,15.644182,33,11
Nigeria,,anc4plus,beneficial,ADM1,Ogun,3,2013;2018;2024,2024,2014,2013,1,90.610002,73.656235,-16.953767,9.389998,26.343765,16.953767,34,10
Nigeria,,anc4plus,beneficial,ADM1,Enugu,3,2013;2018;2024,2024,2014,2013,1,92.229792,61.907756,-30.322036,7.770208,38.092244,30.322036,35,16
Nigeria,,anc4plus,beneficial,ADM1,Kogi,3,2013;2018;2024,2024,2014,2013,1,85.15473,54.10791,-31.04682,14.84527,45.89209,31.04682,36,22
Nigeria,,anc4plus,beneficial,ADM1,Kwara,3,2013;2018;2024,2024,2014,2013,1,84.763662,51.302839,-33.460823,15.236338,48.697161,33.460823,37,23
Nigeria,,anc_skilled_provider,beneficial,ADM1,Yobe,3,2013;2018;2024,2024,2014,2013,1,33.174382,73.186133,40.011751,66.825618,26.813867,-40.011751,1,19
Nigeria,,anc_skilled_provider,beneficial,ADM1,Taraba,3,2013;2018;2024,2024,2014,2013,1,31.775499,66.261543,34.486044,68.224501,33.738457,-34.486044,2,25
Nigeria,,anc_skilled_provider,beneficial,ADM1,Borno,3,2013;2018;2024,2024,2014,2013,1,39.150273,69.030301,29.880028,60.849727,30.969699,-29.880028,3,21
Nigeria,,anc_skilled_provider,beneficial,ADM1,Katsina,3,2013;2018;2024,2024,2014,2013,1,22.69885,49.233135,26.534285,77.30115,50.766865,-26.534285,4,32
Nigeria,,anc_skilled_provider,beneficial,ADM1,Jigawa,3,2013;2018;2024,2024,2014,2013,1,49.697486,75.958015,26.260529,50.302514,24.041985,-26.260529,5,18
Nigeria,,anc_skilled_provider,beneficial,ADM1,Nasarawa,3,2013;2018;2024,2024,2014,2013,1,63.193605,84.418675,21.22507,36.806395,15.581325,-21.22507,6,12
Nigeria,,anc_skilled_provider,beneficial,ADM1,Bayelsa,3,2013;2018;2024,2024,2014,2013,1,47.675328,68.322499,20.647171,52.324672,31.677501,-20.647171,7,22
Nigeria,,anc_skilled_provider,beneficial,ADM1,Kaduna,3,2013;2018;2024,2024,2014,2013,1,54.563494,69.963161,15.399667,45.436506,30.036839,-15.399667,8,20
Nigeria,,anc_skilled_provider,beneficial,ADM1,Delta,3,2013;2018;2024,2024,2014,2013,1,72.465193,86.214676,13.749483,27.534807,13.785324,-13.749483,9,10
Nigeria,,anc_skilled_provider,beneficial,ADM1,Edo,3,2013;2018;2024,2024,2014,2013,1,83.851349,96.299782,12.448433,16.148651,3.700218,-12.448433,10,2
Nigeria,,anc_skilled_provider,beneficial,ADM1,Sokoto,3,2013;2018;2024,2024,2014,2013,1,17.444012,26.416798,8.972786,82.555988,73.583202,-8.972786,11,35
Nigeria,,anc_skilled_provider,beneficial,ADM1,Benue,3,2013;2018;2024,2024,2014,2013,1,57.367108,65.940709,8.573601,42.632892,34.059291,-8.573601,12,26
Nigeria,,anc_skilled_provider,beneficial,ADM1,Akwa Ibom,3,2013;2018;2024,2024,2014,2013,1,73.254917,80.551354,7.296437,26.745083,19.448646,-7.296437,13,14
Nigeria,,anc_skilled_provider,beneficial,ADM1,Rivers,3,2013;2018;2024,2024,2014,2013,1,75.509996,80.031194,4.521198,24.490004,19.968806,-4.521198,14,16
Nigeria,,anc_skilled_provider,beneficial,ADM1,Abia,3,2013;2018;2024,2024,2014,2013,1,90.116801,93.935917,3.819116,9.883199,6.064083,-3.819116,15,3
Nigeria,,anc_skilled_provider,beneficial,ADM1,Plateau,3,2013;2018;2024,2024,2014,2013,1,63.144379,66.735715,3.591336,36.855621,33.264285,-3.591336,16,24
Nigeria,,anc_skilled_provider,beneficial,ADM1,FCT Abuja,3,2013;2018;2024,2024,2014,2013,1,88.450563,91.765023,3.31446,11.549437,8.234977,-3.31446,17,6
Nigeria,,anc_skilled_provider,beneficial,ADM1,Ekiti,3,2013;2018;2024,2024,2014,2013,1,86.792506,89.85656,3.064054,13.207494,10.14344,-3.064054,18,7
Nigeria,,anc_skilled_provider,beneficial,ADM1,Zamfara,3,2013;2018;2024,2024,2014,2013,1,22.369901,24.827052,2.457151,77.630099,75.172948,-2.457151,19,36
Nigeria,,anc_skilled_provider,beneficial,ADM1,Gombe,3,2013;2018;2024,2024,2014,2013,1,58.219738,60.655122,2.435384,41.780262,39.344878,-2.435384,20,28
Nigeria,,anc_skilled_provider,beneficial,ADM1,Bauchi,3,2013;2018;2024,2024,2014,2013,1,55.829867,57.237365,1.407498,44.170133,42.762635,-1.407498,21,29
Nigeria,,anc_skilled_provider,beneficial,ADM1,Ondo,3,2013;2018;2024,2024,2014,2013,1,78.617942,79.810487,1.192545,21.382058,20.189513,-1.192545,22,17
Nigeria,,anc_skilled_provider,beneficial,ADM1,Anambra,3,2013;2018;2024,2024,2014,2013,1,88.426752,89.062355,0.635603,11.573248,10.937645,-0.635603,23,9
Nigeria,,anc_skilled_provider,beneficial,ADM1,Imo,3,2013;2018;2024,2024,2014,2013,1,95.87528,96.479771,0.604491,4.12472,3.520229,-0.604491,24,1
Nigeria,,anc_skilled_provider,beneficial,ADM1,Lagos,3,2013;2018;2024,2024,2014,2013,1,93.884264,92.923304,-0.96096,6.115736,7.076696,0.96096,25,5
Nigeria,,anc_skilled_provider,beneficial,ADM1,Oyo,3,2013;2018;2024,2024,2014,2013,1,87.171661,83.048249,-4.123412,12.828339,16.951751,4.123412,26,13
Nigeria,,anc_skilled_provider,beneficial,ADM1,Cross River,3,2013;2018;2024,2024,2014,2013,1,72.585438,67.770487,-4.814951,27.414562,32.229513,4.814951,27,23
Nigeria,,anc_skilled_provider,beneficial,ADM1,Ebonyi,3,2013;2018;2024,2024,2014,2013,1,85.101292,80.103595,-4.997697,14.898708,19.896405,4.997697,28,15
Nigeria,,anc_skilled_provider,beneficial,ADM1,Osun,3,2013;2018;2024,2024,2014,2013,1,98.202971,93.070267,-5.132704,1.797029,6.929733,5.132704,29,4
Nigeria,,anc_skilled_provider,beneficial,ADM1,Enugu,3,2013;2018;2024,2024,2014,2013,1,95.583712,89.724004,-5.859708,4.416288,10.275996,5.859708,30,8
Nigeria,,anc_skilled_provider,beneficial,ADM1,Ogun,3,2013;2018;2024,2024,2014,2013,1,94.827684,85.91925,-8.908434,5.172316,14.08075,8.908434,31,11
Nigeria,,anc_skilled_provider,beneficial,ADM1,Kebbi,3,2013;2018;2024,2024,2014,2013,1,24.271043,11.974045,-12.296998,75.728957,88.025955,12.296998,32,37
Nigeria,,anc_skilled_provider,beneficial,ADM1,Kano,3,2013;2018;2024,2024,2014,2013,1,64.285588,49.524256,-14.761332,35.714412,50.475744,14.761332,33,31
Nigeria,,anc_skilled_provider,beneficial,ADM1,Niger,3,2013;2018;2024,2024,2014,2013,1,59.917055,40.392048,-19.525007,40.082945,59.607952,19.525007,34,33
Nigeria,,anc_skilled_provider,beneficial,ADM1,Kogi,3,2013;2018;2024,2024,2014,2013,1,87.545535,62.561511,-24.984024,12.454465,37.438489,24.984024,35,27
Nigeria,,anc_skilled_provider,beneficial,ADM1,Kwara,3,2013;2018;2024,2024,2014,2013,1,89.189203,55.87596,-33.313243,10.810797,44.12404,33.313243,36,30
Nigeria,,anc_skilled_provider,beneficial,ADM1,Adamawa,3,2013;2018;2024,2024,2014,2013,1,85.111523,34.718144,-50.393379,14.888477,65.281856,50.393379,37,34
Nigeria,women_15_49,anemia_women,adverse,ADM1,Kebbi,2,2018;2024,2024,2014,2018,4,60.39381822,20.08032564,-40.31349258,60.39381822,20.08032564,-40.31349258,1,1
Nigeria,women_15_49,anemia_women,adverse,ADM1,Nasarawa,2,2018;2024,2024,2014,2018,4,65.1279326,31.06414698,-34.06378562,65.1279326,31.06414698,-34.06378562,2,6
Nigeria,women_15_49,anemia_women,adverse,ADM1,Zamfara,2,2018;2024,2024,2014,2018,4,71.29361959,39.06831555,-32.22530404,71.29361959,39.06831555,-32.22530404,3,14
Nigeria,women_15_49,anemia_women,adverse,ADM1,Yobe,2,2018;2024,2024,2014,2018,4,67.8157592,37.25458425,-30.56117495,67.8157592,37.25458425,-30.56117495,4,9
Nigeria,women_15_49,anemia_women,adverse,ADM1,Delta,2,2018;2024,2024,2014,2018,4,64.14087752,35.82449551,-28.31638201,64.14087752,35.82449551,-28.31638201,5,8
Nigeria,women_15_49,anemia_women,adverse,ADM1,Gombe,2,2018;2024,2024,2014,2018,4,63.61109543,38.6254518,-24.98564363,63.61109543,38.6254518,-24.98564363,6,13
Nigeria,women_15_49,anemia_women,adverse,ADM1,Imo,2,2018;2024,2024,2014,2018,4,64.63614092,40.12632595,-24.50981497,64.63614092,40.12632595,-24.50981497,7,17
Nigeria,women_15_49,anemia_women,adverse,ADM1,Niger,2,2018;2024,2024,2014,2018,4,64.19342651,40.03126674,-24.16215977,64.19342651,40.03126674,-24.16215977,8,16
Nigeria,women_15_49,anemia_women,adverse,ADM1,Benue,2,2018;2024,2024,2014,2018,4,48.81832423,26.74018447,-22.07813976,48.81832423,26.74018447,-22.07813976,9,4
Nigeria,women_15_49,anemia_women,adverse,ADM1,Bauchi,2,2018;2024,2024,2014,2018,4,68.60801404,46.67997221,-21.92804183,68.60801404,46.67997221,-21.92804183,10,25
Nigeria,women_15_49,anemia_women,adverse,ADM1,FCT Abuja,2,2018;2024,2024,2014,2018,4,50.33274247,29.82901728,-20.50372519,50.33274247,29.82901728,-20.50372519,11,5
Nigeria,women_15_49,anemia_women,adverse,ADM1,Plateau,2,2018;2024,2024,2014,2018,4,43.69597886,23.72343165,-19.97254721,43.69597886,23.72343165,-19.97254721,12,2
Nigeria,women_15_49,anemia_women,adverse,ADM1,Osun,2,2018;2024,2024,2014,2018,4,57.16442847,37.61204694,-19.55238153,57.16442847,37.61204694,-19.55238153,13,10
Nigeria,women_15_49,anemia_women,adverse,ADM1,Katsina,2,2018;2024,2024,2014,2018,4,71.17213522,52.36303215,-18.80910307,71.17213522,52.36303215,-18.80910307,14,32
Nigeria,women_15_49,anemia_women,adverse,ADM1,Anambra,2,2018;2024,2024,2014,2018,4,70.20763828,52.27675929,-17.93087899,70.20763828,52.27675929,-17.93087899,15,31
Nigeria,women_15_49,anemia_women,adverse,ADM1,Kaduna,2,2018;2024,2024,2014,2018,4,43.97574824,26.11484997,-17.86089827,43.97574824,26.11484997,-17.86089827,16,3
Nigeria,women_15_49,anemia_women,adverse,ADM1,Jigawa,2,2018;2024,2024,2014,2018,4,65.43534796,48.83952536,-16.5958226,65.43534796,48.83952536,-16.5958226,17,28
Nigeria,women_15_49,anemia_women,adverse,ADM1,Rivers,2,2018;2024,2024,2014,2018,4,66.09316478,49.74679356,-16.34637122,66.09316478,49.74679356,-16.34637122,18,29
Nigeria,women_15_49,anemia_women,adverse,ADM1,Borno,2,2018;2024,2024,2014,2018,4,53.91371187,39.09120376,-14.82250811,53.91371187,39.09120376,-14.82250811,19,15
Nigeria,women_15_49,anemia_women,adverse,ADM1,Kogi,2,2018;2024,2024,2014,2018,4,58.21614516,43.47425178,-14.74189338,58.21614516,43.47425178,-14.74189338,20,21
Nigeria,women_15_49,anemia_women,adverse,ADM1,Taraba,2,2018;2024,2024,2014,2018,4,53.96998969,40.33693676,-13.63305293,53.96998969,40.33693676,-13.63305293,21,18
Nigeria,women_15_49,anemia_women,adverse,ADM1,Kano,2,2018;2024,2024,2014,2018,4,46.55731175,33.46541688,-13.09189487,46.55731175,33.46541688,-13.09189487,22,7
Nigeria,women_15_49,anemia_women,adverse,ADM1,Enugu,2,2018;2024,2024,2014,2018,4,60.24660124,47.76113895,-12.48546229,60.24660124,47.76113895,-12.48546229,23,27
Nigeria,women_15_49,anemia_women,adverse,ADM1,Oyo,2,2018;2024,2024,2014,2018,4,49.65007942,38.2913686,-11.35871082,49.65007942,38.2913686,-11.35871082,24,11
Nigeria,women_15_49,anemia_women,adverse,ADM1,Bayelsa,2,2018;2024,2024,2014,2018,4,58.37548445,47.70077996,-10.67470449,58.37548445,47.70077996,-10.67470449,25,26
Nigeria,women_15_49,anemia_women,adverse,ADM1,Ekiti,2,2018;2024,2024,2014,2018,4,50.52876788,40.40354179,-10.12522609,50.52876788,40.40354179,-10.12522609,26,19
Nigeria,women_15_49,anemia_women,adverse,ADM1,Ondo,2,2018;2024,2024,2014,2018,4,55.15180425,45.22823992,-9.92356433,55.15180425,45.22823992,-9.92356433,27,23
Nigeria,women_15_49,anemia_women,adverse,ADM1,Sokoto,2,2018;2024,2024,2014,2018,4,73.71410673,64.27788137,-9.43622536,73.71410673,64.27788137,-9.43622536,28,36
Nigeria,women_15_49,anemia_women,adverse,ADM1,Cross River,2,2018;2024,2024,2014,2018,4,46.06983379,38.5152347,-7.55459909,46.06983379,38.5152347,-7.55459909,29,12
Nigeria,women_15_49,anemia_women,adverse,ADM1,Ogun,2,2018;2024,2024,2014,2018,4,48.99497187,41.67780639,-7.31716548,48.99497187,41.67780639,-7.31716548,30,20
Nigeria,women_15_49,anemia_women,adverse,ADM1,Edo,2,2018;2024,2024,2014,2018,4,55.21303143,50.81819356,-4.39483787,55.21303143,50.81819356,-4.39483787,31,30
Nigeria,women_15_49,anemia_women,adverse,ADM1,Lagos,2,2018;2024,2024,2014,2018,4,49.5486805,46.30045303,-3.24822747,49.5486805,46.30045303,-3.24822747,32,24
Nigeria,women_15_49,anemia_women,adverse,ADM1,Akwa Ibom,2,2018;2024,2024,2014,2018,4,57.73545654,55.52269926,-2.21275728,57.73545654,55.52269926,-2.21275728,33,33
Nigeria,women_15_49,anemia_women,adverse,ADM1,Ebonyi,2,2018;2024,2024,2014,2018,4,71.65931424,71.68532422,0.02600998,71.65931424,71.68532422,0.02600998,34,37
Nigeria,women_15_49,anemia_women,adverse,ADM1,Kwara,2,2018;2024,2024,2014,2018,4,54.9014994,55.82042091,0.91892151,54.9014994,55.82042091,0.91892151,35,34
Nigeria,women_15_49,anemia_women,adverse,ADM1,Abia,2,2018;2024,2024,2014,2018,4,58.45048253,64.03379026,5.58330773,58.45048253,64.03379026,5.58330773,36,35
Nigeria,women_15_49,anemia_women,adverse,ADM1,Adamawa,2,2018;2024,2024,2014,2018,4,35.89171025,44.23647588,8.34476563,35.89171025,44.23647588,8.34476563,37,22
Nigeria,,diarrhea_care_seeking,beneficial,ADM1,Edo,3,2013;2018;2024,2024,2014,2013,1,9.255242,75.719227,66.463985,90.744758,24.280773,-66.463985,1,6
Nigeria,,diarrhea_care_seeking,beneficial,ADM1,Yobe,3,2013;2018;2024,2024,2014,2013,1,12.763633,71.16017,58.396537,87.236367,28.83983,-58.396537,2,10
Nigeria,,diarrhea_care_seeking,beneficial,ADM1,Imo,3,2013;2018;2024,2024,2014,2013,1,25.165765,76.014375,50.84861,74.834235,23.985625,-50.84861,3,5
Nigeria,,diarrhea_care_seeking,beneficial,ADM1,Taraba,3,2013;2018;2024,2024,2014,2013,1,21.878643,69.103668,47.225025,78.121357,30.896332,-47.225025,4,12
Nigeria,,diarrhea_care_seeking,beneficial,ADM1,Ondo,3,2013;2018;2024,2024,2014,2013,1,37.799806,84.926188,47.126382,62.200194,15.073812,-47.126382,5,2
Nigeria,,diarrhea_care_seeking,beneficial,ADM1,Ekiti,3,2013;2018;2024,2024,2014,2013,1,32.238611,79.017025,46.778414,67.761389,20.982975,-46.778414,6,3
Nigeria,,diarrhea_care_seeking,beneficial,ADM1,Enugu,3,2013;2018;2024,2024,2014,2013,1,41.102638,86.442491,45.339853,58.897362,13.557509,-45.339853,7,1
Nigeria,,diarrhea_care_seeking,beneficial,ADM1,Gombe,3,2013;2018;2024,2024,2014,2013,1,31.787452,77.103767,45.316315,68.212548,22.896233,-45.316315,8,4
Nigeria,,diarrhea_care_seeking,beneficial,ADM1,Borno,3,2013;2018;2024,2024,2014,2013,1,23.757466,68.76032,45.002854,76.242534,31.23968,-45.002854,9,13
Nigeria,,diarrhea_care_seeking,beneficial,ADM1,Benue,3,2013;2018;2024,2024,2014,2013,1,23.719156,68.718847,44.999691,76.280844,31.281153,-44.999691,10,14
Nigeria,,diarrhea_care_seeking,beneficial,ADM1,Kaduna,3,2013;2018;2024,2024,2014,2013,1,15.78728,60.737676,44.950396,84.21272,39.262324,-44.950396,11,23
Nigeria,,diarrhea_care_seeking,beneficial,ADM1,Akwa Ibom,3,2013;2018;2024,2024,2014,2013,1,18.437761,62.159132,43.721371,81.562239,37.840868,-43.721371,12,20
Nigeria,,diarrhea_care_seeking,beneficial,ADM1,Bayelsa,3,2013;2018;2024,2024,2014,2013,1,28.755549,70.274696,41.519147,71.244451,29.725304,-41.519147,13,11
Nigeria,,diarrhea_care_seeking,beneficial,ADM1,Adamawa,3,2013;2018;2024,2024,2014,2013,1,33.952362,75.107147,41.154785,66.047638,24.892853,-41.154785,14,7
Nigeria,,diarrhea_care_seeking,beneficial,ADM1,Anambra,3,2013;2018;2024,2024,2014,2013,1,17.609844,57.469797,39.859953,82.390156,42.530203,-39.859953,15,25
Nigeria,,diarrhea_care_seeking,beneficial,ADM1,Kebbi,3,2013;2018;2024,2024,2014,2013,1,17.653667,51.895661,34.241994,82.346333,48.104339,-34.241994,16,32
Nigeria,,diarrhea_care_seeking,beneficial,ADM1,Cross River,3,2013;2018;2024,2024,2014,2013,1,34.124637,66.866889,32.742252,65.875363,33.133111,-32.742252,17,15
Nigeria,,diarrhea_care_seeking,beneficial,ADM1,Ogun,3,2013;2018;2024,2024,2014,2013,1,23.152028,54.453152,31.301124,76.847972,45.546848,-31.301124,18,29
Nigeria,,diarrhea_care_seeking,beneficial,ADM1,Lagos,3,2013;2018;2024,2024,2014,2013,1,30.604543,61.903379,31.298836,69.395457,38.096621,-31.298836,19,21
Nigeria,,diarrhea_care_seeking,beneficial,ADM1,Plateau,3,2013;2018;2024,2024,2014,2013,1,34.456688,64.363542,29.906854,65.543312,35.636458,-29.906854,20,16
Nigeria,,diarrhea_care_seeking,beneficial,ADM1,Zamfara,3,2013;2018;2024,2024,2014,2013,1,26.420062,55.307366,28.887304,73.579938,44.692634,-28.887304,21,28
Nigeria,,diarrhea_care_seeking,beneficial,ADM1,Kwara,3,2013;2018;2024,2024,2014,2013,1,34.219119,61.079908,26.860789,65.780881,38.920092,-26.860789,22,22
Nigeria,,diarrhea_care_seeking,beneficial,ADM1,Bauchi,3,2013;2018;2024,2024,2014,2013,1,30.937158,57.4625,26.525342,69.062842,42.5375,-26.525342,23,26
Nigeria,,diarrhea_care_seeking,beneficial,ADM1,Delta,3,2013;2018;2024,2024,2014,2013,1,44.85977,71.267722,26.407952,55.14023,28.732278,-26.407952,24,9
Nigeria,,diarrhea_care_seeking,beneficial,ADM1,Kano,3,2013;2018;2024,2024,2014,2013,1,28.475287,53.743523,25.268236,71.524713,46.256477,-25.268236,25,31
Nigeria,,diarrhea_care_seeking,beneficial,ADM1,Rivers,3,2013;2018;2024,2024,2014,2013,1,36.843556,57.820506,20.97695,63.156444,42.179494,-20.97695,26,24
Nigeria,,diarrhea_care_seeking,beneficial,ADM1,Katsina,3,2013;2018;2024,2024,2014,2013,1,42.511697,62.628415,20.116718,57.488303,37.371585,-20.116718,27,19
Nigeria,,diarrhea_care_seeking,beneficial,ADM1,Kogi,3,2013;2018;2024,2024,2014,2013,1,43.647565,62.679074,19.031509,56.352435,37.320926,-19.031509,28,18
Nigeria,,diarrhea_care_seeking,beneficial,ADM1,Jigawa,3,2013;2018;2024,2024,2014,2013,1,39.0017,55.965512,16.963812,60.9983,44.034488,-16.963812,29,27
Nigeria,,diarrhea_care_seeking,beneficial,ADM1,FCT Abuja,3,2013;2018;2024,2024,2014,2013,1,58.418857,74.345897,15.92704,41.581143,25.654103,-15.92704,30,8
Nigeria,,diarrhea_care_seeking,beneficial,ADM1,Ebonyi,3,2013;2018;2024,2024,2014,2013,1,19.886874,32.058892,12.172018,80.113126,67.941108,-12.172018,31,37
Nigeria,,diarrhea_care_seeking,beneficial,ADM1,Oyo,3,2013;2018;2024,2024,2014,2013,1,28.506322,39.72654,11.220218,71.493678,60.27346,-11.220218,32,35
Nigeria,,diarrhea_care_seeking,beneficial,ADM1,Abia,3,2013;2018;2024,2024,2014,2013,1,43.88148,51.428047,7.546567,56.11852,48.571953,-7.546567,33,33
Nigeria,,diarrhea_care_seeking,beneficial,ADM1,Nasarawa,3,2013;2018;2024,2024,2014,2013,1,57.302033,62.995393,5.69336,42.697967,37.004607,-5.69336,34,17
Nigeria,,diarrhea_care_seeking,beneficial,ADM1,Niger,3,2013;2018;2024,2024,2014,2013,1,52.620202,53.864879,1.244677,47.379798,46.135121,-1.244677,35,30
Nigeria,,diarrhea_care_seeking,beneficial,ADM1,Sokoto,3,2013;2018;2024,2024,2014,2013,1,39.207097,39.873539,0.666442,60.792903,60.126461,-0.666442,36,34
Nigeria,,diarrhea_care_seeking,beneficial,ADM1,Osun,3,2013;2018;2024,2024,2014,2013,1,81.455276,35.199493,-46.255783,18.544724,64.800507,46.255783,37,36
Nigeria,,facility_delivery,beneficial,ADM1,Borno,3,2013;2018;2024,2024,2014,2013,1,16.978657,45.915765,28.937108,83.021343,54.084235,-28.937108,1,23
Nigeria,,facility_delivery,beneficial,ADM1,Ondo,3,2013;2018;2024,2024,2014,2013,1,56.244774,83.187846,26.943072,43.755226,16.812154,-26.943072,2,9
Nigeria,,facility_delivery,beneficial,ADM1,Delta,3,2013;2018;2024,2024,2014,2013,1,57.649006,82.982899,25.333893,42.350994,17.017101,-25.333893,3,10
Nigeria,,facility_delivery,beneficial,ADM1,Yobe,3,2013;2018;2024,2024,2014,2013,1,7.564842,32.082441,24.517599,92.435158,67.917559,-24.517599,4,29
Nigeria,,facility_delivery,beneficial,ADM1,Gombe,3,2013;2018;2024,2024,2014,2013,1,27.560512,48.530973,20.970461,72.439488,51.469027,-20.970461,5,21
Nigeria,,facility_delivery,beneficial,ADM1,Kano,3,2013;2018;2024,2024,2014,2013,1,12.868179,32.673853,19.805674,87.131821,67.326147,-19.805674,6,28
Nigeria,,facility_delivery,beneficial,ADM1,Ebonyi,3,2013;2018;2024,2024,2014,2013,1,59.608168,79.367592,19.759424,40.391832,20.632408,-19.759424,7,13
Nigeria,,facility_delivery,beneficial,ADM1,Cross River,3,2013;2018;2024,2024,2014,2013,1,40.380358,58.834953,18.454595,59.619642,41.165047,-18.454595,8,17
Nigeria,,facility_delivery,beneficial,ADM1,Bayelsa,3,2013;2018;2024,2024,2014,2013,1,28.418101,46.117097,17.698996,71.581899,53.882903,-17.698996,9,22
Nigeria,,facility_delivery,beneficial,ADM1,Edo,3,2013;2018;2024,2024,2014,2013,1,74.736379,90.920718,16.184339,25.263621,9.079282,-16.184339,10,3
Nigeria,,facility_delivery,beneficial,ADM1,Nasarawa,3,2013;2018;2024,2024,2014,2013,1,40.113291,55.708749,15.595458,59.886709,44.291251,-15.595458,11,19
Nigeria,,facility_delivery,beneficial,ADM1,Jigawa,3,2013;2018;2024,2024,2014,2013,1,6.713779,21.405216,14.691437,93.286221,78.594784,-14.691437,12,33
Nigeria,,facility_delivery,beneficial,ADM1,Bauchi,3,2013;2018;2024,2024,2014,2013,1,16.92742,31.142297,14.214877,83.07258,68.857703,-14.214877,13,30
Nigeria,,facility_delivery,beneficial,ADM1,Abia,3,2013;2018;2024,2024,2014,2013,1,72.833546,85.956188,13.122642,27.166454,14.043812,-13.122642,14,5
Nigeria,,facility_delivery,beneficial,ADM1,FCT Abuja,3,2013;2018;2024,2024,2014,2013,1,69.093866,81.334621,12.240755,30.906134,18.665379,-12.240755,15,12
Nigeria,,facility_delivery,beneficial,ADM1,Zamfara,3,2013;2018;2024,2024,2014,2013,1,4.99821,15.314362,10.316152,95.00179,84.685638,-10.316152,16,35
Nigeria,,facility_delivery,beneficial,ADM1,Plateau,3,2013;2018;2024,2024,2014,2013,1,35.820378,45.687297,9.866919,64.179622,54.312703,-9.866919,17,24
Nigeria,,facility_delivery,beneficial,ADM1,Taraba,3,2013;2018;2024,2024,2014,2013,1,23.350998,33.001944,9.650946,76.649002,66.998056,-9.650946,18,27
Nigeria,,facility_delivery,beneficial,ADM1,Ogun,3,2013;2018;2024,2024,2014,2013,1,74.673787,83.329697,8.65591,25.326213,16.670303,-8.65591,19,7
Nigeria,,facility_delivery,beneficial,ADM1,Lagos,3,2013;2018;2024,2024,2014,2013,1,77.193485,85.844276,8.650791,22.806515,14.155724,-8.650791,20,6
Nigeria,,facility_delivery,beneficial,ADM1,Adamawa,3,2013;2018;2024,2024,2014,2013,1,33.392323,41.579381,8.187058,66.607677,58.420619,-8.187058,21,25
Nigeria,,facility_delivery,beneficial,ADM1,Benue,3,2013;2018;2024,2024,2014,2013,1,50.922638,59.046486,8.123848,49.077362,40.953514,-8.123848,22,16
Nigeria,,facility_delivery,beneficial,ADM1,Rivers,3,2013;2018;2024,2024,2014,2013,1,48.969261,56.884896,7.915635,51.030739,43.115104,-7.915635,23,18
Nigeria,,facility_delivery,beneficial,ADM1,Sokoto,3,2013;2018;2024,2024,2014,2013,1,4.712325,12.456265,7.74394,95.287675,87.543735,-7.74394,24,36
Nigeria,,facility_delivery,beneficial,ADM1,Enugu,3,2013;2018;2024,2024,2014,2013,1,85.507148,92.587143,7.079995,14.492852,7.412857,-7.079995,25,2
Nigeria,,facility_delivery,beneficial,ADM1,Katsina,3,2013;2018;2024,2024,2014,2013,1,8.989977,15.80346,6.813483,91.010023,84.19654,-6.813483,26,34
Nigeria,,facility_delivery,beneficial,ADM1,Imo,3,2013;2018;2024,2024,2014,2013,1,90.895962,97.026071,6.130109,9.104038,2.973929,-6.130109,27,1
Nigeria,,facility_delivery,beneficial,ADM1,Niger,3,2013;2018;2024,2024,2014,2013,1,25.314307,30.184659,4.870352,74.685693,69.815341,-4.870352,28,31
Nigeria,,facility_delivery,beneficial,ADM1,Kebbi,3,2013;2018;2024,2024,2014,2013,1,8.468434,8.843813,0.375379,91.531566,91.156187,-0.375379,29,37
Nigeria,,facility_delivery,beneficial,ADM1,Oyo,3,2013;2018;2024,2024,2014,2013,1,74.717133,75.027198,0.310065,25.282867,24.972802,-0.310065,30,14
Nigeria,,facility_delivery,beneficial,ADM1,Anambra,3,2013;2018;2024,2024,2014,2013,1,84.648975,83.24692,-1.402055,15.351025,16.75308,1.402055,31,8
Nigeria,,facility_delivery,beneficial,ADM1,Osun,3,2013;2018;2024,2024,2014,2013,1,89.138656,86.672552,-2.466104,10.861344,13.327448,2.466104,32,4
Nigeria,,facility_delivery,beneficial,ADM1,Akwa Ibom,3,2013;2018;2024,2024,2014,2013,1,43.177927,38.588981,-4.588946,56.822073,61.411019,4.588946,33,26
Nigeria,,facility_delivery,beneficial,ADM1,Ekiti,3,2013;2018;2024,2024,2014,2013,1,86.312793,81.658578,-4.654215,13.687207,18.341422,4.654215,34,11
Nigeria,,facility_delivery,beneficial,ADM1,Kaduna,3,2013;2018;2024,2024,2014,2013,1,32.351368,25.859501,-6.491867,67.648632,74.140499,6.491867,35,32
Nigeria,,facility_delivery,beneficial,ADM1,Kogi,3,2013;2018;2024,2024,2014,2013,1,78.919837,62.161529,-16.758308,21.080163,37.838471,16.758308,36,15
Nigeria,,facility_delivery,beneficial,ADM1,Kwara,3,2013;2018;2024,2024,2014,2013,1,76.732331,51.497966,-25.234365,23.267669,48.502034,25.234365,37,20
Nigeria,,fever_care_seeking,beneficial,ADM1,Ogun,3,2013;2018;2024,2024,2014,2013,1,20.366513,79.949113,59.5826,79.633487,20.050887,-59.5826,1,7
Nigeria,,fever_care_seeking,beneficial,ADM1,Benue,3,2013;2018;2024,2024,2014,2013,1,31.379373,67.178773,35.7994,68.620627,32.821227,-35.7994,2,17
Nigeria,,fever_care_seeking,beneficial,ADM1,Anambra,3,2013;2018;2024,2024,2014,2013,1,54.576446,88.41948,33.843034,45.423554,11.58052,-33.843034,3,2
Nigeria,,fever_care_seeking,beneficial,ADM1,Delta,3,2013;2018;2024,2024,2014,2013,1,46.179619,65.252366,19.072747,53.820381,34.747634,-19.072747,4,19
Nigeria,,fever_care_seeking,beneficial,ADM1,FCT Abuja,3,2013;2018;2024,2024,2014,2013,1,73.694003,88.242503,14.5485,26.305997,11.757497,-14.5485,5,3
Nigeria,,fever_care_seeking,beneficial,ADM1,Imo,3,2013;2018;2024,2024,2014,2013,1,76.985653,91.521115,14.535462,23.014347,8.478885,-14.535462,6,1
Nigeria,,fever_care_seeking,beneficial,ADM1,Lagos,3,2013;2018;2024,2024,2014,2013,1,69.799499,81.480825,11.681326,30.200501,18.519175,-11.681326,7,6
Nigeria,,fever_care_seeking,beneficial,ADM1,Kaduna,3,2013;2018;2024,2024,2014,2013,1,48.661006,58.035336,9.37433,51.338994,41.964664,-9.37433,8,29
Nigeria,,fever_care_seeking,beneficial,ADM1,Borno,3,2013;2018;2024,2024,2014,2013,1,62.709472,69.901994,7.192522,37.290528,30.098006,-7.192522,9,12
Nigeria,,fever_care_seeking,beneficial,ADM1,Jigawa,3,2013;2018;2024,2024,2014,2013,1,65.665041,69.456826,3.791785,34.334959,30.543174,-3.791785,10,13
Nigeria,,fever_care_seeking,beneficial,ADM1,Cross River,3,2013;2018;2024,2024,2014,2013,1,79.850242,83.384644,3.534402,20.149758,16.615356,-3.534402,11,5
Nigeria,,fever_care_seeking,beneficial,ADM1,Katsina,3,2013;2018;2024,2024,2014,2013,1,53.345125,56.315834,2.970709,46.654875,43.684166,-2.970709,12,30
Nigeria,,fever_care_seeking,beneficial,ADM1,Gombe,3,2013;2018;2024,2024,2014,2013,1,83.939852,83.810327,-0.129525,16.060148,16.189673,0.129525,13,4
Nigeria,,fever_care_seeking,beneficial,ADM1,Ekiti,3,2013;2018;2024,2024,2014,2013,1,62.69489,61.840265,-0.854625,37.30511,38.159735,0.854625,14,24
Nigeria,,fever_care_seeking,beneficial,ADM1,Niger,3,2013;2018;2024,2024,2014,2013,1,66.259238,64.979575,-1.279663,33.740762,35.020425,1.279663,15,21
Nigeria,,fever_care_seeking,beneficial,ADM1,Zamfara,3,2013;2018;2024,2024,2014,2013,1,70.751408,67.853352,-2.898056,29.248592,32.146648,2.898056,16,16
Nigeria,,fever_care_seeking,beneficial,ADM1,Sokoto,3,2013;2018;2024,2024,2014,2013,1,62.649382,59.118744,-3.530638,37.350618,40.881256,3.530638,17,27
Nigeria,,fever_care_seeking,beneficial,ADM1,Osun,3,2013;2018;2024,2024,2014,2013,1,72.74827,69.141468,-3.606802,27.25173,30.858532,3.606802,18,14
Nigeria,,fever_care_seeking,beneficial,ADM1,Plateau,3,2013;2018;2024,2024,2014,2013,1,58.101844,54.335655,-3.766189,41.898156,45.664345,3.766189,19,32
Nigeria,,fever_care_seeking,beneficial,ADM1,Bayelsa,3,2013;2018;2024,2024,2014,2013,1,78.064671,71.31183,-6.752841,21.935329,28.68817,6.752841,20,9
Nigeria,,fever_care_seeking,beneficial,ADM1,Ondo,3,2013;2018;2024,2024,2014,2013,1,73.251323,65.15844,-8.092883,26.748677,34.84156,8.092883,21,20
Nigeria,,fever_care_seeking,beneficial,ADM1,Abia,3,2013;2018;2024,2024,2014,2013,1,69.192846,60.588801,-8.604045,30.807154,39.411199,8.604045,22,25
Nigeria,,fever_care_seeking,beneficial,ADM1,Kwara,3,2013;2018;2024,2024,2014,2013,1,78.15427,68.005494,-10.148776,21.84573,31.994506,10.148776,23,15
Nigeria,,fever_care_seeking,beneficial,ADM1,Adamawa,3,2013;2018;2024,2024,2014,2013,1,81.083005,70.305299,-10.777706,18.916995,29.694701,10.777706,24,10
Nigeria,,fever_care_seeking,beneficial,ADM1,Nasarawa,3,2013;2018;2024,2024,2014,2013,1,83.859326,72.818953,-11.040373,16.140674,27.181047,11.040373,25,8
Nigeria,,fever_care_seeking,beneficial,ADM1,Yobe,3,2013;2018;2024,2024,2014,2013,1,73.397034,62.122155,-11.274879,26.602966,37.877845,11.274879,26,23
Nigeria,,fever_care_seeking,beneficial,ADM1,Akwa Ibom,3,2013;2018;2024,2024,2014,2013,1,81.895648,70.056854,-11.838794,18.104352,29.943146,11.838794,27,11
Nigeria,,fever_care_seeking,beneficial,ADM1,Oyo,3,2013;2018;2024,2024,2014,2013,1,76.134625,63.467586,-12.667039,23.865375,36.532414,12.667039,28,22
Nigeria,,fever_care_seeking,beneficial,ADM1,Taraba,3,2013;2018;2024,2024,2014,2013,1,69.555058,56.12855,-13.426508,30.444942,43.87145,13.426508,29,31
Nigeria,,fever_care_seeking,beneficial,ADM1,Enugu,3,2013;2018;2024,2024,2014,2013,1,69.379952,52.717287,-16.662665,30.620048,47.282713,16.662665,30,33
Nigeria,,fever_care_seeking,beneficial,ADM1,Edo,3,2013;2018;2024,2024,2014,2013,1,77.425839,59.138604,-18.287235,22.574161,40.861396,18.287235,31,26
Nigeria,,fever_care_seeking,beneficial,ADM1,Kogi,3,2013;2018;2024,2024,2014,2013,1,87.862001,66.707402,-21.154599,12.137999,33.292598,21.154599,32,18
Nigeria,,fever_care_seeking,beneficial,ADM1,Rivers,3,2013;2018;2024,2024,2014,2013,1,81.118465,58.384398,-22.734067,18.881535,41.615602,22.734067,33,28
Nigeria,,fever_care_seeking,beneficial,ADM1,Kano,3,2013;2018;2024,2024,2014,2013,1,70.346846,45.078199,-25.268647,29.653154,54.921801,25.268647,34,34
Nigeria,,fever_care_seeking,beneficial,ADM1,Kebbi,3,2013;2018;2024,2024,2014,2013,1,70.476227,41.447545,-29.028682,29.523773,58.552455,29.028682,35,35
Nigeria,,fever_care_seeking,beneficial,ADM1,Ebonyi,3,2013;2018;2024,2024,2014,2013,1,75.792704,39.666647,-36.126057,24.207296,60.333353,36.126057,36,36
Nigeria,,fever_care_seeking,beneficial,ADM1,Bauchi,3,2013;2018;2024,2024,2014,2013,1,75.631995,38.603106,-37.028889,24.368005,61.396894,37.028889,37,37
Nigeria,women_first_birth_ever,first_birth_under20,adverse,ADM1,Sokoto,3,2013;2018;2024,2024,2014,2013,1,83.2619021,58.75740125,-24.50450085,83.2619021,58.75740125,-24.50450085,1,27
Nigeria,women_first_birth_ever,first_birth_under20,adverse,ADM1,Benue,3,2013;2018;2024,2024,2014,2013,1,70.47488988,48.97661086,-21.49827902,70.47488988,48.97661086,-21.49827902,2,21
Nigeria,women_first_birth_ever,first_birth_under20,adverse,ADM1,Bayelsa,3,2013;2018;2024,2024,2014,2013,1,69.05938603,48.08737855,-20.97200748,69.05938603,48.08737855,-20.97200748,3,20
Nigeria,women_first_birth_ever,first_birth_under20,adverse,ADM1,Oyo,3,2013;2018;2024,2024,2014,2013,1,43.77799704,24.22779915,-19.55019789,43.77799704,24.22779915,-19.55019789,4,7
Nigeria,women_first_birth_ever,first_birth_under20,adverse,ADM1,Edo,3,2013;2018;2024,2024,2014,2013,1,40.76172663,23.07430374,-17.68742289,40.76172663,23.07430374,-17.68742289,5,6
Nigeria,women_first_birth_ever,first_birth_under20,adverse,ADM1,Ogun,3,2013;2018;2024,2024,2014,2013,1,41.4046544,24.37110376,-17.03355064,41.4046544,24.37110376,-17.03355064,6,8
Nigeria,women_first_birth_ever,first_birth_under20,adverse,ADM1,Delta,3,2013;2018;2024,2024,2014,2013,1,48.15901953,31.44268471,-16.71633482,48.15901953,31.44268471,-16.71633482,7,13
Nigeria,women_first_birth_ever,first_birth_under20,adverse,ADM1,Abia,3,2013;2018;2024,2024,2014,2013,1,32.84842574,16.36148001,-16.48694573,32.84842574,16.36148001,-16.48694573,8,2
Nigeria,women_first_birth_ever,first_birth_under20,adverse,ADM1,Anambra,3,2013;2018;2024,2024,2014,2013,1,37.47402554,21.48852753,-15.98549801,37.47402554,21.48852753,-15.98549801,9,4
Nigeria,women_first_birth_ever,first_birth_under20,adverse,ADM1,Katsina,3,2013;2018;2024,2024,2014,2013,1,82.7227628,67.08290374,-15.63985906,82.7227628,67.08290374,-15.63985906,10,33
Nigeria,women_first_birth_ever,first_birth_under20,adverse,ADM1,Cross River,3,2013;2018;2024,2024,2014,2013,1,51.1484623,35.76983241,-15.37862989,51.1484623,35.76983241,-15.37862989,11,16
Nigeria,women_first_birth_ever,first_birth_under20,adverse,ADM1,Bauchi,3,2013;2018;2024,2024,2014,2013,1,80.80684313,65.54095138,-15.26589175,80.80684313,65.54095138,-15.26589175,12,31
Nigeria,women_first_birth_ever,first_birth_under20,adverse,ADM1,Kano,3,2013;2018;2024,2024,2014,2013,1,74.32172527,60.64340173,-13.67832354,74.32172527,60.64340173,-13.67832354,13,29
Nigeria,women_first_birth_ever,first_birth_under20,adverse,ADM1,Taraba,3,2013;2018;2024,2024,2014,2013,1,68.51052726,55.85589132,-12.65463594,68.51052726,55.85589132,-12.65463594,14,26
Nigeria,women_first_birth_ever,first_birth_under20,adverse,ADM1,Imo,3,2013;2018;2024,2024,2014,2013,1,30.04550559,17.9399906,-12.10551499,30.04550559,17.9399906,-12.10551499,15,3
Nigeria,women_first_birth_ever,first_birth_under20,adverse,ADM1,Kebbi,3,2013;2018;2024,2024,2014,2013,1,74.19452093,62.14482735,-12.04969358,74.19452093,62.14482735,-12.04969358,16,30
Nigeria,women_first_birth_ever,first_birth_under20,adverse,ADM1,Rivers,3,2013;2018;2024,2024,2014,2013,1,44.9278225,33.29042452,-11.63739798,44.9278225,33.29042452,-11.63739798,17,15
Nigeria,women_first_birth_ever,first_birth_under20,adverse,ADM1,Jigawa,3,2013;2018;2024,2024,2014,2013,1,79.42159906,67.83655527,-11.58504379,79.42159906,67.83655527,-11.58504379,18,35
Nigeria,women_first_birth_ever,first_birth_under20,adverse,ADM1,Ebonyi,3,2013;2018;2024,2024,2014,2013,1,50.49080317,39.12518893,-11.36561424,50.49080317,39.12518893,-11.36561424,19,17
Nigeria,women_first_birth_ever,first_birth_under20,adverse,ADM1,Akwa Ibom,3,2013;2018;2024,2024,2014,2013,1,57.97237219,46.94275336,-11.02961883,57.97237219,46.94275336,-11.02961883,20,19
Nigeria,women_first_birth_ever,first_birth_under20,adverse,ADM1,Niger,3,2013;2018;2024,2024,2014,2013,1,61.97499012,51.0756519,-10.89933822,61.97499012,51.0756519,-10.89933822,21,24
Nigeria,women_first_birth_ever,first_birth_under20,adverse,ADM1,FCT Abuja,3,2013;2018;2024,2024,2014,2013,1,41.88903765,31.39053496,-10.49850269,41.88903765,31.39053496,-10.49850269,22,12
Nigeria,women_first_birth_ever,first_birth_under20,adverse,ADM1,Enugu,3,2013;2018;2024,2024,2014,2013,1,41.16497908,30.74329616,-10.42168292,41.16497908,30.74329616,-10.42168292,23,9
Nigeria,women_first_birth_ever,first_birth_under20,adverse,ADM1,Borno,3,2013;2018;2024,2024,2014,2013,1,62.53036201,52.57968717,-9.95067484,62.53036201,52.57968717,-9.95067484,24,25
Nigeria,women_first_birth_ever,first_birth_under20,adverse,ADM1,Ondo,3,2013;2018;2024,2024,2014,2013,1,39.59738212,30.93518784,-8.66219428,39.59738212,30.93518784,-8.66219428,25,10
Nigeria,women_first_birth_ever,first_birth_under20,adverse,ADM1,Lagos,3,2013;2018;2024,2024,2014,2013,1,23.75677207,15.24291624,-8.51385583,23.75677207,15.24291624,-8.51385583,26,1
Nigeria,women_first_birth_ever,first_birth_under20,adverse,ADM1,Adamawa,3,2013;2018;2024,2024,2014,2013,1,67.56268233,59.37119906,-8.19148327,67.56268233,59.37119906,-8.19148327,27,28
Nigeria,women_first_birth_ever,first_birth_under20,adverse,ADM1,Zamfara,3,2013;2018;2024,2024,2014,2013,1,76.76121946,69.22620392,-7.53501554,76.76121946,69.22620392,-7.53501554,28,37
Nigeria,women_first_birth_ever,first_birth_under20,adverse,ADM1,Gombe,3,2013;2018;2024,2024,2014,2013,1,74.67390186,68.30856973,-6.36533213,74.67390186,68.30856973,-6.36533213,29,36
Nigeria,women_first_birth_ever,first_birth_under20,adverse,ADM1,Osun,3,2013;2018;2024,2024,2014,2013,1,26.01434943,22.12313825,-3.89121118,26.01434943,22.12313825,-3.89121118,30,5
Nigeria,women_first_birth_ever,first_birth_under20,adverse,ADM1,Kogi,3,2013;2018;2024,2024,2014,2013,1,50.1258088,46.7375006,-3.3883082,50.1258088,46.7375006,-3.3883082,31,18
Nigeria,women_first_birth_ever,first_birth_under20,adverse,ADM1,Nasarawa,3,2013;2018;2024,2024,2014,2013,1,52.87369892,49.56148142,-3.3122175,52.87369892,49.56148142,-3.3122175,32,22
Nigeria,women_first_birth_ever,first_birth_under20,adverse,ADM1,Yobe,3,2013;2018;2024,2024,2014,2013,1,68.55135363,65.56224881,-2.98910482,68.55135363,65.56224881,-2.98910482,33,32
Nigeria,women_first_birth_ever,first_birth_under20,adverse,ADM1,Ekiti,3,2013;2018;2024,2024,2014,2013,1,34.05705177,31.13050132,-2.92655045,34.05705177,31.13050132,-2.92655045,34,11
Nigeria,women_first_birth_ever,first_birth_under20,adverse,ADM1,Kaduna,3,2013;2018;2024,2024,2014,2013,1,67.18868318,67.50766661,0.31898343,67.18868318,67.50766661,0.31898343,35,34
Nigeria,women_first_birth_ever,first_birth_under20,adverse,ADM1,Kwara,3,2013;2018;2024,2024,2014,2013,1,31.45286932,32.93797251,1.48510319,31.45286932,32.93797251,1.48510319,36,14
Nigeria,women_first_birth_ever,first_birth_under20,adverse,ADM1,Plateau,3,2013;2018;2024,2024,2014,2013,1,42.03286064,50.38827938,8.35541874,42.03286064,50.38827938,8.35541874,37,23
Nigeria,children_6_59_months,malaria_microscopy_positive,adverse,ADM1,Niger,3,2010;2018;2021,2021,2011,2010,1,66.25321913,20.73704172,-45.51617741,66.25321913,20.73704172,-45.51617741,1,21
Nigeria,children_6_59_months,malaria_microscopy_positive,adverse,ADM1,Ogun,3,2010;2018;2021,2021,2011,2010,1,68.61972279,24.89644342,-43.72327937,68.61972279,24.89644342,-43.72327937,2,27
Nigeria,children_6_59_months,malaria_microscopy_positive,adverse,ADM1,Osun,3,2010;2018;2021,2021,2011,2010,1,61.66235049,19.33053237,-42.33181812,61.66235049,19.33053237,-42.33181812,3,19
Nigeria,children_6_59_months,malaria_microscopy_positive,adverse,ADM1,Kwara,3,2010;2018;2021,2021,2011,2010,1,46.18605935,5.64439505,-40.5416643,46.18605935,5.64439505,-40.5416643,4,4
Nigeria,children_6_59_months,malaria_microscopy_positive,adverse,ADM1,Benue,3,2010;2018;2021,2021,2011,2010,1,55.23091365,17.56907294,-37.66184071,55.23091365,17.56907294,-37.66184071,5,14
Nigeria,children_6_59_months,malaria_microscopy_positive,adverse,ADM1,Ondo,3,2010;2018;2021,2021,2011,2010,1,59.38379974,26.66946467,-32.71433507,59.38379974,26.66946467,-32.71433507,6,31
Nigeria,children_6_59_months,malaria_microscopy_positive,adverse,ADM1,Edo,3,2010;2018;2021,2021,2011,2010,1,53.69367543,22.58896704,-31.10470839,53.69367543,22.58896704,-31.10470839,7,24
Nigeria,children_6_59_months,malaria_microscopy_positive,adverse,ADM1,Zamfara,3,2010;2018;2021,2021,2011,2010,1,65.92257442,36.60438503,-29.31818939,65.92257442,36.60438503,-29.31818939,8,36
Nigeria,children_6_59_months,malaria_microscopy_positive,adverse,ADM1,Oyo,3,2010;2018;2021,2021,2011,2010,1,48.35734231,20.88733396,-27.47000835,48.35734231,20.88733396,-27.47000835,9,23
Nigeria,children_6_59_months,malaria_microscopy_positive,adverse,ADM1,Katsina,3,2010;2018;2021,2021,2011,2010,1,56.35746886,29.30525161,-27.05221725,56.35746886,29.30525161,-27.05221725,10,32
Nigeria,children_6_59_months,malaria_microscopy_positive,adverse,ADM1,Kogi,3,2010;2018;2021,2021,2011,2010,1,40.57875097,15.89045275,-24.68829822,40.57875097,15.89045275,-24.68829822,11,11
Nigeria,children_6_59_months,malaria_microscopy_positive,adverse,ADM1,Abia,3,2010;2018;2021,2021,2011,2010,1,38.85588109,14.50863354,-24.34724755,38.85588109,14.50863354,-24.34724755,12,8
Nigeria,children_6_59_months,malaria_microscopy_positive,adverse,ADM1,Kebbi,3,2010;2018;2021,2021,2011,2010,1,72.36805389,49.0125192,-23.35553469,72.36805389,49.0125192,-23.35553469,13,37
Nigeria,children_6_59_months,malaria_microscopy_positive,adverse,ADM1,FCT Abuja,3,2010;2018;2021,2021,2011,2010,1,41.19654563,18.79132392,-22.40522171,41.19654563,18.79132392,-22.40522171,14,17
Nigeria,children_6_59_months,malaria_microscopy_positive,adverse,ADM1,Delta,3,2010;2018;2021,2021,2011,2010,1,31.25661927,9.998161617,-21.25845765,31.25661927,9.998161617,-21.25845765,15,6
Nigeria,children_6_59_months,malaria_microscopy_positive,adverse,ADM1,Cross River,3,2010;2018;2021,2021,2011,2010,1,44.84059254,23.64869018,-21.19190236,44.84059254,23.64869018,-21.19190236,16,25
Nigeria,children_6_59_months,malaria_microscopy_positive,adverse,ADM1,Borno,3,2010;2018;2021,2021,2011,2010,1,26.26935024,5.553061836,-20.7162884,26.26935024,5.553061836,-20.7162884,17,3
Nigeria,children_6_59_months,malaria_microscopy_positive,adverse,ADM1,Nasarawa,3,2010;2018;2021,2021,2011,2010,1,34.5186615,15.2761511,-19.2425104,34.5186615,15.2761511,-19.2425104,18,9
Nigeria,children_6_59_months,malaria_microscopy_positive,adverse,ADM1,Yobe,3,2010;2018;2021,2021,2011,2010,1,38.66934089,20.48159669,-18.1877442,38.66934089,20.48159669,-18.1877442,19,20
Nigeria,children_6_59_months,malaria_microscopy_positive,adverse,ADM1,Ekiti,3,2010;2018;2021,2021,2011,2010,1,37.67006629,20.81388721,-16.85617908,37.67006629,20.81388721,-16.85617908,20,22
Nigeria,children_6_59_months,malaria_microscopy_positive,adverse,ADM1,Jigawa,3,2010;2018;2021,2021,2011,2010,1,41.16259709,25.39866252,-15.76393457,41.16259709,25.39866252,-15.76393457,21,28
Nigeria,children_6_59_months,malaria_microscopy_positive,adverse,ADM1,Bauchi,3,2010;2018;2021,2021,2011,2010,1,43.80227149,31.71440934,-12.08786215,43.80227149,31.71440934,-12.08786215,22,34
Nigeria,children_6_59_months,malaria_microscopy_positive,adverse,ADM1,Kano,3,2010;2018;2021,2021,2011,2010,1,37.47060181,25.48486827,-11.98573354,37.47060181,25.48486827,-11.98573354,23,29
Nigeria,children_6_59_months,malaria_microscopy_positive,adverse,ADM1,Kaduna,3,2010;2018;2021,2021,2011,2010,1,27.56927451,16.20298937,-11.36628514,27.56927451,16.20298937,-11.36628514,24,12
Nigeria,children_6_59_months,malaria_microscopy_positive,adverse,ADM1,Imo,3,2010;2018;2021,2021,2011,2010,1,26.66062683,15.52660297,-11.13402386,26.66062683,15.52660297,-11.13402386,25,10
Nigeria,children_6_59_months,malaria_microscopy_positive,adverse,ADM1,Rivers,3,2010;2018;2021,2021,2011,2010,1,19.45352327,8.649880492,-10.80364278,19.45352327,8.649880492,-10.80364278,26,5
Nigeria,children_6_59_months,malaria_microscopy_positive,adverse,ADM1,Adamawa,3,2010;2018;2021,2021,2011,2010,1,20.20005495,10.69777946,-9.50227549,20.20005495,10.69777946,-9.50227549,27,7
Nigeria,children_6_59_months,malaria_microscopy_positive,adverse,ADM1,Lagos,3,2010;2018;2021,2021,2011,2010,1,11.52753766,2.576683457,-8.950854203,11.52753766,2.576683457,-8.950854203,28,1
Nigeria,children_6_59_months,malaria_microscopy_positive,adverse,ADM1,Anambra,3,2010;2018;2021,2021,2011,2010,1,14.16568794,5.447306137,-8.718381803,14.16568794,5.447306137,-8.718381803,29,2
Nigeria,children_6_59_months,malaria_microscopy_positive,adverse,ADM1,Plateau,3,2010;2018;2021,2021,2011,2010,1,26.78345298,18.83114147,-7.95231151,26.78345298,18.83114147,-7.95231151,30,18
Nigeria,children_6_59_months,malaria_microscopy_positive,adverse,ADM1,Ebonyi,3,2010;2018;2021,2021,2011,2010,1,31.98086757,25.70247934,-6.27838823,31.98086757,25.70247934,-6.27838823,31,30
Nigeria,children_6_59_months,malaria_microscopy_positive,adverse,ADM1,Gombe,3,2010;2018;2021,2021,2011,2010,1,23.50265941,17.74685089,-5.75580852,23.50265941,17.74685089,-5.75580852,32,15
Nigeria,children_6_59_months,malaria_microscopy_positive,adverse,ADM1,Bayelsa,3,2010;2018;2021,2021,2011,2010,1,20.55786707,16.74333373,-3.81453334,20.55786707,16.74333373,-3.81453334,33,13
Nigeria,children_6_59_months,malaria_microscopy_positive,adverse,ADM1,Enugu,3,2010;2018;2021,2021,2011,2010,1,27.68431399,24.30851664,-3.37579735,27.68431399,24.30851664,-3.37579735,34,26
Nigeria,children_6_59_months,malaria_microscopy_positive,adverse,ADM1,Sokoto,3,2010;2018;2021,2021,2011,2010,1,37.97627515,35.93156543,-2.04470972,37.97627515,35.93156543,-2.04470972,35,35
Nigeria,children_6_59_months,malaria_microscopy_positive,adverse,ADM1,Akwa Ibom,3,2010;2018;2021,2021,2011,2010,1,31.74407597,30.11109978,-1.63297619,31.74407597,30.11109978,-1.63297619,36,33
Nigeria,children_6_59_months,malaria_microscopy_positive,adverse,ADM1,Taraba,3,2010;2018;2021,2021,2011,2010,1,16.40281487,17.85314892,1.45033405,16.40281487,17.85314892,1.45033405,37,16
Nigeria,children_6_59_months,malaria_rdt_positive,adverse,ADM1,Osun,3,2010;2018;2021,2021,2011,2010,1,84.95613733,27.55320134,-57.40293599,84.95613733,27.55320134,-57.40293599,1,11
Nigeria,children_6_59_months,malaria_rdt_positive,adverse,ADM1,Borno,3,2010;2018;2021,2021,2011,2010,1,62.00493372,18.62373676,-43.38119696,62.00493372,18.62373676,-43.38119696,2,3
Nigeria,children_6_59_months,malaria_rdt_positive,adverse,ADM1,Ogun,3,2010;2018;2021,2021,2011,2010,1,78.08931422,35.60118029,-42.48813393,78.08931422,35.60118029,-42.48813393,3,25
Nigeria,children_6_59_months,malaria_rdt_positive,adverse,ADM1,Sokoto,3,2010;2018;2021,2021,2011,2010,1,78.60797827,40.32348625,-38.28449202,78.60797827,40.32348625,-38.28449202,4,27
Nigeria,children_6_59_months,malaria_rdt_positive,adverse,ADM1,Akwa Ibom,3,2010;2018;2021,2021,2011,2010,1,70.93557533,33.50147738,-37.43409795,70.93557533,33.50147738,-37.43409795,5,21
Nigeria,children_6_59_months,malaria_rdt_positive,adverse,ADM1,Rivers,3,2010;2018;2021,2021,2011,2010,1,71.20855348,33.84001239,-37.36854109,71.20855348,33.84001239,-37.36854109,6,22
Nigeria,children_6_59_months,malaria_rdt_positive,adverse,ADM1,Kwara,3,2010;2018;2021,2021,2011,2010,1,54.13328183,17.61246742,-36.52081441,54.13328183,17.61246742,-36.52081441,7,2
Nigeria,children_6_59_months,malaria_rdt_positive,adverse,ADM1,Delta,3,2010;2018;2021,2021,2011,2010,1,44.14553437,18.89135141,-25.25418296,44.14553437,18.89135141,-25.25418296,8,4
Nigeria,children_6_59_months,malaria_rdt_positive,adverse,ADM1,Oyo,3,2010;2018;2021,2021,2011,2010,1,53.9499995,29.56098766,-24.38901184,53.9499995,29.56098766,-24.38901184,9,14
Nigeria,children_6_59_months,malaria_rdt_positive,adverse,ADM1,Lagos,3,2010;2018;2021,2021,2011,2010,1,27.03550104,3.244182808,-23.79131823,27.03550104,3.244182808,-23.79131823,10,1
Nigeria,children_6_59_months,malaria_rdt_positive,adverse,ADM1,Abia,3,2010;2018;2021,2021,2011,2010,1,49.51608885,26.4204568,-23.09563205,49.51608885,26.4204568,-23.09563205,11,8
Nigeria,children_6_59_months,malaria_rdt_positive,adverse,ADM1,Ondo,3,2010;2018;2021,2021,2011,2010,1,65.64106966,44.84330263,-20.79776703,65.64106966,44.84330263,-20.79776703,12,30
Nigeria,children_6_59_months,malaria_rdt_positive,adverse,ADM1,Ebonyi,3,2010;2018;2021,2021,2011,2010,1,49.92893275,30.18701851,-19.74191424,49.92893275,30.18701851,-19.74191424,13,16
Nigeria,children_6_59_months,malaria_rdt_positive,adverse,ADM1,Katsina,3,2010;2018;2021,2021,2011,2010,1,68.27514042,49.47541357,-18.79972685,68.27514042,49.47541357,-18.79972685,14,31
Nigeria,children_6_59_months,malaria_rdt_positive,adverse,ADM1,Edo,3,2010;2018;2021,2021,2011,2010,1,48.263749,30.20342429,-18.06032471,48.263749,30.20342429,-18.06032471,15,17
Nigeria,children_6_59_months,malaria_rdt_positive,adverse,ADM1,Nasarawa,3,2010;2018;2021,2021,2011,2010,1,45.14321599,29.93900059,-15.2042154,45.14321599,29.93900059,-15.2042154,16,15
Nigeria,children_6_59_months,malaria_rdt_positive,adverse,ADM1,Kogi,3,2010;2018;2021,2021,2011,2010,1,41.16824509,27.73352179,-13.4347233,41.16824509,27.73352179,-13.4347233,17,12
Nigeria,children_6_59_months,malaria_rdt_positive,adverse,ADM1,Cross River,3,2010;2018;2021,2021,2011,2010,1,52.31824909,40.5583512,-11.75989789,52.31824909,40.5583512,-11.75989789,18,28
Nigeria,children_6_59_months,malaria_rdt_positive,adverse,ADM1,Benue,3,2010;2018;2021,2021,2011,2010,1,45.6115893,33.9762087,-11.6353806,45.6115893,33.9762087,-11.6353806,19,23
Nigeria,children_6_59_months,malaria_rdt_positive,adverse,ADM1,Plateau,3,2010;2018;2021,2021,2011,2010,1,37.28928865,26.43442792,-10.85486073,37.28928865,26.43442792,-10.85486073,20,9
Nigeria,children_6_59_months,malaria_rdt_positive,adverse,ADM1,Yobe,3,2010;2018;2021,2021,2011,2010,1,71.41688437,62.51157129,-8.90531308,71.41688437,62.51157129,-8.90531308,21,36
Nigeria,children_6_59_months,malaria_rdt_positive,adverse,ADM1,Zamfara,3,2010;2018;2021,2021,2011,2010,1,68.54498112,59.73689676,-8.80808436,68.54498112,59.73689676,-8.80808436,22,35
Nigeria,children_6_59_months,malaria_rdt_positive,adverse,ADM1,Enugu,3,2010;2018;2021,2021,2011,2010,1,36.87883327,30.21749413,-6.66133914,36.87883327,30.21749413,-6.66133914,23,18
Nigeria,children_6_59_months,malaria_rdt_positive,adverse,ADM1,Kaduna,3,2010;2018;2021,2021,2011,2010,1,36.80728633,32.28640995,-4.52087638,36.80728633,32.28640995,-4.52087638,24,19
Nigeria,children_6_59_months,malaria_rdt_positive,adverse,ADM1,Imo,3,2010;2018;2021,2021,2011,2010,1,29.83603402,26.17021871,-3.66581531,29.83603402,26.17021871,-3.66581531,25,7
Nigeria,children_6_59_months,malaria_rdt_positive,adverse,ADM1,Niger,3,2010;2018;2021,2021,2011,2010,1,45.9628091,42.55282289,-3.40998621,45.9628091,42.55282289,-3.40998621,26,29
Nigeria,children_6_59_months,malaria_rdt_positive,adverse,ADM1,Adamawa,3,2010;2018;2021,2021,2011,2010,1,29.91622316,27.9578965,-1.95832666,29.91622316,27.9578965,-1.95832666,27,13
Nigeria,children_6_59_months,malaria_rdt_positive,adverse,ADM1,Ekiti,3,2010;2018;2021,2021,2011,2010,1,37.63890185,36.52242265,-1.1164792,37.63890185,36.52242265,-1.1164792,28,26
Nigeria,children_6_59_months,malaria_rdt_positive,adverse,ADM1,Taraba,3,2010;2018;2021,2021,2011,2010,1,25.59733269,24.52453213,-1.07280056,25.59733269,24.52453213,-1.07280056,29,6
Nigeria,children_6_59_months,malaria_rdt_positive,adverse,ADM1,Kebbi,3,2010;2018;2021,2021,2011,2010,1,71.96852373,75.60719959,3.63867586,71.96852373,75.60719959,3.63867586,30,37
Nigeria,children_6_59_months,malaria_rdt_positive,adverse,ADM1,Bayelsa,3,2010;2018;2021,2021,2011,2010,1,22.85151782,27.07378718,4.22226936,22.85151782,27.07378718,4.22226936,31,10
Nigeria,children_6_59_months,malaria_rdt_positive,adverse,ADM1,Anambra,3,2010;2018;2021,2021,2011,2010,1,14.88916009,20.16236367,5.27320358,14.88916009,20.16236367,5.27320358,32,5
Nigeria,children_6_59_months,malaria_rdt_positive,adverse,ADM1,Gombe,3,2010;2018;2021,2021,2011,2010,1,25.94512251,33.07982323,7.13470072,25.94512251,33.07982323,7.13470072,33,20
Nigeria,children_6_59_months,malaria_rdt_positive,adverse,ADM1,Jigawa,3,2010;2018;2021,2021,2011,2010,1,45.45631047,54.52837393,9.07206346,45.45631047,54.52837393,9.07206346,34,33
Nigeria,children_6_59_months,malaria_rdt_positive,adverse,ADM1,FCT Abuja,3,2010;2018;2021,2021,2011,2010,1,23.40255316,34.56139661,11.15884345,23.40255316,34.56139661,11.15884345,35,24
Nigeria,children_6_59_months,malaria_rdt_positive,adverse,ADM1,Bauchi,3,2010;2018;2021,2021,2011,2010,1,43.14689237,59.63938532,16.49249295,43.14689237,59.63938532,16.49249295,36,34
Nigeria,children_6_59_months,malaria_rdt_positive,adverse,ADM1,Kano,3,2010;2018;2021,2021,2011,2010,1,35.8728461,54.03456571,18.16171961,35.8728461,54.03456571,18.16171961,37,32
Nigeria,,no_anc,adverse,ADM1,Borno,3,2013;2018;2024,2024,2014,2013,1,58.68016377,9.229719575,-49.4504442,58.68016377,9.229719575,-49.4504442,1,10
Nigeria,,no_anc,adverse,ADM1,Yobe,3,2013;2018;2024,2024,2014,2013,1,65.59720364,17.27992981,-48.31727383,65.59720364,17.27992981,-48.31727383,2,21
Nigeria,,no_anc,adverse,ADM1,Jigawa,3,2013;2018;2024,2024,2014,2013,1,47.17366117,16.21994969,-30.95371148,47.17366117,16.21994969,-30.95371148,3,19
Nigeria,,no_anc,adverse,ADM1,Katsina,3,2013;2018;2024,2024,2014,2013,1,65.76493114,40.93445477,-24.83047636,65.76493114,40.93445477,-24.83047636,4,32
Nigeria,,no_anc,adverse,ADM1,Bayelsa,3,2013;2018;2024,2024,2014,2013,1,51.66590421,31.31181696,-20.35408725,51.66590421,31.31181696,-20.35408725,5,29
Nigeria,,no_anc,adverse,ADM1,Kano,3,2013;2018;2024,2024,2014,2013,1,35.37447155,16.57264732,-18.80182423,35.37447155,16.57264732,-18.80182423,6,20
Nigeria,,no_anc,adverse,ADM1,Kaduna,3,2013;2018;2024,2024,2014,2013,1,44.19326472,27.18950868,-17.00375603,44.19326472,27.18950868,-17.00375603,7,25
Nigeria,,no_anc,adverse,ADM1,Nasarawa,3,2013;2018;2024,2024,2014,2013,1,30.53553735,13.9954169,-16.54012045,30.53553735,13.9954169,-16.54012045,8,14
Nigeria,,no_anc,adverse,ADM1,Sokoto,3,2013;2018;2024,2024,2014,2013,1,79.65886848,63.43809848,-16.22077,79.65886848,63.43809848,-16.22077,9,35
Nigeria,,no_anc,adverse,ADM1,Edo,3,2013;2018;2024,2024,2014,2013,1,14.39418312,2.454121095,-11.94006202,14.39418312,2.454121095,-11.94006202,10,1
Nigeria,,no_anc,adverse,ADM1,Cross River,3,2013;2018;2024,2024,2014,2013,1,13.81860005,3.379359116,-10.43924093,13.81860005,3.379359116,-10.43924093,11,4
Nigeria,,no_anc,adverse,ADM1,Taraba,3,2013;2018;2024,2024,2014,2013,1,37.26427561,27.66298477,-9.601290847,37.26427561,27.66298477,-9.601290847,12,26
Nigeria,,no_anc,adverse,ADM1,Zamfara,3,2013;2018;2024,2024,2014,2013,1,73.58491973,64.23295555,-9.351964187,73.58491973,64.23295555,-9.351964187,13,36
Nigeria,,no_anc,adverse,ADM1,Delta,3,2013;2018;2024,2024,2014,2013,1,17.90937277,9.912530284,-7.996842485,17.90937277,9.912530284,-7.996842485,14,12
Nigeria,,no_anc,adverse,ADM1,Akwa Ibom,3,2013;2018;2024,2024,2014,2013,1,22.5075555,16.08003236,-6.427523144,22.5075555,16.08003236,-6.427523144,15,17
Nigeria,,no_anc,adverse,ADM1,Benue,3,2013;2018;2024,2024,2014,2013,1,39.61694703,33.2170946,-6.399852436,39.61694703,33.2170946,-6.399852436,16,31
Nigeria,,no_anc,adverse,ADM1,Gombe,3,2013;2018;2024,2024,2014,2013,1,22.49184495,16.09774172,-6.394103227,22.49184495,16.09774172,-6.394103227,17,18
Nigeria,,no_anc,adverse,ADM1,Bauchi,3,2013;2018;2024,2024,2014,2013,1,33.15762553,28.98816718,-4.16945835,33.15762553,28.98816718,-4.16945835,18,27
Nigeria,,no_anc,adverse,ADM1,Rivers,3,2013;2018;2024,2024,2014,2013,1,19.98238618,18.67298536,-1.309400822,19.98238618,18.67298536,-1.309400822,19,24
Nigeria,,no_anc,adverse,ADM1,Plateau,3,2013;2018;2024,2024,2014,2013,1,33.852935,32.83044743,-1.022487577,33.852935,32.83044743,-1.022487577,20,30
Nigeria,,no_anc,adverse,ADM1,FCT Abuja,3,2013;2018;2024,2024,2014,2013,1,5.878741378,5.522556121,-0.356185257,5.878741378,5.522556121,-0.356185257,21,6
Nigeria,,no_anc,adverse,ADM1,Abia,3,2013;2018;2024,2024,2014,2013,1,4.660502589,5.703055799,1.04255321,4.660502589,5.703055799,1.04255321,22,7
Nigeria,,no_anc,adverse,ADM1,Lagos,3,2013;2018;2024,2024,2014,2013,1,1.214661233,3.011203581,1.796542348,1.214661233,3.011203581,1.796542348,23,3
Nigeria,,no_anc,adverse,ADM1,Imo,3,2013;2018;2024,2024,2014,2013,1,0.861760683,2.690937683,1.829177001,0.861760683,2.690937683,1.829177001,24,2
Nigeria,,no_anc,adverse,ADM1,Osun,3,2013;2018;2024,2024,2014,2013,1,1.479268957,4.088338897,2.60906994,1.479268957,4.088338897,2.60906994,25,5
Nigeria,,no_anc,adverse,ADM1,Ogun,3,2013;2018;2024,2024,2014,2013,1,2.268644392,5.835086875,3.566442482,2.268644392,5.835086875,3.566442482,26,8
Nigeria,,no_anc,adverse,ADM1,Ondo,3,2013;2018;2024,2024,2014,2013,1,14.59574543,18.38003925,3.784293814,14.59574543,18.38003925,3.784293814,27,23
Nigeria,,no_anc,adverse,ADM1,Adamawa,3,2013;2018;2024,2024,2014,2013,1,13.4402392,17.33635204,3.89611284,13.4402392,17.33635204,3.89611284,28,22
Nigeria,,no_anc,adverse,ADM1,Oyo,3,2013;2018;2024,2024,2014,2013,1,10.62442647,15.27182362,4.647397145,10.62442647,15.27182362,4.647397145,29,16
Nigeria,,no_anc,adverse,ADM1,Ekiti,3,2013;2018;2024,2024,2014,2013,1,2.272875584,7.11167524,4.838799656,2.272875584,7.11167524,4.838799656,30,9
Nigeria,,no_anc,adverse,ADM1,Kebbi,3,2013;2018;2024,2024,2014,2013,1,71.15292267,77.22149578,6.068573114,71.15292267,77.22149578,6.068573114,31,37
Nigeria,,no_anc,adverse,ADM1,Anambra,3,2013;2018;2024,2024,2014,2013,1,4.302542962,10.51760841,6.215065445,4.302542962,10.51760841,6.215065445,32,13
Nigeria,,no_anc,adverse,ADM1,Enugu,3,2013;2018;2024,2024,2014,2013,1,3.171681253,9.749361297,6.577680044,3.171681253,9.749361297,6.577680044,33,11
Nigeria,,no_anc,adverse,ADM1,Ebonyi,3,2013;2018;2024,2024,2014,2013,1,7.084887014,15.11434111,8.0294541,7.084887014,15.11434111,8.0294541,34,15
Nigeria,,no_anc,adverse,ADM1,Niger,3,2013;2018;2024,2024,2014,2013,1,28.18422753,51.9591223,23.77489476,28.18422753,51.9591223,23.77489476,35,34
Nigeria,,no_anc,adverse,ADM1,Kogi,3,2013;2018;2024,2024,2014,2013,1,5.387918474,30.98201551,25.59409704,5.387918474,30.98201551,25.59409704,36,28
Nigeria,,no_anc,adverse,ADM1,Kwara,3,2013;2018;2024,2024,2014,2013,1,4.874839537,42.28721068,37.41237114,4.874839537,42.28721068,37.41237114,37,33
Nigeria,women_15_49,severe_anemia_women,adverse,ADM1,Nasarawa,2,2018;2024,2024,2014,2018,4,3.611381605,0.469200286,-3.142181319,3.611381605,0.469200286,-3.142181319,1,17
Nigeria,women_15_49,severe_anemia_women,adverse,ADM1,Kano,2,2018;2024,2024,2014,2018,4,3.497353372,0.389571065,-3.107782307,3.497353372,0.389571065,-3.107782307,2,14
Nigeria,women_15_49,severe_anemia_women,adverse,ADM1,Ebonyi,2,2018;2024,2024,2014,2018,4,3.196939499,0.148328421,-3.048611078,3.196939499,0.148328421,-3.048611078,3,7
Nigeria,women_15_49,severe_anemia_women,adverse,ADM1,Jigawa,2,2018;2024,2024,2014,2018,4,4.151941253,1.234721056,-2.917220197,4.151941253,1.234721056,-2.917220197,4,31
Nigeria,women_15_49,severe_anemia_women,adverse,ADM1,Zamfara,2,2018;2024,2024,2014,2018,4,3.882543796,1.078519562,-2.804024234,3.882543796,1.078519562,-2.804024234,5,25
Nigeria,women_15_49,severe_anemia_women,adverse,ADM1,Delta,2,2018;2024,2024,2014,2018,4,3.011469381,1.160927294,-1.850542087,3.011469381,1.160927294,-1.850542087,6,29
Nigeria,women_15_49,severe_anemia_women,adverse,ADM1,Plateau,2,2018;2024,2024,2014,2018,4,2.258702603,0.505882633,-1.75281997,2.258702603,0.505882633,-1.75281997,7,18
Nigeria,women_15_49,severe_anemia_women,adverse,ADM1,Akwa Ibom,2,2018;2024,2024,2014,2018,4,2.795561259,1.087081191,-1.708480068,2.795561259,1.087081191,-1.708480068,8,26
Nigeria,women_15_49,severe_anemia_women,adverse,ADM1,Abia,2,2018;2024,2024,2014,2018,4,2.542888573,1.15076641,-1.392122163,2.542888573,1.15076641,-1.392122163,9,28
Nigeria,women_15_49,severe_anemia_women,adverse,ADM1,Bayelsa,2,2018;2024,2024,2014,2018,4,1.381884152,0,-1.381884152,1.381884152,0,-1.381884152,10,1
Nigeria,women_15_49,severe_anemia_women,adverse,ADM1,Ogun,2,2018;2024,2024,2014,2018,4,1.304674329,0,-1.304674329,1.304674329,0,-1.304674329,11,1
Nigeria,women_15_49,severe_anemia_women,adverse,ADM1,Imo,2,2018;2024,2024,2014,2018,4,1.698771084,0.398306405,-1.300464679,1.698771084,0.398306405,-1.300464679,12,15
Nigeria,women_15_49,severe_anemia_women,adverse,ADM1,Rivers,2,2018;2024,2024,2014,2018,4,2.081755726,0.953642852,-1.128112874,2.081755726,0.953642852,-1.128112874,13,23
Nigeria,women_15_49,severe_anemia_women,adverse,ADM1,Kaduna,2,2018;2024,2024,2014,2018,4,1.433224935,0.341600293,-1.091624642,1.433224935,0.341600293,-1.091624642,14,12
Nigeria,women_15_49,severe_anemia_women,adverse,ADM1,Ekiti,2,2018;2024,2024,2014,2018,4,1.079054882,0,-1.079054882,1.079054882,0,-1.079054882,15,1
Nigeria,women_15_49,severe_anemia_women,adverse,ADM1,Kebbi,2,2018;2024,2024,2014,2018,4,1.183636603,0.281178379,-0.902458224,1.183636603,0.281178379,-0.902458224,16,9
Nigeria,women_15_49,severe_anemia_women,adverse,ADM1,Anambra,2,2018;2024,2024,2014,2018,4,0.948370172,0.085700207,-0.862669965,0.948370172,0.085700207,-0.862669965,17,6
Nigeria,women_15_49,severe_anemia_women,adverse,ADM1,Kwara,2,2018;2024,2024,2014,2018,4,1.750011006,0.950323366,-0.79968764,1.750011006,0.950323366,-0.79968764,18,22
Nigeria,women_15_49,severe_anemia_women,adverse,ADM1,Borno,2,2018;2024,2024,2014,2018,4,1.86973536,1.135781208,-0.733954152,1.86973536,1.135781208,-0.733954152,19,27
Nigeria,women_15_49,severe_anemia_women,adverse,ADM1,Osun,2,2018;2024,2024,2014,2018,4,0.702916426,0,-0.702916426,0.702916426,0,-0.702916426,20,1
Nigeria,women_15_49,severe_anemia_women,adverse,ADM1,Gombe,2,2018;2024,2024,2014,2018,4,1.625972637,0.981722105,-0.644250532,1.625972637,0.981722105,-0.644250532,21,24
Nigeria,women_15_49,severe_anemia_women,adverse,ADM1,Cross River,2,2018;2024,2024,2014,2018,4,0.473783611,0,-0.473783611,0.473783611,0,-0.473783611,22,1
Nigeria,women_15_49,severe_anemia_women,adverse,ADM1,Yobe,2,2018;2024,2024,2014,2018,4,0.832747343,0.428451096,-0.404296247,0.832747343,0.428451096,-0.404296247,23,16
Nigeria,women_15_49,severe_anemia_women,adverse,ADM1,Bauchi,2,2018;2024,2024,2014,2018,4,2.884597411,2.573355177,-0.311242234,2.884597411,2.573355177,-0.311242234,24,37
Nigeria,women_15_49,severe_anemia_women,adverse,ADM1,Kogi,2,2018;2024,2024,2014,2018,4,0.597806116,0.324691119,-0.273114997,0.597806116,0.324691119,-0.273114997,25,11
Nigeria,women_15_49,severe_anemia_women,adverse,ADM1,FCT Abuja,2,2018;2024,2024,2014,2018,4,0.54698064,0.319759109,-0.227221531,0.54698064,0.319759109,-0.227221531,26,10
Nigeria,women_15_49,severe_anemia_women,adverse,ADM1,Oyo,2,2018;2024,2024,2014,2018,4,0.436849116,0.228271428,-0.208577688,0.436849116,0.228271428,-0.208577688,27,8
Nigeria,women_15_49,severe_anemia_women,adverse,ADM1,Taraba,2,2018;2024,2024,2014,2018,4,0.907095182,0.882157144,-0.024938038,0.907095182,0.882157144,-0.024938038,28,20
Nigeria,women_15_49,severe_anemia_women,adverse,ADM1,Benue,2,2018;2024,2024,2014,2018,4,0.344446448,0.357204584,0.012758136,0.344446448,0.357204584,0.012758136,29,13
Nigeria,women_15_49,severe_anemia_women,adverse,ADM1,Ondo,2,2018;2024,2024,2014,2018,4,0.504400517,0.633301629,0.128901112,0.504400517,0.633301629,0.128901112,30,19
Nigeria,women_15_49,severe_anemia_women,adverse,ADM1,Sokoto,2,2018;2024,2024,2014,2018,4,0.97899115,1.1707353,0.19174415,0.97899115,1.1707353,0.19174415,31,30
Nigeria,women_15_49,severe_anemia_women,adverse,ADM1,Adamawa,2,2018;2024,2024,2014,2018,4,0.934712497,1.328702157,0.39398966,0.934712497,1.328702157,0.39398966,32,32
Nigeria,women_15_49,severe_anemia_women,adverse,ADM1,Enugu,2,2018;2024,2024,2014,2018,4,1.128128421,1.544346482,0.416218061,1.128128421,1.544346482,0.416218061,33,34
Nigeria,women_15_49,severe_anemia_women,adverse,ADM1,Katsina,2,2018;2024,2024,2014,2018,4,0.904557458,1.553032571,0.648475113,0.904557458,1.553032571,0.648475113,34,35
Nigeria,women_15_49,severe_anemia_women,adverse,ADM1,Edo,2,2018;2024,2024,2014,2018,4,0.643269002,1.354078851,0.710809849,0.643269002,1.354078851,0.710809849,35,33
Nigeria,women_15_49,severe_anemia_women,adverse,ADM1,Lagos,2,2018;2024,2024,2014,2018,4,0.168631546,0.893150389,0.724518843,0.168631546,0.893150389,0.724518843,36,21
Nigeria,women_15_49,severe_anemia_women,adverse,ADM1,Niger,2,2018;2024,2024,2014,2018,4,0.235847872,1.691487131,1.455639259,0.235847872,1.691487131,1.455639259,37,36
Nigeria,children_under5,severe_stunting,adverse,ADM1,Kaduna,3,2013;2018;2024,2024,2014,2013,1,41.69279206,16.84768013,-24.84511193,41.69279206,16.84768013,-24.84511193,1,23
Nigeria,children_under5,severe_stunting,adverse,ADM1,Sokoto,3,2013;2018;2024,2024,2014,2013,1,30.84491618,14.81481296,-16.03010322,30.84491618,14.81481296,-16.03010322,2,21
Nigeria,children_under5,severe_stunting,adverse,ADM1,Jigawa,3,2013;2018;2024,2024,2014,2013,1,41.46114471,31.88054819,-9.58059652,41.46114471,31.88054819,-9.58059652,3,33
Nigeria,children_under5,severe_stunting,adverse,ADM1,Kebbi,3,2013;2018;2024,2024,2014,2013,1,42.70997547,35.23231692,-7.47765855,42.70997547,35.23231692,-7.47765855,4,36
Nigeria,children_under5,severe_stunting,adverse,ADM1,Nasarawa,3,2013;2018;2024,2024,2014,2013,1,19.93728699,13.55933528,-6.37795171,19.93728699,13.55933528,-6.37795171,5,20
Nigeria,children_under5,severe_stunting,adverse,ADM1,Yobe,3,2013;2018;2024,2024,2014,2013,1,31.05522041,25.16494106,-5.89027935,31.05522041,25.16494106,-5.89027935,6,30
Nigeria,children_under5,severe_stunting,adverse,ADM1,Delta,3,2013;2018;2024,2024,2014,2013,1,8.638719496,2.875914502,-5.762804994,8.638719496,2.875914502,-5.762804994,7,3
Nigeria,children_under5,severe_stunting,adverse,ADM1,Katsina,3,2013;2018;2024,2024,2014,2013,1,38.03275067,32.62354063,-5.40921004,38.03275067,32.62354063,-5.40921004,8,35
Nigeria,children_under5,severe_stunting,adverse,ADM1,FCT Abuja,3,2013;2018;2024,2024,2014,2013,1,8.974318278,3.900511146,-5.073807132,8.974318278,3.900511146,-5.073807132,9,5
Nigeria,children_under5,severe_stunting,adverse,ADM1,Rivers,3,2013;2018;2024,2024,2014,2013,1,6.764800802,2.233857945,-4.530942857,6.764800802,2.233857945,-4.530942857,10,2
Nigeria,children_under5,severe_stunting,adverse,ADM1,Lagos,3,2013;2018;2024,2024,2014,2013,1,6.278524599,2.132206817,-4.146317782,6.278524599,2.132206817,-4.146317782,11,1
Nigeria,children_under5,severe_stunting,adverse,ADM1,Ogun,3,2013;2018;2024,2024,2014,2013,1,9.875172341,6.123394783,-3.751777558,9.875172341,6.123394783,-3.751777558,12,11
Nigeria,children_under5,severe_stunting,adverse,ADM1,Anambra,3,2013;2018;2024,2024,2014,2013,1,9.216868629,5.753946556,-3.462922073,9.216868629,5.753946556,-3.462922073,13,10
Nigeria,children_under5,severe_stunting,adverse,ADM1,Cross River,3,2013;2018;2024,2024,2014,2013,1,8.515871261,5.071315894,-3.444555367,8.515871261,5.071315894,-3.444555367,14,9
Nigeria,children_under5,severe_stunting,adverse,ADM1,Edo,3,2013;2018;2024,2024,2014,2013,1,6.799907136,3.550108103,-3.249799033,6.799907136,3.550108103,-3.249799033,15,4
Nigeria,children_under5,severe_stunting,adverse,ADM1,Taraba,3,2013;2018;2024,2024,2014,2013,1,23.78662568,20.753943,-3.03268268,23.78662568,20.753943,-3.03268268,16,27
Nigeria,children_under5,severe_stunting,adverse,ADM1,Ekiti,3,2013;2018;2024,2024,2014,2013,1,7.341320112,4.788281431,-2.553038681,7.341320112,4.788281431,-2.553038681,17,8
Nigeria,children_under5,severe_stunting,adverse,ADM1,Gombe,3,2013;2018;2024,2024,2014,2013,1,27.21110087,24.9879901,-2.22311077,27.21110087,24.9879901,-2.22311077,18,29
Nigeria,children_under5,severe_stunting,adverse,ADM1,Akwa Ibom,3,2013;2018;2024,2024,2014,2013,1,10.86975979,9.023941192,-1.845818598,10.86975979,9.023941192,-1.845818598,19,15
Nigeria,children_under5,severe_stunting,adverse,ADM1,Kano,3,2013;2018;2024,2024,2014,2013,1,31.14169746,29.36620936,-1.7754881,31.14169746,29.36620936,-1.7754881,20,32
Nigeria,children_under5,severe_stunting,adverse,ADM1,Oyo,3,2013;2018;2024,2024,2014,2013,1,9.632466023,7.91349791,-1.718968113,9.632466023,7.91349791,-1.718968113,21,13
Nigeria,children_under5,severe_stunting,adverse,ADM1,Imo,3,2013;2018;2024,2024,2014,2013,1,4.744447427,3.912753554,-0.831693873,4.744447427,3.912753554,-0.831693873,22,6
Nigeria,children_under5,severe_stunting,adverse,ADM1,Benue,3,2013;2018;2024,2024,2014,2013,1,10.44831321,9.629182959,-0.819130251,10.44831321,9.629182959,-0.819130251,23,16
Nigeria,children_under5,severe_stunting,adverse,ADM1,Niger,3,2013;2018;2024,2024,2014,2013,1,16.92234919,17.24083794,0.31848875,16.92234919,17.24083794,0.31848875,24,24
Nigeria,children_under5,severe_stunting,adverse,ADM1,Abia,3,2013;2018;2024,2024,2014,2013,1,6.246916299,7.007637829,0.76072153,6.246916299,7.007637829,0.76072153,25,12
Nigeria,children_under5,severe_stunting,adverse,ADM1,Osun,3,2013;2018;2024,2024,2014,2013,1,7.921667602,8.759891565,0.838223963,7.921667602,8.759891565,0.838223963,26,14
Nigeria,children_under5,severe_stunting,adverse,ADM1,Plateau,3,2013;2018;2024,2024,2014,2013,1,18.48196664,19.77723347,1.29526683,18.48196664,19.77723347,1.29526683,27,26
Nigeria,children_under5,severe_stunting,adverse,ADM1,Bauchi,3,2013;2018;2024,2024,2014,2013,1,30.86468863,32.30876058,1.44407195,30.86468863,32.30876058,1.44407195,28,34
Nigeria,children_under5,severe_stunting,adverse,ADM1,Enugu,3,2013;2018;2024,2024,2014,2013,1,2.457782263,4.23478941,1.777007147,2.457782263,4.23478941,1.777007147,29,7
Nigeria,children_under5,severe_stunting,adverse,ADM1,Bayelsa,3,2013;2018;2024,2024,2014,2013,1,8.777109519,10.59133107,1.814221551,8.777109519,10.59133107,1.814221551,30,18
Nigeria,children_under5,severe_stunting,adverse,ADM1,Ondo,3,2013;2018;2024,2024,2014,2013,1,10.42792652,12.26730903,1.83938251,10.42792652,12.26730903,1.83938251,31,19
Nigeria,children_under5,severe_stunting,adverse,ADM1,Ebonyi,3,2013;2018;2024,2024,2014,2013,1,6.147585841,10.16464573,4.017059889,6.147585841,10.16464573,4.017059889,32,17
Nigeria,children_under5,severe_stunting,adverse,ADM1,Kogi,3,2013;2018;2024,2024,2014,2013,1,10.71517598,15.24377064,4.52859466,10.71517598,15.24377064,4.52859466,33,22
Nigeria,children_under5,severe_stunting,adverse,ADM1,Zamfara,3,2013;2018;2024,2024,2014,2013,1,33.54423875,39.24087599,5.69663724,33.54423875,39.24087599,5.69663724,34,37
Nigeria,children_under5,severe_stunting,adverse,ADM1,Kwara,3,2013;2018;2024,2024,2014,2013,1,10.13824175,17.97843099,7.84018924,10.13824175,17.97843099,7.84018924,35,25
Nigeria,children_under5,severe_stunting,adverse,ADM1,Borno,3,2013;2018;2024,2024,2014,2013,1,13.68756655,23.35334513,9.66577858,13.68756655,23.35334513,9.66577858,36,28
Nigeria,children_under5,severe_stunting,adverse,ADM1,Adamawa,3,2013;2018;2024,2024,2014,2013,1,12.6748463,26.69934442,14.02449812,12.6748463,26.69934442,14.02449812,37,31
Nigeria,children_under5,severe_wasting,adverse,ADM1,Kaduna,3,2013;2018;2024,2024,2014,2013,1,27.56339776,0.343388307,-27.22000945,27.56339776,0.343388307,-27.22000945,1,3
Nigeria,children_under5,severe_wasting,adverse,ADM1,Kano,3,2013;2018;2024,2024,2014,2013,1,25.13454124,2.16150815,-22.97303309,25.13454124,2.16150815,-22.97303309,2,27
Nigeria,children_under5,severe_wasting,adverse,ADM1,Borno,3,2013;2018;2024,2024,2014,2013,1,17.91757394,2.967964661,-14.94960928,17.91757394,2.967964661,-14.94960928,3,34
Nigeria,children_under5,severe_wasting,adverse,ADM1,Yobe,3,2013;2018;2024,2024,2014,2013,1,13.32345937,2.624075452,-10.69938392,13.32345937,2.624075452,-10.69938392,4,31
Nigeria,children_under5,severe_wasting,adverse,ADM1,Katsina,3,2013;2018;2024,2024,2014,2013,1,11.98226628,1.451195023,-10.53107126,11.98226628,1.451195023,-10.53107126,5,18
Nigeria,children_under5,severe_wasting,adverse,ADM1,Kebbi,3,2013;2018;2024,2024,2014,2013,1,9.37349472,1.656418925,-7.717075795,9.37349472,1.656418925,-7.717075795,6,20
Nigeria,children_under5,severe_wasting,adverse,ADM1,Anambra,3,2013;2018;2024,2024,2014,2013,1,9.221723958,2.057166585,-7.164557373,9.221723958,2.057166585,-7.164557373,7,23
Nigeria,children_under5,severe_wasting,adverse,ADM1,Sokoto,3,2013;2018;2024,2024,2014,2013,1,8.795860653,2.079319904,-6.716540749,8.795860653,2.079319904,-6.716540749,8,26
Nigeria,children_under5,severe_wasting,adverse,ADM1,Bauchi,3,2013;2018;2024,2024,2014,2013,1,8.608653918,2.697042771,-5.911611147,8.608653918,2.697042771,-5.911611147,9,32
Nigeria,children_under5,severe_wasting,adverse,ADM1,Niger,3,2013;2018;2024,2024,2014,2013,1,7.980677812,2.338749844,-5.641927968,7.980677812,2.338749844,-5.641927968,10,29
Nigeria,children_under5,severe_wasting,adverse,ADM1,Delta,3,2013;2018;2024,2024,2014,2013,1,7.197569516,2.733318888,-4.464250628,7.197569516,2.733318888,-4.464250628,11,33
Nigeria,children_under5,severe_wasting,adverse,ADM1,Zamfara,3,2013;2018;2024,2024,2014,2013,1,6.075809305,1.908998578,-4.166810727,6.075809305,1.908998578,-4.166810727,12,22
Nigeria,children_under5,severe_wasting,adverse,ADM1,Ogun,3,2013;2018;2024,2024,2014,2013,1,4.585541854,0.472710443,-4.112831411,4.585541854,0.472710443,-4.112831411,13,6
Nigeria,children_under5,severe_wasting,adverse,ADM1,Plateau,3,2013;2018;2024,2024,2014,2013,1,4.394099924,0.28357855,-4.110521374,4.394099924,0.28357855,-4.110521374,14,2
Nigeria,children_under5,severe_wasting,adverse,ADM1,FCT Abuja,3,2013;2018;2024,2024,2014,2013,1,5.010211467,1.223431601,-3.786779866,5.010211467,1.223431601,-3.786779866,15,15
Nigeria,children_under5,severe_wasting,adverse,ADM1,Gombe,3,2013;2018;2024,2024,2014,2013,1,5.881329668,2.386945,-3.494384668,5.881329668,2.386945,-3.494384668,16,30
Nigeria,children_under5,severe_wasting,adverse,ADM1,Lagos,3,2013;2018;2024,2024,2014,2013,1,3.753436594,0.61392599,-3.139510604,3.753436594,0.61392599,-3.139510604,17,9
Nigeria,children_under5,severe_wasting,adverse,ADM1,Edo,3,2013;2018;2024,2024,2014,2013,1,3.570233467,0.46868244,-3.101551027,3.570233467,0.46868244,-3.101551027,18,5
Nigeria,children_under5,severe_wasting,adverse,ADM1,Jigawa,3,2013;2018;2024,2024,2014,2013,1,7.780756827,4.704015574,-3.076741253,7.780756827,4.704015574,-3.076741253,19,37
Nigeria,children_under5,severe_wasting,adverse,ADM1,Abia,3,2013;2018;2024,2024,2014,2013,1,4.793808674,2.06853494,-2.725273734,4.793808674,2.06853494,-2.725273734,20,25
Nigeria,children_under5,severe_wasting,adverse,ADM1,Cross River,3,2013;2018;2024,2024,2014,2013,1,3.110000408,0.495609417,-2.614390991,3.110000408,0.495609417,-2.614390991,21,7
Nigeria,children_under5,severe_wasting,adverse,ADM1,Osun,3,2013;2018;2024,2024,2014,2013,1,3.29460113,1.18763147,-2.10696966,3.29460113,1.18763147,-2.10696966,22,14
Nigeria,children_under5,severe_wasting,adverse,ADM1,Imo,3,2013;2018;2024,2024,2014,2013,1,3.529748145,1.579425338,-1.950322807,3.529748145,1.579425338,-1.950322807,23,19
Nigeria,children_under5,severe_wasting,adverse,ADM1,Ebonyi,3,2013;2018;2024,2024,2014,2013,1,3.210634791,1.33872007,-1.871914721,3.210634791,1.33872007,-1.871914721,24,16
Nigeria,children_under5,severe_wasting,adverse,ADM1,Adamawa,3,2013;2018;2024,2024,2014,2013,1,5.239910856,3.388288833,-1.851622023,5.239910856,3.388288833,-1.851622023,25,36
Nigeria,children_under5,severe_wasting,adverse,ADM1,Ekiti,3,2013;2018;2024,2024,2014,2013,1,2.254793507,0.407706439,-1.847087068,2.254793507,0.407706439,-1.847087068,26,4
Nigeria,children_under5,severe_wasting,adverse,ADM1,Kogi,3,2013;2018;2024,2024,2014,2013,1,2.783468879,1.044462167,-1.739006712,2.783468879,1.044462167,-1.739006712,27,12
Nigeria,children_under5,severe_wasting,adverse,ADM1,Taraba,3,2013;2018;2024,2024,2014,2013,1,2.422465079,0.943151691,-1.479313388,2.422465079,0.943151691,-1.479313388,28,11
Nigeria,children_under5,severe_wasting,adverse,ADM1,Enugu,3,2013;2018;2024,2024,2014,2013,1,1.978413393,0.6071806,-1.371232793,1.978413393,0.6071806,-1.371232793,29,8
Nigeria,children_under5,severe_wasting,adverse,ADM1,Benue,3,2013;2018;2024,2024,2014,2013,1,1.370102134,0,-1.370102134,1.370102134,0,-1.370102134,30,1
Nigeria,children_under5,severe_wasting,adverse,ADM1,Akwa Ibom,3,2013;2018;2024,2024,2014,2013,1,2.713513756,1.359737083,-1.353776673,2.713513756,1.359737083,-1.353776673,31,17
Nigeria,children_under5,severe_wasting,adverse,ADM1,Nasarawa,3,2013;2018;2024,2024,2014,2013,1,3.455242156,2.32823893,-1.127003226,3.455242156,2.32823893,-1.127003226,32,28
Nigeria,children_under5,severe_wasting,adverse,ADM1,Bayelsa,3,2013;2018;2024,2024,2014,2013,1,1.315307392,0.757587026,-0.557720366,1.315307392,0.757587026,-0.557720366,33,10
Nigeria,children_under5,severe_wasting,adverse,ADM1,Ondo,3,2013;2018;2024,2024,2014,2013,1,1.671347179,1.145367849,-0.52597933,1.671347179,1.145367849,-0.52597933,34,13
Nigeria,children_under5,severe_wasting,adverse,ADM1,Oyo,3,2013;2018;2024,2024,2014,2013,1,1.866421235,1.787558542,-0.078862693,1.866421235,1.787558542,-0.078862693,35,21
Nigeria,children_under5,severe_wasting,adverse,ADM1,Rivers,3,2013;2018;2024,2024,2014,2013,1,2.771713488,3.182917863,0.411204375,2.771713488,3.182917863,0.411204375,36,35
Nigeria,children_under5,severe_wasting,adverse,ADM1,Kwara,3,2013;2018;2024,2024,2014,2013,1,1.371352694,2.058319655,0.686966961,1.371352694,2.058319655,0.686966961,37,24
Nigeria,,skilled_birth_attendance,beneficial,ADM1,Nasarawa,3,2013;2018;2024,2024,2014,2013,1,40.749299,69.163098,28.413799,59.250701,30.836902,-28.413799,1,16
Nigeria,,skilled_birth_attendance,beneficial,ADM1,Rivers,3,2013;2018;2024,2024,2014,2013,1,63.357764,91.559055,28.201291,36.642236,8.440945,-28.201291,2,8
Nigeria,,skilled_birth_attendance,beneficial,ADM1,Yobe,3,2013;2018;2024,2024,2014,2013,1,10.198033,35.377623,25.17959,89.801967,64.622377,-25.17959,3,28
Nigeria,,skilled_birth_attendance,beneficial,ADM1,Bayelsa,3,2013;2018;2024,2024,2014,2013,1,32.082555,56.700133,24.617578,67.917445,43.299867,-24.617578,4,19
Nigeria,,skilled_birth_attendance,beneficial,ADM1,Kano,3,2013;2018;2024,2024,2014,2013,1,13.664534,36.310688,22.646154,86.335466,63.689312,-22.646154,5,26
Nigeria,,skilled_birth_attendance,beneficial,ADM1,Delta,3,2013;2018;2024,2024,2014,2013,1,59.778936,81.447324,21.668388,40.221064,18.552676,-21.668388,6,13
Nigeria,,skilled_birth_attendance,beneficial,ADM1,Taraba,3,2013;2018;2024,2024,2014,2013,1,14.277569,33.790406,19.512837,85.722431,66.209594,-19.512837,7,29
Nigeria,,skilled_birth_attendance,beneficial,ADM1,Abia,3,2013;2018;2024,2024,2014,2013,1,77.212872,95.198704,17.985832,22.787128,4.801296,-17.985832,8,3
Nigeria,,skilled_birth_attendance,beneficial,ADM1,Jigawa,3,2013;2018;2024,2024,2014,2013,1,7.607673,24.565701,16.958028,92.392327,75.434299,-16.958028,9,32
Nigeria,,skilled_birth_attendance,beneficial,ADM1,Borno,3,2013;2018;2024,2024,2014,2013,1,22.30532,37.737383,15.432063,77.69468,62.262617,-15.432063,10,25
Nigeria,,skilled_birth_attendance,beneficial,ADM1,Benue,3,2013;2018;2024,2024,2014,2013,1,51.617613,66.741566,15.123953,48.382387,33.258434,-15.123953,11,17
Nigeria,,skilled_birth_attendance,beneficial,ADM1,Cross River,3,2013;2018;2024,2024,2014,2013,1,41.291443,56.160961,14.869518,58.708557,43.839039,-14.869518,12,20
Nigeria,,skilled_birth_attendance,beneficial,ADM1,Edo,3,2013;2018;2024,2024,2014,2013,1,78.31585,92.773868,14.458018,21.68415,7.226132,-14.458018,13,5
Nigeria,,skilled_birth_attendance,beneficial,ADM1,Plateau,3,2013;2018;2024,2024,2014,2013,1,35.831898,50.070961,14.239063,64.168102,49.929039,-14.239063,14,23
Nigeria,,skilled_birth_attendance,beneficial,ADM1,Bauchi,3,2013;2018;2024,2024,2014,2013,1,16.258293,28.433797,12.175504,83.741707,71.566203,-12.175504,15,31
Nigeria,,skilled_birth_attendance,beneficial,ADM1,FCT Abuja,3,2013;2018;2024,2024,2014,2013,1,70.200231,82.359249,12.159018,29.799769,17.640751,-12.159018,16,12
Nigeria,,skilled_birth_attendance,beneficial,ADM1,Ebonyi,3,2013;2018;2024,2024,2014,2013,1,62.144908,73.619592,11.474684,37.855092,26.380408,-11.474684,17,15
Nigeria,,skilled_birth_attendance,beneficial,ADM1,Katsina,3,2013;2018;2024,2024,2014,2013,1,7.656677,19.061343,11.404666,92.343323,80.938657,-11.404666,18,34
Nigeria,,skilled_birth_attendance,beneficial,ADM1,Gombe,3,2013;2018;2024,2024,2014,2013,1,26.644286,37.866693,11.222407,73.355714,62.133307,-11.222407,19,24
Nigeria,,skilled_birth_attendance,beneficial,ADM1,Ondo,3,2013;2018;2024,2024,2014,2013,1,67.245071,76.29587,9.050799,32.754929,23.70413,-9.050799,20,14
Nigeria,,skilled_birth_attendance,beneficial,ADM1,Ekiti,3,2013;2018;2024,2024,2014,2013,1,84.741562,93.46657,8.725008,15.258438,6.53343,-8.725008,21,4
Nigeria,,skilled_birth_attendance,beneficial,ADM1,Zamfara,3,2013;2018;2024,2024,2014,2013,1,6.051993,13.175514,7.123521,93.948007,86.824486,-7.123521,22,35
Nigeria,,skilled_birth_attendance,beneficial,ADM1,Sokoto,3,2013;2018;2024,2024,2014,2013,1,5.38473,12.427984,7.043254,94.61527,87.572016,-7.043254,23,36
Nigeria,,skilled_birth_attendance,beneficial,ADM1,Akwa Ibom,3,2013;2018;2024,2024,2014,2013,1,45.550353,51.474737,5.924384,54.449647,48.525263,-5.924384,24,22
Nigeria,,skilled_birth_attendance,beneficial,ADM1,Niger,3,2013;2018;2024,2024,2014,2013,1,28.574851,33.650897,5.076046,71.425149,66.349103,-5.076046,25,30
Nigeria,,skilled_birth_attendance,beneficial,ADM1,Oyo,3,2013;2018;2024,2024,2014,2013,1,78.298509,83.22699,4.928481,21.701491,16.77301,-4.928481,26,10
Nigeria,,skilled_birth_attendance,beneficial,ADM1,Enugu,3,2013;2018;2024,2024,2014,2013,1,91.539009,96.347196,4.808187,8.460991,3.652804,-4.808187,27,2
Nigeria,,skilled_birth_attendance,beneficial,ADM1,Anambra,3,2013;2018;2024,2024,2014,2013,1,87.61199,91.815267,4.203277,12.38801,8.184733,-4.203277,28,6
Nigeria,,skilled_birth_attendance,beneficial,ADM1,Imo,3,2013;2018;2024,2024,2014,2013,1,96.506313,97.17509,0.668777,3.493687,2.82491,-0.668777,29,1
Nigeria,,skilled_birth_attendance,beneficial,ADM1,Kebbi,3,2013;2018;2024,2024,2014,2013,1,9.289672,9.630897,0.341225,90.710328,90.369103,-0.341225,30,37
Nigeria,,skilled_birth_attendance,beneficial,ADM1,Kaduna,3,2013;2018;2024,2024,2014,2013,1,35.541855,35.592702,0.050847,64.458145,64.407298,-0.050847,31,27
Nigeria,,skilled_birth_attendance,beneficial,ADM1,Lagos,3,2013;2018;2024,2024,2014,2013,1,87.224311,86.619604,-0.604707,12.775689,13.380396,0.604707,32,9
Nigeria,,skilled_birth_attendance,beneficial,ADM1,Ogun,3,2013;2018;2024,2024,2014,2013,1,84.748081,82.637068,-2.111013,15.251919,17.362932,2.111013,33,11
Nigeria,,skilled_birth_attendance,beneficial,ADM1,Osun,3,2013;2018;2024,2024,2014,2013,1,94.219082,91.657075,-2.562007,5.780918,8.342925,2.562007,34,7
Nigeria,,skilled_birth_attendance,beneficial,ADM1,Kogi,3,2013;2018;2024,2024,2014,2013,1,70.862969,61.130652,-9.732317,29.137031,38.869348,9.732317,35,18
Nigeria,,skilled_birth_attendance,beneficial,ADM1,Adamawa,3,2013;2018;2024,2024,2014,2013,1,36.274098,24.385387,-11.888711,63.725902,75.614613,11.888711,36,33
Nigeria,,skilled_birth_attendance,beneficial,ADM1,Kwara,3,2013;2018;2024,2024,2014,2013,1,79.625584,55.251795,-24.373789,20.374416,44.748205,24.373789,37,21
Nigeria,children_under5,stunting,adverse,ADM1,Kaduna,3,2013;2018;2024,2024,2014,2013,1,56.59479564,40.656041,-15.93875464,56.59479564,40.656041,-15.93875464,1,22
Nigeria,children_under5,stunting,adverse,ADM1,Sokoto,3,2013;2018;2024,2024,2014,2013,1,51.64172976,42.80023325,-8.84149651,51.64172976,42.80023325,-8.84149651,2,25
Nigeria,children_under5,stunting,adverse,ADM1,Ogun,3,2013;2018;2024,2024,2014,2013,1,23.75833003,17.71933517,-6.03899486,23.75833003,17.71933517,-6.03899486,3,9
Nigeria,children_under5,stunting,adverse,ADM1,Anambra,3,2013;2018;2024,2024,2014,2013,1,18.39560056,12.88288757,-5.51271299,18.39560056,12.88288757,-5.51271299,4,2
Nigeria,children_under5,stunting,adverse,ADM1,FCT Abuja,3,2013;2018;2024,2024,2014,2013,1,20.56480002,16.34719584,-4.21760418,20.56480002,16.34719584,-4.21760418,5,5
Nigeria,children_under5,stunting,adverse,ADM1,Oyo,3,2013;2018;2024,2024,2014,2013,1,27.21244475,23.11174901,-4.10069574,27.21244475,23.11174901,-4.10069574,6,13
Nigeria,children_under5,stunting,adverse,ADM1,Rivers,3,2013;2018;2024,2024,2014,2013,1,16.05443383,12.25373961,-3.80069422,16.05443383,12.25373961,-3.80069422,7,1
Nigeria,children_under5,stunting,adverse,ADM1,Jigawa,3,2013;2018;2024,2024,2014,2013,1,59.00035308,55.70115079,-3.29920229,59.00035308,55.70115079,-3.29920229,8,33
Nigeria,children_under5,stunting,adverse,ADM1,Edo,3,2013;2018;2024,2024,2014,2013,1,15.82467281,13.59630372,-2.22836909,15.82467281,13.59630372,-2.22836909,9,3
Nigeria,children_under5,stunting,adverse,ADM1,Ekiti,3,2013;2018;2024,2024,2014,2013,1,19.1709894,17.10078605,-2.07020335,19.1709894,17.10078605,-2.07020335,10,6
Nigeria,children_under5,stunting,adverse,ADM1,Ondo,3,2013;2018;2024,2024,2014,2013,1,23.98162114,23.23876105,-0.74286009,23.98162114,23.23876105,-0.74286009,11,14
Nigeria,children_under5,stunting,adverse,ADM1,Cross River,3,2013;2018;2024,2024,2014,2013,1,21.71575391,21.0348288,-0.68092511,21.71575391,21.0348288,-0.68092511,12,12
Nigeria,children_under5,stunting,adverse,ADM1,Kebbi,3,2013;2018;2024,2024,2014,2013,1,60.63935795,60.00719086,-0.63216709,60.63935795,60.00719086,-0.63216709,13,34
Nigeria,children_under5,stunting,adverse,ADM1,Lagos,3,2013;2018;2024,2024,2014,2013,1,17.03622525,17.28528483,0.24905958,17.03622525,17.28528483,0.24905958,14,8
Nigeria,children_under5,stunting,adverse,ADM1,Imo,3,2013;2018;2024,2024,2014,2013,1,16.94507344,17.27869593,0.33362249,16.94507344,17.27869593,0.33362249,15,7
Nigeria,children_under5,stunting,adverse,ADM1,Nasarawa,3,2013;2018;2024,2024,2014,2013,1,34.51550016,35.0068457,0.49134554,34.51550016,35.0068457,0.49134554,16,21
Nigeria,children_under5,stunting,adverse,ADM1,Akwa Ibom,3,2013;2018;2024,2024,2014,2013,1,22.36163678,24.13403986,1.77240308,22.36163678,24.13403986,1.77240308,17,15
Nigeria,children_under5,stunting,adverse,ADM1,Taraba,3,2013;2018;2024,2024,2014,2013,1,43.41976534,45.61555113,2.19578579,43.41976534,45.61555113,2.19578579,18,27
Nigeria,children_under5,stunting,adverse,ADM1,Benue,3,2013;2018;2024,2024,2014,2013,1,22.56654823,25.26103231,2.69448408,22.56654823,25.26103231,2.69448408,19,16
Nigeria,children_under5,stunting,adverse,ADM1,Abia,3,2013;2018;2024,2024,2014,2013,1,17.29276221,20.18071528,2.88795307,17.29276221,20.18071528,2.88795307,20,11
Nigeria,children_under5,stunting,adverse,ADM1,Gombe,3,2013;2018;2024,2024,2014,2013,1,47.51656169,50.62188522,3.10532353,47.51656169,50.62188522,3.10532353,21,30
Nigeria,children_under5,stunting,adverse,ADM1,Enugu,3,2013;2018;2024,2024,2014,2013,1,11.69909185,15.15088852,3.45179667,11.69909185,15.15088852,3.45179667,22,4
Nigeria,children_under5,stunting,adverse,ADM1,Kano,3,2013;2018;2024,2024,2014,2013,1,48.26971524,51.92522588,3.65551064,48.26971524,51.92522588,3.65551064,23,31
Nigeria,children_under5,stunting,adverse,ADM1,Delta,3,2013;2018;2024,2024,2014,2013,1,14.9457621,20.02518491,5.07942281,14.9457621,20.02518491,5.07942281,24,10
Nigeria,children_under5,stunting,adverse,ADM1,Yobe,3,2013;2018;2024,2024,2014,2013,1,49.29152559,54.50438714,5.21286155,49.29152559,54.50438714,5.21286155,25,32
Nigeria,children_under5,stunting,adverse,ADM1,Katsina,3,2013;2018;2024,2024,2014,2013,1,58.52117029,64.61370466,6.09253437,58.52117029,64.61370466,6.09253437,26,37
Nigeria,children_under5,stunting,adverse,ADM1,Bayelsa,3,2013;2018;2024,2024,2014,2013,1,20.49216061,27.62146088,7.12930027,20.49216061,27.62146088,7.12930027,27,17
Nigeria,children_under5,stunting,adverse,ADM1,Zamfara,3,2013;2018;2024,2024,2014,2013,1,55.87892589,64.18320603,8.30428014,55.87892589,64.18320603,8.30428014,28,36
Nigeria,children_under5,stunting,adverse,ADM1,Niger,3,2013;2018;2024,2024,2014,2013,1,34.15075209,43.88875177,9.73799968,34.15075209,43.88875177,9.73799968,29,26
Nigeria,children_under5,stunting,adverse,ADM1,Osun,3,2013;2018;2024,2024,2014,2013,1,20.52265588,30.49711528,9.9744594,20.52265588,30.49711528,9.9744594,30,18
Nigeria,children_under5,stunting,adverse,ADM1,Plateau,3,2013;2018;2024,2024,2014,2013,1,35.81672957,46.43584124,10.61911167,35.81672957,46.43584124,10.61911167,31,28
Nigeria,children_under5,stunting,adverse,ADM1,Bauchi,3,2013;2018;2024,2024,2014,2013,1,50.77330263,61.7071175,10.93381487,50.77330263,61.7071175,10.93381487,32,35
Nigeria,children_under5,stunting,adverse,ADM1,Kogi,3,2013;2018;2024,2024,2014,2013,1,23.13234256,34.62480816,11.4924656,23.13234256,34.62480816,11.4924656,33,20
Nigeria,children_under5,stunting,adverse,ADM1,Kwara,3,2013;2018;2024,2024,2014,2013,1,27.08298434,40.77285056,13.68986622,27.08298434,40.77285056,13.68986622,34,23
Nigeria,children_under5,stunting,adverse,ADM1,Borno,3,2013;2018;2024,2024,2014,2013,1,26.75722615,40.89868238,14.14145623,26.75722615,40.89868238,14.14145623,35,24
Nigeria,children_under5,stunting,adverse,ADM1,Adamawa,3,2013;2018;2024,2024,2014,2013,1,34.26194146,48.64713747,14.38519601,34.26194146,48.64713747,14.38519601,36,29
Nigeria,children_under5,stunting,adverse,ADM1,Ebonyi,3,2013;2018;2024,2024,2014,2013,1,16.15368866,31.60148979,15.44780113,16.15368866,31.60148979,15.44780113,37,19
Nigeria,children_under5,wasting,adverse,ADM1,Kaduna,3,2013;2018;2024,2024,2014,2013,1,41.73982619,5.896358091,-35.8434681,41.73982619,5.896358091,-35.8434681,1,9
Nigeria,children_under5,wasting,adverse,ADM1,Kano,3,2013;2018;2024,2024,2014,2013,1,39.72538551,10.39470898,-29.33067653,39.72538551,10.39470898,-29.33067653,2,30
Nigeria,children_under5,wasting,adverse,ADM1,Bauchi,3,2013;2018;2024,2024,2014,2013,1,23.29950575,5.24001237,-18.05949338,23.29950575,5.24001237,-18.05949338,3,4
Nigeria,children_under5,wasting,adverse,ADM1,Borno,3,2013;2018;2024,2024,2014,2013,1,28.1825478,10.33049408,-17.85205372,28.1825478,10.33049408,-17.85205372,4,29
Nigeria,children_under5,wasting,adverse,ADM1,Katsina,3,2013;2018;2024,2024,2014,2013,1,24.25379931,6.721186552,-17.53261276,24.25379931,6.721186552,-17.53261276,5,14
Nigeria,children_under5,wasting,adverse,ADM1,Yobe,3,2013;2018;2024,2024,2014,2013,1,23.57368227,10.09131788,-13.48236439,23.57368227,10.09131788,-13.48236439,6,27
Nigeria,children_under5,wasting,adverse,ADM1,Sokoto,3,2013;2018;2024,2024,2014,2013,1,19.31997979,6.035052676,-13.28492711,19.31997979,6.035052676,-13.28492711,7,11
Nigeria,children_under5,wasting,adverse,ADM1,Niger,3,2013;2018;2024,2024,2014,2013,1,17.67623141,5.794032154,-11.88219926,17.67623141,5.794032154,-11.88219926,8,7
Nigeria,children_under5,wasting,adverse,ADM1,Zamfara,3,2013;2018;2024,2024,2014,2013,1,16.16516882,5.275815423,-10.8893534,16.16516882,5.275815423,-10.8893534,9,5
Nigeria,children_under5,wasting,adverse,ADM1,Kebbi,3,2013;2018;2024,2024,2014,2013,1,18.12805747,9.552864695,-8.575192775,18.12805747,9.552864695,-8.575192775,10,24
Nigeria,children_under5,wasting,adverse,ADM1,Adamawa,3,2013;2018;2024,2024,2014,2013,1,14.53142628,6.959847223,-7.571579057,14.53142628,6.959847223,-7.571579057,11,16
Nigeria,children_under5,wasting,adverse,ADM1,Anambra,3,2013;2018;2024,2024,2014,2013,1,17.33737019,9.789366528,-7.548003662,17.33737019,9.789366528,-7.548003662,12,26
Nigeria,children_under5,wasting,adverse,ADM1,FCT Abuja,3,2013;2018;2024,2024,2014,2013,1,13.77451779,6.972642657,-6.801875133,13.77451779,6.972642657,-6.801875133,13,17
Nigeria,children_under5,wasting,adverse,ADM1,Plateau,3,2013;2018;2024,2024,2014,2013,1,10.50642376,4.771686141,-5.734737619,10.50642376,4.771686141,-5.734737619,14,2
Nigeria,children_under5,wasting,adverse,ADM1,Lagos,3,2013;2018;2024,2024,2014,2013,1,11.32858813,5.968777471,-5.359810659,11.32858813,5.968777471,-5.359810659,15,10
Nigeria,children_under5,wasting,adverse,ADM1,Gombe,3,2013;2018;2024,2024,2014,2013,1,14.15515729,8.822882214,-5.332275076,14.15515729,8.822882214,-5.332275076,16,21
Nigeria,children_under5,wasting,adverse,ADM1,Enugu,3,2013;2018;2024,2024,2014,2013,1,8.919443169,3.885584696,-5.033858473,8.919443169,3.885584696,-5.033858473,17,1
Nigeria,children_under5,wasting,adverse,ADM1,Imo,3,2013;2018;2024,2024,2014,2013,1,11.78448761,7.13242604,-4.65206157,11.78448761,7.13242604,-4.65206157,18,18
Nigeria,children_under5,wasting,adverse,ADM1,Cross River,3,2013;2018;2024,2024,2014,2013,1,9.769136337,5.623908292,-4.145228045,9.769136337,5.623908292,-4.145228045,19,6
Nigeria,children_under5,wasting,adverse,ADM1,Ebonyi,3,2013;2018;2024,2024,2014,2013,1,10.45856093,6.53616366,-3.92239727,10.45856093,6.53616366,-3.92239727,20,13
Nigeria,children_under5,wasting,adverse,ADM1,Jigawa,3,2013;2018;2024,2024,2014,2013,1,16.95974667,13.19888173,-3.76086494,16.95974667,13.19888173,-3.76086494,21,34
Nigeria,children_under5,wasting,adverse,ADM1,Kogi,3,2013;2018;2024,2024,2014,2013,1,9.452907982,5.858815758,-3.594092224,9.452907982,5.858815758,-3.594092224,22,8
Nigeria,children_under5,wasting,adverse,ADM1,Ekiti,3,2013;2018;2024,2024,2014,2013,1,8.285642328,4.97736177,-3.308280558,8.285642328,4.97736177,-3.308280558,23,3
Nigeria,children_under5,wasting,adverse,ADM1,Abia,3,2013;2018;2024,2024,2014,2013,1,10.96428101,8.22455821,-2.7397228,10.96428101,8.22455821,-2.7397228,24,20
Nigeria,children_under5,wasting,adverse,ADM1,Edo,3,2013;2018;2024,2024,2014,2013,1,10.54862361,8.001086275,-2.547537335,10.54862361,8.001086275,-2.547537335,25,19
Nigeria,children_under5,wasting,adverse,ADM1,Delta,3,2013;2018;2024,2024,2014,2013,1,16.96656328,15.13267289,-1.83389039,16.96656328,15.13267289,-1.83389039,26,37
Nigeria,children_under5,wasting,adverse,ADM1,Benue,3,2013;2018;2024,2024,2014,2013,1,7.820853666,6.740900604,-1.079953062,7.820853666,6.740900604,-1.079953062,27,15
Nigeria,children_under5,wasting,adverse,ADM1,Kwara,3,2013;2018;2024,2024,2014,2013,1,6.486013631,6.147213268,-0.338800363,6.486013631,6.147213268,-0.338800363,28,12
Nigeria,children_under5,wasting,adverse,ADM1,Nasarawa,3,2013;2018;2024,2024,2014,2013,1,9.819564531,9.567999943,-0.251564588,9.819564531,9.567999943,-0.251564588,29,25
Nigeria,children_under5,wasting,adverse,ADM1,Osun,3,2013;2018;2024,2024,2014,2013,1,11.07269418,11.83325332,0.76055914,11.07269418,11.83325332,0.76055914,30,32
Nigeria,children_under5,wasting,adverse,ADM1,Akwa Ibom,3,2013;2018;2024,2024,2014,2013,1,10.52881554,11.7771064,1.24829086,10.52881554,11.7771064,1.24829086,31,31
Nigeria,children_under5,wasting,adverse,ADM1,Taraba,3,2013;2018;2024,2024,2014,2013,1,7.889209326,9.488313678,1.599104352,7.889209326,9.488313678,1.599104352,32,23
Nigeria,children_under5,wasting,adverse,ADM1,Rivers,3,2013;2018;2024,2024,2014,2013,1,10.45580824,12.70018555,2.24437731,10.45580824,12.70018555,2.24437731,33,33
Nigeria,children_under5,wasting,adverse,ADM1,Ogun,3,2013;2018;2024,2024,2014,2013,1,10.02250944,13.41720692,3.39469748,10.02250944,13.41720692,3.39469748,34,35
Nigeria,children_under5,wasting,adverse,ADM1,Ondo,3,2013;2018;2024,2024,2014,2013,1,6.578781763,10.20967123,3.630889467,6.578781763,10.20967123,3.630889467,35,28
Nigeria,children_under5,wasting,adverse,ADM1,Bayelsa,3,2013;2018;2024,2024,2014,2013,1,5.210666153,8.895952244,3.685286091,5.210666153,8.895952244,3.685286091,36,22
Nigeria,children_under5,wasting,adverse,ADM1,Oyo,3,2013;2018;2024,2024,2014,2013,1,10.05820493,14.42265584,4.36445091,10.05820493,14.42265584,4.36445091,37,36
Nigeria,children_12_23_months,zero_dose,adverse,ADM1,Borno,3,2013;2018;2024,2024,2014,2013,1,80.47028938,31.70475949,-48.76552989,80.47028938,31.70475949,-48.76552989,1,21
Nigeria,children_12_23_months,zero_dose,adverse,ADM1,Jigawa,3,2013;2018;2024,2024,2014,2013,1,79.04887555,34.29304501,-44.75583054,79.04887555,34.29304501,-44.75583054,2,24
Nigeria,children_12_23_months,zero_dose,adverse,ADM1,Yobe,3,2013;2018;2024,2024,2014,2013,1,81.15195319,40.56465229,-40.5873009,81.15195319,40.56465229,-40.5873009,3,29
Nigeria,children_12_23_months,zero_dose,adverse,ADM1,Bauchi,3,2013;2018;2024,2024,2014,2013,1,74.89513913,37.32357799,-37.57156114,74.89513913,37.32357799,-37.57156114,4,26
Nigeria,children_12_23_months,zero_dose,adverse,ADM1,Katsina,3,2013;2018;2024,2024,2014,2013,1,76.60695053,39.8058631,-36.80108743,76.60695053,39.8058631,-36.80108743,5,27
Nigeria,children_12_23_months,zero_dose,adverse,ADM1,Kano,3,2013;2018;2024,2024,2014,2013,1,73.70923544,42.02316418,-31.68607126,73.70923544,42.02316418,-31.68607126,6,30
Nigeria,children_12_23_months,zero_dose,adverse,ADM1,Gombe,3,2013;2018;2024,2024,2014,2013,1,56.48572112,34.02587255,-22.45984857,56.48572112,34.02587255,-22.45984857,7,23
Nigeria,children_12_23_months,zero_dose,adverse,ADM1,Nasarawa,3,2013;2018;2024,2024,2014,2013,1,40.48901,20.97020666,-19.51880334,40.48901,20.97020666,-19.51880334,8,17
Nigeria,children_12_23_months,zero_dose,adverse,ADM1,Delta,3,2013;2018;2024,2024,2014,2013,1,26.81716279,7.590002729,-19.22716006,26.81716279,7.590002729,-19.22716006,9,9
Nigeria,children_12_23_months,zero_dose,adverse,ADM1,Taraba,3,2013;2018;2024,2024,2014,2013,1,56.80651356,40.24727399,-16.55923957,56.80651356,40.24727399,-16.55923957,10,28
Nigeria,children_12_23_months,zero_dose,adverse,ADM1,Benue,3,2013;2018;2024,2024,2014,2013,1,44.37747812,32.01195044,-12.36552768,44.37747812,32.01195044,-12.36552768,11,22
Nigeria,children_12_23_months,zero_dose,adverse,ADM1,Kebbi,3,2013;2018;2024,2024,2014,2013,1,95.12697197,84.03315111,-11.09382086,95.12697197,84.03315111,-11.09382086,12,36
Nigeria,children_12_23_months,zero_dose,adverse,ADM1,Sokoto,3,2013;2018;2024,2024,2014,2013,1,96.64276897,86.27255649,-10.37021248,96.64276897,86.27255649,-10.37021248,13,37
Nigeria,children_12_23_months,zero_dose,adverse,ADM1,FCT Abuja,3,2013;2018;2024,2024,2014,2013,1,16.05232059,6.19172019,-9.8606004,16.05232059,6.19172019,-9.8606004,14,7
Nigeria,children_12_23_months,zero_dose,adverse,ADM1,Ondo,3,2013;2018;2024,2024,2014,2013,1,29.65095714,19.83977563,-9.81118151,29.65095714,19.83977563,-9.81118151,15,15
Nigeria,children_12_23_months,zero_dose,adverse,ADM1,Cross River,3,2013;2018;2024,2024,2014,2013,1,11.72823028,2.788505654,-8.939724626,11.72823028,2.788505654,-8.939724626,16,3
Nigeria,children_12_23_months,zero_dose,adverse,ADM1,Ebonyi,3,2013;2018;2024,2024,2014,2013,1,11.30936053,3.002995162,-8.306365368,11.30936053,3.002995162,-8.306365368,17,4
Nigeria,children_12_23_months,zero_dose,adverse,ADM1,Lagos,3,2013;2018;2024,2024,2014,2013,1,8.992532,1.096066604,-7.896465396,8.992532,1.096066604,-7.896465396,18,1
Nigeria,children_12_23_months,zero_dose,adverse,ADM1,Edo,3,2013;2018;2024,2024,2014,2013,1,8.778275597,2.091662959,-6.686612638,8.778275597,2.091662959,-6.686612638,19,2
Nigeria,children_12_23_months,zero_dose,adverse,ADM1,Zamfara,3,2013;2018;2024,2024,2014,2013,1,87.76450783,82.62359886,-5.14090897,87.76450783,82.62359886,-5.14090897,20,35
Nigeria,children_12_23_months,zero_dose,adverse,ADM1,Bayelsa,3,2013;2018;2024,2024,2014,2013,1,20.94752476,17.23842012,-3.70910464,20.94752476,17.23842012,-3.70910464,21,14
Nigeria,children_12_23_months,zero_dose,adverse,ADM1,Plateau,3,2013;2018;2024,2024,2014,2013,1,38.0597957,35.29387356,-2.76592214,38.0597957,35.29387356,-2.76592214,22,25
Nigeria,children_12_23_months,zero_dose,adverse,ADM1,Ogun,3,2013;2018;2024,2024,2014,2013,1,22.49756906,20.17371126,-2.3238578,22.49756906,20.17371126,-2.3238578,23,16
Nigeria,children_12_23_months,zero_dose,adverse,ADM1,Imo,3,2013;2018;2024,2024,2014,2013,1,8.287771404,6.719030045,-1.568741359,8.287771404,6.719030045,-1.568741359,24,8
Nigeria,children_12_23_months,zero_dose,adverse,ADM1,Abia,3,2013;2018;2024,2024,2014,2013,1,6.630331462,5.45723019,-1.173101272,6.630331462,5.45723019,-1.173101272,25,5
Nigeria,children_12_23_months,zero_dose,adverse,ADM1,Oyo,3,2013;2018;2024,2024,2014,2013,1,29.4033108,29.43410814,0.03079734,29.4033108,29.43410814,0.03079734,26,20
Nigeria,children_12_23_months,zero_dose,adverse,ADM1,Enugu,3,2013;2018;2024,2024,2014,2013,1,11.66923405,12.83170451,1.16247046,11.66923405,12.83170451,1.16247046,27,10
Nigeria,children_12_23_months,zero_dose,adverse,ADM1,Anambra,3,2013;2018;2024,2024,2014,2013,1,12.00997612,14.92877653,2.91880041,12.00997612,14.92877653,2.91880041,28,12
Nigeria,children_12_23_months,zero_dose,adverse,ADM1,Ekiti,3,2013;2018;2024,2024,2014,2013,1,2.398311788,6.015148228,3.61683644,2.398311788,6.015148228,3.61683644,29,6
Nigeria,children_12_23_months,zero_dose,adverse,ADM1,Akwa Ibom,3,2013;2018;2024,2024,2014,2013,1,10.47495423,15.13765264,4.66269841,10.47495423,15.13765264,4.66269841,30,13
Nigeria,children_12_23_months,zero_dose,adverse,ADM1,Osun,3,2013;2018;2024,2024,2014,2013,1,7.81456721,12.93826467,5.12369746,7.81456721,12.93826467,5.12369746,31,11
Nigeria,children_12_23_months,zero_dose,adverse,ADM1,Kaduna,3,2013;2018;2024,2024,2014,2013,1,39.49177146,45.6071497,6.11537824,39.49177146,45.6071497,6.11537824,32,31
Nigeria,children_12_23_months,zero_dose,adverse,ADM1,Adamawa,3,2013;2018;2024,2024,2014,2013,1,21.00862126,29.11831667,8.10969541,21.00862126,29.11831667,8.10969541,33,19
Nigeria,children_12_23_months,zero_dose,adverse,ADM1,Niger,3,2013;2018;2024,2024,2014,2013,1,47.33708168,56.63335768,9.296276,47.33708168,56.63335768,9.296276,34,33
Nigeria,children_12_23_months,zero_dose,adverse,ADM1,Rivers,3,2013;2018;2024,2024,2014,2013,1,12.05579924,22.01150502,9.95570578,12.05579924,22.01150502,9.95570578,35,18
Nigeria,children_12_23_months,zero_dose,adverse,ADM1,Kwara,3,2013;2018;2024,2024,2014,2013,1,26.51850262,51.74169935,25.22319673,26.51850262,51.74169935,25.22319673,36,32
Nigeria,children_12_23_months,zero_dose,adverse,ADM1,Kogi,3,2013;2018;2024,2024,2014,2013,1,12.86721606,56.97488153,44.10766547,12.86721606,56.97488153,44.10766547,37,34
