country,survey_year,survey_source,survey_id,population,indicator,admin_level,admin_name,admin_norm,estimate,se,ci_l,ci_u,unweighted_n,survey_order,survey_label
DRC,2013,DHS,,,anc_skilled_provider,ADM1,Bas-Uele,bas uele,85.975525,4.520834,77.114853,94.836197,285,1,2013 DHS
DRC,2024,DHS,,,anc_skilled_provider,ADM1,Bas-Uele,bas uele,53.497572,7.845612,38.120455,68.874689,277,2,2023–24 DHS
DRC,2013,DHS,,,anc_skilled_provider,ADM1,Equateur,equateur,89.113832,2.960416,83.311523,94.91614,345,1,2013 DHS
DRC,2024,DHS,,,anc_skilled_provider,ADM1,Equateur,equateur,80.859216,4.497876,72.04354,89.674891,321,2,2023–24 DHS
DRC,2013,DHS,,,anc_skilled_provider,ADM1,Haut-Katanga,haut katanga,85.915643,2.71035,80.603454,91.227831,356,1,2013 DHS
DRC,2024,DHS,,,anc_skilled_provider,ADM1,Haut-Katanga,haut katanga,84.712821,3.10178,78.633444,90.792198,401,2,2023–24 DHS
DRC,2013,DHS,,,anc_skilled_provider,ADM1,Haut-Lomami,haut lomami,76.458249,6.158063,64.388667,88.527831,376,1,2013 DHS
DRC,2024,DHS,,,anc_skilled_provider,ADM1,Haut-Lomami,haut lomami,74.698618,3.257591,68.313857,81.083379,487,2,2023–24 DHS
DRC,2013,DHS,,,anc_skilled_provider,ADM1,Haut-Uele,haut uele,93.445855,1.642654,90.226313,96.665396,283,1,2013 DHS
DRC,2024,DHS,,,anc_skilled_provider,ADM1,Haut-Uele,haut uele,82.19245,4.162912,74.033291,90.351608,219,2,2023–24 DHS
DRC,2013,DHS,,,anc_skilled_provider,ADM1,Ituri,ituri,93.868584,1.391588,91.141122,96.596047,365,1,2013 DHS
DRC,2024,DHS,,,anc_skilled_provider,ADM1,Ituri,ituri,81.248667,4.568126,72.295304,90.202029,386,2,2023–24 DHS
DRC,2013,DHS,,,anc_skilled_provider,ADM1,Kasai,kasai,86.131734,3.319025,79.626564,92.636904,509,1,2013 DHS
DRC,2024,DHS,,,anc_skilled_provider,ADM1,Kasai,kasai,69.987873,3.014965,64.078649,75.897096,411,2,2023–24 DHS
DRC,2013,DHS,,,anc_skilled_provider,ADM1,Kasai Central,kasai central,90.89712,1.991704,86.993452,94.800788,465,1,2013 DHS
DRC,2024,DHS,,,anc_skilled_provider,ADM1,Kasai Central,kasai central,92.630632,2.205064,88.308787,96.952477,492,2,2023–24 DHS
DRC,2013,DHS,,,anc_skilled_provider,ADM1,Kasai Oriental,kasai oriental,85.26257,3.457495,78.486005,92.039135,411,1,2013 DHS
DRC,2024,DHS,,,anc_skilled_provider,ADM1,Kasai Oriental,kasai oriental,80.516627,4.249938,72.186902,88.846351,339,2,2023–24 DHS
DRC,2013,DHS,,,anc_skilled_provider,ADM1,Kinshasa,kinshasa,96.433763,0.766506,94.931438,97.936087,686,1,2013 DHS
DRC,2024,DHS,,,anc_skilled_provider,ADM1,Kinshasa,kinshasa,94.996178,1.17327,92.696611,97.295745,282,2,2023–24 DHS
DRC,2013,DHS,,,anc_skilled_provider,ADM1,Kongo Central,kongo central,95.148756,1.313277,92.574781,97.722731,588,1,2013 DHS
DRC,2024,DHS,,,anc_skilled_provider,ADM1,Kongo Central,kongo central,83.960688,3.534902,77.032407,90.88897,204,2,2023–24 DHS
DRC,2013,DHS,,,anc_skilled_provider,ADM1,Kwango,kwango,81.923405,3.904061,74.271585,89.575225,500,1,2013 DHS
DRC,2024,DHS,,,anc_skilled_provider,ADM1,Kwango,kwango,80.948675,5.722975,69.73185,92.165499,313,2,2023–24 DHS
DRC,2013,DHS,,,anc_skilled_provider,ADM1,Kwilu,kwilu,94.734022,1.331289,92.124743,97.343301,588,1,2013 DHS
DRC,2024,DHS,,,anc_skilled_provider,ADM1,Kwilu,kwilu,87.306645,2.288254,82.821751,91.79154,330,2,2023–24 DHS
DRC,2013,DHS,,,anc_skilled_provider,ADM1,Lomami,lomami,80.800699,6.177661,68.692706,92.908693,497,1,2013 DHS
DRC,2024,DHS,,,anc_skilled_provider,ADM1,Lomami,lomami,69.75455,5.332608,59.30283,80.20627,402,2,2023–24 DHS
DRC,2013,DHS,,,anc_skilled_provider,ADM1,Lualaba,lualaba,90.775518,2.624224,85.632134,95.918902,284,1,2013 DHS
DRC,2024,DHS,,,anc_skilled_provider,ADM1,Lualaba,lualaba,88.052364,4.046599,80.121176,95.983551,417,2,2023–24 DHS
DRC,2013,DHS,,,anc_skilled_provider,ADM1,Mai-Ndombe,mai ndombe,90.084847,2.66968,84.85237,95.317323,430,1,2013 DHS
DRC,2024,DHS,,,anc_skilled_provider,ADM1,Mai-Ndombe,mai ndombe,92.962728,3.194525,86.701574,99.223882,208,2,2023–24 DHS
DRC,2013,DHS,,,anc_skilled_provider,ADM1,Maniema,maniema,91.712288,2.841844,86.142375,97.282201,549,1,2013 DHS
DRC,2024,DHS,,,anc_skilled_provider,ADM1,Maniema,maniema,81.404895,3.816163,73.925352,88.884438,453,2,2023–24 DHS
DRC,2013,DHS,,,anc_skilled_provider,ADM1,Mongala,mongala,77.411583,3.965951,69.638462,85.184705,369,1,2013 DHS
DRC,2024,DHS,,,anc_skilled_provider,ADM1,Mongala,mongala,82.070772,5.82801,70.648083,93.493461,355,2,2023–24 DHS
DRC,2013,DHS,,,anc_skilled_provider,ADM1,Nord-Kivu,nord kivu,97.445999,0.677266,96.118582,98.773415,641,1,2013 DHS
DRC,2024,DHS,,,anc_skilled_provider,ADM1,Nord-Kivu,nord kivu,98.430124,0.734545,96.990442,99.869805,427,2,2023–24 DHS
DRC,2013,DHS,,,anc_skilled_provider,ADM1,Nord Ubangi,nord ubangi,86.882122,3.743517,79.544964,94.219281,343,1,2013 DHS
DRC,2024,DHS,,,anc_skilled_provider,ADM1,Nord Ubangi,nord ubangi,89.169379,3.258223,82.78338,95.555378,359,2,2023–24 DHS
DRC,2013,DHS,,,anc_skilled_provider,ADM1,Sankuru,sankuru,69.838993,5.837641,58.397426,81.28056,388,1,2013 DHS
DRC,2024,DHS,,,anc_skilled_provider,ADM1,Sankuru,sankuru,48.005846,4.451524,39.28102,56.730672,281,2,2023–24 DHS
DRC,2013,DHS,,,anc_skilled_provider,ADM1,Sud-Kivu,sud kivu,95.798278,1.233674,93.380322,98.216234,610,1,2013 DHS
DRC,2024,DHS,,,anc_skilled_provider,ADM1,Sud-Kivu,sud kivu,95.007291,1.465015,92.135915,97.878667,445,2,2023–24 DHS
DRC,2013,DHS,,,anc_skilled_provider,ADM1,Sud Ubangi,sud ubangi,89.266522,2.283693,84.790566,93.742479,355,1,2013 DHS
DRC,2024,DHS,,,anc_skilled_provider,ADM1,Sud Ubangi,sud ubangi,76.959589,3.45201,70.193774,83.725403,451,2,2023–24 DHS
DRC,2013,DHS,,,anc_skilled_provider,ADM1,Tanganyika,tanganyika,50.664282,4.694462,41.463306,59.865257,395,1,2013 DHS
DRC,2024,DHS,,,anc_skilled_provider,ADM1,Tanganyika,tanganyika,58.346524,8.569295,41.551015,75.142033,384,2,2023–24 DHS
DRC,2013,DHS,,,anc_skilled_provider,ADM1,Tshopo,tshopo,79.945867,6.596015,67.017915,92.873818,336,1,2013 DHS
DRC,2024,DHS,,,anc_skilled_provider,ADM1,Tshopo,tshopo,79.979817,7.163123,65.940354,94.01928,343,2,2023–24 DHS
DRC,2013,DHS,,,anc_skilled_provider,ADM1,Tshuapa,tshuapa,68.627686,6.643038,55.607572,81.647801,339,1,2013 DHS
DRC,2024,DHS,,,anc_skilled_provider,ADM1,Tshuapa,tshuapa,62.29405,4.871773,52.74555,71.842551,320,2,2023–24 DHS
DRC,2013,DHS,,,anc4plus,ADM1,Bas-Uele,bas uele,39.572666,9.96684,20.038018,59.107315,283,1,2013 DHS
DRC,2024,DHS,,,anc4plus,ADM1,Bas-Uele,bas uele,24.25363,5.929883,12.631273,35.875987,270,2,2023–24 DHS
DRC,2013,DHS,,,anc4plus,ADM1,Equateur,equateur,65.346516,6.175695,53.242376,77.450655,344,1,2013 DHS
DRC,2024,DHS,,,anc4plus,ADM1,Equateur,equateur,48.688968,6.481857,35.984762,61.393173,321,2,2023–24 DHS
DRC,2013,DHS,,,anc4plus,ADM1,Haut-Katanga,haut katanga,47.46886,4.4125,38.820519,56.117202,356,1,2013 DHS
DRC,2024,DHS,,,anc4plus,ADM1,Haut-Katanga,haut katanga,47.965755,5.195718,37.782334,58.149176,400,2,2023–24 DHS
DRC,2013,DHS,,,anc4plus,ADM1,Haut-Lomami,haut lomami,41.79437,7.03361,28.008749,55.579992,374,1,2013 DHS
DRC,2024,DHS,,,anc4plus,ADM1,Haut-Lomami,haut lomami,34.381983,3.229135,28.052995,40.71097,487,2,2023–24 DHS
DRC,2013,DHS,,,anc4plus,ADM1,Haut-Uele,haut uele,48.676925,3.357424,42.096495,55.257355,272,1,2013 DHS
DRC,2024,DHS,,,anc4plus,ADM1,Haut-Uele,haut uele,30.473965,3.870326,22.888267,38.059664,219,2,2023–24 DHS
DRC,2013,DHS,,,anc4plus,ADM1,Ituri,ituri,56.512938,5.296017,46.132936,66.892941,359,1,2013 DHS
DRC,2024,DHS,,,anc4plus,ADM1,Ituri,ituri,39.702706,2.839788,34.136825,45.268588,384,2,2023–24 DHS
DRC,2013,DHS,,,anc4plus,ADM1,Kasai,kasai,43.521968,2.848586,37.938841,49.105094,508,1,2013 DHS
DRC,2024,DHS,,,anc4plus,ADM1,Kasai,kasai,26.604883,6.801005,13.275159,39.934608,408,2,2023–24 DHS
DRC,2013,DHS,,,anc4plus,ADM1,Kasai Central,kasai central,43.300453,5.058457,33.386058,53.214847,464,1,2013 DHS
DRC,2024,DHS,,,anc4plus,ADM1,Kasai Central,kasai central,43.295979,3.506245,36.423865,50.168093,492,2,2023–24 DHS
DRC,2013,DHS,,,anc4plus,ADM1,Kasai Oriental,kasai oriental,56.834348,3.483871,50.006087,63.66261,411,1,2013 DHS
DRC,2024,DHS,,,anc4plus,ADM1,Kasai Oriental,kasai oriental,34.698145,4.545622,25.788889,43.607401,339,2,2023–24 DHS
DRC,2013,DHS,,,anc4plus,ADM1,Kinshasa,kinshasa,74.236269,2.174058,69.975194,78.497344,683,1,2013 DHS
DRC,2024,DHS,,,anc4plus,ADM1,Kinshasa,kinshasa,69.19981,3.091446,63.140688,75.258932,282,2,2023–24 DHS
DRC,2013,DHS,,,anc4plus,ADM1,Kongo Central,kongo central,39.058061,4.646844,29.950413,48.165709,585,1,2013 DHS
DRC,2024,DHS,,,anc4plus,ADM1,Kongo Central,kongo central,46.591919,4.509343,37.75377,55.430069,204,2,2023–24 DHS
DRC,2013,DHS,,,anc4plus,ADM1,Kwango,kwango,27.990395,3.764851,20.611422,35.369368,499,1,2013 DHS
DRC,2024,DHS,,,anc4plus,ADM1,Kwango,kwango,28.543366,5.002835,18.737989,38.348742,313,2,2023–24 DHS
DRC,2013,DHS,,,anc4plus,ADM1,Kwilu,kwilu,51.024096,3.615234,43.938367,58.109825,585,1,2013 DHS
DRC,2024,DHS,,,anc4plus,ADM1,Kwilu,kwilu,49.32902,5.448985,38.649206,60.008835,330,2,2023–24 DHS
DRC,2013,DHS,,,anc4plus,ADM1,Lomami,lomami,38.853656,4.470914,30.090825,47.616487,476,1,2013 DHS
DRC,2024,DHS,,,anc4plus,ADM1,Lomami,lomami,31.705168,3.928071,24.00629,39.404045,402,2,2023–24 DHS
DRC,2013,DHS,,,anc4plus,ADM1,Lualaba,lualaba,52.568414,3.885072,44.953813,60.183016,284,1,2013 DHS
DRC,2024,DHS,,,anc4plus,ADM1,Lualaba,lualaba,56.845866,5.262666,46.531231,67.160501,416,2,2023–24 DHS
DRC,2013,DHS,,,anc4plus,ADM1,Mai-Ndombe,mai ndombe,61.381791,4.089057,53.367387,69.396195,427,1,2013 DHS
DRC,2024,DHS,,,anc4plus,ADM1,Mai-Ndombe,mai ndombe,62.428795,6.458511,49.770346,75.087243,208,2,2023–24 DHS
DRC,2013,DHS,,,anc4plus,ADM1,Maniema,maniema,39.338688,3.740254,32.007926,46.669451,548,1,2013 DHS
DRC,2024,DHS,,,anc4plus,ADM1,Maniema,maniema,29.817499,3.012601,23.91291,35.722089,452,2,2023–24 DHS
DRC,2013,DHS,,,anc4plus,ADM1,Mongala,mongala,47.278443,4.985335,37.507365,57.049521,362,1,2013 DHS
DRC,2024,DHS,,,anc4plus,ADM1,Mongala,mongala,45.638067,4.217576,37.37177,53.904364,355,2,2023–24 DHS
DRC,2013,DHS,,,anc4plus,ADM1,Nord-Kivu,nord kivu,56.771075,5.210194,46.559283,66.982867,638,1,2013 DHS
DRC,2024,DHS,,,anc4plus,ADM1,Nord-Kivu,nord kivu,50.668947,4.186123,42.464298,58.873597,425,2,2023–24 DHS
DRC,2013,DHS,,,anc4plus,ADM1,Nord Ubangi,nord ubangi,42.813713,4.521678,33.951387,51.676039,338,1,2013 DHS
DRC,2024,DHS,,,anc4plus,ADM1,Nord Ubangi,nord ubangi,40.777702,7.316276,26.438065,55.117339,357,2,2023–24 DHS
DRC,2013,DHS,,,anc4plus,ADM1,Sankuru,sankuru,27.727223,8.381951,11.2989,44.155546,387,1,2013 DHS
DRC,2024,DHS,,,anc4plus,ADM1,Sankuru,sankuru,14.184444,3.601164,7.126292,21.242595,280,2,2023–24 DHS
DRC,2013,DHS,,,anc4plus,ADM1,Sud-Kivu,sud kivu,35.260602,3.937062,27.544103,42.977101,610,1,2013 DHS
DRC,2024,DHS,,,anc4plus,ADM1,Sud-Kivu,sud kivu,61.335376,4.700957,52.121669,70.549083,445,2,2023–24 DHS
DRC,2013,DHS,,,anc4plus,ADM1,Sud Ubangi,sud ubangi,54.590128,6.688781,41.480357,67.699899,354,1,2013 DHS
DRC,2024,DHS,,,anc4plus,ADM1,Sud Ubangi,sud ubangi,39.788027,3.739306,32.459123,47.116932,450,2,2023–24 DHS
DRC,2013,DHS,,,anc4plus,ADM1,Tanganyika,tanganyika,28.744074,5.523488,17.918237,39.569911,395,1,2013 DHS
DRC,2024,DHS,,,anc4plus,ADM1,Tanganyika,tanganyika,25.468926,3.371451,18.861004,32.076849,382,2,2023–24 DHS
DRC,2013,DHS,,,anc4plus,ADM1,Tshopo,tshopo,49.277575,4.855588,39.760798,58.794352,334,1,2013 DHS
DRC,2024,DHS,,,anc4plus,ADM1,Tshopo,tshopo,49.27738,6.417624,36.699069,61.855692,342,2,2023–24 DHS
DRC,2013,DHS,,,anc4plus,ADM1,Tshuapa,tshuapa,35.818544,6.665654,22.754102,48.882986,338,1,2013 DHS
DRC,2024,DHS,,,anc4plus,ADM1,Tshuapa,tshuapa,24.070656,4.118437,15.998668,32.142643,317,2,2023–24 DHS
DRC,2013,DHS,,,diarrhea_care_seeking,ADM1,Bas-Uele,bas uele,34.847447,7.155641,20.822649,48.872246,62,1,2013 DHS
DRC,2024,DHS,,,diarrhea_care_seeking,ADM1,Bas-Uele,bas uele,31.183101,9.5512,12.463093,49.903109,102,2,2023–24 DHS
DRC,2013,DHS,,,diarrhea_care_seeking,ADM1,Equateur,equateur,49.252899,6.326786,36.852625,61.653172,48,1,2013 DHS
DRC,2024,DHS,,,diarrhea_care_seeking,ADM1,Equateur,equateur,63.177708,5.198711,52.988421,73.366995,94,2,2023–24 DHS
DRC,2013,DHS,,,diarrhea_care_seeking,ADM1,Haut-Katanga,haut katanga,25.776,6.214109,13.596571,37.955429,100,1,2013 DHS
DRC,2024,DHS,,,diarrhea_care_seeking,ADM1,Haut-Katanga,haut katanga,31.766891,10.843442,10.514136,53.019646,128,2,2023–24 DHS
DRC,2013,DHS,,,diarrhea_care_seeking,ADM1,Haut-Lomami,haut lomami,37.90744,6.312204,25.535748,50.279132,115,1,2013 DHS
DRC,2024,DHS,,,diarrhea_care_seeking,ADM1,Haut-Lomami,haut lomami,54.886096,4.501864,46.062604,63.709588,178,2,2023–24 DHS
DRC,2013,DHS,,,diarrhea_care_seeking,ADM1,Haut-Uele,haut uele,54.669336,9.280789,36.479323,72.859348,53,1,2013 DHS
DRC,2024,DHS,,,diarrhea_care_seeking,ADM1,Haut-Uele,haut uele,36.326261,9.160163,18.372671,54.279851,97,2,2023–24 DHS
DRC,2013,DHS,,,diarrhea_care_seeking,ADM1,Ituri,ituri,28.184095,8.709101,11.114572,45.253619,62,1,2013 DHS
DRC,2024,DHS,,,diarrhea_care_seeking,ADM1,Ituri,ituri,41.539313,4.66505,32.395983,50.682643,187,2,2023–24 DHS
DRC,2013,DHS,,,diarrhea_care_seeking,ADM1,Kasai,kasai,34.042289,3.574431,27.036533,41.048045,179,1,2013 DHS
DRC,2024,DHS,,,diarrhea_care_seeking,ADM1,Kasai,kasai,43.359945,5.177514,33.212204,53.507686,174,2,2023–24 DHS
DRC,2013,DHS,,,diarrhea_care_seeking,ADM1,Kasai Central,kasai central,40.350329,7.018392,26.594535,54.106124,178,1,2013 DHS
DRC,2024,DHS,,,diarrhea_care_seeking,ADM1,Kasai Central,kasai central,45.997712,2.926433,40.26201,51.733415,295,2,2023–24 DHS
DRC,2013,DHS,,,diarrhea_care_seeking,ADM1,Kasai Oriental,kasai oriental,20.668852,2.4924,15.783838,25.553866,133,1,2013 DHS
DRC,2024,DHS,,,diarrhea_care_seeking,ADM1,Kasai Oriental,kasai oriental,26.674335,5.199673,16.483164,36.865507,187,2,2023–24 DHS
DRC,2013,DHS,,,diarrhea_care_seeking,ADM1,Kinshasa,kinshasa,37.938496,3.640033,30.804162,45.072829,169,1,2013 DHS
DRC,2024,DHS,,,diarrhea_care_seeking,ADM1,Kinshasa,kinshasa,32.032421,6.028615,20.216553,43.848289,75,2,2023–24 DHS
DRC,2013,DHS,,,diarrhea_care_seeking,ADM1,Kongo Central,kongo central,47.094104,5.733375,35.856896,58.331313,122,1,2013 DHS
DRC,2024,DHS,,,diarrhea_care_seeking,ADM1,Kongo Central,kongo central,33.41584,10.045292,13.727429,53.104251,31,2,2023–24 DHS
DRC,2013,DHS,,,diarrhea_care_seeking,ADM1,Kwango,kwango,44.693695,6.531242,31.892697,57.494694,96,1,2013 DHS
DRC,2024,DHS,,,diarrhea_care_seeking,ADM1,Kwango,kwango,37.228222,4.155917,29.082775,45.37367,94,2,2023–24 DHS
DRC,2013,DHS,,,diarrhea_care_seeking,ADM1,Kwilu,kwilu,25.384398,6.69795,12.256658,38.512138,125,1,2013 DHS
DRC,2024,DHS,,,diarrhea_care_seeking,ADM1,Kwilu,kwilu,36.643747,6.404992,24.090194,49.1973,70,2,2023–24 DHS
DRC,2013,DHS,,,diarrhea_care_seeking,ADM1,Lomami,lomami,39.509656,7.527756,24.755524,54.263787,172,1,2013 DHS
DRC,2024,DHS,,,diarrhea_care_seeking,ADM1,Lomami,lomami,42.555252,5.575213,31.628034,53.482469,100,2,2023–24 DHS
DRC,2013,DHS,,,diarrhea_care_seeking,ADM1,Lualaba,lualaba,42.186418,4.560302,33.24839,51.124446,83,1,2013 DHS
DRC,2024,DHS,,,diarrhea_care_seeking,ADM1,Lualaba,lualaba,39.955468,5.286212,29.594682,50.316253,131,2,2023–24 DHS
DRC,2013,DHS,,,diarrhea_care_seeking,ADM1,Mai-Ndombe,mai ndombe,50.046181,9.831228,30.777329,69.315034,82,1,2013 DHS
DRC,2024,DHS,,,diarrhea_care_seeking,ADM1,Mai-Ndombe,mai ndombe,48.549885,11.685856,25.646029,71.453741,40,2,2023–24 DHS
DRC,2013,DHS,,,diarrhea_care_seeking,ADM1,Maniema,maniema,70.29766,7.901277,54.811442,85.783879,81,1,2013 DHS
DRC,2024,DHS,,,diarrhea_care_seeking,ADM1,Maniema,maniema,53.703277,3.877401,46.10371,61.302844,148,2,2023–24 DHS
DRC,2013,DHS,,,diarrhea_care_seeking,ADM1,Mongala,mongala,51.222973,4.831603,41.753206,60.69274,75,1,2013 DHS
DRC,2024,DHS,,,diarrhea_care_seeking,ADM1,Mongala,mongala,38.775898,5.48023,28.034844,49.516952,147,2,2023–24 DHS
DRC,2013,DHS,,,diarrhea_care_seeking,ADM1,Nord-Kivu,nord kivu,41.504396,6.894778,27.99088,55.017912,160,1,2013 DHS
DRC,2024,DHS,,,diarrhea_care_seeking,ADM1,Nord-Kivu,nord kivu,83.455488,5.173489,73.315635,93.595341,120,2,2023–24 DHS
DRC,2013,DHS,,,diarrhea_care_seeking,ADM1,Nord Ubangi,nord ubangi,30.798691,6.135368,18.77359,42.823792,86,1,2013 DHS
DRC,2024,DHS,,,diarrhea_care_seeking,ADM1,Nord Ubangi,nord ubangi,51.104009,7.896643,35.626874,66.581145,135,2,2023–24 DHS
DRC,2013,DHS,,,diarrhea_care_seeking,ADM1,Sankuru,sankuru,38.753164,6.577873,25.86077,51.645558,114,1,2013 DHS
DRC,2024,DHS,,,diarrhea_care_seeking,ADM1,Sankuru,sankuru,64.205612,13.534251,37.678967,90.732257,64,2,2023–24 DHS
DRC,2013,DHS,,,diarrhea_care_seeking,ADM1,Sud-Kivu,sud kivu,46.088107,3.627114,38.979094,53.197119,222,1,2013 DHS
DRC,2024,DHS,,,diarrhea_care_seeking,ADM1,Sud-Kivu,sud kivu,54.834524,5.276128,44.493504,65.175544,166,2,2023–24 DHS
DRC,2013,DHS,,,diarrhea_care_seeking,ADM1,Sud Ubangi,sud ubangi,34.756893,7.340469,20.369838,49.143949,96,1,2013 DHS
DRC,2024,DHS,,,diarrhea_care_seeking,ADM1,Sud Ubangi,sud ubangi,53.86655,5.895,42.312563,65.420538,141,2,2023–24 DHS
DRC,2013,DHS,,,diarrhea_care_seeking,ADM1,Tanganyika,tanganyika,48.990533,10.960376,27.508591,70.472476,83,1,2013 DHS
DRC,2024,DHS,,,diarrhea_care_seeking,ADM1,Tanganyika,tanganyika,34.47364,9.132693,16.573891,52.373389,61,2,2023–24 DHS
DRC,2013,DHS,,,diarrhea_care_seeking,ADM1,Tshopo,tshopo,44.168516,8.463498,27.580364,60.756667,37,1,2013 DHS
DRC,2024,DHS,,,diarrhea_care_seeking,ADM1,Tshopo,tshopo,33.603736,6.108298,21.631691,45.575781,132,2,2023–24 DHS
DRC,2013,DHS,,,diarrhea_care_seeking,ADM1,Tshuapa,tshuapa,27.749667,4.674759,18.587308,36.912027,85,1,2013 DHS
DRC,2024,DHS,,,diarrhea_care_seeking,ADM1,Tshuapa,tshuapa,42.056831,3.975268,34.265448,49.848213,159,2,2023–24 DHS
DRC,2013,DHS,,,dpt3,ADM1,Bas-Uele,bas uele,34.678805,4.425447,26.005087,43.352522,93,1,2013 DHS
DRC,2024,DHS,,,dpt3,ADM1,Bas-Uele,bas uele,14.173656,4.589336,5.178723,23.168589,116,2,2023–24 DHS
DRC,2013,DHS,,,dpt3,ADM1,Equateur,equateur,60.559545,6.607746,47.608601,73.510489,114,1,2013 DHS
DRC,2024,DHS,,,dpt3,ADM1,Equateur,equateur,28.415258,6.197391,16.268595,40.56192,150,2,2023–24 DHS
DRC,2013,DHS,,,dpt3,ADM1,Haut-Katanga,haut katanga,68.322185,8.374448,51.908568,84.735802,118,1,2013 DHS
DRC,2024,DHS,,,dpt3,ADM1,Haut-Katanga,haut katanga,58.372427,4.027212,50.479235,66.265618,202,2,2023–24 DHS
DRC,2013,DHS,,,dpt3,ADM1,Haut-Lomami,haut lomami,50.118121,7.80387,34.822817,65.413425,121,1,2013 DHS
DRC,2024,DHS,,,dpt3,ADM1,Haut-Lomami,haut lomami,37.660593,5.291128,27.290173,48.031014,221,2,2023–24 DHS
DRC,2013,DHS,,,dpt3,ADM1,Haut-Uele,haut uele,37.521998,17.899309,2.439996,72.603999,73,1,2013 DHS
DRC,2024,DHS,,,dpt3,ADM1,Haut-Uele,haut uele,25.43724,6.94585,11.823625,39.050856,93,2,2023–24 DHS
DRC,2013,DHS,,,dpt3,ADM1,Ituri,ituri,57.465769,9.694247,38.465393,76.466145,101,1,2013 DHS
DRC,2024,DHS,,,dpt3,ADM1,Ituri,ituri,56.29713,6.751291,43.064843,69.529417,176,2,2023–24 DHS
DRC,2013,DHS,,,dpt3,ADM1,Kasai,kasai,44.265354,6.009352,32.487242,56.043467,148,1,2013 DHS
DRC,2024,DHS,,,dpt3,ADM1,Kasai,kasai,31.802401,5.46691,21.087455,42.517348,182,2,2023–24 DHS
DRC,2013,DHS,,,dpt3,ADM1,Kasai Central,kasai central,64.828468,7.773709,49.592279,80.064657,148,1,2013 DHS
DRC,2024,DHS,,,dpt3,ADM1,Kasai Central,kasai central,69.006412,6.187316,56.879496,81.133329,222,2,2023–24 DHS
DRC,2013,DHS,,,dpt3,ADM1,Kasai Oriental,kasai oriental,70.455078,3.56798,63.461965,77.448191,133,1,2013 DHS
DRC,2024,DHS,,,dpt3,ADM1,Kasai Oriental,kasai oriental,51.687298,4.621988,42.628368,60.746229,148,2,2023–24 DHS
DRC,2013,DHS,,,dpt3,ADM1,Kinshasa,kinshasa,83.740101,3.447827,76.982486,90.497717,200,1,2013 DHS
DRC,2024,DHS,,,dpt3,ADM1,Kinshasa,kinshasa,82.481503,3.827314,74.980105,89.982902,116,2,2023–24 DHS
DRC,2013,DHS,,,dpt3,ADM1,Kongo Central,kongo central,84.053914,4.627246,74.984678,93.123149,182,1,2013 DHS
DRC,2024,DHS,,,dpt3,ADM1,Kongo Central,kongo central,37.562662,8.472382,20.957098,54.168226,99,2,2023–24 DHS
DRC,2013,DHS,,,dpt3,ADM1,Kwango,kwango,67.525799,5.222754,57.28939,77.762208,147,1,2013 DHS
DRC,2024,DHS,,,dpt3,ADM1,Kwango,kwango,45.217318,7.097894,31.305701,59.128935,150,2,2023–24 DHS
DRC,2013,DHS,,,dpt3,ADM1,Kwilu,kwilu,62.331851,6.442292,49.70519,74.958512,177,1,2013 DHS
DRC,2024,DHS,,,dpt3,ADM1,Kwilu,kwilu,40.762585,7.519528,26.024581,55.500588,178,2,2023–24 DHS
DRC,2013,DHS,,,dpt3,ADM1,Lomami,lomami,52.541031,6.871629,39.072885,66.009176,145,1,2013 DHS
DRC,2024,DHS,,,dpt3,ADM1,Lomami,lomami,36.767275,6.124602,24.763276,48.771275,166,2,2023–24 DHS
DRC,2013,DHS,,,dpt3,ADM1,Lualaba,lualaba,43.383353,6.8823550000000004,29.894184,56.872522,84,1,2013 DHS
DRC,2024,DHS,,,dpt3,ADM1,Lualaba,lualaba,50.901165,7.406971,36.383769,65.418562,215,2,2023–24 DHS
DRC,2013,DHS,,,dpt3,ADM1,Mai-Ndombe,mai ndombe,54.932955,7.380729,40.466992,69.398919,136,1,2013 DHS
DRC,2024,DHS,,,dpt3,ADM1,Mai-Ndombe,mai ndombe,23.442527,7.043136,9.638234,37.246819,97,2,2023–24 DHS
DRC,2013,DHS,,,dpt3,ADM1,Maniema,maniema,47.163199,12.378938,22.900926,71.425473,159,1,2013 DHS
DRC,2024,DHS,,,dpt3,ADM1,Maniema,maniema,10.808121,3.037454,4.854822,16.761421,208,2,2023–24 DHS
DRC,2013,DHS,,,dpt3,ADM1,Mongala,mongala,14.206237,6.416026,1.631058,26.781417,113,1,2013 DHS
DRC,2024,DHS,,,dpt3,ADM1,Mongala,mongala,5.863572,3.019318,0,11.781327,136,2,2023–24 DHS
DRC,2013,DHS,,,dpt3,ADM1,Nord-Kivu,nord kivu,86.979027,3.641933,79.840969,94.117084,212,1,2013 DHS
DRC,2024,DHS,,,dpt3,ADM1,Nord-Kivu,nord kivu,71.442661,4.318516,62.978526,79.906797,196,2,2023–24 DHS
DRC,2013,DHS,,,dpt3,ADM1,Nord Ubangi,nord ubangi,54.176283,5.37207,43.647219,64.705347,109,1,2013 DHS
DRC,2024,DHS,,,dpt3,ADM1,Nord Ubangi,nord ubangi,38.822946,10.011604,19.200563,58.44533,155,2,2023–24 DHS
DRC,2013,DHS,,,dpt3,ADM1,Sankuru,sankuru,13.15558,4.838356,3.672578,22.638583,108,1,2013 DHS
DRC,2024,DHS,,,dpt3,ADM1,Sankuru,sankuru,25.588847,8.501246,8.92671,42.250983,121,2,2023–24 DHS
DRC,2013,DHS,,,dpt3,ADM1,Sud-Kivu,sud kivu,75.643439,5.605584,64.656695,86.630183,206,1,2013 DHS
DRC,2024,DHS,,,dpt3,ADM1,Sud-Kivu,sud kivu,56.656429,10.787156,35.513991,77.798867,211,2,2023–24 DHS
DRC,2013,DHS,,,dpt3,ADM1,Sud Ubangi,sud ubangi,53.756422,9.08161,35.956795,71.55605,106,1,2013 DHS
DRC,2024,DHS,,,dpt3,ADM1,Sud Ubangi,sud ubangi,23.600643,3.437451,16.863363,30.337923,201,2,2023–24 DHS
DRC,2013,DHS,,,dpt3,ADM1,Tanganyika,tanganyika,18.106457,7.819956,2.779624,33.433289,106,1,2013 DHS
DRC,2024,DHS,,,dpt3,ADM1,Tanganyika,tanganyika,21.838386,9.231188,3.74559,39.931181,168,2,2023–24 DHS
DRC,2013,DHS,,,dpt3,ADM1,Tshopo,tshopo,48.308088,6.505574,35.557396,61.058779,102,1,2013 DHS
DRC,2024,DHS,,,dpt3,ADM1,Tshopo,tshopo,11.492718,4.591903,2.492754,20.492682,162,2,2023–24 DHS
DRC,2013,DHS,,,dpt3,ADM1,Tshuapa,tshuapa,23.404755,5.712154,12.209139,34.60037,102,1,2013 DHS
DRC,2024,DHS,,,dpt3,ADM1,Tshuapa,tshuapa,7.70097,3.130777,1.564759,13.83718,119,2,2023–24 DHS
DRC,2013,DHS,,,facility_delivery,ADM1,Bas-Uele,bas uele,71.859999,8.308114,55.576394,88.143603,472,1,2013 DHS
DRC,2024,DHS,,,facility_delivery,ADM1,Bas-Uele,bas uele,59.058099,9.631072,40.181544,77.934654,284,2,2023–24 DHS
DRC,2013,DHS,,,facility_delivery,ADM1,Equateur,equateur,78.496328,2.977913,72.659726,84.33293,578,1,2013 DHS
DRC,2024,DHS,,,facility_delivery,ADM1,Equateur,equateur,63.416808,5.960501,51.734441,75.099175,329,2,2023–24 DHS
DRC,2013,DHS,,,facility_delivery,ADM1,Haut-Katanga,haut katanga,86.671791,8.464208,70.082248,100,660,1,2013 DHS
DRC,2024,DHS,,,facility_delivery,ADM1,Haut-Katanga,haut katanga,91.594271,2.46199,86.76886,96.419682,425,2,2023–24 DHS
DRC,2013,DHS,,,facility_delivery,ADM1,Haut-Lomami,haut lomami,44.010904,8.296496,27.75007,60.271738,627,1,2013 DHS
DRC,2024,DHS,,,facility_delivery,ADM1,Haut-Lomami,haut lomami,64.487289,6.232395,52.272019,76.702558,510,2,2023–24 DHS
DRC,2013,DHS,,,facility_delivery,ADM1,Haut-Uele,haut uele,88.309932,2.828012,82.767131,93.852734,447,1,2013 DHS
DRC,2024,DHS,,,facility_delivery,ADM1,Haut-Uele,haut uele,73.0025,7.610487,58.08622,87.91878,226,2,2023–24 DHS
DRC,2013,DHS,,,facility_delivery,ADM1,Ituri,ituri,91.666267,2.471984,86.821266,96.511267,592,1,2013 DHS
DRC,2024,DHS,,,facility_delivery,ADM1,Ituri,ituri,95.972076,1.380827,93.265706,98.678447,401,2,2023–24 DHS
DRC,2013,DHS,,,facility_delivery,ADM1,Kasai,kasai,81.54915,5.661467,70.45288,92.645421,868,1,2013 DHS
DRC,2024,DHS,,,facility_delivery,ADM1,Kasai,kasai,84.275093,4.035075,76.366491,92.183695,435,2,2023–24 DHS
DRC,2013,DHS,,,facility_delivery,ADM1,Kasai Central,kasai central,87.788768,3.443935,81.03878,94.538755,804,1,2013 DHS
DRC,2024,DHS,,,facility_delivery,ADM1,Kasai Central,kasai central,91.305537,2.625825,86.159014,96.45206,521,2,2023–24 DHS
DRC,2013,DHS,,,facility_delivery,ADM1,Kasai Oriental,kasai oriental,90.806308,2.227119,86.441234,95.171382,692,1,2013 DHS
DRC,2024,DHS,,,facility_delivery,ADM1,Kasai Oriental,kasai oriental,87.456933,6.942519,73.849846,100,365,2,2023–24 DHS
DRC,2013,DHS,,,facility_delivery,ADM1,Kinshasa,kinshasa,98.272061,0.7029030000000001,96.894396,99.649726,1000,1,2013 DHS
DRC,2024,DHS,,,facility_delivery,ADM1,Kinshasa,kinshasa,97.397626,1.313879,94.822471,99.972781,296,2,2023–24 DHS
DRC,2013,DHS,,,facility_delivery,ADM1,Kongo Central,kongo central,95.517036,1.911842,91.769895,99.264176,876,1,2013 DHS
DRC,2024,DHS,,,facility_delivery,ADM1,Kongo Central,kongo central,94.630055,1.674866,91.347378,97.912731,214,2,2023–24 DHS
DRC,2013,DHS,,,facility_delivery,ADM1,Kwango,kwango,67.208581,10.791188,46.058242,88.358921,803,1,2013 DHS
DRC,2024,DHS,,,facility_delivery,ADM1,Kwango,kwango,76.791197,5.353661,66.298214,87.28418,325,2,2023–24 DHS
DRC,2013,DHS,,,facility_delivery,ADM1,Kwilu,kwilu,93.977184,1.697725,90.649704,97.304664,931,1,2013 DHS
DRC,2024,DHS,,,facility_delivery,ADM1,Kwilu,kwilu,92.432617,2.145823,88.226881,96.638352,346,2,2023–24 DHS
DRC,2013,DHS,,,facility_delivery,ADM1,Lomami,lomami,68.488712,9.5928,49.68717,87.290255,858,1,2013 DHS
DRC,2024,DHS,,,facility_delivery,ADM1,Lomami,lomami,75.645139,5.805937,64.265712,87.024566,421,2,2023–24 DHS
DRC,2013,DHS,,,facility_delivery,ADM1,Lualaba,lualaba,71.100491,6.588963,58.18636,84.014621,481,1,2013 DHS
DRC,2024,DHS,,,facility_delivery,ADM1,Lualaba,lualaba,90.362809,4.087376,82.3517,98.373918,439,2,2023–24 DHS
DRC,2013,DHS,,,facility_delivery,ADM1,Mai-Ndombe,mai ndombe,88.293505,3.398435,81.632694,94.954316,637,1,2013 DHS
DRC,2024,DHS,,,facility_delivery,ADM1,Mai-Ndombe,mai ndombe,92.18783,4.251952,83.854157,100,211,2,2023–24 DHS
DRC,2013,DHS,,,facility_delivery,ADM1,Maniema,maniema,88.425339,2.656138,83.219404,93.631273,860,1,2013 DHS
DRC,2024,DHS,,,facility_delivery,ADM1,Maniema,maniema,71.421659,4.045588,63.492452,79.350866,465,2,2023–24 DHS
DRC,2013,DHS,,,facility_delivery,ADM1,Mongala,mongala,49.108228,4.332854,40.61599,57.600465,654,1,2013 DHS
DRC,2024,DHS,,,facility_delivery,ADM1,Mongala,mongala,63.268784,6.23095,51.056347,75.481221,373,2,2023–24 DHS
DRC,2013,DHS,,,facility_delivery,ADM1,Nord-Kivu,nord kivu,92.066121,2.505969,87.154511,96.977731,1078,1,2013 DHS
DRC,2024,DHS,,,facility_delivery,ADM1,Nord-Kivu,nord kivu,98.882948,0.613542,97.680427,100,448,2,2023–24 DHS
DRC,2013,DHS,,,facility_delivery,ADM1,Nord Ubangi,nord ubangi,48.095354,8.244878,31.935691,64.255017,581,1,2013 DHS
DRC,2024,DHS,,,facility_delivery,ADM1,Nord Ubangi,nord ubangi,69.338891,6.446306,56.704365,81.973418,371,2,2023–24 DHS
DRC,2013,DHS,,,facility_delivery,ADM1,Sankuru,sankuru,46.048268,9.23362,27.950705,64.145831,644,1,2013 DHS
DRC,2024,DHS,,,facility_delivery,ADM1,Sankuru,sankuru,42.439303,7.526509,27.687616,57.19099,298,2,2023–24 DHS
DRC,2013,DHS,,,facility_delivery,ADM1,Sud-Kivu,sud kivu,92.638077,2.357723,88.017024,97.25913,1128,1,2013 DHS
DRC,2024,DHS,,,facility_delivery,ADM1,Sud-Kivu,sud kivu,97.41304,1.282618,94.899155,99.926924,475,2,2023–24 DHS
DRC,2013,DHS,,,facility_delivery,ADM1,Sud Ubangi,sud ubangi,71.063324,7.112691,57.122706,85.003943,600,1,2013 DHS
DRC,2024,DHS,,,facility_delivery,ADM1,Sud Ubangi,sud ubangi,71.124878,4.310107,62.677225,79.572532,471,2,2023–24 DHS
DRC,2013,DHS,,,facility_delivery,ADM1,Tanganyika,tanganyika,16.00799,3.628381,8.896494,23.119486,658,1,2013 DHS
DRC,2024,DHS,,,facility_delivery,ADM1,Tanganyika,tanganyika,38.976167,8.411974,22.489,55.463333,402,2,2023–24 DHS
DRC,2013,DHS,,,facility_delivery,ADM1,Tshopo,tshopo,77.03063,5.421615,66.40446,87.6568,545,1,2013 DHS
DRC,2024,DHS,,,facility_delivery,ADM1,Tshopo,tshopo,72.553502,6.555673,59.70462,85.402384,360,2,2023–24 DHS
DRC,2013,DHS,,,facility_delivery,ADM1,Tshuapa,tshuapa,41.082896,7.041135,27.282526,54.883266,563,1,2013 DHS
DRC,2024,DHS,,,facility_delivery,ADM1,Tshuapa,tshuapa,38.116438,8.250936,21.944901,54.287975,339,2,2023–24 DHS
DRC,2013,DHS,,,fever_care_seeking,ADM1,Bas-Uele,bas uele,40.13873,6.025127,28.329698,51.947762,136,1,2013 DHS
DRC,2024,DHS,,,fever_care_seeking,ADM1,Bas-Uele,bas uele,40.879176,9.200947,22.845651,58.9127,136,2,2023–24 DHS
DRC,2013,DHS,,,fever_care_seeking,ADM1,Equateur,equateur,62.580605,7.721819,47.446119,77.715091,233,1,2013 DHS
DRC,2024,DHS,,,fever_care_seeking,ADM1,Equateur,equateur,54.88529,4.39658,46.268152,63.502428,167,2,2023–24 DHS
DRC,2013,DHS,,,fever_care_seeking,ADM1,Haut-Katanga,haut katanga,47.353038,6.595532,34.426032,60.280043,148,1,2013 DHS
DRC,2024,DHS,,,fever_care_seeking,ADM1,Haut-Katanga,haut katanga,45.171391,6.261482,32.899112,57.44367,164,2,2023–24 DHS
DRC,2013,DHS,,,fever_care_seeking,ADM1,Haut-Lomami,haut lomami,54.186097,4.856747,44.667049,63.705146,200,1,2013 DHS
DRC,2024,DHS,,,fever_care_seeking,ADM1,Haut-Lomami,haut lomami,47.497681,2.430497,42.733995,52.261368,263,2,2023–24 DHS
DRC,2013,DHS,,,fever_care_seeking,ADM1,Haut-Uele,haut uele,44.701156,13.511575,18.218955,71.183357,104,1,2013 DHS
DRC,2024,DHS,,,fever_care_seeking,ADM1,Haut-Uele,haut uele,69.184773,9.982413,49.619604,88.749942,124,2,2023–24 DHS
DRC,2013,DHS,,,fever_care_seeking,ADM1,Ituri,ituri,57.363301,7.630045,42.408687,72.317914,115,1,2013 DHS
DRC,2024,DHS,,,fever_care_seeking,ADM1,Ituri,ituri,38.558823,8.952815,21.011627,56.106018,162,2,2023–24 DHS
DRC,2013,DHS,,,fever_care_seeking,ADM1,Kasai,kasai,67.585177,4.537067,58.692688,76.477665,264,1,2013 DHS
DRC,2024,DHS,,,fever_care_seeking,ADM1,Kasai,kasai,49.358891,5.059442,39.442567,59.275215,176,2,2023–24 DHS
DRC,2013,DHS,,,fever_care_seeking,ADM1,Kasai Central,kasai central,48.655454,5.436082,38.000929,59.309979,319,1,2013 DHS
DRC,2024,DHS,,,fever_care_seeking,ADM1,Kasai Central,kasai central,58.423824,3.331269,51.894657,64.952991,396,2,2023–24 DHS
DRC,2013,DHS,,,fever_care_seeking,ADM1,Kasai Oriental,kasai oriental,37.413524,4.616551,28.365251,46.461797,216,1,2013 DHS
DRC,2024,DHS,,,fever_care_seeking,ADM1,Kasai Oriental,kasai oriental,43.683373,4.700032,34.47148,52.895266,309,2,2023–24 DHS
DRC,2013,DHS,,,fever_care_seeking,ADM1,Kinshasa,kinshasa,73.936398,4.315859,65.477469,82.395327,184,1,2013 DHS
DRC,2024,DHS,,,fever_care_seeking,ADM1,Kinshasa,kinshasa,43.454341,5.550785,32.575002,54.333681,94,2,2023–24 DHS
DRC,2013,DHS,,,fever_care_seeking,ADM1,Kongo Central,kongo central,55.3837,7.173987,41.322944,69.444456,257,1,2013 DHS
DRC,2024,DHS,,,fever_care_seeking,ADM1,Kongo Central,kongo central,50.162542,7.471148,35.51936,64.805724,47,2,2023–24 DHS
DRC,2013,DHS,,,fever_care_seeking,ADM1,Kwango,kwango,61.100418,5.465048,50.389121,71.811715,147,1,2013 DHS
DRC,2024,DHS,,,fever_care_seeking,ADM1,Kwango,kwango,47.113303,5.242331,36.838522,57.388083,138,2,2023–24 DHS
DRC,2013,DHS,,,fever_care_seeking,ADM1,Kwilu,kwilu,51.991164,6.760063,38.741684,65.240644,196,1,2013 DHS
DRC,2024,DHS,,,fever_care_seeking,ADM1,Kwilu,kwilu,44.415115,5.013874,34.588103,54.242127,119,2,2023–24 DHS
DRC,2013,DHS,,,fever_care_seeking,ADM1,Lomami,lomami,58.64372,6.304728,46.286679,71.00076,339,1,2013 DHS
DRC,2024,DHS,,,fever_care_seeking,ADM1,Lomami,lomami,50.57388,6.877699,37.093837,64.053923,158,2,2023–24 DHS
DRC,2013,DHS,,,fever_care_seeking,ADM1,Lualaba,lualaba,52.614017,5.70902,41.424544,63.80349,140,1,2013 DHS
DRC,2024,DHS,,,fever_care_seeking,ADM1,Lualaba,lualaba,48.374323,1.971745,44.509774,52.238872,196,2,2023–24 DHS
DRC,2013,DHS,,,fever_care_seeking,ADM1,Mai-Ndombe,mai ndombe,47.394117,3.233031,41.057492,53.730741,175,1,2013 DHS
DRC,2024,DHS,,,fever_care_seeking,ADM1,Mai-Ndombe,mai ndombe,62.046759,7.181635,47.971012,76.122505,74,2,2023–24 DHS
DRC,2013,DHS,,,fever_care_seeking,ADM1,Maniema,maniema,60.083635,5.040542,50.204355,69.962915,214,1,2013 DHS
DRC,2024,DHS,,,fever_care_seeking,ADM1,Maniema,maniema,56.15737,3.428293,49.438038,62.876701,398,2,2023–24 DHS
DRC,2013,DHS,,,fever_care_seeking,ADM1,Mongala,mongala,58.16275,6.729073,44.97401,71.35149,156,1,2013 DHS
DRC,2024,DHS,,,fever_care_seeking,ADM1,Mongala,mongala,45.200093,3.1919,38.944083,51.456103,207,2,2023–24 DHS
DRC,2013,DHS,,,fever_care_seeking,ADM1,Nord-Kivu,nord kivu,67.901624,5.41606,57.286341,78.516908,248,1,2013 DHS
DRC,2024,DHS,,,fever_care_seeking,ADM1,Nord-Kivu,nord kivu,66.437937,4.950855,56.73444,76.141434,165,2,2023–24 DHS
DRC,2013,DHS,,,fever_care_seeking,ADM1,Nord Ubangi,nord ubangi,52.948557,5.078003,42.995855,62.901259,120,1,2013 DHS
DRC,2024,DHS,,,fever_care_seeking,ADM1,Nord Ubangi,nord ubangi,43.185416,7.959618,27.584851,58.78598,103,2,2023–24 DHS
DRC,2013,DHS,,,fever_care_seeking,ADM1,Sankuru,sankuru,46.791249,10.034039,27.124894,66.457604,175,1,2013 DHS
DRC,2024,DHS,,,fever_care_seeking,ADM1,Sankuru,sankuru,29.545519,4.108566,21.492877,37.59816,109,2,2023–24 DHS
DRC,2013,DHS,,,fever_care_seeking,ADM1,Sud-Kivu,sud kivu,62.776258,7.623186,47.835089,77.717428,408,1,2013 DHS
DRC,2024,DHS,,,fever_care_seeking,ADM1,Sud-Kivu,sud kivu,57.531234,5.543964,46.665265,68.397203,251,2,2023–24 DHS
DRC,2013,DHS,,,fever_care_seeking,ADM1,Sud Ubangi,sud ubangi,48.836668,9.190628,30.823368,66.849967,154,1,2013 DHS
DRC,2024,DHS,,,fever_care_seeking,ADM1,Sud Ubangi,sud ubangi,44.380793,5.616493,33.372669,55.388917,163,2,2023–24 DHS
DRC,2013,DHS,,,fever_care_seeking,ADM1,Tanganyika,tanganyika,42.486564,6.819831,29.11994,55.853188,274,1,2013 DHS
DRC,2024,DHS,,,fever_care_seeking,ADM1,Tanganyika,tanganyika,51.231683,7.660846,36.2167,66.246665,149,2,2023–24 DHS
DRC,2013,DHS,,,fever_care_seeking,ADM1,Tshopo,tshopo,56.942955,6.219638,44.752689,69.133221,145,1,2013 DHS
DRC,2024,DHS,,,fever_care_seeking,ADM1,Tshopo,tshopo,47.598405,6.426007,35.003662,60.193148,215,2,2023–24 DHS
DRC,2013,DHS,,,fever_care_seeking,ADM1,Tshuapa,tshuapa,46.984024,9.865088,27.648806,66.319242,167,1,2013 DHS
DRC,2024,DHS,,,fever_care_seeking,ADM1,Tshuapa,tshuapa,41.229332,5.756188,29.947412,52.511252,259,2,2023–24 DHS
DRC,2013,DHS,,,full_basic_vaccination,ADM1,Bas-Uele,bas uele,16.60313,2.783877,11.14683,22.059429,93,1,2013 DHS
DRC,2024,DHS,,,full_basic_vaccination,ADM1,Bas-Uele,bas uele,4.185129,2.128053,0.014221,8.356037,116,2,2023–24 DHS
DRC,2013,DHS,,,full_basic_vaccination,ADM1,Equateur,equateur,50.137091,9.409748,31.694323,68.579858,114,1,2013 DHS
DRC,2024,DHS,,,full_basic_vaccination,ADM1,Equateur,equateur,9.66033,4.183106,1.461593,17.859068,150,2,2023–24 DHS
DRC,2013,DHS,,,full_basic_vaccination,ADM1,Haut-Katanga,haut katanga,51.53104,6.117286,39.541381,63.5207,118,1,2013 DHS
DRC,2024,DHS,,,full_basic_vaccination,ADM1,Haut-Katanga,haut katanga,20.463404,4.382387,11.874084,29.052724,202,2,2023–24 DHS
DRC,2013,DHS,,,full_basic_vaccination,ADM1,Haut-Lomami,haut lomami,44.907647,8.326944,28.587136,61.228158,121,1,2013 DHS
DRC,2024,DHS,,,full_basic_vaccination,ADM1,Haut-Lomami,haut lomami,16.269449,2.535604,11.299757,21.239141,221,2,2023–24 DHS
DRC,2013,DHS,,,full_basic_vaccination,ADM1,Haut-Uele,haut uele,21.480476,9.753161,2.364632,40.59632,73,1,2013 DHS
DRC,2024,DHS,,,full_basic_vaccination,ADM1,Haut-Uele,haut uele,4.399629,2.740303,0,9.770524,93,2,2023–24 DHS
DRC,2013,DHS,,,full_basic_vaccination,ADM1,Ituri,ituri,47.402059,7.455265,32.790008,62.014109,101,1,2013 DHS
DRC,2024,DHS,,,full_basic_vaccination,ADM1,Ituri,ituri,24.6693,4.140523,16.554025,32.784576,176,2,2023–24 DHS
DRC,2013,DHS,,,full_basic_vaccination,ADM1,Kasai,kasai,32.818595,5.507955,22.023201,43.613989,148,1,2013 DHS
DRC,2024,DHS,,,full_basic_vaccination,ADM1,Kasai,kasai,16.078155,4.23689,7.774004,24.382307,182,2,2023–24 DHS
DRC,2013,DHS,,,full_basic_vaccination,ADM1,Kasai Central,kasai central,49.884759,8.830063,32.578155,67.191364,148,1,2013 DHS
DRC,2024,DHS,,,full_basic_vaccination,ADM1,Kasai Central,kasai central,41.328305,5.480852,30.586033,52.070576,222,2,2023–24 DHS
DRC,2013,DHS,,,full_basic_vaccination,ADM1,Kasai Oriental,kasai oriental,47.719059,2.542736,42.735387,52.70273,133,1,2013 DHS
DRC,2024,DHS,,,full_basic_vaccination,ADM1,Kasai Oriental,kasai oriental,26.128845,4.818969,16.683838,35.573851,148,2,2023–24 DHS
DRC,2013,DHS,,,full_basic_vaccination,ADM1,Kinshasa,kinshasa,67.740166,5.238991,57.471933,78.0084,200,1,2013 DHS
DRC,2024,DHS,,,full_basic_vaccination,ADM1,Kinshasa,kinshasa,41.607785,6.158471,29.537405,53.678166,116,2,2023–24 DHS
DRC,2013,DHS,,,full_basic_vaccination,ADM1,Kongo Central,kongo central,54.679598,8.246991,38.515792,70.843403,182,1,2013 DHS
DRC,2024,DHS,,,full_basic_vaccination,ADM1,Kongo Central,kongo central,18.899319,8.353747,2.526275,35.272363,99,2,2023–24 DHS
DRC,2013,DHS,,,full_basic_vaccination,ADM1,Kwango,kwango,49.179594,5.843513,37.726519,60.632669,147,1,2013 DHS
DRC,2024,DHS,,,full_basic_vaccination,ADM1,Kwango,kwango,13.651072,3.772854,6.256414,21.04573,150,2,2023–24 DHS
DRC,2013,DHS,,,full_basic_vaccination,ADM1,Kwilu,kwilu,38.243204,5.579638,27.307316,49.179093,177,1,2013 DHS
DRC,2024,DHS,,,full_basic_vaccination,ADM1,Kwilu,kwilu,13.369305,3.543192,6.424777,20.313833,178,2,2023–24 DHS
DRC,2013,DHS,,,full_basic_vaccination,ADM1,Lomami,lomami,36.875174,6.997681,23.159971,50.590377,145,1,2013 DHS
DRC,2024,DHS,,,full_basic_vaccination,ADM1,Lomami,lomami,13.772222,3.735895,6.450003,21.094441,166,2,2023–24 DHS
DRC,2013,DHS,,,full_basic_vaccination,ADM1,Lualaba,lualaba,31.736028,4.880244,22.170926,41.301129,84,1,2013 DHS
DRC,2024,DHS,,,full_basic_vaccination,ADM1,Lualaba,lualaba,20.086994,3.423892,13.376288,26.797699,215,2,2023–24 DHS
DRC,2013,DHS,,,full_basic_vaccination,ADM1,Mai-Ndombe,mai ndombe,40.170863,6.775837,26.890466,53.45126,136,1,2013 DHS
DRC,2024,DHS,,,full_basic_vaccination,ADM1,Mai-Ndombe,mai ndombe,14.922539,4.848373,5.419904,24.425175,97,2,2023–24 DHS
DRC,2013,DHS,,,full_basic_vaccination,ADM1,Maniema,maniema,41.975411,13.497562,15.520676,68.430146,159,1,2013 DHS
DRC,2024,DHS,,,full_basic_vaccination,ADM1,Maniema,maniema,2.498856,1.300648,0,5.04808,208,2,2023–24 DHS
DRC,2013,DHS,,,full_basic_vaccination,ADM1,Mongala,mongala,5.792667,2.679171,0.541589,11.043744,113,1,2013 DHS
DRC,2024,DHS,,,full_basic_vaccination,ADM1,Mongala,mongala,2.251912,1.835313,0,5.849061,136,2,2023–24 DHS
DRC,2013,DHS,,,full_basic_vaccination,ADM1,Nord-Kivu,nord kivu,70.567744,4.197338,62.341112,78.794375,212,1,2013 DHS
DRC,2024,DHS,,,full_basic_vaccination,ADM1,Nord-Kivu,nord kivu,38.436782,6.50361,25.689941,51.183623,196,2,2023–24 DHS
DRC,2013,DHS,,,full_basic_vaccination,ADM1,Nord Ubangi,nord ubangi,35.35544,6.225279,23.154118,47.556761,109,1,2013 DHS
DRC,2024,DHS,,,full_basic_vaccination,ADM1,Nord Ubangi,nord ubangi,24.286069,7.310777,9.95721,38.614928,155,2,2023–24 DHS
DRC,2013,DHS,,,full_basic_vaccination,ADM1,Sankuru,sankuru,8.29683,4.000248,0.456489,16.137171,108,1,2013 DHS
DRC,2024,DHS,,,full_basic_vaccination,ADM1,Sankuru,sankuru,17.118786,4.763695,7.782116,26.455456,121,2,2023–24 DHS
DRC,2013,DHS,,,full_basic_vaccination,ADM1,Sud-Kivu,sud kivu,62.314979,7.37252,47.865106,76.764852,206,1,2013 DHS
DRC,2024,DHS,,,full_basic_vaccination,ADM1,Sud-Kivu,sud kivu,23.773934,5.814131,12.378447,35.169422,211,2,2023–24 DHS
DRC,2013,DHS,,,full_basic_vaccination,ADM1,Sud Ubangi,sud ubangi,41.946892,9.440871,23.443126,60.450659,106,1,2013 DHS
DRC,2024,DHS,,,full_basic_vaccination,ADM1,Sud Ubangi,sud ubangi,11.314646,2.986904,5.460422,17.16887,201,2,2023–24 DHS
DRC,2013,DHS,,,full_basic_vaccination,ADM1,Tanganyika,tanganyika,13.807689,6.411523,1.241335,26.374043,106,1,2013 DHS
DRC,2024,DHS,,,full_basic_vaccination,ADM1,Tanganyika,tanganyika,12.407018,7.716909,0,27.531881,168,2,2023–24 DHS
DRC,2013,DHS,,,full_basic_vaccination,ADM1,Tshopo,tshopo,26.100408,7.719236,10.970984,41.229833,102,1,2013 DHS
DRC,2024,DHS,,,full_basic_vaccination,ADM1,Tshopo,tshopo,6.362316,2.865033,0.746954,11.977678,162,2,2023–24 DHS
DRC,2013,DHS,,,full_basic_vaccination,ADM1,Tshuapa,tshuapa,21.165322,5.745279,9.904782,32.425861,102,1,2013 DHS
DRC,2024,DHS,,,full_basic_vaccination,ADM1,Tshuapa,tshuapa,1.04281,0.845596,0,2.700148,119,2,2023–24 DHS
DRC,2013,DHS,,,mean_anc_visits,ADM1,Bas-Uele,bas uele,3.165485,0.461185,2.26158,4.06939,283,1,2013 DHS
DRC,2024,DHS,,,mean_anc_visits,ADM1,Bas-Uele,bas uele,1.913322,0.318812,1.288462,2.538183,270,2,2023–24 DHS
DRC,2013,DHS,,,mean_anc_visits,ADM1,Equateur,equateur,3.849254,0.17022,3.515628,4.182879,344,1,2013 DHS
DRC,2024,DHS,,,mean_anc_visits,ADM1,Equateur,equateur,3.183614,0.281537,2.631812,3.735416,321,2,2023–24 DHS
DRC,2013,DHS,,,mean_anc_visits,ADM1,Haut-Katanga,haut katanga,3.530048,0.199986,3.138082,3.922015,356,1,2013 DHS
DRC,2024,DHS,,,mean_anc_visits,ADM1,Haut-Katanga,haut katanga,3.487201,0.236152,3.024353,3.95005,400,2,2023–24 DHS
DRC,2013,DHS,,,mean_anc_visits,ADM1,Haut-Lomami,haut lomami,3.024044,0.367097,2.304547,3.743542,374,1,2013 DHS
DRC,2024,DHS,,,mean_anc_visits,ADM1,Haut-Lomami,haut lomami,2.965296,0.197779,2.577657,3.352935,487,2,2023–24 DHS
DRC,2013,DHS,,,mean_anc_visits,ADM1,Haut-Uele,haut uele,3.561113,0.138032,3.290575,3.831652,272,1,2013 DHS
DRC,2024,DHS,,,mean_anc_visits,ADM1,Haut-Uele,haut uele,2.682114,0.199474,2.291151,3.073077,219,2,2023–24 DHS
DRC,2013,DHS,,,mean_anc_visits,ADM1,Ituri,ituri,4.256687,0.194538,3.875399,4.637975,359,1,2013 DHS
DRC,2024,DHS,,,mean_anc_visits,ADM1,Ituri,ituri,3.124247,0.156065,2.818366,3.430128,384,2,2023–24 DHS
DRC,2013,DHS,,,mean_anc_visits,ADM1,Kasai,kasai,3.423131,0.185938,3.058699,3.787562,508,1,2013 DHS
DRC,2024,DHS,,,mean_anc_visits,ADM1,Kasai,kasai,2.299691,0.315383,1.681551,2.91783,408,2,2023–24 DHS
DRC,2013,DHS,,,mean_anc_visits,ADM1,Kasai Central,kasai central,3.421227,0.200558,3.02814,3.814314,464,1,2013 DHS
DRC,2024,DHS,,,mean_anc_visits,ADM1,Kasai Central,kasai central,3.29489,0.121266,3.057214,3.532567,492,2,2023–24 DHS
DRC,2013,DHS,,,mean_anc_visits,ADM1,Kasai Oriental,kasai oriental,3.74494,0.211666,3.330082,4.159799,411,1,2013 DHS
DRC,2024,DHS,,,mean_anc_visits,ADM1,Kasai Oriental,kasai oriental,2.9233,0.19453,2.542028,3.304572,339,2,2023–24 DHS
DRC,2013,DHS,,,mean_anc_visits,ADM1,Kinshasa,kinshasa,4.459739,0.10945,4.245221,4.674258,683,1,2013 DHS
DRC,2024,DHS,,,mean_anc_visits,ADM1,Kinshasa,kinshasa,4.418927,0.101109,4.220758,4.617097,282,2,2023–24 DHS
DRC,2013,DHS,,,mean_anc_visits,ADM1,Kongo Central,kongo central,3.3047,0.11624,3.076873,3.532527,585,1,2013 DHS
DRC,2024,DHS,,,mean_anc_visits,ADM1,Kongo Central,kongo central,3.118815,0.157257,2.810596,3.427034,204,2,2023–24 DHS
DRC,2013,DHS,,,mean_anc_visits,ADM1,Kwango,kwango,2.653327,0.129943,2.398645,2.90801,499,1,2013 DHS
DRC,2024,DHS,,,mean_anc_visits,ADM1,Kwango,kwango,2.555394,0.215601,2.132824,2.977964,313,2,2023–24 DHS
DRC,2013,DHS,,,mean_anc_visits,ADM1,Kwilu,kwilu,3.669018,0.141169,3.392331,3.945705,585,1,2013 DHS
DRC,2024,DHS,,,mean_anc_visits,ADM1,Kwilu,kwilu,3.520811,0.192604,3.143315,3.898307,330,2,2023–24 DHS
DRC,2013,DHS,,,mean_anc_visits,ADM1,Lomami,lomami,3.260553,0.214048,2.841026,3.68008,476,1,2013 DHS
DRC,2024,DHS,,,mean_anc_visits,ADM1,Lomami,lomami,2.45358,0.22007,2.022251,2.884909,402,2,2023–24 DHS
DRC,2013,DHS,,,mean_anc_visits,ADM1,Lualaba,lualaba,3.945987,0.22281,3.509288,4.382686,284,1,2013 DHS
DRC,2024,DHS,,,mean_anc_visits,ADM1,Lualaba,lualaba,3.657486,0.216051,3.234033,4.080939,416,2,2023–24 DHS
DRC,2013,DHS,,,mean_anc_visits,ADM1,Mai-Ndombe,mai ndombe,4.59036,0.393204,3.819693,5.361026,427,1,2013 DHS
DRC,2024,DHS,,,mean_anc_visits,ADM1,Mai-Ndombe,mai ndombe,3.74424,0.20946,3.333705,4.154774,208,2,2023–24 DHS
DRC,2013,DHS,,,mean_anc_visits,ADM1,Maniema,maniema,3.229346,0.145632,2.943911,3.51478,548,1,2013 DHS
DRC,2024,DHS,,,mean_anc_visits,ADM1,Maniema,maniema,2.601395,0.13654,2.333782,2.869008,452,2,2023–24 DHS
DRC,2013,DHS,,,mean_anc_visits,ADM1,Mongala,mongala,3.641968,0.375135,2.906716,4.37722,362,1,2013 DHS
DRC,2024,DHS,,,mean_anc_visits,ADM1,Mongala,mongala,3.353905,0.159971,3.040368,3.667442,355,2,2023–24 DHS
DRC,2013,DHS,,,mean_anc_visits,ADM1,Nord-Kivu,nord kivu,3.923894,0.234205,3.46486,4.382927,638,1,2013 DHS
DRC,2024,DHS,,,mean_anc_visits,ADM1,Nord-Kivu,nord kivu,3.760362,0.108841,3.547037,3.973688,425,2,2023–24 DHS
DRC,2013,DHS,,,mean_anc_visits,ADM1,Nord Ubangi,nord ubangi,3.121732,0.185821,2.757529,3.485936,338,1,2013 DHS
DRC,2024,DHS,,,mean_anc_visits,ADM1,Nord Ubangi,nord ubangi,3.067582,0.198067,2.679378,3.455787,357,2,2023–24 DHS
DRC,2013,DHS,,,mean_anc_visits,ADM1,Sankuru,sankuru,2.531934,0.400983,1.746022,3.317845,387,1,2013 DHS
DRC,2024,DHS,,,mean_anc_visits,ADM1,Sankuru,sankuru,1.526476,0.15701,1.218742,1.834211,280,2,2023–24 DHS
DRC,2013,DHS,,,mean_anc_visits,ADM1,Sud-Kivu,sud kivu,3.114529,0.111828,2.89535,3.333708,610,1,2013 DHS
DRC,2024,DHS,,,mean_anc_visits,ADM1,Sud-Kivu,sud kivu,3.792137,0.152415,3.49341,4.090865,445,2,2023–24 DHS
DRC,2013,DHS,,,mean_anc_visits,ADM1,Sud Ubangi,sud ubangi,3.567584,0.1642,3.245757,3.889411,354,1,2013 DHS
DRC,2024,DHS,,,mean_anc_visits,ADM1,Sud Ubangi,sud ubangi,2.770838,0.099858,2.575121,2.966555,450,2,2023–24 DHS
DRC,2013,DHS,,,mean_anc_visits,ADM1,Tanganyika,tanganyika,2.163379,0.349592,1.478191,2.848567,395,1,2013 DHS
DRC,2024,DHS,,,mean_anc_visits,ADM1,Tanganyika,tanganyika,2.032216,0.254495,1.533415,2.531016,382,2,2023–24 DHS
DRC,2013,DHS,,,mean_anc_visits,ADM1,Tshopo,tshopo,3.249661,0.300894,2.659919,3.839403,334,1,2013 DHS
DRC,2024,DHS,,,mean_anc_visits,ADM1,Tshopo,tshopo,3.681068,0.408642,2.880145,4.48199,342,2,2023–24 DHS
DRC,2013,DHS,,,mean_anc_visits,ADM1,Tshuapa,tshuapa,2.764314,0.266146,2.242677,3.285951,338,1,2013 DHS
DRC,2024,DHS,,,mean_anc_visits,ADM1,Tshuapa,tshuapa,2.181243,0.205975,1.777539,2.584947,317,2,2023–24 DHS
DRC,2013,DHS,,,no_anc,ADM1,Bas-Uele,bas uele,13.967592,4.529651,5.089639,22.845544,285,1,2013 DHS
DRC,2024,DHS,,,no_anc,ADM1,Bas-Uele,bas uele,45.110551,7.840842,29.742783,60.478319,277,2,2023–24 DHS
DRC,2013,DHS,,,no_anc,ADM1,Equateur,equateur,6.018402,1.287871,3.494221,8.542583,345,1,2013 DHS
DRC,2024,DHS,,,no_anc,ADM1,Equateur,equateur,18.640751,4.47933,9.861427,27.420076,321,2,2023–24 DHS
DRC,2013,DHS,,,no_anc,ADM1,Haut-Katanga,haut katanga,14.084357,2.71035,8.772169,19.396546,356,1,2013 DHS
DRC,2024,DHS,,,no_anc,ADM1,Haut-Katanga,haut katanga,15.287179,3.10178,9.207802,21.366556,401,2,2023–24 DHS
DRC,2013,DHS,,,no_anc,ADM1,Haut-Lomami,haut lomami,20.494415,6.516438,7.722432,33.266399,375,1,2013 DHS
DRC,2024,DHS,,,no_anc,ADM1,Haut-Lomami,haut lomami,23.983422,3.159882,17.790167,30.176678,487,2,2023–24 DHS
DRC,2013,DHS,,,no_anc,ADM1,Haut-Uele,haut uele,6.001888,1.473459,3.113963,8.889814,283,1,2013 DHS
DRC,2024,DHS,,,no_anc,ADM1,Haut-Uele,haut uele,17.057821,4.074842,9.071278,25.044364,219,2,2023–24 DHS
DRC,2013,DHS,,,no_anc,ADM1,Ituri,ituri,6.018552,1.407187,3.260516,8.776587,364,1,2013 DHS
DRC,2024,DHS,,,no_anc,ADM1,Ituri,ituri,17.846938,4.405211,9.212884,26.480992,386,2,2023–24 DHS
DRC,2013,DHS,,,no_anc,ADM1,Kasai,kasai,13.588257,3.248189,7.221924,19.954591,509,1,2013 DHS
DRC,2024,DHS,,,no_anc,ADM1,Kasai,kasai,29.14038,3.021189,23.218959,35.061801,411,2,2023–24 DHS
DRC,2013,DHS,,,no_anc,ADM1,Kasai Central,kasai central,8.610203,1.928307,4.830791,12.389616,465,1,2013 DHS
DRC,2024,DHS,,,no_anc,ADM1,Kasai Central,kasai central,7.25629,2.202502,2.939465,11.573116,492,2,2023–24 DHS
DRC,2013,DHS,,,no_anc,ADM1,Kasai Oriental,kasai oriental,14.098617,3.341475,7.549447,20.647787,411,1,2013 DHS
DRC,2024,DHS,,,no_anc,ADM1,Kasai Oriental,kasai oriental,19.483373,4.249938,11.153649,27.813098,339,2,2023–24 DHS
DRC,2013,DHS,,,no_anc,ADM1,Kinshasa,kinshasa,2.492092,0.698025,1.123988,3.860197,686,1,2013 DHS
DRC,2024,DHS,,,no_anc,ADM1,Kinshasa,kinshasa,4.596533,1.179833,2.284103,6.908964,282,2,2023–24 DHS
DRC,2013,DHS,,,no_anc,ADM1,Kongo Central,kongo central,4.766937,1.326139,2.167752,7.366121,587,1,2013 DHS
DRC,2024,DHS,,,no_anc,ADM1,Kongo Central,kongo central,15.6933,3.576267,8.683947,22.702654,204,2,2023–24 DHS
DRC,2013,DHS,,,no_anc,ADM1,Kwango,kwango,13.6379,3.121037,7.52078,19.75502,500,1,2013 DHS
DRC,2024,DHS,,,no_anc,ADM1,Kwango,kwango,19.051325,5.722975,7.834501,30.26815,313,2,2023–24 DHS
DRC,2013,DHS,,,no_anc,ADM1,Kwilu,kwilu,4.21634,1.486776,1.302313,7.130366,588,1,2013 DHS
DRC,2024,DHS,,,no_anc,ADM1,Kwilu,kwilu,11.499682,2.401809,6.792222,16.207142,330,2,2023–24 DHS
DRC,2013,DHS,,,no_anc,ADM1,Lomami,lomami,16.26934,4.951314,6.564942,25.973738,495,1,2013 DHS
DRC,2024,DHS,,,no_anc,ADM1,Lomami,lomami,30.038266,5.311289,19.628331,40.448201,402,2,2023–24 DHS
DRC,2013,DHS,,,no_anc,ADM1,Lualaba,lualaba,7.0453,2.366542,2.406964,11.683637,284,1,2013 DHS
DRC,2024,DHS,,,no_anc,ADM1,Lualaba,lualaba,11.642561,3.99331,3.815817,19.469305,417,2,2023–24 DHS
DRC,2013,DHS,,,no_anc,ADM1,Mai-Ndombe,mai ndombe,9.915153,2.66968,4.682677,15.14763,430,1,2013 DHS
DRC,2024,DHS,,,no_anc,ADM1,Mai-Ndombe,mai ndombe,7.037272,3.194525,0.776118,13.298426,208,2,2023–24 DHS
DRC,2013,DHS,,,no_anc,ADM1,Maniema,maniema,7.146811,2.447538,2.349725,11.943898,549,1,2013 DHS
DRC,2024,DHS,,,no_anc,ADM1,Maniema,maniema,18.020285,3.733371,10.703014,25.337557,453,2,2023–24 DHS
DRC,2013,DHS,,,no_anc,ADM1,Mongala,mongala,20.303132,3.757938,12.937709,27.668554,369,1,2013 DHS
DRC,2024,DHS,,,no_anc,ADM1,Mongala,mongala,17.630752,5.803562,6.255979,29.005524,355,2,2023–24 DHS
DRC,2013,DHS,,,no_anc,ADM1,Nord-Kivu,nord kivu,2.554001,0.677266,1.226585,3.881418,641,1,2013 DHS
DRC,2024,DHS,,,no_anc,ADM1,Nord-Kivu,nord kivu,1.569876,0.734545,0.130195,3.009558,427,2,2023–24 DHS
DRC,2013,DHS,,,no_anc,ADM1,Nord Ubangi,nord ubangi,11.927901,3.780336,4.518579,19.337222,343,1,2013 DHS
DRC,2024,DHS,,,no_anc,ADM1,Nord Ubangi,nord ubangi,10.207526,3.067077,4.196166,16.218887,359,2,2023–24 DHS
DRC,2013,DHS,,,no_anc,ADM1,Sankuru,sankuru,25.865248,5.765952,14.564189,37.166306,388,1,2013 DHS
DRC,2024,DHS,,,no_anc,ADM1,Sankuru,sankuru,50.599554,3.732751,43.283495,57.915612,281,2,2023–24 DHS
DRC,2013,DHS,,,no_anc,ADM1,Sud-Kivu,sud kivu,3.671253,1.303173,1.117081,6.225424,610,1,2013 DHS
DRC,2024,DHS,,,no_anc,ADM1,Sud-Kivu,sud kivu,3.950764,1.39475,1.217104,6.684424,445,2,2023–24 DHS
DRC,2013,DHS,,,no_anc,ADM1,Sud Ubangi,sud ubangi,8.510147,1.706631,5.16521,11.855083,355,1,2013 DHS
DRC,2024,DHS,,,no_anc,ADM1,Sud Ubangi,sud ubangi,22.774456,3.451642,16.009361,29.53955,451,2,2023–24 DHS
DRC,2013,DHS,,,no_anc,ADM1,Tanganyika,tanganyika,47.656921,4.714017,38.417617,56.896224,395,1,2013 DHS
DRC,2024,DHS,,,no_anc,ADM1,Tanganyika,tanganyika,38.342331,8.880743,20.936395,55.748267,384,2,2023–24 DHS
DRC,2013,DHS,,,no_anc,ADM1,Tshopo,tshopo,19.560513,6.637351,6.551543,32.569482,336,1,2013 DHS
DRC,2024,DHS,,,no_anc,ADM1,Tshopo,tshopo,19.225212,7.119057,5.272117,33.178307,343,2,2023–24 DHS
DRC,2013,DHS,,,no_anc,ADM1,Tshuapa,tshuapa,20.738528,5.61975,9.72402,31.753036,339,1,2013 DHS
DRC,2024,DHS,,,no_anc,ADM1,Tshuapa,tshuapa,33.7599,5.047714,23.866563,43.653238,320,2,2023–24 DHS
DRC,2013,DHS,,,skilled_birth_attendance,ADM1,Bas-Uele,bas uele,73.381161,7.996306,57.70869,89.053633,472,1,2013 DHS
DRC,2024,DHS,,,skilled_birth_attendance,ADM1,Bas-Uele,bas uele,61.351601,10.781572,40.220108,82.483094,284,2,2023–24 DHS
DRC,2013,DHS,,,skilled_birth_attendance,ADM1,Equateur,equateur,83.694487,3.249241,77.326091,90.062882,579,1,2013 DHS
DRC,2024,DHS,,,skilled_birth_attendance,ADM1,Equateur,equateur,71.875799,5.200862,61.682296,82.069301,329,2,2023–24 DHS
DRC,2013,DHS,,,skilled_birth_attendance,ADM1,Haut-Katanga,haut katanga,86.88559,8.420671,70.381378,100,660,1,2013 DHS
DRC,2024,DHS,,,skilled_birth_attendance,ADM1,Haut-Katanga,haut katanga,93.606656,2.452195,88.800442,98.412871,425,2,2023–24 DHS
DRC,2013,DHS,,,skilled_birth_attendance,ADM1,Haut-Lomami,haut lomami,46.389833,8.114628,30.485455,62.294211,631,1,2013 DHS
DRC,2024,DHS,,,skilled_birth_attendance,ADM1,Haut-Lomami,haut lomami,75.019999,4.359372,66.475786,83.564212,510,2,2023–24 DHS
DRC,2013,DHS,,,skilled_birth_attendance,ADM1,Haut-Uele,haut uele,89.425072,3.388397,82.783936,96.066208,448,1,2013 DHS
DRC,2024,DHS,,,skilled_birth_attendance,ADM1,Haut-Uele,haut uele,82.677754,4.890341,73.092861,92.262647,226,2,2023–24 DHS
DRC,2013,DHS,,,skilled_birth_attendance,ADM1,Ituri,ituri,91.303745,2.718924,85.974752,96.632737,593,1,2013 DHS
DRC,2024,DHS,,,skilled_birth_attendance,ADM1,Ituri,ituri,95.542997,1.309369,92.976681,98.109313,401,2,2023–24 DHS
DRC,2013,DHS,,,skilled_birth_attendance,ADM1,Kasai,kasai,81.930675,4.550012,73.012816,90.848535,870,1,2013 DHS
DRC,2024,DHS,,,skilled_birth_attendance,ADM1,Kasai,kasai,83.05662,3.737089,75.732061,90.381179,435,2,2023–24 DHS
DRC,2013,DHS,,,skilled_birth_attendance,ADM1,Kasai Central,kasai central,83.247977,4.391575,74.640648,91.855307,810,1,2013 DHS
DRC,2024,DHS,,,skilled_birth_attendance,ADM1,Kasai Central,kasai central,91.410341,2.429683,86.648251,96.172432,521,2,2023–24 DHS
DRC,2013,DHS,,,skilled_birth_attendance,ADM1,Kasai Oriental,kasai oriental,88.895567,2.615233,83.769805,94.02133,696,1,2013 DHS
DRC,2024,DHS,,,skilled_birth_attendance,ADM1,Kasai Oriental,kasai oriental,87.646157,6.936183,74.051489,100,365,2,2023–24 DHS
DRC,2013,DHS,,,skilled_birth_attendance,ADM1,Kinshasa,kinshasa,97.392505,0.714234,95.992632,98.792378,1004,1,2013 DHS
DRC,2024,DHS,,,skilled_birth_attendance,ADM1,Kinshasa,kinshasa,99.129404,0.511761,98.126371,100,296,2,2023–24 DHS
DRC,2013,DHS,,,skilled_birth_attendance,ADM1,Kongo Central,kongo central,94.941535,1.29911,92.395327,97.487743,884,1,2013 DHS
DRC,2024,DHS,,,skilled_birth_attendance,ADM1,Kongo Central,kongo central,94.717507,1.662639,91.458795,97.976219,214,2,2023–24 DHS
DRC,2013,DHS,,,skilled_birth_attendance,ADM1,Kwango,kwango,60.935146,10.167511,41.00719,80.863102,805,1,2013 DHS
DRC,2024,DHS,,,skilled_birth_attendance,ADM1,Kwango,kwango,76.531775,4.648136,67.421596,85.641953,325,2,2023–24 DHS
DRC,2013,DHS,,,skilled_birth_attendance,ADM1,Kwilu,kwilu,93.29071,1.886928,89.5924,96.989021,937,1,2013 DHS
DRC,2024,DHS,,,skilled_birth_attendance,ADM1,Kwilu,kwilu,93.004827,2.111082,88.867182,97.142471,346,2,2023–24 DHS
DRC,2013,DHS,,,skilled_birth_attendance,ADM1,Lomami,lomami,66.939094,10.215412,46.917254,86.960935,861,1,2013 DHS
DRC,2024,DHS,,,skilled_birth_attendance,ADM1,Lomami,lomami,74.24532,5.464872,63.534369,84.956272,421,2,2023–24 DHS
DRC,2013,DHS,,,skilled_birth_attendance,ADM1,Lualaba,lualaba,68.865998,6.40165,56.318996,81.413001,487,1,2013 DHS
DRC,2024,DHS,,,skilled_birth_attendance,ADM1,Lualaba,lualaba,86.930895,5.238356,76.663906,97.197885,439,2,2023–24 DHS
DRC,2013,DHS,,,skilled_birth_attendance,ADM1,Mai-Ndombe,mai ndombe,90.774925,1.529229,87.77769,93.772159,643,1,2013 DHS
DRC,2024,DHS,,,skilled_birth_attendance,ADM1,Mai-Ndombe,mai ndombe,92.902852,3.705443,85.640317,100,211,2,2023–24 DHS
DRC,2013,DHS,,,skilled_birth_attendance,ADM1,Maniema,maniema,86.550378,2.999303,80.671853,92.428903,866,1,2013 DHS
DRC,2024,DHS,,,skilled_birth_attendance,ADM1,Maniema,maniema,79.144368,3.881,71.537747,86.750989,465,2,2023–24 DHS
DRC,2013,DHS,,,skilled_birth_attendance,ADM1,Mongala,mongala,60.09876,6.526427,47.307198,72.890322,654,1,2013 DHS
DRC,2024,DHS,,,skilled_birth_attendance,ADM1,Mongala,mongala,66.243843,4.280085,57.85503,74.632656,373,2,2023–24 DHS
DRC,2013,DHS,,,skilled_birth_attendance,ADM1,Nord-Kivu,nord kivu,91.681061,2.547304,86.688437,96.673685,1084,1,2013 DHS
DRC,2024,DHS,,,skilled_birth_attendance,ADM1,Nord-Kivu,nord kivu,99.315699,0.472947,98.388741,100,448,2,2023–24 DHS
DRC,2013,DHS,,,skilled_birth_attendance,ADM1,Nord Ubangi,nord ubangi,53.640628,8.384955,37.206418,70.074839,582,1,2013 DHS
DRC,2024,DHS,,,skilled_birth_attendance,ADM1,Nord Ubangi,nord ubangi,75.125512,5.406263,64.529432,85.721592,371,2,2023–24 DHS
DRC,2013,DHS,,,skilled_birth_attendance,ADM1,Sankuru,sankuru,38.454698,10.700929,17.481263,59.428134,646,1,2013 DHS
DRC,2024,DHS,,,skilled_birth_attendance,ADM1,Sankuru,sankuru,46.705886,6.514541,33.93762,59.474152,298,2,2023–24 DHS
DRC,2013,DHS,,,skilled_birth_attendance,ADM1,Sud-Kivu,sud kivu,92.41648,2.303616,87.901475,96.931485,1130,1,2013 DHS
DRC,2024,DHS,,,skilled_birth_attendance,ADM1,Sud-Kivu,sud kivu,94.614114,2.263152,90.178418,99.04981,475,2,2023–24 DHS
DRC,2013,DHS,,,skilled_birth_attendance,ADM1,Sud Ubangi,sud ubangi,70.372198,6.711799,57.217315,83.527082,604,1,2013 DHS
DRC,2024,DHS,,,skilled_birth_attendance,ADM1,Sud Ubangi,sud ubangi,71.262655,3.61706,64.173348,78.351963,471,2,2023–24 DHS
DRC,2013,DHS,,,skilled_birth_attendance,ADM1,Tanganyika,tanganyika,17.255718,2.655177,12.051668,22.459769,658,1,2013 DHS
DRC,2024,DHS,,,skilled_birth_attendance,ADM1,Tanganyika,tanganyika,45.27079,8.761806,28.097965,62.443615,402,2,2023–24 DHS
DRC,2013,DHS,,,skilled_birth_attendance,ADM1,Tshopo,tshopo,88.111861,2.399999,83.407949,92.815773,546,1,2013 DHS
DRC,2024,DHS,,,skilled_birth_attendance,ADM1,Tshopo,tshopo,80.670921,5.844426,69.216057,92.125786,360,2,2023–24 DHS
DRC,2013,DHS,,,skilled_birth_attendance,ADM1,Tshuapa,tshuapa,37.662778,7.287389,23.379757,51.945799,566,1,2013 DHS
DRC,2024,DHS,,,skilled_birth_attendance,ADM1,Tshuapa,tshuapa,44.043257,6.754741,30.804208,57.282307,339,2,2023–24 DHS
Ethiopia,2016,DHS,,,anc_skilled_provider,ADM1,Addis Ababa,addis ababa,96.7652330970803,0.932898251568955,94.9367861227648,98.5936800713959,375,1,2016 DHS
Ethiopia,2019,DHS,,,anc_skilled_provider,ADM1,Addis Ababa,addis ababa,96.8819068592262,0.939505224948685,95.0405104550396,98.7233032634129,236,2,2019 DHS
Ethiopia,2024,DHS,,,anc_skilled_provider,ADM1,Addis Ababa,addis ababa,98.2216876589168,0.981516372180145,96.2979509192073,100,223,3,2024 DHS
Ethiopia,2016,DHS,,,anc_skilled_provider,ADM1,Afar,afar,51.3165563649723,4.4008950036398,42.690960658096,59.9421520718486,647,1,2016 DHS
Ethiopia,2019,DHS,,,anc_skilled_provider,ADM1,Afar,afar,62.6883546762949,4.85826188229759,53.1663363595279,72.210372993062,389,2,2019 DHS
Ethiopia,2024,DHS,,,anc_skilled_provider,ADM1,Afar,afar,70.7923995174366,4.71823773397968,61.5448234883385,80.0399755465346,487,3,2024 DHS
Ethiopia,2016,DHS,,,anc_skilled_provider,ADM1,Amhara,amhara,67.1212755395823,2.66950955884289,61.8891329478648,72.3534181312998,764,1,2016 DHS
Ethiopia,2019,DHS,,,anc_skilled_provider,ADM1,Amhara,amhara,82.6125163127828,2.64814089126346,77.4222555399186,87.802777085647,408,2,2019 DHS
Ethiopia,2024,DHS,,,anc_skilled_provider,ADM1,Amhara,amhara,90.2666917225276,1.91424549166967,86.5148395012869,94.0185439437683,378,3,2024 DHS
Ethiopia,2016,DHS,,,anc_skilled_provider,ADM1,Benishangul-Gumuz,benishangul gumuz,68.7156307791072,3.86755527420442,61.1353617334486,76.2958998247657,576,1,2016 DHS
Ethiopia,2019,DHS,,,anc_skilled_provider,ADM1,Benishangul-Gumuz,benishangul gumuz,83.3206275310097,3.29539239499764,76.8617771218871,89.7794779401322,371,2,2019 DHS
Ethiopia,2024,DHS,,,anc_skilled_provider,ADM1,Benishangul-Gumuz,benishangul gumuz,70.8687144664356,4.94742303280578,61.1719435058524,80.5654854270189,322,3,2024 DHS
Ethiopia,2016,DHS,,,anc_skilled_provider,ADM1,Dire Dawa,dire dawa,87.3821613894863,2.13883586636085,83.1901201225765,91.5742026563961,384,1,2016 DHS
Ethiopia,2019,DHS,,,anc_skilled_provider,ADM1,Dire Dawa,dire dawa,83.5307548569582,2.77534362327641,78.0911813106135,88.9703284033028,282,2,2019 DHS
Ethiopia,2024,DHS,,,anc_skilled_provider,ADM1,Dire Dawa,dire dawa,87.9887586562673,2.38396493885899,83.3162732356974,92.6612440768371,232,3,2024 DHS
Ethiopia,2016,DHS,,,anc_skilled_provider,ADM1,Gambela,gambela,72.3230660011983,2.79619584300541,66.8426228551871,77.8035091472095,534,1,2016 DHS
Ethiopia,2019,DHS,,,anc_skilled_provider,ADM1,Gambela,gambela,85.6624838753662,2.8912209942827,79.995794855226,91.3291728955064,338,2,2019 DHS
Ethiopia,2024,DHS,,,anc_skilled_provider,ADM1,Gambela,gambela,79.6062065259022,3.97442165281199,71.8164832270145,87.3959298247899,284,3,2024 DHS
Ethiopia,2016,DHS,,,anc_skilled_provider,ADM1,Harari,harari,75.863836821093,3.65543048529947,68.6993247219163,83.0283489202698,411,1,2016 DHS
Ethiopia,2019,DHS,,,anc_skilled_provider,ADM1,Harari,harari,80.748247998687,3.10840132725002,74.6558933477804,86.8406026495935,307,2,2019 DHS
Ethiopia,2024,DHS,,,anc_skilled_provider,ADM1,Harari,harari,79.78007545683,4.56049119179511,70.8416769690994,88.7184739445605,222,3,2024 DHS
Ethiopia,2016,DHS,,,anc_skilled_provider,ADM1,Oromia,oromia,50.7157238569757,2.816764843655,45.1949662104933,56.2364815034581,1031,1,2016 DHS
Ethiopia,2019,DHS,,,anc_skilled_provider,ADM1,Oromia,oromia,70.8292981514462,4.38540087958626,62.2340703696869,79.4245259332056,491,2,2019 DHS
Ethiopia,2024,DHS,,,anc_skilled_provider,ADM1,Oromia,oromia,70.937297164805,3.02080768933294,65.0166228894908,76.8579714401192,514,3,2024 DHS
Ethiopia,2016,DHS,,,anc_skilled_provider,ADM1,SNNPR,snnpr,69.3012137343196,2.59498736584046,64.2151319569359,74.3872955117034,893,1,2016 DHS
Ethiopia,2019,DHS,,,anc_skilled_provider,ADM1,SNNPR,snnpr,69.4278203816699,3.49457719813594,62.5785749321286,76.2770658312113,469,2,2019 DHS
Ethiopia,2024,DHS,,,anc_skilled_provider,ADM1,SNNPR,snnpr,78.8722645740886,1.82164855172606,75.301899020216,82.4426301279613,1410,3,2024 DHS
Ethiopia,2016,DHS,,,anc_skilled_provider,ADM1,Somali,somali,43.6189309760317,4.12407290365652,35.5358966152474,51.701965336816,806,1,2016 DHS
Ethiopia,2019,DHS,,,anc_skilled_provider,ADM1,Somali,somali,30.2097714951405,4.68217500910905,21.0328771079733,39.3866658823078,342,2,2019 DHS
Ethiopia,2024,DHS,,,anc_skilled_provider,ADM1,Somali,somali,35.0567604894479,4.71461176364761,25.8162912316097,44.2972297472861,489,3,2024 DHS
Ethiopia,2016,DHS,,,anc_skilled_provider,ADM1,Tigray,tigray,90.0003443127985,1.72110809494629,86.6270344332034,93.3736541923936,772,1,2016 DHS
Ethiopia,2019,DHS,,,anc_skilled_provider,ADM1,Tigray,tigray,94.0309988900108,1.59938706665366,90.8962578420304,97.1657399379911,346,2,2019 DHS
Ethiopia,2024,DHS,,,anc_skilled_provider,ADM1,Tigray,tigray,90.1627860440985,1.6866876358094,86.856939024743,93.4686330634539,460,3,2024 DHS
Ethiopia,2016,DHS,,,anc4plus,ADM1,Addis Ababa,addis ababa,89.0830413819593,1.87232501022882,85.4133517945572,92.7527309693614,375,1,2016 DHS
Ethiopia,2019,DHS,,,anc4plus,ADM1,Addis Ababa,addis ababa,81.8186958432459,2.6753242250648,76.5751567151514,87.0622349713405,236,2,2019 DHS
Ethiopia,2024,DHS,,,anc4plus,ADM1,Addis Ababa,addis ababa,94.777966616822,2.10771426940214,90.6469225590927,98.9090106745514,223,3,2024 DHS
Ethiopia,2016,DHS,,,anc4plus,ADM1,Afar,afar,20.5893706001434,2.31589190333405,16.0503058775208,25.1284353227661,647,1,2016 DHS
Ethiopia,2019,DHS,,,anc4plus,ADM1,Afar,afar,31.1155903604107,4.58107236401707,22.1368535163654,40.0943272044559,389,2,2019 DHS
Ethiopia,2024,DHS,,,anc4plus,ADM1,Afar,afar,46.1771649701767,4.18319420345862,37.9782549910611,54.3760749492923,487,3,2024 DHS
Ethiopia,2016,DHS,,,anc4plus,ADM1,Amhara,amhara,31.4694965028357,2.52352301038284,26.5234822883273,36.4155107173442,764,1,2016 DHS
Ethiopia,2019,DHS,,,anc4plus,ADM1,Amhara,amhara,50.7684905705379,3.52457466407963,43.8604511681194,57.6765299729563,408,2,2019 DHS
Ethiopia,2024,DHS,,,anc4plus,ADM1,Amhara,amhara,62.0280243726502,3.39173916106418,55.3803377720103,68.6757109732901,378,3,2024 DHS
Ethiopia,2016,DHS,,,anc4plus,ADM1,Benishangul-Gumuz,benishangul gumuz,42.0270908461804,3.63721624431308,34.8982780033428,49.1559036890181,576,1,2016 DHS
Ethiopia,2019,DHS,,,anc4plus,ADM1,Benishangul-Gumuz,benishangul gumuz,55.878420118406,4.65692333904034,46.7510180951229,65.0058221416891,371,2,2019 DHS
Ethiopia,2024,DHS,,,anc4plus,ADM1,Benishangul-Gumuz,benishangul gumuz,57.1513670707644,4.8028479383191,47.7379580884365,66.5647760530923,322,3,2024 DHS
Ethiopia,2016,DHS,,,anc4plus,ADM1,Dire Dawa,dire dawa,65.9846891192506,3.1097432549121,59.8897043384566,72.0796739000447,384,1,2016 DHS
Ethiopia,2019,DHS,,,anc4plus,ADM1,Dire Dawa,dire dawa,61.5342906394726,4.48230446978623,52.7491353109487,70.3194459679966,282,2,2019 DHS
Ethiopia,2024,DHS,,,anc4plus,ADM1,Dire Dawa,dire dawa,69.1466719984166,3.69366362469405,61.9072243230105,76.3861196738226,232,3,2024 DHS
Ethiopia,2016,DHS,,,anc4plus,ADM1,Gambela,gambela,43.3533789005836,2.79046829485253,37.8841615426717,48.8225962584954,534,1,2016 DHS
Ethiopia,2019,DHS,,,anc4plus,ADM1,Gambela,gambela,31.8265513733471,5.18348234711519,21.6671126585021,41.985990088192,338,2,2019 DHS
Ethiopia,2024,DHS,,,anc4plus,ADM1,Gambela,gambela,49.1721433127265,4.37595450800172,40.5954300790574,57.7488565463955,284,3,2024 DHS
Ethiopia,2016,DHS,,,anc4plus,ADM1,Harari,harari,34.9387785484008,3.44621269089356,28.1843257911846,41.693231305617,411,1,2016 DHS
Ethiopia,2019,DHS,,,anc4plus,ADM1,Harari,harari,38.8218447989118,2.96097579541539,33.0184388808028,44.6252507170208,307,2,2019 DHS
Ethiopia,2024,DHS,,,anc4plus,ADM1,Harari,harari,46.526136466134,4.5040060925002,37.6984467386846,55.3538261935834,222,3,2024 DHS
Ethiopia,2016,DHS,,,anc4plus,ADM1,Oromia,oromia,22.1182823127706,1.70667189632846,18.7732668625401,25.4632977630011,1031,1,2016 DHS
Ethiopia,2019,DHS,,,anc4plus,ADM1,Oromia,oromia,40.6224763882062,3.27772298039397,34.1982573953347,47.0466953810777,491,2,2019 DHS
Ethiopia,2024,DHS,,,anc4plus,ADM1,Oromia,oromia,48.4482470546643,3.5095688824935,41.5696184437145,55.326875665614,514,3,2024 DHS
Ethiopia,2016,DHS,,,anc4plus,ADM1,SNNPR,snnpr,38.1774443329179,2.87898490133391,32.5347376142688,43.8201510515669,893,1,2016 DHS
Ethiopia,2019,DHS,,,anc4plus,ADM1,SNNPR,snnpr,34.1389462752964,3.11118746613734,28.0411308925147,40.236761658078,469,2,2019 DHS
Ethiopia,2024,DHS,,,anc4plus,ADM1,SNNPR,snnpr,48.9137361070571,2.42937914570083,44.1522404766908,53.6752317374234,1410,3,2024 DHS
Ethiopia,2016,DHS,,,anc4plus,ADM1,Somali,somali,11.7801234469649,1.94727859541131,7.96352753209304,15.5967193618369,806,1,2016 DHS
Ethiopia,2019,DHS,,,anc4plus,ADM1,Somali,somali,11.0612140553195,2.87770413314538,5.42101759619245,16.7014105144465,342,2,2019 DHS
Ethiopia,2024,DHS,,,anc4plus,ADM1,Somali,somali,12.7228879656821,3.28365520057057,6.28704203491612,19.158733896448,489,3,2024 DHS
Ethiopia,2016,DHS,,,anc4plus,ADM1,Tigray,tigray,56.5466773787028,2.69412187108265,51.2662955414192,61.8270592159865,772,1,2016 DHS
Ethiopia,2019,DHS,,,anc4plus,ADM1,Tigray,tigray,63.8851260761119,4.25684351278079,55.5418661032386,72.2283860489852,346,2,2019 DHS
Ethiopia,2024,DHS,,,anc4plus,ADM1,Tigray,tigray,57.1395572379225,3.16224545481528,50.9416700362091,63.3374444396359,460,3,2024 DHS
Ethiopia,2016,DHS,,,diarrhea_care_seeking,ADM1,Addis Ababa,addis ababa,60.830911,9.417508,42.372934,79.288887,33,1,2016 DHS
Ethiopia,2024,DHS,,,diarrhea_care_seeking,ADM1,Addis Ababa,addis ababa,25.310265,7.75902,10.102865,40.517666,46,3,2024 DHS
Ethiopia,2016,DHS,,,diarrhea_care_seeking,ADM1,Afar,afar,53.037356,5.602414,42.056827,64.017885,104,1,2016 DHS
Ethiopia,2024,DHS,,,diarrhea_care_seeking,ADM1,Afar,afar,56.888024,5.041393,47.007075,66.768973,219,3,2024 DHS
Ethiopia,2016,DHS,,,diarrhea_care_seeking,ADM1,Amhara,amhara,40.017309,5.263213,29.7016,50.333017,123,1,2016 DHS
Ethiopia,2024,DHS,,,diarrhea_care_seeking,ADM1,Amhara,amhara,36.939541,4.597971,27.927683,45.951399,91,3,2024 DHS
Ethiopia,2016,DHS,,,diarrhea_care_seeking,ADM1,Benishangul-Gumuz,benishangul gumuz,61.272838,7.562245,46.45111,76.094565,75,1,2016 DHS
Ethiopia,2024,DHS,,,diarrhea_care_seeking,ADM1,Benishangul-Gumuz,benishangul gumuz,74.506959,4.017357,66.633085,82.380834,98,3,2024 DHS
Ethiopia,2016,DHS,,,diarrhea_care_seeking,ADM1,Dire Dawa,dire dawa,68.198632,7.812796,52.885832,83.511431,58,1,2016 DHS
Ethiopia,2024,DHS,,,diarrhea_care_seeking,ADM1,Dire Dawa,dire dawa,55.253634,7.332085,40.88301,69.624257,63,3,2024 DHS
Ethiopia,2016,DHS,,,diarrhea_care_seeking,ADM1,Gambela,gambela,58.704838,6.860002,45.259481,72.150194,85,1,2016 DHS
Ethiopia,2024,DHS,,,diarrhea_care_seeking,ADM1,Gambela,gambela,66.119376,4.079213,58.124266,74.114487,109,3,2024 DHS
Ethiopia,2016,DHS,,,diarrhea_care_seeking,ADM1,Harari,harari,54.459685,6.821371,41.090043,67.829328,60,1,2016 DHS
Ethiopia,2024,DHS,,,diarrhea_care_seeking,ADM1,Harari,harari,66.068956,7.804462,50.772491,81.365421,57,3,2024 DHS
Ethiopia,2016,DHS,,,diarrhea_care_seeking,ADM1,Oromia,oromia,41.863082,4.157435,33.714658,50.011506,169,1,2016 DHS
Ethiopia,2024,DHS,,,diarrhea_care_seeking,ADM1,Oromia,oromia,46.761431,4.701328,37.546997,55.975866,115,3,2024 DHS
Ethiopia,2016,DHS,,,diarrhea_care_seeking,ADM1,SNNPR,snnpr,47.831303,4.720623,38.579051,57.083554,170,1,2016 DHS
Ethiopia,2024,DHS,,,diarrhea_care_seeking,ADM1,SNNPR,snnpr,39.570151,3.502482,32.705412,46.434891,493,3,2024 DHS
Ethiopia,2016,DHS,,,diarrhea_care_seeking,ADM1,Somali,somali,44.718487,7.647759,29.729155,59.707819,88,1,2016 DHS
Ethiopia,2024,DHS,,,diarrhea_care_seeking,ADM1,Somali,somali,40.272261,6.508701,27.515441,53.029081,72,3,2024 DHS
Ethiopia,2016,DHS,,,diarrhea_care_seeking,ADM1,Tigray,tigray,50.708239,5.220083,40.477065,60.939413,125,1,2016 DHS
Ethiopia,2024,DHS,,,diarrhea_care_seeking,ADM1,Tigray,tigray,51.734554,4.761586,42.402017,61.067091,156,3,2024 DHS
Ethiopia,2016,DHS,,,dpt3,ADM1,Addis Ababa,addis ababa,95.6913555024234,2.15030930056794,91.4768267176888,99.9058842871581,102,1,2016 DHS
Ethiopia,2019,DHS,,,dpt3,ADM1,Addis Ababa,addis ababa,93.1323340218517,3.00364190639922,87.245304062854,99.0193639808494,64,2,2019 DHS
Ethiopia,2024,DHS,,,dpt3,ADM1,Addis Ababa,addis ababa,88.2092794773152,3.49775390004543,81.3538078064416,95.0647511481887,118,3,2024 DHS
Ethiopia,2016,DHS,,,dpt3,ADM1,Afar,afar,20.0723370065218,5.31887527867539,9.64753302205761,30.497140990986,171,1,2016 DHS
Ethiopia,2019,DHS,,,dpt3,ADM1,Afar,afar,26.9725682375247,5.62730245953818,15.9432580867162,38.0018783883331,111,2,2019 DHS
Ethiopia,2024,DHS,,,dpt3,ADM1,Afar,afar,30.978128720751,4.90695385974461,21.3606758818518,40.5955815596503,216,3,2024 DHS
Ethiopia,2016,DHS,,,dpt3,ADM1,Amhara,amhara,63.7782259264188,4.99978595492352,53.9788255243595,73.5776263284781,178,1,2016 DHS
Ethiopia,2019,DHS,,,dpt3,ADM1,Amhara,amhara,80.1940357305915,5.77437732220188,68.8764641459309,91.511607315252,99,2,2019 DHS
Ethiopia,2024,DHS,,,dpt3,ADM1,Amhara,amhara,49.3919133081645,4.17168087599543,41.2155690362189,57.56825758011,179,3,2024 DHS
Ethiopia,2016,DHS,,,dpt3,ADM1,Benishangul-Gumuz,benishangul gumuz,76.1733352892673,5.4998615505141,65.3938047303031,86.9528658482316,156,1,2016 DHS
Ethiopia,2019,DHS,,,dpt3,ADM1,Benishangul-Gumuz,benishangul gumuz,80.5366973058161,4.30151945671829,72.1058740918499,88.9675205197822,83,2,2019 DHS
Ethiopia,2024,DHS,,,dpt3,ADM1,Benishangul-Gumuz,benishangul gumuz,34.4913127990986,6.78212413470272,21.1985937564014,47.7840318417958,154,3,2024 DHS
Ethiopia,2016,DHS,,,dpt3,ADM1,Dire Dawa,dire dawa,84.9124824431165,3.99183873413242,77.088622292125,92.736342594108,110,1,2016 DHS
Ethiopia,2019,DHS,,,dpt3,ADM1,Dire Dawa,dire dawa,74.5197395876665,5.33344698134461,64.0663755907772,84.9731035845558,80,2,2019 DHS
Ethiopia,2024,DHS,,,dpt3,ADM1,Dire Dawa,dire dawa,55.4656365322928,6.32832473124537,43.0623479765778,67.8689250880078,116,3,2024 DHS
Ethiopia,2016,DHS,,,dpt3,ADM1,Gambela,gambela,54.815276387241,6.47626525115569,42.1220297406476,67.5085230338344,138,1,2016 DHS
Ethiopia,2019,DHS,,,dpt3,ADM1,Gambela,gambela,64.9573171202397,6.83045962562562,51.5698622561585,78.3447719843208,77,2,2019 DHS
Ethiopia,2024,DHS,,,dpt3,ADM1,Gambela,gambela,26.8926433144587,5.29599035241277,16.5126929612581,37.2725936676593,143,3,2024 DHS
Ethiopia,2016,DHS,,,dpt3,ADM1,Harari,harari,58.670670720617,5.72561700383484,47.4486676038306,69.8926738374034,117,1,2016 DHS
Ethiopia,2019,DHS,,,dpt3,ADM1,Harari,harari,52.7317916245461,6.9620404675469,39.0864430492438,66.3771401998485,73,2,2019 DHS
Ethiopia,2024,DHS,,,dpt3,ADM1,Harari,harari,47.5683614606163,5.17819023757471,37.419295089873,57.7174278313596,104,3,2024 DHS
Ethiopia,2016,DHS,,,dpt3,ADM1,Oromia,oromia,39.8719904811215,3.58343203129917,32.8485927587279,46.8953882035151,287,1,2016 DHS
Ethiopia,2019,DHS,,,dpt3,ADM1,Oromia,oromia,53.6048241413649,6.44813978826463,40.9667023890865,66.2429458936434,127,2,2019 DHS
Ethiopia,2024,DHS,,,dpt3,ADM1,Oromia,oromia,31.7188697666915,3.70678239211464,24.4537097796196,38.9840297537634,241,3,2024 DHS
Ethiopia,2016,DHS,,,dpt3,ADM1,SNNPR,snnpr,59.0169334465851,4.15517580474685,50.872938519849,67.1609283733212,231,1,2016 DHS
Ethiopia,2019,DHS,,,dpt3,ADM1,SNNPR,snnpr,50.8167706602958,9.37072355183913,32.4504899896099,69.1830513309818,116,2,2019 DHS
Ethiopia,2024,DHS,,,dpt3,ADM1,SNNPR,snnpr,32.1021950470391,2.59231568894504,27.0213496601487,37.1830404339295,663,3,2024 DHS
Ethiopia,2016,DHS,,,dpt3,ADM1,Somali,somali,36.2860647785883,5.32749288906123,25.8443705881351,46.7277589690416,223,1,2016 DHS
Ethiopia,2019,DHS,,,dpt3,ADM1,Somali,somali,26.1852277897773,6.79725571832107,12.8628513881591,39.5076041913955,85,2,2019 DHS
Ethiopia,2024,DHS,,,dpt3,ADM1,Somali,somali,18.1636743115768,3.67893814555025,10.9530880449478,25.3742605782059,225,3,2024 DHS
Ethiopia,2016,DHS,,,dpt3,ADM1,Tigray,tigray,81.3528788402126,4.18397661210458,73.1524353683297,89.5533223120954,216,1,2016 DHS
Ethiopia,2019,DHS,,,dpt3,ADM1,Tigray,tigray,84.3808463406465,4.87634037000982,74.8233948390686,93.9382978422245,93,2,2019 DHS
Ethiopia,2024,DHS,,,dpt3,ADM1,Tigray,tigray,49.8473754908366,4.29626327544709,41.4268542028582,58.267896778815,201,3,2024 DHS
Ethiopia,2016,DHS,,,facility_delivery,ADM1,Addis Ababa,addis ababa,96.6176427141778,0.825115638125855,95.0004457803704,98.2348396479853,461,1,2016 DHS
Ethiopia,2019,DHS,,,facility_delivery,ADM1,Addis Ababa,addis ababa,94.8485348306783,1.1100152791273,92.6729448612997,97.024124800057,291,2,2019 DHS
Ethiopia,2024,DHS,,,facility_delivery,ADM1,Addis Ababa,addis ababa,97.9416405799212,1.22348689027176,95.5436503394317,100,231,3,2024 DHS
Ethiopia,2016,DHS,,,facility_delivery,ADM1,Afar,afar,14.6998665083033,2.09280799624341,10.5980382091087,18.8016948074978,1062,1,2016 DHS
Ethiopia,2019,DHS,,,facility_delivery,ADM1,Afar,afar,28.2653418819376,4.33772920627741,19.7635488629464,36.7671349009289,652,2,2019 DHS
Ethiopia,2024,DHS,,,facility_delivery,ADM1,Afar,afar,33.2626823278194,3.90080417191308,25.6172466401262,40.9081180155126,502,3,2024 DHS
Ethiopia,2016,DHS,,,facility_delivery,ADM1,Amhara,amhara,27.1200345037013,2.2638707264877,22.6829294141309,31.5571395932717,977,1,2016 DHS
Ethiopia,2019,DHS,,,facility_delivery,ADM1,Amhara,amhara,54.1991193450984,4.64752191901892,45.0901437664608,63.3080949237359,511,2,2019 DHS
Ethiopia,2024,DHS,,,facility_delivery,ADM1,Amhara,amhara,72.7674788005083,3.34573308099673,66.2099624598705,79.3249951411461,389,3,2024 DHS
Ethiopia,2016,DHS,,,facility_delivery,ADM1,Benishangul-Gumuz,benishangul gumuz,25.685356482544,3.55940589883376,18.7090491144705,32.6616638506176,879,1,2016 DHS
Ethiopia,2019,DHS,,,facility_delivery,ADM1,Benishangul-Gumuz,benishangul gumuz,63.6812165989043,7.94548373245518,48.1083546435433,79.2540785542653,530,2,2019 DHS
Ethiopia,2024,DHS,,,facility_delivery,ADM1,Benishangul-Gumuz,benishangul gumuz,61.4920220602003,5.70385953054318,50.3126628074602,72.6713813129405,334,3,2024 DHS
Ethiopia,2016,DHS,,,facility_delivery,ADM1,Dire Dawa,dire dawa,56.2269168648045,5.08730971324477,46.255973048644,66.197860680965,547,1,2016 DHS
Ethiopia,2019,DHS,,,facility_delivery,ADM1,Dire Dawa,dire dawa,69.1670588664307,5.70143230596077,57.9924568864545,80.341660846407,402,2,2019 DHS
Ethiopia,2024,DHS,,,facility_delivery,ADM1,Dire Dawa,dire dawa,82.4382949816844,3.96958993536877,74.6580416749689,90.2185482883998,243,3,2024 DHS
Ethiopia,2016,DHS,,,facility_delivery,ADM1,Gambela,gambela,44.9740879155638,4.2032912777274,36.7357883946867,53.2123874364408,714,1,2016 DHS
Ethiopia,2019,DHS,,,facility_delivery,ADM1,Gambela,gambela,70.2749455501564,3.78919046626909,62.8482687057064,77.7016223946063,450,2,2019 DHS
Ethiopia,2024,DHS,,,facility_delivery,ADM1,Gambela,gambela,71.8199499981991,3.6288673768539,64.7075006348932,78.9323993615051,291,3,2024 DHS
Ethiopia,2016,DHS,,,facility_delivery,ADM1,Harari,harari,50.2497495651607,4.66622991232665,41.104106993417,59.3953921369045,605,1,2016 DHS
Ethiopia,2019,DHS,,,facility_delivery,ADM1,Harari,harari,63.8462984066592,6.94607589587921,50.2322398168541,77.4603569964642,447,2,2019 DHS
Ethiopia,2024,DHS,,,facility_delivery,ADM1,Harari,harari,78.6870782393419,5.82801698615709,67.2643748451864,90.1097816334975,232,3,2024 DHS
Ethiopia,2016,DHS,,,facility_delivery,ADM1,Oromia,oromia,18.7552302682108,2.50193271480637,13.8515322554477,23.6589282809738,1581,1,2016 DHS
Ethiopia,2019,DHS,,,facility_delivery,ADM1,Oromia,oromia,40.9606876227164,5.71819934325459,29.7532228535168,52.1681523919159,719,2,2019 DHS
Ethiopia,2024,DHS,,,facility_delivery,ADM1,Oromia,oromia,53.7375831650415,4.45670610585579,45.0025997078844,62.4725666221986,536,3,2024 DHS
Ethiopia,2016,DHS,,,facility_delivery,ADM1,SNNPR,snnpr,25.5266006069393,2.32904657639364,20.9617531988915,30.0914480149872,1277,1,2016 DHS
Ethiopia,2019,DHS,,,facility_delivery,ADM1,SNNPR,snnpr,47.5009915621717,5.86917894281219,35.997612215439,59.0043709089045,660,2,2019 DHS
Ethiopia,2024,DHS,,,facility_delivery,ADM1,SNNPR,snnpr,59.4510568687614,2.71050880455014,54.1385572320644,64.7635565054584,1454,3,2024 DHS
Ethiopia,2016,DHS,,,facility_delivery,ADM1,Somali,somali,17.9246002659358,2.72187957648918,12.5898143257619,23.2593862061097,1505,1,2016 DHS
Ethiopia,2019,DHS,,,facility_delivery,ADM1,Somali,somali,23.274654434182,5.55449217410626,12.3880498205242,34.1612590478399,637,2,2019 DHS
Ethiopia,2024,DHS,,,facility_delivery,ADM1,Somali,somali,34.220268922719,4.79585733024361,24.8205612804491,43.6199765649889,525,3,2024 DHS
Ethiopia,2016,DHS,,,facility_delivery,ADM1,Tigray,tigray,56.9410491544378,3.76140812131875,49.5688247054966,64.313273603379,1033,1,2016 DHS
Ethiopia,2019,DHS,,,facility_delivery,ADM1,Tigray,tigray,72.3908273163742,4.97435087457252,62.6412787557467,82.1403758770016,454,2,2019 DHS
Ethiopia,2024,DHS,,,facility_delivery,ADM1,Tigray,tigray,68.2572836924451,3.46234631517392,61.4712096126993,75.043357772191,471,3,2024 DHS
Ethiopia,2016,DHS,,,fever_care_seeking,ADM1,Addis Ababa,addis ababa,64.148229,5.515689,53.337677,74.958782,66,1,2016 DHS
Ethiopia,2024,DHS,,,fever_care_seeking,ADM1,Addis Ababa,addis ababa,46.286052,7.657742,31.277154,61.29495,67,3,2024 DHS
Ethiopia,2016,DHS,,,fever_care_seeking,ADM1,Afar,afar,41.296283,4.853649,31.783306,50.809261,152,1,2016 DHS
Ethiopia,2024,DHS,,,fever_care_seeking,ADM1,Afar,afar,39.623656,4.405587,30.988864,48.258449,195,3,2024 DHS
Ethiopia,2016,DHS,,,fever_care_seeking,ADM1,Amhara,amhara,31.392766,3.767888,24.007842,38.77769,113,1,2016 DHS
Ethiopia,2024,DHS,,,fever_care_seeking,ADM1,Amhara,amhara,34.182334,5.966567,22.488078,45.87659,78,3,2024 DHS
Ethiopia,2016,DHS,,,fever_care_seeking,ADM1,Benishangul-Gumuz,benishangul gumuz,44.200167,6.314031,31.824894,56.57544,59,1,2016 DHS
Ethiopia,2024,DHS,,,fever_care_seeking,ADM1,Benishangul-Gumuz,benishangul gumuz,67.678,4.44545,58.965078,76.390922,149,3,2024 DHS
Ethiopia,2016,DHS,,,fever_care_seeking,ADM1,Dire Dawa,dire dawa,51.185917,8.01334,35.480059,66.891775,59,1,2016 DHS
Ethiopia,2024,DHS,,,fever_care_seeking,ADM1,Dire Dawa,dire dawa,39.807431,6.648723,26.776174,52.838688,79,3,2024 DHS
Ethiopia,2016,DHS,,,fever_care_seeking,ADM1,Gambela,gambela,46.933203,7.176302,32.867909,60.998496,95,1,2016 DHS
Ethiopia,2024,DHS,,,fever_care_seeking,ADM1,Gambela,gambela,63.533277,4.332936,55.040878,72.025676,200,3,2024 DHS
Ethiopia,2016,DHS,,,fever_care_seeking,ADM1,Harari,harari,53.78857,6.258324,41.522479,66.05466,53,1,2016 DHS
Ethiopia,2024,DHS,,,fever_care_seeking,ADM1,Harari,harari,48.786803,9.488731,30.189231,67.384374,51,3,2024 DHS
Ethiopia,2016,DHS,,,fever_care_seeking,ADM1,Oromia,oromia,35.384339,3.457637,28.607495,42.161183,221,1,2016 DHS
Ethiopia,2024,DHS,,,fever_care_seeking,ADM1,Oromia,oromia,42.475027,7.058311,28.640991,56.309062,115,3,2024 DHS
Ethiopia,2016,DHS,,,fever_care_seeking,ADM1,SNNPR,snnpr,37.234842,3.774181,29.837583,44.632101,188,1,2016 DHS
Ethiopia,2024,DHS,,,fever_care_seeking,ADM1,SNNPR,snnpr,42.708545,3.111421,36.610271,48.806819,534,3,2024 DHS
Ethiopia,2016,DHS,,,fever_care_seeking,ADM1,Somali,somali,29.108309,5.098721,19.114999,39.101618,114,1,2016 DHS
Ethiopia,2024,DHS,,,fever_care_seeking,ADM1,Somali,somali,28.283234,7.411703,13.756564,42.809904,57,3,2024 DHS
Ethiopia,2016,DHS,,,fever_care_seeking,ADM1,Tigray,tigray,34.090533,3.526352,27.17901,41.002055,234,1,2016 DHS
Ethiopia,2024,DHS,,,fever_care_seeking,ADM1,Tigray,tigray,34.32616,3.31229,27.834191,40.818128,219,3,2024 DHS
Ethiopia,2016,DHS,,,full_basic_vaccination,ADM1,Addis Ababa,addis ababa,89.2346250931286,2.91754517400899,83.5163416288024,94.9529085574549,102,1,2016 DHS
Ethiopia,2019,DHS,,,full_basic_vaccination,ADM1,Addis Ababa,addis ababa,83.2833821913416,4.91922531413312,73.641877743803,92.9248866388803,64,2,2019 DHS
Ethiopia,2024,DHS,,,full_basic_vaccination,ADM1,Addis Ababa,addis ababa,82.157829062798,3.67826996140447,74.9485524130297,89.3671057125663,118,3,2024 DHS
Ethiopia,2016,DHS,,,full_basic_vaccination,ADM1,Afar,afar,15.1543843647025,4.73344070805194,5.87701105396497,24.4317576754401,171,1,2016 DHS
Ethiopia,2019,DHS,,,full_basic_vaccination,ADM1,Afar,afar,19.6545503534542,5.28418522513592,9.29773762454914,30.0113630823593,111,2,2019 DHS
Ethiopia,2024,DHS,,,full_basic_vaccination,ADM1,Afar,afar,20.5551681054739,4.51476331111398,11.7063946169677,29.4039415939801,216,3,2024 DHS
Ethiopia,2016,DHS,,,full_basic_vaccination,ADM1,Amhara,amhara,45.8471877455538,4.93411708911587,36.1764959553831,55.5178795357245,178,1,2016 DHS
Ethiopia,2019,DHS,,,full_basic_vaccination,ADM1,Amhara,amhara,62.0849339095813,7.48542605642499,47.4137684300507,76.756099389112,99,2,2019 DHS
Ethiopia,2024,DHS,,,full_basic_vaccination,ADM1,Amhara,amhara,34.9581355709894,3.94687323997209,27.2224061690993,42.6938649728797,179,3,2024 DHS
Ethiopia,2016,DHS,,,full_basic_vaccination,ADM1,Benishangul-Gumuz,benishangul gumuz,57.4297285236552,5.17503080313045,47.2868545306341,67.5726025166763,156,1,2016 DHS
Ethiopia,2019,DHS,,,full_basic_vaccination,ADM1,Benishangul-Gumuz,benishangul gumuz,66.1246644762122,5.90696685614807,54.5472221802902,77.7021067721342,83,2,2019 DHS
Ethiopia,2024,DHS,,,full_basic_vaccination,ADM1,Benishangul-Gumuz,benishangul gumuz,21.0928422162614,4.90441968009921,11.4803562781975,30.7053281543253,154,3,2024 DHS
Ethiopia,2016,DHS,,,full_basic_vaccination,ADM1,Dire Dawa,dire dawa,75.8545967285656,5.22707775430465,65.609712585738,86.0994808713932,110,1,2016 DHS
Ethiopia,2019,DHS,,,full_basic_vaccination,ADM1,Dire Dawa,dire dawa,56.4440394633989,7.6450188035161,41.4600779473759,71.428000979422,80,2,2019 DHS
Ethiopia,2024,DHS,,,full_basic_vaccination,ADM1,Dire Dawa,dire dawa,45.2134156967197,5.63265921027444,34.173606507394,56.2532248860455,116,3,2024 DHS
Ethiopia,2016,DHS,,,full_basic_vaccination,ADM1,Gambela,gambela,41.140576075276,5.85421191155492,29.666531570763,52.614620579789,138,1,2016 DHS
Ethiopia,2019,DHS,,,full_basic_vaccination,ADM1,Gambela,gambela,39.821988220355,5.45396979059749,29.1324038580145,50.5115725826956,77,2,2019 DHS
Ethiopia,2024,DHS,,,full_basic_vaccination,ADM1,Gambela,gambela,16.6469049672331,4.13678690618977,8.53895161938428,24.7548583150819,143,3,2024 DHS
Ethiopia,2016,DHS,,,full_basic_vaccination,ADM1,Harari,harari,42.1677904092633,5.92924877877976,30.5466763474769,53.7889044710497,117,1,2016 DHS
Ethiopia,2019,DHS,,,full_basic_vaccination,ADM1,Harari,harari,44.6974015733492,6.35899879844809,32.2339929506575,57.1608101960409,73,2,2019 DHS
Ethiopia,2024,DHS,,,full_basic_vaccination,ADM1,Harari,harari,33.9243274145279,5.22226507373015,23.6888759522954,44.1597788767604,104,3,2024 DHS
Ethiopia,2016,DHS,,,full_basic_vaccination,ADM1,Oromia,oromia,24.6757081168332,3.25265264294544,18.3006260824411,31.0507901512253,287,1,2016 DHS
Ethiopia,2019,DHS,,,full_basic_vaccination,ADM1,Oromia,oromia,29.86768650057,5.16511411694015,19.7442488553279,39.9911241458121,127,2,2019 DHS
Ethiopia,2024,DHS,,,full_basic_vaccination,ADM1,Oromia,oromia,23.9464133724223,3.6369740120008,16.8180752961926,31.074751448652,241,3,2024 DHS
Ethiopia,2016,DHS,,,full_basic_vaccination,ADM1,SNNPR,snnpr,46.8803098463397,4.36799252641471,38.3192018098268,55.4414178828526,231,1,2016 DHS
Ethiopia,2019,DHS,,,full_basic_vaccination,ADM1,SNNPR,snnpr,38.0025902129746,10.3311815364829,17.753846483723,58.2513339422262,116,2,2019 DHS
Ethiopia,2024,DHS,,,full_basic_vaccination,ADM1,SNNPR,snnpr,23.6560948208094,2.56610984527328,18.6266119437002,28.6855776979187,663,3,2024 DHS
Ethiopia,2016,DHS,,,full_basic_vaccination,ADM1,Somali,somali,21.8053471153595,4.8261971597793,12.3461744999026,31.2645197308164,223,1,2016 DHS
Ethiopia,2019,DHS,,,full_basic_vaccination,ADM1,Somali,somali,18.4803729057002,4.8580959787406,8.95867975392978,28.0020660574707,85,2,2019 DHS
Ethiopia,2024,DHS,,,full_basic_vaccination,ADM1,Somali,somali,9.42067749887564,2.9033643935805,3.73018785346188,15.1111671442894,225,3,2024 DHS
Ethiopia,2016,DHS,,,full_basic_vaccination,ADM1,Tigray,tigray,67.2723521296311,4.6343045293694,58.1892821586762,76.3554221005859,216,1,2016 DHS
Ethiopia,2019,DHS,,,full_basic_vaccination,ADM1,Tigray,tigray,73.0136074408181,6.3108464441861,60.6445756982507,85.3826391833855,93,2,2019 DHS
Ethiopia,2024,DHS,,,full_basic_vaccination,ADM1,Tigray,tigray,35.9204114699096,3.81852652781544,28.4362370013806,43.4045859384387,201,3,2024 DHS
Ethiopia,2016,DHS,,,mean_anc_visits,ADM1,Addis Ababa,addis ababa,6.39121429330354,0.232896599987753,5.93474534520571,6.84768324140137,375,1,2016 DHS
Ethiopia,2019,DHS,,,mean_anc_visits,ADM1,Addis Ababa,addis ababa,4.77702453993783,0.191438067456758,4.40181282245263,5.15223625742302,234,2,2019 DHS
Ethiopia,2024,DHS,,,mean_anc_visits,ADM1,Addis Ababa,addis ababa,7.92431450176852,0.271292212803934,7.39259153538663,8.45603746815041,221,3,2024 DHS
Ethiopia,2016,DHS,,,mean_anc_visits,ADM1,Afar,afar,1.77610825953773,0.181714632883252,1.41995412362264,2.13226239545283,645,1,2016 DHS
Ethiopia,2019,DHS,,,mean_anc_visits,ADM1,Afar,afar,2.27830453539602,0.239261291520227,1.80936102112184,2.7472480496702,388,2,2019 DHS
Ethiopia,2024,DHS,,,mean_anc_visits,ADM1,Afar,afar,3.71717928777683,0.316114689464455,3.09760588144243,4.33675269411122,487,3,2024 DHS
Ethiopia,2016,DHS,,,mean_anc_visits,ADM1,Amhara,amhara,2.51215683916418,0.138460943900198,2.24077837585437,2.78353530247398,763,1,2016 DHS
Ethiopia,2019,DHS,,,mean_anc_visits,ADM1,Amhara,amhara,3.31228986987898,0.150018848922675,3.01825832898838,3.60632141076958,407,2,2019 DHS
Ethiopia,2024,DHS,,,mean_anc_visits,ADM1,Amhara,amhara,4.85296392932633,0.19082028667139,4.4789630399308,5.22696481872187,378,3,2024 DHS
Ethiopia,2016,DHS,,,mean_anc_visits,ADM1,Benishangul-Gumuz,benishangul gumuz,2.56320235688734,0.168155122769866,2.23362437244249,2.89278034133218,576,1,2016 DHS
Ethiopia,2019,DHS,,,mean_anc_visits,ADM1,Benishangul-Gumuz,benishangul gumuz,3.39159674746954,0.201244282060529,2.99716520253629,3.7860282924028,370,2,2019 DHS
Ethiopia,2024,DHS,,,mean_anc_visits,ADM1,Benishangul-Gumuz,benishangul gumuz,3.90033559054724,0.345983589345631,3.22222021618791,4.57845096490657,319,3,2024 DHS
Ethiopia,2016,DHS,,,mean_anc_visits,ADM1,Dire Dawa,dire dawa,4.51551537571916,0.207087681823439,4.10963097770333,4.92139977373499,384,1,2016 DHS
Ethiopia,2019,DHS,,,mean_anc_visits,ADM1,Dire Dawa,dire dawa,4.26256499789692,0.237847277471962,3.79639290023097,4.72873709556287,279,2,2019 DHS
Ethiopia,2024,DHS,,,mean_anc_visits,ADM1,Dire Dawa,dire dawa,5.75235357068987,0.295565192606458,5.17305643809757,6.33165070328217,231,3,2024 DHS
Ethiopia,2016,DHS,,,mean_anc_visits,ADM1,Gambela,gambela,2.86105087416948,0.128952260786537,2.60830908730285,3.11379266103611,533,1,2016 DHS
Ethiopia,2019,DHS,,,mean_anc_visits,ADM1,Gambela,gambela,2.86933147004228,0.132182641952146,2.61025825243472,3.12840468764984,338,2,2019 DHS
Ethiopia,2024,DHS,,,mean_anc_visits,ADM1,Gambela,gambela,3.65172868561357,0.223070826773542,3.21451789913585,4.08893947209128,284,3,2024 DHS
Ethiopia,2016,DHS,,,mean_anc_visits,ADM1,Harari,harari,2.96186715772147,0.191850050281742,2.58584796873706,3.33788634670588,410,1,2016 DHS
Ethiopia,2019,DHS,,,mean_anc_visits,ADM1,Harari,harari,3.28739077238152,0.178835727084347,2.93687918814716,3.63790235661587,304,2,2019 DHS
Ethiopia,2024,DHS,,,mean_anc_visits,ADM1,Harari,harari,4.1730258249246,0.309421310255045,3.56657120077552,4.77948044907368,222,3,2024 DHS
Ethiopia,2016,DHS,,,mean_anc_visits,ADM1,Oromia,oromia,1.7675728639044,0.104054690008193,1.56362941906586,1.97151630874294,1030,1,2016 DHS
Ethiopia,2019,DHS,,,mean_anc_visits,ADM1,Oromia,oromia,2.69972709755614,0.186724762137296,2.33375328874523,3.06570090636705,491,2,2019 DHS
Ethiopia,2024,DHS,,,mean_anc_visits,ADM1,Oromia,oromia,3.51041110893532,0.229392074304969,3.06081090495865,3.960011312912,510,3,2024 DHS
Ethiopia,2016,DHS,,,mean_anc_visits,ADM1,SNNPR,snnpr,2.63867506969726,0.139299344261266,2.36565337187513,2.91169676751939,891,1,2016 DHS
Ethiopia,2019,DHS,,,mean_anc_visits,ADM1,SNNPR,snnpr,2.53949795766681,0.14322167536926,2.25878863213757,2.82020728319604,468,2,2019 DHS
Ethiopia,2024,DHS,,,mean_anc_visits,ADM1,SNNPR,snnpr,3.50671571227443,0.126306429715038,3.25915965901712,3.75427176553174,1408,3,2024 DHS
Ethiopia,2016,DHS,,,mean_anc_visits,ADM1,Somali,somali,1.29496137973448,0.139073068053915,1.02238317512932,1.56753958433964,803,1,2016 DHS
Ethiopia,2019,DHS,,,mean_anc_visits,ADM1,Somali,somali,0.874334320580331,0.169755117415174,0.541620404255221,1.20704823690544,338,2,2019 DHS
Ethiopia,2024,DHS,,,mean_anc_visits,ADM1,Somali,somali,1.33394089959491,0.267816017823186,0.809031150178526,1.85885064901129,489,3,2024 DHS
Ethiopia,2016,DHS,,,mean_anc_visits,ADM1,Tigray,tigray,3.62695886093317,0.122247615600838,3.38735793715963,3.86655978470671,764,1,2016 DHS
Ethiopia,2019,DHS,,,mean_anc_visits,ADM1,Tigray,tigray,4.11027917257802,0.182239562785723,3.75309619295968,4.46746215219636,345,2,2019 DHS
Ethiopia,2024,DHS,,,mean_anc_visits,ADM1,Tigray,tigray,3.97840073432501,0.156951631476564,3.67078118931614,4.28602027933387,459,3,2024 DHS
Ethiopia,2016,DHS,,,no_anc,ADM1,Addis Ababa,addis ababa,3.23476690291964,0.932898251568955,1.4063199286041,5.06321387723517,375,1,2016 DHS
Ethiopia,2019,DHS,,,no_anc,ADM1,Addis Ababa,addis ababa,3.11809314077388,0.939505224948683,1.27669673658726,4.9594895449605,236,2,2019 DHS
Ethiopia,2024,DHS,,,no_anc,ADM1,Addis Ababa,addis ababa,1.54169006214957,0.966390611074938,0,3.4357808548541,223,3,2024 DHS
Ethiopia,2016,DHS,,,no_anc,ADM1,Afar,afar,48.4102475933417,4.41237300367552,39.7621554197808,57.0583397669025,647,1,2016 DHS
Ethiopia,2019,DHS,,,no_anc,ADM1,Afar,afar,37.0541328334709,4.90501182008055,27.4404863223697,46.667779344572,389,2,2019 DHS
Ethiopia,2024,DHS,,,no_anc,ADM1,Afar,afar,28.6198545430293,4.82636933876832,19.160344462955,38.0793646231036,487,3,2024 DHS
Ethiopia,2016,DHS,,,no_anc,ADM1,Amhara,amhara,32.369556534004,2.68911066665778,27.0989964769123,37.6401165910958,764,1,2016 DHS
Ethiopia,2019,DHS,,,no_anc,ADM1,Amhara,amhara,15.0547498606458,2.38739860543133,10.3755345772593,19.7339651440324,408,2,2019 DHS
Ethiopia,2024,DHS,,,no_anc,ADM1,Amhara,amhara,9.7333082774725,1.91424549166967,5.98145605623178,13.4851604987132,378,3,2024 DHS
Ethiopia,2016,DHS,,,no_anc,ADM1,Benishangul-Gumuz,benishangul gumuz,30.7523946110821,3.86268658621701,23.1816680185308,38.3231212036334,576,1,2016 DHS
Ethiopia,2019,DHS,,,no_anc,ADM1,Benishangul-Gumuz,benishangul gumuz,16.6793724689901,3.29539239499764,10.2205220598675,23.1382228781127,371,2,2019 DHS
Ethiopia,2024,DHS,,,no_anc,ADM1,Benishangul-Gumuz,benishangul gumuz,29.1312855335643,4.94742303280578,19.434514572981,38.8280564941475,322,3,2024 DHS
Ethiopia,2016,DHS,,,no_anc,ADM1,Dire Dawa,dire dawa,12.6178386105139,2.13883586636086,8.42579734360414,16.8098798774237,384,1,2016 DHS
Ethiopia,2019,DHS,,,no_anc,ADM1,Dire Dawa,dire dawa,15.5453670588765,2.8116761027957,10.034583161205,21.056150956548,282,2,2019 DHS
Ethiopia,2024,DHS,,,no_anc,ADM1,Dire Dawa,dire dawa,12.0112413437328,2.38396493885899,7.3387559231629,16.6837267643026,232,3,2024 DHS
Ethiopia,2016,DHS,,,no_anc,ADM1,Gambela,gambela,27.3128781641711,2.76349694484484,21.8965236808888,32.7292326474535,534,1,2016 DHS
Ethiopia,2019,DHS,,,no_anc,ADM1,Gambela,gambela,13.6740306866211,2.74003432897521,8.30366208542629,19.0443992878159,338,2,2019 DHS
Ethiopia,2024,DHS,,,no_anc,ADM1,Gambela,gambela,20.1009234702365,3.90711617918665,12.443116475617,27.7587304648561,284,3,2024 DHS
Ethiopia,2016,DHS,,,no_anc,ADM1,Harari,harari,23.6933618276849,3.68738353816856,16.4662228956887,30.9205007596812,411,1,2016 DHS
Ethiopia,2019,DHS,,,no_anc,ADM1,Harari,harari,19.251752001313,3.10840132725002,13.1593973504064,25.3441066522195,307,2,2019 DHS
Ethiopia,2024,DHS,,,no_anc,ADM1,Harari,harari,20.2199245431699,4.5604911917951,11.2815260554394,29.1583230309004,222,3,2024 DHS
Ethiopia,2016,DHS,,,no_anc,ADM1,Oromia,oromia,48.6391081740711,2.79133607630914,43.1681899957579,54.1100263523844,1031,1,2016 DHS
Ethiopia,2019,DHS,,,no_anc,ADM1,Oromia,oromia,29.1707018485537,4.38540087958626,20.5754740667943,37.765929630313,491,2,2019 DHS
Ethiopia,2024,DHS,,,no_anc,ADM1,Oromia,oromia,28.8754544138306,3.03322235352378,22.9304478438222,34.8204609838391,514,3,2024 DHS
Ethiopia,2016,DHS,,,no_anc,ADM1,SNNPR,snnpr,30.3657886765397,2.61456214744648,25.2413410322029,35.4902363208764,893,1,2016 DHS
Ethiopia,2019,DHS,,,no_anc,ADM1,SNNPR,snnpr,29.0056723243829,3.22507039137667,22.6846505096781,35.3266941390876,469,2,2019 DHS
Ethiopia,2024,DHS,,,no_anc,ADM1,SNNPR,snnpr,20.745280007708,1.76973205999725,17.2766689078275,24.2138911075885,1410,3,2024 DHS
Ethiopia,2016,DHS,,,no_anc,ADM1,Somali,somali,55.9945064070059,4.11647835206039,47.9263570938288,64.0626557201831,806,1,2016 DHS
Ethiopia,2019,DHS,,,no_anc,ADM1,Somali,somali,69.5878655731783,4.70166856339619,60.3727645216776,78.802966624679,342,2,2019 DHS
Ethiopia,2024,DHS,,,no_anc,ADM1,Somali,somali,64.7701902986112,4.67971836523009,55.5981108449696,73.9422697522529,489,3,2024 DHS
Ethiopia,2016,DHS,,,no_anc,ADM1,Tigray,tigray,9.62138061875909,1.72999464866981,6.23065341391924,13.0121078235989,772,1,2016 DHS
Ethiopia,2019,DHS,,,no_anc,ADM1,Tigray,tigray,5.2747574408026,1.48553761370999,2.36315722025145,8.18635766135375,346,2,2019 DHS
Ethiopia,2024,DHS,,,no_anc,ADM1,Tigray,tigray,9.83721395590153,1.6866876358094,6.53136693654609,13.143060975257,460,3,2024 DHS
Ethiopia,2016,DHS,,,skilled_birth_attendance,ADM1,Addis Ababa,addis ababa,96.8221231317034,0.852431494886166,95.1513881024389,98.4928581609679,461,1,2016 DHS
Ethiopia,2019,DHS,,,skilled_birth_attendance,ADM1,Addis Ababa,addis ababa,95.74133065624,0.915383811406645,93.947211353852,97.5354499586281,291,2,2019 DHS
Ethiopia,2024,DHS,,,skilled_birth_attendance,ADM1,Addis Ababa,addis ababa,98.177468813073,1.18716291987432,95.8506722463379,100,231,3,2024 DHS
Ethiopia,2016,DHS,,,skilled_birth_attendance,ADM1,Afar,afar,16.3776423712397,2.21295877679745,12.0403228694449,20.7149618730345,1062,1,2016 DHS
Ethiopia,2019,DHS,,,skilled_birth_attendance,ADM1,Afar,afar,30.5509197199775,4.10641494627774,22.5024943196961,38.5993451202588,652,2,2019 DHS
Ethiopia,2024,DHS,,,skilled_birth_attendance,ADM1,Afar,afar,34.9844550616747,4.0538544577417,27.0390463259338,42.9298637974155,502,3,2024 DHS
Ethiopia,2016,DHS,,,skilled_birth_attendance,ADM1,Amhara,amhara,27.7471449768132,2.22762364843413,23.3810828547726,32.1132070988539,977,1,2016 DHS
Ethiopia,2019,DHS,,,skilled_birth_attendance,ADM1,Amhara,amhara,55.7172480798803,4.63326126745379,46.6362228647065,64.7982732950541,511,2,2019 DHS
Ethiopia,2024,DHS,,,skilled_birth_attendance,ADM1,Amhara,amhara,74.3089859720042,3.38371212617538,67.677032070649,80.9409398733594,389,3,2024 DHS
Ethiopia,2016,DHS,,,skilled_birth_attendance,ADM1,Benishangul-Gumuz,benishangul gumuz,28.5853963999371,3.57187994327006,21.5846403540268,35.5861524458474,879,1,2016 DHS
Ethiopia,2019,DHS,,,skilled_birth_attendance,ADM1,Benishangul-Gumuz,benishangul gumuz,64.9785534306037,7.84773538170684,49.5972747222576,80.3598321389498,530,2,2019 DHS
Ethiopia,2024,DHS,,,skilled_birth_attendance,ADM1,Benishangul-Gumuz,benishangul gumuz,62.170048748297,5.84850887807501,50.7071819840072,73.6329155125868,334,3,2024 DHS
Ethiopia,2016,DHS,,,skilled_birth_attendance,ADM1,Dire Dawa,dire dawa,56.6622425300606,5.01287957319204,46.8371791077677,66.4873059523535,547,1,2016 DHS
Ethiopia,2019,DHS,,,skilled_birth_attendance,ADM1,Dire Dawa,dire dawa,70.7509180356903,5.00456576771062,60.9421493727154,80.5596866986651,402,2,2019 DHS
Ethiopia,2024,DHS,,,skilled_birth_attendance,ADM1,Dire Dawa,dire dawa,82.9693221780368,3.86307558399814,75.3978331638444,90.5408111922292,243,3,2024 DHS
Ethiopia,2016,DHS,,,skilled_birth_attendance,ADM1,Gambela,gambela,46.9315312079758,3.93713320971101,39.2148919146056,54.6481705013459,714,1,2016 DHS
Ethiopia,2019,DHS,,,skilled_birth_attendance,ADM1,Gambela,gambela,69.8811043971949,4.11395662995427,61.8178975685247,77.944311225865,450,2,2019 DHS
Ethiopia,2024,DHS,,,skilled_birth_attendance,ADM1,Gambela,gambela,73.6718213399485,3.78008513714422,66.2629906126506,81.0806520672463,291,3,2024 DHS
Ethiopia,2016,DHS,,,skilled_birth_attendance,ADM1,Harari,harari,51.2021878910566,4.74567774073149,41.9008304369895,60.5035453451237,605,1,2016 DHS
Ethiopia,2019,DHS,,,skilled_birth_attendance,ADM1,Harari,harari,64.7471657654657,6.54864513516769,51.9120571530036,77.5822743779278,447,2,2019 DHS
Ethiopia,2024,DHS,,,skilled_birth_attendance,ADM1,Harari,harari,80.0220561248388,5.76628162313013,68.7203518187885,91.323760430889,232,3,2024 DHS
Ethiopia,2016,DHS,,,skilled_birth_attendance,ADM1,Oromia,oromia,19.6551256709739,2.58704695113919,14.5846068204269,24.7256445215208,1581,1,2016 DHS
Ethiopia,2019,DHS,,,skilled_birth_attendance,ADM1,Oromia,oromia,43.7414005787384,5.8150236056651,32.3441637423845,55.1386374150922,719,2,2019 DHS
Ethiopia,2024,DHS,,,skilled_birth_attendance,ADM1,Oromia,oromia,58.4242781748669,4.41977286525994,49.76168253911,67.0868738106238,536,3,2024 DHS
Ethiopia,2016,DHS,,,skilled_birth_attendance,ADM1,SNNPR,snnpr,28.580084147068,2.45432308488802,23.7696992942622,33.3904689998738,1277,1,2016 DHS
Ethiopia,2019,DHS,,,skilled_birth_attendance,ADM1,SNNPR,snnpr,50.1020945877453,5.96158986541168,38.4175931609394,61.7865960145512,660,2,2019 DHS
Ethiopia,2024,DHS,,,skilled_birth_attendance,ADM1,SNNPR,snnpr,60.2394419203068,2.6898501815881,54.9674324405856,65.511451400028,1454,3,2024 DHS
Ethiopia,2016,DHS,,,skilled_birth_attendance,ADM1,Somali,somali,19.9951710841632,2.88950853162841,14.3318384291503,25.6585037391761,1505,1,2016 DHS
Ethiopia,2019,DHS,,,skilled_birth_attendance,ADM1,Somali,somali,26.0251500649558,5.51447503738567,15.2169775980347,36.8333225318769,637,2,2019 DHS
Ethiopia,2024,DHS,,,skilled_birth_attendance,ADM1,Somali,somali,37.0278998722934,5.29821859518389,26.6435822435126,47.4122175010742,525,3,2024 DHS
Ethiopia,2016,DHS,,,skilled_birth_attendance,ADM1,Tigray,tigray,59.2584342665008,3.75649651289793,51.8958363931705,66.621032139831,1033,1,2016 DHS
Ethiopia,2019,DHS,,,skilled_birth_attendance,ADM1,Tigray,tigray,73.2560081703762,4.97531656848639,63.5045668844575,83.007449456295,454,2,2019 DHS
Ethiopia,2024,DHS,,,skilled_birth_attendance,ADM1,Tigray,tigray,69.3297175228776,3.44310602031548,62.5813537281062,76.078081317649,471,3,2024 DHS
Nigeria,2013,DHS,,,anc_skilled_provider,ADM1,Abia,abia,90.116801,2.181774,85.840602,94.392999,312,1,2013 DHS
Nigeria,2018,DHS,,,anc_skilled_provider,ADM1,Abia,abia,95.22927,1.102258,93.068884,97.389656,401,2,2018 DHS
Nigeria,2024,DHS,,,anc_skilled_provider,ADM1,Abia,abia,93.935917,2.019607,89.977561,97.894273,154,3,2024 DHS
Nigeria,2013,DHS,,,anc_skilled_provider,ADM1,Adamawa,adamawa,85.111523,3.974829,77.321002,92.902044,627,1,2013 DHS
Nigeria,2018,DHS,,,anc_skilled_provider,ADM1,Adamawa,adamawa,82.05761,2.750696,76.666345,87.448875,622,2,2018 DHS
Nigeria,2024,DHS,,,anc_skilled_provider,ADM1,Adamawa,adamawa,34.718144,6.67383,21.637678,47.798611,351,3,2024 DHS
Nigeria,2013,DHS,,,anc_skilled_provider,ADM1,Akwa Ibom,akwa ibom,73.254917,3.452504,66.488135,80.0217,395,1,2013 DHS
Nigeria,2018,DHS,,,anc_skilled_provider,ADM1,Akwa Ibom,akwa ibom,74.453724,3.024954,68.524922,80.382525,384,2,2018 DHS
Nigeria,2024,DHS,,,anc_skilled_provider,ADM1,Akwa Ibom,akwa ibom,80.551354,3.420075,73.84813,87.254577,149,3,2024 DHS
Nigeria,2013,DHS,,,anc_skilled_provider,ADM1,Anambra,anambra,88.426752,3.521262,81.525206,95.328298,313,1,2013 DHS
Nigeria,2018,DHS,,,anc_skilled_provider,ADM1,Anambra,anambra,93.259952,1.761753,89.80698,96.712924,546,2,2018 DHS
Nigeria,2024,DHS,,,anc_skilled_provider,ADM1,Anambra,anambra,89.062355,3.590236,82.025622,96.099087,213,3,2024 DHS
Nigeria,2013,DHS,,,anc_skilled_provider,ADM1,Bauchi,bauchi,55.829867,4.630628,46.754003,64.905732,849,1,2013 DHS
Nigeria,2018,DHS,,,anc_skilled_provider,ADM1,Bauchi,bauchi,51.611861,4.904236,41.999736,61.223987,901,2,2018 DHS
Nigeria,2024,DHS,,,anc_skilled_provider,ADM1,Bauchi,bauchi,57.237365,6.361445,44.769162,69.705568,456,3,2024 DHS
Nigeria,2013,DHS,,,anc_skilled_provider,ADM1,Bayelsa,bayelsa,47.675328,5.517925,36.860393,58.490262,533,1,2013 DHS
Nigeria,2018,DHS,,,anc_skilled_provider,ADM1,Bayelsa,bayelsa,51.38614,4.141538,43.268874,59.503406,375,2,2018 DHS
Nigeria,2024,DHS,,,anc_skilled_provider,ADM1,Bayelsa,bayelsa,68.322499,5.950595,56.659547,79.985451,171,3,2024 DHS
Nigeria,2013,DHS,,,anc_skilled_provider,ADM1,Benue,benue,57.367108,4.187238,49.160272,65.573944,420,1,2013 DHS
Nigeria,2018,DHS,,,anc_skilled_provider,ADM1,Benue,benue,74.064335,3.255761,67.68316,80.44551,607,2,2018 DHS
Nigeria,2024,DHS,,,anc_skilled_provider,ADM1,Benue,benue,65.940709,5.073104,55.997609,75.883809,218,3,2024 DHS
Nigeria,2013,DHS,,,anc_skilled_provider,ADM1,Borno,borno,39.150273,7.726059,24.007475,54.293071,381,1,2013 DHS
Nigeria,2018,DHS,,,anc_skilled_provider,ADM1,Borno,borno,50.744704,4.483419,41.957364,59.532043,670,2,2018 DHS
Nigeria,2024,DHS,,,anc_skilled_provider,ADM1,Borno,borno,69.030301,4.0782,61.037176,77.023426,347,3,2024 DHS
Nigeria,2013,DHS,,,anc_skilled_provider,ADM1,Cross River,cross river,72.585438,3.715768,65.302666,79.86821,365,1,2013 DHS
Nigeria,2018,DHS,,,anc_skilled_provider,ADM1,Cross River,cross river,79.47639,4.743312,70.17967,88.773111,312,2,2018 DHS
Nigeria,2024,DHS,,,anc_skilled_provider,ADM1,Cross River,cross river,67.770487,4.147062,59.642395,75.89858,148,3,2024 DHS
Nigeria,2013,DHS,,,anc_skilled_provider,ADM1,Delta,delta,72.465193,5.15791,62.355875,82.574511,452,1,2013 DHS
Nigeria,2018,DHS,,,anc_skilled_provider,ADM1,Delta,delta,73.176502,4.437278,64.479597,81.873406,348,2,2018 DHS
Nigeria,2024,DHS,,,anc_skilled_provider,ADM1,Delta,delta,86.214676,3.37953,79.590919,92.838434,205,3,2024 DHS
Nigeria,2013,DHS,,,anc_skilled_provider,ADM1,Ebonyi,ebonyi,85.101292,3.200339,78.828743,91.373842,451,1,2013 DHS
Nigeria,2018,DHS,,,anc_skilled_provider,ADM1,Ebonyi,ebonyi,70.255878,2.919577,64.533613,75.978144,614,2,2018 DHS
Nigeria,2024,DHS,,,anc_skilled_provider,ADM1,Ebonyi,ebonyi,80.103595,4.055106,72.155733,88.051456,332,3,2024 DHS
Nigeria,2013,DHS,,,anc_skilled_provider,ADM1,Edo,edo,83.851349,4.220327,75.579659,92.123038,384,1,2013 DHS
Nigeria,2018,DHS,,,anc_skilled_provider,ADM1,Edo,edo,89.230422,2.659672,84.01756,94.443284,308,2,2018 DHS
Nigeria,2024,DHS,,,anc_skilled_provider,ADM1,Edo,edo,96.299782,1.62012,93.124404,99.47516,158,3,2024 DHS
Nigeria,2013,DHS,,,anc_skilled_provider,ADM1,Ekiti,ekiti,86.792506,2.804283,81.296212,92.2888,366,1,2013 DHS
Nigeria,2018,DHS,,,anc_skilled_provider,ADM1,Ekiti,ekiti,90.618248,2.965659,84.805663,96.430832,353,2,2018 DHS
Nigeria,2024,DHS,,,anc_skilled_provider,ADM1,Ekiti,ekiti,89.85656,2.521093,84.915309,94.797811,111,3,2024 DHS
Nigeria,2013,DHS,,,anc_skilled_provider,ADM1,Enugu,enugu,95.583712,1.088016,93.451239,97.716184,365,1,2013 DHS
Nigeria,2018,DHS,,,anc_skilled_provider,ADM1,Enugu,enugu,94.689718,1.663945,91.428447,97.95099,363,2,2018 DHS
Nigeria,2024,DHS,,,anc_skilled_provider,ADM1,Enugu,enugu,89.724004,2.26292,85.288763,94.159246,156,3,2024 DHS
Nigeria,2013,DHS,,,anc_skilled_provider,ADM1,FCT,fct,88.450563,3.768504,81.064431,95.836695,340,1,2013 DHS
Nigeria,2018,DHS,,,anc_skilled_provider,ADM1,FCT,fct,87.732675,3.192893,81.47472,93.99063,538,2,2018 DHS
Nigeria,2024,DHS,,,anc_skilled_provider,ADM1,FCT,fct,91.765023,2.510014,86.845487,96.684559,167,3,2024 DHS
Nigeria,2013,DHS,,,anc_skilled_provider,ADM1,Gombe,gombe,58.219738,6.620675,45.243453,71.196023,700,1,2013 DHS
Nigeria,2018,DHS,,,anc_skilled_provider,ADM1,Gombe,gombe,46.443943,3.706002,39.180312,53.707573,824,2,2018 DHS
Nigeria,2024,DHS,,,anc_skilled_provider,ADM1,Gombe,gombe,60.655122,3.454659,53.884115,67.42613,391,3,2024 DHS
Nigeria,2013,DHS,,,anc_skilled_provider,ADM1,Imo,imo,95.87528,1.796481,92.354242,99.396319,283,1,2013 DHS
Nigeria,2018,DHS,,,anc_skilled_provider,ADM1,Imo,imo,97.433791,0.871727,95.725237,99.142345,441,2,2018 DHS
Nigeria,2024,DHS,,,anc_skilled_provider,ADM1,Imo,imo,96.479771,1.134434,94.256322,98.703221,238,3,2024 DHS
Nigeria,2013,DHS,,,anc_skilled_provider,ADM1,Jigawa,jigawa,49.697486,5.584185,38.752685,60.642286,882,1,2013 DHS
Nigeria,2018,DHS,,,anc_skilled_provider,ADM1,Jigawa,jigawa,78.61519,3.503997,71.747482,85.482898,901,2,2018 DHS
Nigeria,2024,DHS,,,anc_skilled_provider,ADM1,Jigawa,jigawa,75.958015,4.361588,67.409459,84.50657,523,3,2024 DHS
Nigeria,2013,DHS,,,anc_skilled_provider,ADM1,Kaduna,kaduna,54.563494,7.345653,40.166279,68.96071,630,1,2013 DHS
Nigeria,2018,DHS,,,anc_skilled_provider,ADM1,Kaduna,kaduna,68.989285,5.214322,58.769401,79.209169,898,2,2018 DHS
Nigeria,2024,DHS,,,anc_skilled_provider,ADM1,Kaduna,kaduna,69.963161,5.4777,59.227066,80.699257,504,3,2024 DHS
Nigeria,2013,DHS,,,anc_skilled_provider,ADM1,Kano,kano,64.285588,4.879489,54.721966,73.849209,1352,1,2013 DHS
Nigeria,2018,DHS,,,anc_skilled_provider,ADM1,Kano,kano,65.34279,2.448588,60.543645,70.141935,1247,2,2018 DHS
Nigeria,2024,DHS,,,anc_skilled_provider,ADM1,Kano,kano,49.524256,3.786147,42.103544,56.944967,575,3,2024 DHS
Nigeria,2013,DHS,,,anc_skilled_provider,ADM1,Katsina,katsina,22.69885,4.345698,14.181438,31.216262,908,1,2013 DHS
Nigeria,2018,DHS,,,anc_skilled_provider,ADM1,Katsina,katsina,53.073913,4.54787,44.160252,61.987574,932,2,2018 DHS
Nigeria,2024,DHS,,,anc_skilled_provider,ADM1,Katsina,katsina,49.233135,5.221924,38.998352,59.467917,420,3,2024 DHS
Nigeria,2013,DHS,,,anc_skilled_provider,ADM1,Kebbi,kebbi,24.271043,5.07155,14.330988,34.211098,760,1,2013 DHS
Nigeria,2018,DHS,,,anc_skilled_provider,ADM1,Kebbi,kebbi,14.689358,2.479769,9.8291,19.549617,824,2,2018 DHS
Nigeria,2024,DHS,,,anc_skilled_provider,ADM1,Kebbi,kebbi,11.974045,2.141795,7.776204,16.171887,504,3,2024 DHS
Nigeria,2013,DHS,,,anc_skilled_provider,ADM1,Kogi,kogi,87.545535,2.207146,83.219608,91.871462,344,1,2013 DHS
Nigeria,2018,DHS,,,anc_skilled_provider,ADM1,Kogi,kogi,79.466534,4.33058,70.978753,87.954314,412,2,2018 DHS
Nigeria,2024,DHS,,,anc_skilled_provider,ADM1,Kogi,kogi,62.561511,5.758159,51.275728,73.847295,270,3,2024 DHS
Nigeria,2013,DHS,,,anc_skilled_provider,ADM1,Kwara,kwara,89.189203,3.258723,82.802224,95.576182,464,1,2013 DHS
Nigeria,2018,DHS,,,anc_skilled_provider,ADM1,Kwara,kwara,72.813922,7.342233,58.42341,87.204435,467,2,2018 DHS
Nigeria,2024,DHS,,,anc_skilled_provider,ADM1,Kwara,kwara,55.87596,8.429617,39.354215,72.397705,227,3,2024 DHS
Nigeria,2013,DHS,,,anc_skilled_provider,ADM1,Lagos,lagos,93.884264,1.284154,91.367368,96.40116,641,1,2013 DHS
Nigeria,2018,DHS,,,anc_skilled_provider,ADM1,Lagos,lagos,86.405085,2.021085,82.443832,90.366339,598,2,2018 DHS
Nigeria,2024,DHS,,,anc_skilled_provider,ADM1,Lagos,lagos,92.923304,2.704379,87.622819,98.223789,177,3,2024 DHS
Nigeria,2013,DHS,,,anc_skilled_provider,ADM1,Nasarawa,nasarawa,63.193605,4.518577,54.337355,72.049854,445,1,2013 DHS
Nigeria,2018,DHS,,,anc_skilled_provider,ADM1,Nasarawa,nasarawa,77.137116,3.235245,70.796153,83.478079,539,2,2018 DHS
Nigeria,2024,DHS,,,anc_skilled_provider,ADM1,Nasarawa,nasarawa,84.418675,3.189818,78.166746,90.670604,294,3,2024 DHS
Nigeria,2013,DHS,,,anc_skilled_provider,ADM1,Niger,niger,59.917055,6.379424,47.413614,72.420497,626,1,2013 DHS
Nigeria,2018,DHS,,,anc_skilled_provider,ADM1,Niger,niger,41.516991,4.162071,33.359481,49.674501,791,2,2018 DHS
Nigeria,2024,DHS,,,anc_skilled_provider,ADM1,Niger,niger,40.392048,5.667397,29.284154,51.499942,368,3,2024 DHS
Nigeria,2013,DHS,,,anc_skilled_provider,ADM1,Ogun,ogun,94.827684,1.754532,91.388864,98.266505,366,1,2013 DHS
Nigeria,2018,DHS,,,anc_skilled_provider,ADM1,Ogun,ogun,84.975034,3.026752,79.042708,90.90736,370,2,2018 DHS
Nigeria,2024,DHS,,,anc_skilled_provider,ADM1,Ogun,ogun,85.91925,2.449178,81.118949,90.719551,206,3,2024 DHS
Nigeria,2013,DHS,,,anc_skilled_provider,ADM1,Ondo,ondo,78.617942,6.427201,66.02086,91.215024,435,1,2013 DHS
Nigeria,2018,DHS,,,anc_skilled_provider,ADM1,Ondo,ondo,92.012117,1.977538,88.136215,95.888019,402,2,2018 DHS
Nigeria,2024,DHS,,,anc_skilled_provider,ADM1,Ondo,ondo,79.810487,5.059764,69.893531,89.727443,134,3,2024 DHS
Nigeria,2013,DHS,,,anc_skilled_provider,ADM1,Osun,osun,98.202971,0.778914,96.676327,99.729615,385,1,2013 DHS
Nigeria,2018,DHS,,,anc_skilled_provider,ADM1,Osun,osun,96.920902,1.226656,94.516701,99.325103,372,2,2018 DHS
Nigeria,2024,DHS,,,anc_skilled_provider,ADM1,Osun,osun,93.070267,2.557709,88.05725,98.083284,149,3,2024 DHS
Nigeria,2013,DHS,,,anc_skilled_provider,ADM1,Oyo,oyo,87.171661,6.232317,74.956545,99.386777,473,1,2013 DHS
Nigeria,2018,DHS,,,anc_skilled_provider,ADM1,Oyo,oyo,85.424494,3.086399,79.375263,91.473725,468,2,2018 DHS
Nigeria,2024,DHS,,,anc_skilled_provider,ADM1,Oyo,oyo,83.048249,4.317979,74.585165,91.511333,215,3,2024 DHS
Nigeria,2013,DHS,,,anc_skilled_provider,ADM1,Plateau,plateau,63.144379,6.531001,50.343851,75.944907,456,1,2013 DHS
Nigeria,2018,DHS,,,anc_skilled_provider,ADM1,Plateau,plateau,72.378207,3.459803,65.597118,79.159296,521,2,2018 DHS
Nigeria,2024,DHS,,,anc_skilled_provider,ADM1,Plateau,plateau,66.735715,4.271407,58.363911,75.107518,336,3,2024 DHS
Nigeria,2013,DHS,,,anc_skilled_provider,ADM1,Rivers,rivers,75.509996,3.316796,69.009195,82.010797,371,1,2013 DHS
Nigeria,2018,DHS,,,anc_skilled_provider,ADM1,Rivers,rivers,81.023539,3.112818,74.922528,87.124551,447,2,2018 DHS
Nigeria,2024,DHS,,,anc_skilled_provider,ADM1,Rivers,rivers,80.031194,3.478995,73.21249,86.849898,196,3,2024 DHS
Nigeria,2013,DHS,,,anc_skilled_provider,ADM1,Sokoto,sokoto,17.444012,2.841463,11.874846,23.013177,822,1,2013 DHS
Nigeria,2018,DHS,,,anc_skilled_provider,ADM1,Sokoto,sokoto,24.263541,4.160599,16.108917,32.418165,703,2,2018 DHS
Nigeria,2024,DHS,,,anc_skilled_provider,ADM1,Sokoto,sokoto,26.416798,4.606529,17.388167,35.445429,441,3,2024 DHS
Nigeria,2013,DHS,,,anc_skilled_provider,ADM1,Taraba,taraba,31.775499,4.952089,22.069582,41.481415,775,1,2013 DHS
Nigeria,2018,DHS,,,anc_skilled_provider,ADM1,Taraba,taraba,57.38462,5.294108,47.00836,67.760881,722,2,2018 DHS
Nigeria,2024,DHS,,,anc_skilled_provider,ADM1,Taraba,taraba,66.261543,5.927211,54.644423,77.878663,268,3,2024 DHS
Nigeria,2013,DHS,,,anc_skilled_provider,ADM1,Yobe,yobe,33.174382,5.880606,21.648606,44.700158,669,1,2013 DHS
Nigeria,2018,DHS,,,anc_skilled_provider,ADM1,Yobe,yobe,66.278412,5.168516,56.148306,76.408518,767,2,2018 DHS
Nigeria,2024,DHS,,,anc_skilled_provider,ADM1,Yobe,yobe,73.186133,5.156394,63.079786,83.29248,458,3,2024 DHS
Nigeria,2013,DHS,,,anc_skilled_provider,ADM1,Zamfara,zamfara,22.369901,2.983142,16.523051,28.21675,852,1,2013 DHS
Nigeria,2018,DHS,,,anc_skilled_provider,ADM1,Zamfara,zamfara,35.196527,6.873395,21.72492,48.668133,804,2,2018 DHS
Nigeria,2024,DHS,,,anc_skilled_provider,ADM1,Zamfara,zamfara,24.827052,5.517961,14.012046,35.642057,292,3,2024 DHS
Nigeria,2013,DHS,,,anc4plus,ADM1,Abia,abia,85.459158,2.866651,79.840625,91.07769,312,1,2013 DHS
Nigeria,2018,DHS,,,anc4plus,ADM1,Abia,abia,89.242374,1.684196,85.941411,92.543336,401,2,2018 DHS
Nigeria,2024,DHS,,,anc4plus,ADM1,Abia,abia,79.05641,3.812215,71.584606,86.528213,154,3,2024 DHS
Nigeria,2013,DHS,,,anc4plus,ADM1,Adamawa,adamawa,64.720338,3.912457,57.052064,72.388612,627,1,2013 DHS
Nigeria,2018,DHS,,,anc4plus,ADM1,Adamawa,adamawa,66.531708,3.679573,59.319877,73.743539,622,2,2018 DHS
Nigeria,2024,DHS,,,anc4plus,ADM1,Adamawa,adamawa,56.421333,4.809207,46.995462,65.847205,351,3,2024 DHS
Nigeria,2013,DHS,,,anc4plus,ADM1,Akwa Ibom,akwa ibom,55.234927,3.33222,48.703896,61.765958,395,1,2013 DHS
Nigeria,2018,DHS,,,anc4plus,ADM1,Akwa Ibom,akwa ibom,65.118974,3.367062,58.519654,71.718295,384,2,2018 DHS
Nigeria,2024,DHS,,,anc4plus,ADM1,Akwa Ibom,akwa ibom,65.724152,4.072382,57.74243,73.705874,149,3,2024 DHS
Nigeria,2013,DHS,,,anc4plus,ADM1,Anambra,anambra,76.839839,5.956891,65.164546,88.515131,313,1,2013 DHS
Nigeria,2018,DHS,,,anc4plus,ADM1,Anambra,anambra,82.476279,2.144887,78.272377,86.680182,546,2,2018 DHS
Nigeria,2024,DHS,,,anc4plus,ADM1,Anambra,anambra,84.858744,3.692502,77.621574,92.095914,213,3,2024 DHS
Nigeria,2013,DHS,,,anc4plus,ADM1,Bauchi,bauchi,42.174099,4.178586,33.98422,50.363978,849,1,2013 DHS
Nigeria,2018,DHS,,,anc4plus,ADM1,Bauchi,bauchi,42.303203,3.87341,34.71146,49.894947,901,2,2018 DHS
Nigeria,2024,DHS,,,anc4plus,ADM1,Bauchi,bauchi,46.602332,4.895231,37.007856,56.196807,456,3,2024 DHS
Nigeria,2013,DHS,,,anc4plus,ADM1,Bayelsa,bayelsa,33.825571,5.504588,23.036776,44.614365,533,1,2013 DHS
Nigeria,2018,DHS,,,anc4plus,ADM1,Bayelsa,bayelsa,25.859331,4.335745,17.361427,34.357236,375,2,2018 DHS
Nigeria,2024,DHS,,,anc4plus,ADM1,Bayelsa,bayelsa,48.615939,6.982816,34.929871,62.302006,171,3,2024 DHS
Nigeria,2013,DHS,,,anc4plus,ADM1,Benue,benue,36.6205,4.814511,27.184231,46.056769,420,1,2013 DHS
Nigeria,2018,DHS,,,anc4plus,ADM1,Benue,benue,56.27521,2.634142,51.112386,61.438033,607,2,2018 DHS
Nigeria,2024,DHS,,,anc4plus,ADM1,Benue,benue,49.128425,4.578292,40.155137,58.101713,218,3,2024 DHS
Nigeria,2013,DHS,,,anc4plus,ADM1,Borno,borno,26.002759,5.894215,14.450309,37.555209,381,1,2013 DHS
Nigeria,2018,DHS,,,anc4plus,ADM1,Borno,borno,34.383291,3.703793,27.12399,41.642591,670,2,2018 DHS
Nigeria,2024,DHS,,,anc4plus,ADM1,Borno,borno,61.103373,4.111647,53.044692,69.162053,347,3,2024 DHS
Nigeria,2013,DHS,,,anc4plus,ADM1,Cross River,cross river,75.840652,3.029744,69.902463,81.778841,365,1,2013 DHS
Nigeria,2018,DHS,,,anc4plus,ADM1,Cross River,cross river,65.681392,4.00781,57.826228,73.536556,312,2,2018 DHS
Nigeria,2024,DHS,,,anc4plus,ADM1,Cross River,cross river,79.987405,3.157941,73.797954,86.176856,148,3,2024 DHS
Nigeria,2013,DHS,,,anc4plus,ADM1,Delta,delta,74.163519,3.988264,66.346666,81.980372,452,1,2013 DHS
Nigeria,2018,DHS,,,anc4plus,ADM1,Delta,delta,71.7288,3.743013,64.392628,79.064971,348,2,2018 DHS
Nigeria,2024,DHS,,,anc4plus,ADM1,Delta,delta,60.458586,4.270333,52.088888,68.828285,205,3,2024 DHS
Nigeria,2013,DHS,,,anc4plus,ADM1,Ebonyi,ebonyi,75.84746,3.656264,68.681314,83.013605,451,1,2013 DHS
Nigeria,2018,DHS,,,anc4plus,ADM1,Ebonyi,ebonyi,74.211399,3.048393,68.236659,80.186138,614,2,2018 DHS
Nigeria,2024,DHS,,,anc4plus,ADM1,Ebonyi,ebonyi,61.727962,4.692678,52.530483,70.925442,332,3,2024 DHS
Nigeria,2013,DHS,,,anc4plus,ADM1,Edo,edo,69.738842,3.722852,62.442186,77.035497,384,1,2013 DHS
Nigeria,2018,DHS,,,anc4plus,ADM1,Edo,edo,71.927006,3.903173,64.276927,79.577085,308,2,2018 DHS
Nigeria,2024,DHS,,,anc4plus,ADM1,Edo,edo,62.99775,4.280562,54.608003,71.387497,158,3,2024 DHS
Nigeria,2013,DHS,,,anc4plus,ADM1,Ekiti,ekiti,84.233275,1.850701,80.605967,87.860583,366,1,2013 DHS
Nigeria,2018,DHS,,,anc4plus,ADM1,Ekiti,ekiti,86.376819,3.477752,79.560551,93.193087,353,2,2018 DHS
Nigeria,2024,DHS,,,anc4plus,ADM1,Ekiti,ekiti,68.589093,6.0634,56.705047,80.473138,111,3,2024 DHS
Nigeria,2013,DHS,,,anc4plus,ADM1,Enugu,enugu,92.229792,1.940703,88.426084,96.0335,365,1,2013 DHS
Nigeria,2018,DHS,,,anc4plus,ADM1,Enugu,enugu,88.056099,2.063296,84.012113,92.100086,363,2,2018 DHS
Nigeria,2024,DHS,,,anc4plus,ADM1,Enugu,enugu,61.907756,4.752942,52.592162,71.22335,156,3,2024 DHS
Nigeria,2013,DHS,,,anc4plus,ADM1,FCT,fct,85.805242,3.22417,79.485985,92.124499,340,1,2013 DHS
Nigeria,2018,DHS,,,anc4plus,ADM1,FCT,fct,71.560969,3.616538,64.472684,78.649253,538,2,2018 DHS
Nigeria,2024,DHS,,,anc4plus,ADM1,FCT,fct,79.905067,3.393497,73.253934,86.5562,167,3,2024 DHS
Nigeria,2013,DHS,,,anc4plus,ADM1,Gombe,gombe,53.472647,5.32669,43.032526,63.912767,700,1,2013 DHS
Nigeria,2018,DHS,,,anc4plus,ADM1,Gombe,gombe,44.358451,4.121315,36.280822,52.43608,824,2,2018 DHS
Nigeria,2024,DHS,,,anc4plus,ADM1,Gombe,gombe,39.103663,5.126891,29.055141,49.152186,391,3,2024 DHS
Nigeria,2013,DHS,,,anc4plus,ADM1,Imo,imo,88.456753,1.831591,84.8669,92.046606,283,1,2013 DHS
Nigeria,2018,DHS,,,anc4plus,ADM1,Imo,imo,86.18965,1.337078,83.569026,88.810275,441,2,2018 DHS
Nigeria,2024,DHS,,,anc4plus,ADM1,Imo,imo,84.932995,2.042584,80.929604,88.936385,238,3,2024 DHS
Nigeria,2013,DHS,,,anc4plus,ADM1,Jigawa,jigawa,34.440171,4.309636,25.993439,42.886904,882,1,2013 DHS
Nigeria,2018,DHS,,,anc4plus,ADM1,Jigawa,jigawa,47.886445,3.769853,40.497668,55.275222,901,2,2018 DHS
Nigeria,2024,DHS,,,anc4plus,ADM1,Jigawa,jigawa,37.660619,2.826926,32.119945,43.201293,523,3,2024 DHS
Nigeria,2013,DHS,,,anc4plus,ADM1,Kaduna,kaduna,44.173917,7.158934,30.142664,58.20517,630,1,2013 DHS
Nigeria,2018,DHS,,,anc4plus,ADM1,Kaduna,kaduna,54.086781,5.280078,43.738018,64.435543,898,2,2018 DHS
Nigeria,2024,DHS,,,anc4plus,ADM1,Kaduna,kaduna,59.432276,4.338295,50.929374,67.935177,504,3,2024 DHS
Nigeria,2013,DHS,,,anc4plus,ADM1,Kano,kano,41.198446,3.231339,34.865137,47.531754,1352,1,2013 DHS
Nigeria,2018,DHS,,,anc4plus,ADM1,Kano,kano,51.027264,2.702311,45.730832,56.323696,1247,2,2018 DHS
Nigeria,2024,DHS,,,anc4plus,ADM1,Kano,kano,51.261443,3.330648,44.733493,57.789394,575,3,2024 DHS
Nigeria,2013,DHS,,,anc4plus,ADM1,Katsina,katsina,23.138545,3.745917,15.796682,30.480408,908,1,2013 DHS
Nigeria,2018,DHS,,,anc4plus,ADM1,Katsina,katsina,38.380578,3.486992,31.546199,45.214958,932,2,2018 DHS
Nigeria,2024,DHS,,,anc4plus,ADM1,Katsina,katsina,37.178724,4.488321,28.381776,45.975671,420,3,2024 DHS
Nigeria,2013,DHS,,,anc4plus,ADM1,Kebbi,kebbi,18.058802,4.664697,8.916163,27.20144,760,1,2013 DHS
Nigeria,2018,DHS,,,anc4plus,ADM1,Kebbi,kebbi,27.413778,4.068571,19.439525,35.388031,824,2,2018 DHS
Nigeria,2024,DHS,,,anc4plus,ADM1,Kebbi,kebbi,14.031834,2.128107,9.86082,18.202848,504,3,2024 DHS
Nigeria,2013,DHS,,,anc4plus,ADM1,Kogi,kogi,85.15473,2.748804,79.767174,90.542286,344,1,2013 DHS
Nigeria,2018,DHS,,,anc4plus,ADM1,Kogi,kogi,71.199388,4.021519,63.317355,79.081421,412,2,2018 DHS
Nigeria,2024,DHS,,,anc4plus,ADM1,Kogi,kogi,54.10791,5.114843,44.083002,64.132818,270,3,2024 DHS
Nigeria,2013,DHS,,,anc4plus,ADM1,Kwara,kwara,84.763662,2.006254,80.831477,88.695848,464,1,2013 DHS
Nigeria,2018,DHS,,,anc4plus,ADM1,Kwara,kwara,65.966071,7.051634,52.145123,79.787019,467,2,2018 DHS
Nigeria,2024,DHS,,,anc4plus,ADM1,Kwara,kwara,51.302839,7.882414,35.853592,66.752086,227,3,2024 DHS
Nigeria,2013,DHS,,,anc4plus,ADM1,Lagos,lagos,92.027614,1.550462,88.988765,95.066462,641,1,2013 DHS
Nigeria,2018,DHS,,,anc4plus,ADM1,Lagos,lagos,80.228524,1.894195,76.515969,83.941079,598,2,2018 DHS
Nigeria,2024,DHS,,,anc4plus,ADM1,Lagos,lagos,95.432872,1.901386,91.706223,99.159521,177,3,2024 DHS
Nigeria,2013,DHS,,,anc4plus,ADM1,Nasarawa,nasarawa,58.189215,4.284337,49.792069,66.586361,445,1,2013 DHS
Nigeria,2018,DHS,,,anc4plus,ADM1,Nasarawa,nasarawa,67.256711,3.537646,60.323053,74.190369,539,2,2018 DHS
Nigeria,2024,DHS,,,anc4plus,ADM1,Nasarawa,nasarawa,65.953382,3.393401,59.302439,72.604325,294,3,2024 DHS
Nigeria,2013,DHS,,,anc4plus,ADM1,Niger,niger,50.070031,6.185158,37.947345,62.192717,626,1,2013 DHS
Nigeria,2018,DHS,,,anc4plus,ADM1,Niger,niger,33.028908,3.209763,26.737887,39.319928,791,2,2018 DHS
Nigeria,2024,DHS,,,anc4plus,ADM1,Niger,niger,34.69295,4.718987,25.443904,43.941995,368,3,2024 DHS
Nigeria,2013,DHS,,,anc4plus,ADM1,Ogun,ogun,90.610002,1.846079,86.991755,94.22825,366,1,2013 DHS
Nigeria,2018,DHS,,,anc4plus,ADM1,Ogun,ogun,90.855193,2.245729,86.453646,95.25674,370,2,2018 DHS
Nigeria,2024,DHS,,,anc4plus,ADM1,Ogun,ogun,73.656235,3.627835,66.54581,80.76666,206,3,2024 DHS
Nigeria,2013,DHS,,,anc4plus,ADM1,Ondo,ondo,79.835558,5.178318,69.686241,89.984875,435,1,2013 DHS
Nigeria,2018,DHS,,,anc4plus,ADM1,Ondo,ondo,84.302509,3.141994,78.144314,90.460704,402,2,2018 DHS
Nigeria,2024,DHS,,,anc4plus,ADM1,Ondo,ondo,66.281513,4.638294,57.190623,75.372403,134,3,2024 DHS
Nigeria,2013,DHS,,,anc4plus,ADM1,Osun,osun,94.711027,1.511563,91.748419,97.673636,385,1,2013 DHS
Nigeria,2018,DHS,,,anc4plus,ADM1,Osun,osun,95.555913,1.08608,93.427235,97.684591,372,2,2018 DHS
Nigeria,2024,DHS,,,anc4plus,ADM1,Osun,osun,91.974982,2.655644,86.770016,97.179948,149,3,2024 DHS
Nigeria,2013,DHS,,,anc4plus,ADM1,Oyo,oyo,79.879594,6.577838,66.987268,92.771919,473,1,2013 DHS
Nigeria,2018,DHS,,,anc4plus,ADM1,Oyo,oyo,79.49615,3.310013,73.008643,85.983656,468,2,2018 DHS
Nigeria,2024,DHS,,,anc4plus,ADM1,Oyo,oyo,73.775034,4.032655,65.871176,81.678892,215,3,2024 DHS
Nigeria,2013,DHS,,,anc4plus,ADM1,Plateau,plateau,40.587517,4.999772,30.788144,50.386889,456,1,2013 DHS
Nigeria,2018,DHS,,,anc4plus,ADM1,Plateau,plateau,55.084399,3.405859,48.409039,61.75976,521,2,2018 DHS
Nigeria,2024,DHS,,,anc4plus,ADM1,Plateau,plateau,46.436564,4.494361,37.627778,55.245349,336,3,2024 DHS
Nigeria,2013,DHS,,,anc4plus,ADM1,Rivers,rivers,52.970342,3.391342,46.323433,59.617251,371,1,2013 DHS
Nigeria,2018,DHS,,,anc4plus,ADM1,Rivers,rivers,81.240682,2.913557,75.530216,86.951148,447,2,2018 DHS
Nigeria,2024,DHS,,,anc4plus,ADM1,Rivers,rivers,76.477595,3.783049,69.062955,83.892234,196,3,2024 DHS
Nigeria,2013,DHS,,,anc4plus,ADM1,Sokoto,sokoto,16.412769,2.677816,11.164347,21.661192,822,1,2013 DHS
Nigeria,2018,DHS,,,anc4plus,ADM1,Sokoto,sokoto,30.699358,3.780534,23.289647,38.109068,703,2,2018 DHS
Nigeria,2024,DHS,,,anc4plus,ADM1,Sokoto,sokoto,22.747631,4.286488,14.346268,31.148993,441,3,2024 DHS
Nigeria,2013,DHS,,,anc4plus,ADM1,Taraba,taraba,40.165727,4.475592,31.393727,48.937727,775,1,2013 DHS
Nigeria,2018,DHS,,,anc4plus,ADM1,Taraba,taraba,49.866012,3.364661,43.271398,56.460625,722,2,2018 DHS
Nigeria,2024,DHS,,,anc4plus,ADM1,Taraba,taraba,50.546595,5.199923,40.354934,60.738257,268,3,2024 DHS
Nigeria,2013,DHS,,,anc4plus,ADM1,Yobe,yobe,19.564892,4.851395,10.056332,29.073452,669,1,2013 DHS
Nigeria,2018,DHS,,,anc4plus,ADM1,Yobe,yobe,35.762376,3.806064,28.302628,43.222124,767,2,2018 DHS
Nigeria,2024,DHS,,,anc4plus,ADM1,Yobe,yobe,48.495499,2.892871,42.825577,54.165422,458,3,2024 DHS
Nigeria,2013,DHS,,,anc4plus,ADM1,Zamfara,zamfara,17.796082,2.468182,12.958535,22.633629,852,1,2013 DHS
Nigeria,2018,DHS,,,anc4plus,ADM1,Zamfara,zamfara,25.936868,5.039593,16.059447,35.814288,804,2,2018 DHS
Nigeria,2024,DHS,,,anc4plus,ADM1,Zamfara,zamfara,21.457577,4.627795,12.387266,30.527888,292,3,2024 DHS
Nigeria,2013,DHS,,,diarrhea_care_seeking,ADM1,Abia,abia,43.88148,13.033981,18.335348,69.427613,12,1,2013 DHS
Nigeria,2018,DHS,,,diarrhea_care_seeking,ADM1,Abia,abia,86.004195,8.505411,69.333895,100,21,2,2018 DHS
Nigeria,2024,DHS,,,diarrhea_care_seeking,ADM1,Abia,abia,51.428047,10.443683,30.958804,71.897289,21,3,2024 DHS
Nigeria,2013,DHS,,,diarrhea_care_seeking,ADM1,Adamawa,adamawa,33.952362,5.04268,24.068891,43.835834,148,1,2013 DHS
Nigeria,2018,DHS,,,diarrhea_care_seeking,ADM1,Adamawa,adamawa,51.251933,6.27043,38.962115,63.541751,84,2,2018 DHS
Nigeria,2024,DHS,,,diarrhea_care_seeking,ADM1,Adamawa,adamawa,75.107147,4.35514,66.571228,83.643065,129,3,2024 DHS
Nigeria,2013,DHS,,,diarrhea_care_seeking,ADM1,Akwa Ibom,akwa ibom,18.437761,7.942858,2.870046,34.005476,34,1,2013 DHS
Nigeria,2018,DHS,,,diarrhea_care_seeking,ADM1,Akwa Ibom,akwa ibom,55.878442,9.321494,37.608648,74.148235,43,2,2018 DHS
Nigeria,2024,DHS,,,diarrhea_care_seeking,ADM1,Akwa Ibom,akwa ibom,62.159132,11.27037,40.069612,84.248651,36,3,2024 DHS
Nigeria,2013,DHS,,,diarrhea_care_seeking,ADM1,Anambra,anambra,17.609844,7.085131,3.723242,31.496445,31,1,2013 DHS
Nigeria,2018,DHS,,,diarrhea_care_seeking,ADM1,Anambra,anambra,91.802923,5.592556,80.841715,100,29,2,2018 DHS
Nigeria,2024,DHS,,,diarrhea_care_seeking,ADM1,Anambra,anambra,57.469797,8.057735,41.676926,73.262667,27,3,2024 DHS
Nigeria,2013,DHS,,,diarrhea_care_seeking,ADM1,Bauchi,bauchi,30.937158,4.243746,22.619568,39.254748,323,1,2013 DHS
Nigeria,2018,DHS,,,diarrhea_care_seeking,ADM1,Bauchi,bauchi,67.189833,3.495142,60.339482,74.040185,443,2,2018 DHS
Nigeria,2024,DHS,,,diarrhea_care_seeking,ADM1,Bauchi,bauchi,57.4625,9.669651,38.510332,76.414668,131,3,2024 DHS
Nigeria,2013,DHS,,,diarrhea_care_seeking,ADM1,Bayelsa,bayelsa,28.755549,17.518442,0,63.091064,10,1,2013 DHS
Nigeria,2018,DHS,,,diarrhea_care_seeking,ADM1,Bayelsa,bayelsa,68.985615,20.029283,29.728943,100,7,2,2018 DHS
Nigeria,2024,DHS,,,diarrhea_care_seeking,ADM1,Bayelsa,bayelsa,70.274696,6.507677,57.519883,83.029509,64,3,2024 DHS
Nigeria,2013,DHS,,,diarrhea_care_seeking,ADM1,Benue,benue,23.719156,6.543642,10.893855,36.544458,59,1,2013 DHS
Nigeria,2018,DHS,,,diarrhea_care_seeking,ADM1,Benue,benue,82.853223,4.731281,73.580083,92.126363,97,2,2018 DHS
Nigeria,2024,DHS,,,diarrhea_care_seeking,ADM1,Benue,benue,68.718847,4.76199,59.385519,78.052175,14,3,2024 DHS
Nigeria,2013,DHS,,,diarrhea_care_seeking,ADM1,Borno,borno,23.757466,6.643955,10.735554,36.779377,55,1,2013 DHS
Nigeria,2018,DHS,,,diarrhea_care_seeking,ADM1,Borno,borno,77.694576,4.493226,68.888015,86.501138,77,2,2018 DHS
Nigeria,2024,DHS,,,diarrhea_care_seeking,ADM1,Borno,borno,68.76032,4.990468,58.979182,78.541458,119,3,2024 DHS
Nigeria,2013,DHS,,,diarrhea_care_seeking,ADM1,Cross River,cross river,34.124637,6.010927,22.343437,45.905837,41,1,2013 DHS
Nigeria,2018,DHS,,,diarrhea_care_seeking,ADM1,Cross River,cross river,88.122791,7.494413,73.434011,100,17,2,2018 DHS
Nigeria,2024,DHS,,,diarrhea_care_seeking,ADM1,Cross River,cross river,66.866889,7.246634,52.663747,81.070031,53,3,2024 DHS
Nigeria,2013,DHS,,,diarrhea_care_seeking,ADM1,Delta,delta,44.85977,15.220244,15.028641,74.690899,15,1,2013 DHS
Nigeria,2018,DHS,,,diarrhea_care_seeking,ADM1,Delta,delta,61.442202,14.113814,33.779635,89.104768,16,2,2018 DHS
Nigeria,2024,DHS,,,diarrhea_care_seeking,ADM1,Delta,delta,71.267722,8.596481,54.41893,88.116515,30,3,2024 DHS
Nigeria,2013,DHS,,,diarrhea_care_seeking,ADM1,Ebonyi,ebonyi,19.886874,4.601295,10.868502,28.905246,85,1,2013 DHS
Nigeria,2018,DHS,,,diarrhea_care_seeking,ADM1,Ebonyi,ebonyi,54.621653,6.673944,41.540963,67.702343,96,2,2018 DHS
Nigeria,2024,DHS,,,diarrhea_care_seeking,ADM1,Ebonyi,ebonyi,32.058892,4.641541,22.961638,41.156146,102,3,2024 DHS
Nigeria,2013,DHS,,,diarrhea_care_seeking,ADM1,Edo,edo,9.255242,9.61392,0,28.098179,9,1,2013 DHS
Nigeria,2018,DHS,,,diarrhea_care_seeking,ADM1,Edo,edo,78.653401,9.293309,60.43885,96.867951,20,2,2018 DHS
Nigeria,2024,DHS,,,diarrhea_care_seeking,ADM1,Edo,edo,75.719227,12.188991,51.829243,99.60921,17,3,2024 DHS
Nigeria,2013,DHS,,,diarrhea_care_seeking,ADM1,Ekiti,ekiti,32.238611,8.812827,14.965788,49.511434,33,1,2013 DHS
Nigeria,2018,DHS,,,diarrhea_care_seeking,ADM1,Ekiti,ekiti,39.48489,7.711313,24.370995,54.598786,40,2,2018 DHS
Nigeria,2024,DHS,,,diarrhea_care_seeking,ADM1,Ekiti,ekiti,79.017025,11.064518,57.330968,100,14,3,2024 DHS
Nigeria,2013,DHS,,,diarrhea_care_seeking,ADM1,Enugu,enugu,41.102638,5.865192,29.607072,52.598204,66,1,2013 DHS
Nigeria,2018,DHS,,,diarrhea_care_seeking,ADM1,Enugu,enugu,64.30713,12.543877,39.721582,88.892677,21,2,2018 DHS
Nigeria,2024,DHS,,,diarrhea_care_seeking,ADM1,Enugu,enugu,86.442491,14.650014,57.728991,100,5,3,2024 DHS
Nigeria,2013,DHS,,,diarrhea_care_seeking,ADM1,FCT,fct,58.418857,8.557338,41.646783,75.19093,27,1,2013 DHS
Nigeria,2018,DHS,,,diarrhea_care_seeking,ADM1,FCT,fct,84.884042,5.391374,74.317143,95.450941,60,2,2018 DHS
Nigeria,2024,DHS,,,diarrhea_care_seeking,ADM1,FCT,fct,74.345897,7.409624,59.823301,88.868492,53,3,2024 DHS
Nigeria,2013,DHS,,,diarrhea_care_seeking,ADM1,Gombe,gombe,31.787452,4.946926,22.091655,41.48325,191,1,2013 DHS
Nigeria,2018,DHS,,,diarrhea_care_seeking,ADM1,Gombe,gombe,71.776826,2.175905,67.512131,76.041521,395,2,2018 DHS
Nigeria,2024,DHS,,,diarrhea_care_seeking,ADM1,Gombe,gombe,77.103767,4.077157,69.112687,85.094847,114,3,2024 DHS
Nigeria,2013,DHS,,,diarrhea_care_seeking,ADM1,Imo,imo,25.165765,8.697008,8.119942,42.211588,48,1,2013 DHS
Nigeria,2018,DHS,,,diarrhea_care_seeking,ADM1,Imo,imo,44.889846,7.794994,29.611938,60.167753,65,2,2018 DHS
Nigeria,2024,DHS,,,diarrhea_care_seeking,ADM1,Imo,imo,76.014375,5.01449,66.186155,85.842596,80,3,2024 DHS
Nigeria,2013,DHS,,,diarrhea_care_seeking,ADM1,Jigawa,jigawa,39.0017,4.4824,30.216357,47.787043,185,1,2013 DHS
Nigeria,2018,DHS,,,diarrhea_care_seeking,ADM1,Jigawa,jigawa,80.756479,3.725184,73.455252,88.057705,239,2,2018 DHS
Nigeria,2024,DHS,,,diarrhea_care_seeking,ADM1,Jigawa,jigawa,55.965512,3.445219,49.213006,62.718017,230,3,2024 DHS
Nigeria,2013,DHS,,,diarrhea_care_seeking,ADM1,Kaduna,kaduna,15.78728,4.37865,7.205283,24.369276,103,1,2013 DHS
Nigeria,2018,DHS,,,diarrhea_care_seeking,ADM1,Kaduna,kaduna,47.876893,6.27207,35.583862,60.169924,155,2,2018 DHS
Nigeria,2024,DHS,,,diarrhea_care_seeking,ADM1,Kaduna,kaduna,60.737676,2.880545,55.091911,66.383441,356,3,2024 DHS
Nigeria,2013,DHS,,,diarrhea_care_seeking,ADM1,Kano,kano,28.475287,6.342934,16.043364,40.90721,133,1,2013 DHS
Nigeria,2018,DHS,,,diarrhea_care_seeking,ADM1,Kano,kano,79.255019,2.863622,73.642422,84.867616,320,2,2018 DHS
Nigeria,2024,DHS,,,diarrhea_care_seeking,ADM1,Kano,kano,53.743523,2.918632,48.023109,59.463938,378,3,2024 DHS
Nigeria,2013,DHS,,,diarrhea_care_seeking,ADM1,Katsina,katsina,42.511697,6.24452,30.272662,54.750732,107,1,2013 DHS
Nigeria,2018,DHS,,,diarrhea_care_seeking,ADM1,Katsina,katsina,64.772423,4.512243,55.92859,73.616256,188,2,2018 DHS
Nigeria,2024,DHS,,,diarrhea_care_seeking,ADM1,Katsina,katsina,62.628415,3.601751,55.569113,69.687716,161,3,2024 DHS
Nigeria,2013,DHS,,,diarrhea_care_seeking,ADM1,Kebbi,kebbi,17.653667,3.378058,11.032795,24.27454,147,1,2013 DHS
Nigeria,2018,DHS,,,diarrhea_care_seeking,ADM1,Kebbi,kebbi,62.007158,4.745055,52.707022,71.307295,108,2,2018 DHS
Nigeria,2024,DHS,,,diarrhea_care_seeking,ADM1,Kebbi,kebbi,51.895661,4.716322,42.65184,61.139481,275,3,2024 DHS
Nigeria,2013,DHS,,,diarrhea_care_seeking,ADM1,Kogi,kogi,43.647565,15.128032,13.997166,73.297963,12,1,2013 DHS
Nigeria,2018,DHS,,,diarrhea_care_seeking,ADM1,Kogi,kogi,38.923502,9.700864,19.910159,57.936845,38,2,2018 DHS
Nigeria,2024,DHS,,,diarrhea_care_seeking,ADM1,Kogi,kogi,62.679074,7.302696,48.366052,76.992095,67,3,2024 DHS
Nigeria,2013,DHS,,,diarrhea_care_seeking,ADM1,Kwara,kwara,34.219119,8.731239,17.106206,51.332032,35,1,2013 DHS
Nigeria,2018,DHS,,,diarrhea_care_seeking,ADM1,Kwara,kwara,61.683632,5.959144,50.003925,73.36334,45,2,2018 DHS
Nigeria,2024,DHS,,,diarrhea_care_seeking,ADM1,Kwara,kwara,61.079908,11.32264,38.887941,83.271874,21,3,2024 DHS
Nigeria,2013,DHS,,,diarrhea_care_seeking,ADM1,Lagos,lagos,30.604543,5.269007,20.277479,40.931606,65,1,2013 DHS
Nigeria,2018,DHS,,,diarrhea_care_seeking,ADM1,Lagos,lagos,66.408198,7.763222,51.192564,81.623833,37,2,2018 DHS
Nigeria,2024,DHS,,,diarrhea_care_seeking,ADM1,Lagos,lagos,61.903379,9.996843,42.309928,81.496831,21,3,2024 DHS
Nigeria,2013,DHS,,,diarrhea_care_seeking,ADM1,Nasarawa,nasarawa,57.302033,10.70217,36.326166,78.277901,49,1,2013 DHS
Nigeria,2018,DHS,,,diarrhea_care_seeking,ADM1,Nasarawa,nasarawa,86.33766,7.90065,70.85267,100,39,2,2018 DHS
Nigeria,2024,DHS,,,diarrhea_care_seeking,ADM1,Nasarawa,nasarawa,62.995393,3.53694,56.063117,69.927668,140,3,2024 DHS
Nigeria,2013,DHS,,,diarrhea_care_seeking,ADM1,Niger,niger,52.620202,9.598747,33.807003,71.433401,75,1,2013 DHS
Nigeria,2018,DHS,,,diarrhea_care_seeking,ADM1,Niger,niger,31.743406,4.772171,22.390123,41.096689,179,2,2018 DHS
Nigeria,2024,DHS,,,diarrhea_care_seeking,ADM1,Niger,niger,53.864879,9.732719,34.7891,72.940658,52,3,2024 DHS
Nigeria,2013,DHS,,,diarrhea_care_seeking,ADM1,Ogun,ogun,23.152028,16.72412,0,55.930701,12,1,2013 DHS
Nigeria,2018,DHS,,,diarrhea_care_seeking,ADM1,Ogun,ogun,100,0,100,100,4,2,2018 DHS
Nigeria,2024,DHS,,,diarrhea_care_seeking,ADM1,Ogun,ogun,54.453152,8.522079,37.750183,71.15612,62,3,2024 DHS
Nigeria,2013,DHS,,,diarrhea_care_seeking,ADM1,Ondo,ondo,37.799806,9.042758,20.076326,55.523285,34,1,2013 DHS
Nigeria,2018,DHS,,,diarrhea_care_seeking,ADM1,Ondo,ondo,42.295766,9.969332,22.756236,61.835297,42,2,2018 DHS
Nigeria,2024,DHS,,,diarrhea_care_seeking,ADM1,Ondo,ondo,84.926188,8.3417,68.576757,100,18,3,2024 DHS
Nigeria,2013,DHS,,,diarrhea_care_seeking,ADM1,Osun,osun,81.455276,7.949567,65.874411,97.036141,23,1,2013 DHS
Nigeria,2018,DHS,,,diarrhea_care_seeking,ADM1,Osun,osun,35.877904,8.71477,18.797268,52.958539,41,2,2018 DHS
Nigeria,2024,DHS,,,diarrhea_care_seeking,ADM1,Osun,osun,35.199493,10.170403,15.265869,55.133118,28,3,2024 DHS
Nigeria,2013,DHS,,,diarrhea_care_seeking,ADM1,Oyo,oyo,28.506322,8.941802,10.980713,46.031932,62,1,2013 DHS
Nigeria,2018,DHS,,,diarrhea_care_seeking,ADM1,Oyo,oyo,83.634415,6.457467,70.978012,96.290818,30,2,2018 DHS
Nigeria,2024,DHS,,,diarrhea_care_seeking,ADM1,Oyo,oyo,39.72654,11.316013,17.547563,61.905517,29,3,2024 DHS
Nigeria,2013,DHS,,,diarrhea_care_seeking,ADM1,Plateau,plateau,34.456688,7.436532,19.881353,49.032022,37,1,2013 DHS
Nigeria,2018,DHS,,,diarrhea_care_seeking,ADM1,Plateau,plateau,49.553332,3.912327,41.885312,57.221352,96,2,2018 DHS
Nigeria,2024,DHS,,,diarrhea_care_seeking,ADM1,Plateau,plateau,64.363542,8.147778,48.39419,80.332894,57,3,2024 DHS
Nigeria,2013,DHS,,,diarrhea_care_seeking,ADM1,Rivers,rivers,36.843556,11.052782,15.180501,58.506611,28,1,2013 DHS
Nigeria,2018,DHS,,,diarrhea_care_seeking,ADM1,Rivers,rivers,70.757148,5.833985,59.322747,82.191549,59,2,2018 DHS
Nigeria,2024,DHS,,,diarrhea_care_seeking,ADM1,Rivers,rivers,57.820506,11.906168,34.484845,81.156166,22,3,2024 DHS
Nigeria,2013,DHS,,,diarrhea_care_seeking,ADM1,Sokoto,sokoto,39.207097,8.195591,23.144035,55.270159,59,1,2013 DHS
Nigeria,2018,DHS,,,diarrhea_care_seeking,ADM1,Sokoto,sokoto,74.591849,3.428528,67.872058,81.31164,184,2,2018 DHS
Nigeria,2024,DHS,,,diarrhea_care_seeking,ADM1,Sokoto,sokoto,39.873539,7.333457,25.500228,54.24685,70,3,2024 DHS
Nigeria,2013,DHS,,,diarrhea_care_seeking,ADM1,Taraba,taraba,21.878643,4.277907,13.4941,30.263186,216,1,2013 DHS
Nigeria,2018,DHS,,,diarrhea_care_seeking,ADM1,Taraba,taraba,32.750455,3.886093,25.133852,40.367058,233,2,2018 DHS
Nigeria,2024,DHS,,,diarrhea_care_seeking,ADM1,Taraba,taraba,69.103668,9.334234,50.808905,87.39843,33,3,2024 DHS
Nigeria,2013,DHS,,,diarrhea_care_seeking,ADM1,Yobe,yobe,12.763633,2.320878,8.214797,17.31247,331,1,2013 DHS
Nigeria,2018,DHS,,,diarrhea_care_seeking,ADM1,Yobe,yobe,73.528401,4.185823,65.324339,81.732463,348,2,2018 DHS
Nigeria,2024,DHS,,,diarrhea_care_seeking,ADM1,Yobe,yobe,71.16017,4.378723,62.57803,79.74231,320,3,2024 DHS
Nigeria,2013,DHS,,,diarrhea_care_seeking,ADM1,Zamfara,zamfara,26.420062,5.448689,15.740829,37.099296,68,1,2013 DHS
Nigeria,2018,DHS,,,diarrhea_care_seeking,ADM1,Zamfara,zamfara,47.390491,7.443094,32.802296,61.978686,40,2,2018 DHS
Nigeria,2024,DHS,,,diarrhea_care_seeking,ADM1,Zamfara,zamfara,55.307366,8.900535,37.862638,72.752093,41,3,2024 DHS
Nigeria,2013,DHS,,,dpt3,ADM1,Abia,abia,79.802222,5.021785,69.959704,89.644741,104,1,2013 DHS
Nigeria,2018,DHS,,,dpt3,ADM1,Abia,abia,80.384888,4.426346,71.709409,89.060367,107,2,2018 DHS
Nigeria,2024,DHS,,,dpt3,ADM1,Abia,abia,79.662849,5.342876,69.191004,90.134693,81,3,2024 DHS
Nigeria,2013,DHS,,,dpt3,ADM1,Adamawa,adamawa,49.69219,4.942593,40.004885,59.379495,180,1,2013 DHS
Nigeria,2018,DHS,,,dpt3,ADM1,Adamawa,adamawa,65.945412,6.133111,53.924735,77.966088,177,2,2018 DHS
Nigeria,2024,DHS,,,dpt3,ADM1,Adamawa,adamawa,59.176468,6.923749,45.606168,72.746768,149,3,2024 DHS
Nigeria,2013,DHS,,,dpt3,ADM1,Akwa Ibom,akwa ibom,65.295554,4.352807,56.764209,73.826899,121,1,2013 DHS
Nigeria,2018,DHS,,,dpt3,ADM1,Akwa Ibom,akwa ibom,62.224031,4.474372,53.454422,70.993639,123,2,2018 DHS
Nigeria,2024,DHS,,,dpt3,ADM1,Akwa Ibom,akwa ibom,72.757301,5.234594,62.497684,83.016917,81,3,2024 DHS
Nigeria,2013,DHS,,,dpt3,ADM1,Anambra,anambra,78.549715,6.28889,66.223716,90.875713,113,1,2013 DHS
Nigeria,2018,DHS,,,dpt3,ADM1,Anambra,anambra,87.270335,3.266315,80.868476,93.672194,179,2,2018 DHS
Nigeria,2024,DHS,,,dpt3,ADM1,Anambra,anambra,78.556997,6.426758,65.960784,91.153211,96,3,2024 DHS
Nigeria,2013,DHS,,,dpt3,ADM1,Bauchi,bauchi,12.472113,3.027482,6.538358,18.405868,270,1,2013 DHS
Nigeria,2018,DHS,,,dpt3,ADM1,Bauchi,bauchi,32.103842,4.629148,23.03088,41.176804,266,2,2018 DHS
Nigeria,2024,DHS,,,dpt3,ADM1,Bauchi,bauchi,58.220687,5.65826,47.130701,69.310672,209,3,2024 DHS
Nigeria,2013,DHS,,,dpt3,ADM1,Bayelsa,bayelsa,67.665924,5.657488,56.577452,78.754396,160,1,2013 DHS
Nigeria,2018,DHS,,,dpt3,ADM1,Bayelsa,bayelsa,54.540611,4.843525,45.047476,64.033747,123,2,2018 DHS
Nigeria,2024,DHS,,,dpt3,ADM1,Bayelsa,bayelsa,73.397481,5.610654,62.400802,84.394161,84,3,2024 DHS
Nigeria,2013,DHS,,,dpt3,ADM1,Benue,benue,29.01983,5.389173,18.457246,39.582414,124,1,2013 DHS
Nigeria,2018,DHS,,,dpt3,ADM1,Benue,benue,58.693789,5.000892,48.892221,68.495357,186,2,2018 DHS
Nigeria,2024,DHS,,,dpt3,ADM1,Benue,benue,44.295806,6.712346,31.13985,57.451762,100,3,2024 DHS
Nigeria,2013,DHS,,,dpt3,ADM1,Borno,borno,12.359551,3.932727,4.651548,20.067554,121,1,2013 DHS
Nigeria,2018,DHS,,,dpt3,ADM1,Borno,borno,35.985877,4.354652,27.450915,44.520839,203,2,2018 DHS
Nigeria,2024,DHS,,,dpt3,ADM1,Borno,borno,42.181856,5.804946,30.804372,53.559341,160,3,2024 DHS
Nigeria,2013,DHS,,,dpt3,ADM1,Cross River,cross river,76.126223,10.537181,55.473728,96.778718,102,1,2013 DHS
Nigeria,2018,DHS,,,dpt3,ADM1,Cross River,cross river,64.051253,7.086446,50.162074,77.940432,75,2,2018 DHS
Nigeria,2024,DHS,,,dpt3,ADM1,Cross River,cross river,94.616026,3.711722,87.341185,100,69,3,2024 DHS
Nigeria,2013,DHS,,,dpt3,ADM1,Delta,delta,62.185837,5.935794,50.551894,73.81978,126,1,2013 DHS
Nigeria,2018,DHS,,,dpt3,ADM1,Delta,delta,71.717369,4.891049,62.131089,81.303649,102,2,2018 DHS
Nigeria,2024,DHS,,,dpt3,ADM1,Delta,delta,85.734003,4.697905,76.526278,94.941729,112,3,2024 DHS
Nigeria,2013,DHS,,,dpt3,ADM1,Ebonyi,ebonyi,80.283795,5.418266,69.664189,90.9034,133,1,2013 DHS
Nigeria,2018,DHS,,,dpt3,ADM1,Ebonyi,ebonyi,82.397707,3.002608,76.512704,88.28271,181,2,2018 DHS
Nigeria,2024,DHS,,,dpt3,ADM1,Ebonyi,ebonyi,75.937708,3.59058,68.9003,82.975116,176,3,2024 DHS
Nigeria,2013,DHS,,,dpt3,ADM1,Edo,edo,79.646082,5.277934,69.301521,89.990642,124,1,2013 DHS
Nigeria,2018,DHS,,,dpt3,ADM1,Edo,edo,80.736814,5.311012,70.327421,91.146207,90,2,2018 DHS
Nigeria,2024,DHS,,,dpt3,ADM1,Edo,edo,84.506061,4.541617,75.604655,93.407466,78,3,2024 DHS
Nigeria,2013,DHS,,,dpt3,ADM1,Ekiti,ekiti,79.041206,6.102083,67.081342,91.00107,90,1,2013 DHS
Nigeria,2018,DHS,,,dpt3,ADM1,Ekiti,ekiti,92.955001,3.740153,85.624437,100,100,2,2018 DHS
Nigeria,2024,DHS,,,dpt3,ADM1,Ekiti,ekiti,75.888732,11.096452,54.140086,97.637379,49,3,2024 DHS
Nigeria,2013,DHS,,,dpt3,ADM1,Enugu,enugu,81.830098,4.613454,72.787895,90.872301,122,1,2013 DHS
Nigeria,2018,DHS,,,dpt3,ADM1,Enugu,enugu,80.89555,4.787174,71.512861,90.278238,97,2,2018 DHS
Nigeria,2024,DHS,,,dpt3,ADM1,Enugu,enugu,81.60995,4.18405,73.409362,89.810537,74,3,2024 DHS
Nigeria,2013,DHS,,,dpt3,ADM1,FCT,fct,69.086039,6.960868,55.442988,82.729091,97,1,2013 DHS
Nigeria,2018,DHS,,,dpt3,ADM1,FCT,fct,73.518872,3.269343,67.111078,79.926666,141,2,2018 DHS
Nigeria,2024,DHS,,,dpt3,ADM1,FCT,fct,84.828865,4.150646,76.693747,92.963982,92,3,2024 DHS
Nigeria,2013,DHS,,,dpt3,ADM1,Gombe,gombe,36.021458,7.389938,21.537446,50.50547,194,1,2013 DHS
Nigeria,2018,DHS,,,dpt3,ADM1,Gombe,gombe,25.77608,4.78174,16.404042,35.148118,238,2,2018 DHS
Nigeria,2024,DHS,,,dpt3,ADM1,Gombe,gombe,59.846984,5.324648,49.410866,70.283102,176,3,2024 DHS
Nigeria,2013,DHS,,,dpt3,ADM1,Imo,imo,83.05071,3.550346,76.09216,90.009261,85,1,2013 DHS
Nigeria,2018,DHS,,,dpt3,ADM1,Imo,imo,79.545048,5.412257,68.937218,90.152878,134,2,2018 DHS
Nigeria,2024,DHS,,,dpt3,ADM1,Imo,imo,83.416377,4.797225,74.013989,92.818765,117,3,2024 DHS
Nigeria,2013,DHS,,,dpt3,ADM1,Jigawa,jigawa,6.953069,2.402979,2.243318,11.662821,284,1,2013 DHS
Nigeria,2018,DHS,,,dpt3,ADM1,Jigawa,jigawa,35.725294,4.760213,26.395447,45.055141,250,2,2018 DHS
Nigeria,2024,DHS,,,dpt3,ADM1,Jigawa,jigawa,62.20414,4.936871,52.52805,71.880229,208,3,2024 DHS
Nigeria,2013,DHS,,,dpt3,ADM1,Kaduna,kaduna,43.667088,8.106104,27.779415,59.554761,138,1,2013 DHS
Nigeria,2018,DHS,,,dpt3,ADM1,Kaduna,kaduna,31.873562,4.898887,22.27192,41.475204,227,2,2018 DHS
Nigeria,2024,DHS,,,dpt3,ADM1,Kaduna,kaduna,47.98213,4.950102,38.280107,57.684152,221,3,2024 DHS
Nigeria,2013,DHS,,,dpt3,ADM1,Kano,kano,18.850191,3.590517,11.812907,25.887474,367,1,2013 DHS
Nigeria,2018,DHS,,,dpt3,ADM1,Kano,kano,45.917194,3.977365,38.121702,53.712685,328,2,2018 DHS
Nigeria,2024,DHS,,,dpt3,ADM1,Kano,kano,47.484361,4.182112,39.287573,55.68115,271,3,2024 DHS
Nigeria,2013,DHS,,,dpt3,ADM1,Katsina,katsina,14.600738,3.820869,7.111972,22.089504,276,1,2013 DHS
Nigeria,2018,DHS,,,dpt3,ADM1,Katsina,katsina,33.723211,4.955645,24.010324,43.436097,257,2,2018 DHS
Nigeria,2024,DHS,,,dpt3,ADM1,Katsina,katsina,53.297229,5.601712,42.318075,64.276383,202,3,2024 DHS
Nigeria,2013,DHS,,,dpt3,ADM1,Kebbi,kebbi,2.836588,1.667586,0,6.104997,203,1,2013 DHS
Nigeria,2018,DHS,,,dpt3,ADM1,Kebbi,kebbi,10.642097,2.648874,5.450399,15.833794,237,2,2018 DHS
Nigeria,2024,DHS,,,dpt3,ADM1,Kebbi,kebbi,13.111495,2.185511,8.827971,17.395018,226,3,2024 DHS
Nigeria,2013,DHS,,,dpt3,ADM1,Kogi,kogi,75.893768,4.488609,67.096255,84.69128,98,1,2013 DHS
Nigeria,2018,DHS,,,dpt3,ADM1,Kogi,kogi,55.624072,6.867979,42.163081,69.085064,103,2,2018 DHS
Nigeria,2024,DHS,,,dpt3,ADM1,Kogi,kogi,37.092298,8.740859,19.960529,54.224067,119,3,2024 DHS
Nigeria,2013,DHS,,,dpt3,ADM1,Kwara,kwara,65.134309,7.006597,51.401632,78.866987,123,1,2013 DHS
Nigeria,2018,DHS,,,dpt3,ADM1,Kwara,kwara,54.500949,7.303189,40.186961,68.814937,130,2,2018 DHS
Nigeria,2024,DHS,,,dpt3,ADM1,Kwara,kwara,34.943992,7.479733,20.283985,49.603999,105,3,2024 DHS
Nigeria,2013,DHS,,,dpt3,ADM1,Lagos,lagos,77.402416,4.847916,67.900676,86.904156,183,1,2013 DHS
Nigeria,2018,DHS,,,dpt3,ADM1,Lagos,lagos,90.781756,2.801965,85.290005,96.273507,155,2,2018 DHS
Nigeria,2024,DHS,,,dpt3,ADM1,Lagos,lagos,87.638136,4.647859,78.5285,96.747771,107,3,2024 DHS
Nigeria,2013,DHS,,,dpt3,ADM1,Nasarawa,nasarawa,34.136121,4.700877,24.922571,43.34967,134,1,2013 DHS
Nigeria,2018,DHS,,,dpt3,ADM1,Nasarawa,nasarawa,59.725957,6.326513,47.32622,72.125695,137,2,2018 DHS
Nigeria,2024,DHS,,,dpt3,ADM1,Nasarawa,nasarawa,67.125647,5.631424,56.088258,78.163035,135,3,2024 DHS
Nigeria,2013,DHS,,,dpt3,ADM1,Niger,niger,37.271557,6.943463,23.66262,50.880493,168,1,2013 DHS
Nigeria,2018,DHS,,,dpt3,ADM1,Niger,niger,38.812916,6.996366,25.10029,52.525542,230,2,2018 DHS
Nigeria,2024,DHS,,,dpt3,ADM1,Niger,niger,36.726872,6.449997,24.08511,49.368633,166,3,2024 DHS
Nigeria,2013,DHS,,,dpt3,ADM1,Ogun,ogun,56.936282,4.283804,48.540181,65.332384,108,1,2013 DHS
Nigeria,2018,DHS,,,dpt3,ADM1,Ogun,ogun,50.299737,5.88546,38.764447,61.835026,105,2,2018 DHS
Nigeria,2024,DHS,,,dpt3,ADM1,Ogun,ogun,73.930031,4.010087,66.070404,81.789658,111,3,2024 DHS
Nigeria,2013,DHS,,,dpt3,ADM1,Ondo,ondo,62.544728,8.463856,45.955876,79.133581,101,1,2013 DHS
Nigeria,2018,DHS,,,dpt3,ADM1,Ondo,ondo,77.021876,5.718843,65.813151,88.230602,94,2,2018 DHS
Nigeria,2024,DHS,,,dpt3,ADM1,Ondo,ondo,63.900846,7.351541,49.49209,78.309601,59,3,2024 DHS
Nigeria,2013,DHS,,,dpt3,ADM1,Osun,osun,82.753855,4.875699,73.197661,92.31005,112,1,2013 DHS
Nigeria,2018,DHS,,,dpt3,ADM1,Osun,osun,83.468429,3.868257,75.886784,91.050073,92,2,2018 DHS
Nigeria,2024,DHS,,,dpt3,ADM1,Osun,osun,67.075297,6.985343,53.384278,80.766317,65,3,2024 DHS
Nigeria,2013,DHS,,,dpt3,ADM1,Oyo,oyo,47.74252,5.658064,36.652918,58.832122,120,1,2013 DHS
Nigeria,2018,DHS,,,dpt3,ADM1,Oyo,oyo,44.332129,5.418076,33.712895,54.951363,117,2,2018 DHS
Nigeria,2024,DHS,,,dpt3,ADM1,Oyo,oyo,52.632649,5.996482,40.879761,64.385537,91,3,2024 DHS
Nigeria,2013,DHS,,,dpt3,ADM1,Plateau,plateau,46.338276,7.87299,30.907499,61.769053,120,1,2013 DHS
Nigeria,2018,DHS,,,dpt3,ADM1,Plateau,plateau,71.807595,4.678073,62.63874,80.976449,134,2,2018 DHS
Nigeria,2024,DHS,,,dpt3,ADM1,Plateau,plateau,47.12844,7.422573,32.580465,61.676415,152,3,2024 DHS
Nigeria,2013,DHS,,,dpt3,ADM1,Rivers,rivers,69.162821,4.716042,59.919548,78.406094,102,1,2013 DHS
Nigeria,2018,DHS,,,dpt3,ADM1,Rivers,rivers,74.487996,5.449452,63.807265,85.168726,124,2,2018 DHS
Nigeria,2024,DHS,,,dpt3,ADM1,Rivers,rivers,70.957698,5.944551,59.306592,82.608805,103,3,2024 DHS
Nigeria,2013,DHS,,,dpt3,ADM1,Sokoto,sokoto,2.601036,1.22472,0.200629,5.001443,252,1,2013 DHS
Nigeria,2018,DHS,,,dpt3,ADM1,Sokoto,sokoto,7.189674,2.203979,2.869954,11.509393,197,2,2018 DHS
Nigeria,2024,DHS,,,dpt3,ADM1,Sokoto,sokoto,10.942632,3.506119,4.070764,17.814499,210,3,2024 DHS
Nigeria,2013,DHS,,,dpt3,ADM1,Taraba,taraba,21.360071,5.523252,10.534695,32.185447,228,1,2013 DHS
Nigeria,2018,DHS,,,dpt3,ADM1,Taraba,taraba,41.748972,5.657707,30.66007,52.837873,203,2,2018 DHS
Nigeria,2024,DHS,,,dpt3,ADM1,Taraba,taraba,47.277737,6.112502,35.297454,59.25802,126,3,2024 DHS
Nigeria,2013,DHS,,,dpt3,ADM1,Yobe,yobe,11.040031,2.97978,5.19977,16.880292,191,1,2013 DHS
Nigeria,2018,DHS,,,dpt3,ADM1,Yobe,yobe,28.98588,4.745214,19.685432,38.286329,216,2,2018 DHS
Nigeria,2024,DHS,,,dpt3,ADM1,Yobe,yobe,51.265444,3.867514,43.685255,58.845632,212,3,2024 DHS
Nigeria,2013,DHS,,,dpt3,ADM1,Zamfara,zamfara,5.596468,1.651095,2.360382,8.832555,260,1,2013 DHS
Nigeria,2018,DHS,,,dpt3,ADM1,Zamfara,zamfara,10.814597,3.130346,4.67923,16.949963,201,2,2018 DHS
Nigeria,2024,DHS,,,dpt3,ADM1,Zamfara,zamfara,12.603822,2.896252,6.927273,18.280372,145,3,2024 DHS
Nigeria,2013,DHS,,,facility_delivery,ADM1,Abia,abia,72.833546,4.885545,63.258054,82.409037,508,1,2013 DHS
Nigeria,2018,DHS,,,facility_delivery,ADM1,Abia,abia,92.017202,2.039205,88.020434,96.013969,641,2,2018 DHS
Nigeria,2024,DHS,,,facility_delivery,ADM1,Abia,abia,85.956188,3.704615,78.695276,93.2171,167,3,2024 DHS
Nigeria,2013,DHS,,,facility_delivery,ADM1,Adamawa,adamawa,33.392323,5.122934,23.351556,43.43309,1001,1,2013 DHS
Nigeria,2018,DHS,,,facility_delivery,ADM1,Adamawa,adamawa,38.890102,4.541192,29.989529,47.790675,962,2,2018 DHS
Nigeria,2024,DHS,,,facility_delivery,ADM1,Adamawa,adamawa,41.579381,5.252174,31.285308,51.873453,372,3,2024 DHS
Nigeria,2013,DHS,,,facility_delivery,ADM1,Akwa Ibom,akwa ibom,43.177927,4.265212,34.818265,51.537588,576,1,2013 DHS
Nigeria,2018,DHS,,,facility_delivery,ADM1,Akwa Ibom,akwa ibom,34.727876,4.536399,25.836698,43.619054,564,2,2018 DHS
Nigeria,2024,DHS,,,facility_delivery,ADM1,Akwa Ibom,akwa ibom,38.588981,5.110384,28.572812,48.605151,157,3,2024 DHS
Nigeria,2013,DHS,,,facility_delivery,ADM1,Anambra,anambra,84.648975,4.315336,76.191073,93.106877,537,1,2013 DHS
Nigeria,2018,DHS,,,facility_delivery,ADM1,Anambra,anambra,90.446341,2.663222,85.226523,95.66616,856,2,2018 DHS
Nigeria,2024,DHS,,,facility_delivery,ADM1,Anambra,anambra,83.24692,3.447872,76.489215,90.004624,229,3,2024 DHS
Nigeria,2013,DHS,,,facility_delivery,ADM1,Bauchi,bauchi,16.92742,2.90492,11.233881,22.620959,1439,1,2013 DHS
Nigeria,2018,DHS,,,facility_delivery,ADM1,Bauchi,bauchi,21.79494,2.369565,17.150677,26.439202,1442,2,2018 DHS
Nigeria,2024,DHS,,,facility_delivery,ADM1,Bauchi,bauchi,31.142297,3.239342,24.793303,37.491291,482,3,2024 DHS
Nigeria,2013,DHS,,,facility_delivery,ADM1,Bayelsa,bayelsa,28.418101,5.472082,17.693017,39.143185,821,1,2013 DHS
Nigeria,2018,DHS,,,facility_delivery,ADM1,Bayelsa,bayelsa,22.856678,5.378627,12.314763,33.398593,570,2,2018 DHS
Nigeria,2024,DHS,,,facility_delivery,ADM1,Bayelsa,bayelsa,46.117097,7.780099,30.868384,61.365811,179,3,2024 DHS
Nigeria,2013,DHS,,,facility_delivery,ADM1,Benue,benue,50.922638,5.437635,40.26507,61.580207,660,1,2013 DHS
Nigeria,2018,DHS,,,facility_delivery,ADM1,Benue,benue,67.092036,3.334829,60.555892,73.62818,908,2,2018 DHS
Nigeria,2024,DHS,,,facility_delivery,ADM1,Benue,benue,59.046486,5.43247,48.399041,69.69393,223,3,2024 DHS
Nigeria,2013,DHS,,,facility_delivery,ADM1,Borno,borno,16.978657,3.835659,9.460904,24.49641,600,1,2013 DHS
Nigeria,2018,DHS,,,facility_delivery,ADM1,Borno,borno,26.170253,3.417938,19.471218,32.869289,1099,2,2018 DHS
Nigeria,2024,DHS,,,facility_delivery,ADM1,Borno,borno,45.915765,5.754784,34.636595,57.194935,364,3,2024 DHS
Nigeria,2013,DHS,,,facility_delivery,ADM1,Cross River,cross river,40.380358,4.813918,30.945251,49.815465,526,1,2013 DHS
Nigeria,2018,DHS,,,facility_delivery,ADM1,Cross River,cross river,52.572896,5.696763,41.407447,63.738346,428,2,2018 DHS
Nigeria,2024,DHS,,,facility_delivery,ADM1,Cross River,cross river,58.834953,5.576589,47.905039,69.764868,152,3,2024 DHS
Nigeria,2013,DHS,,,facility_delivery,ADM1,Delta,delta,57.649006,6.893611,44.137777,71.160236,692,1,2013 DHS
Nigeria,2018,DHS,,,facility_delivery,ADM1,Delta,delta,54.871552,4.531756,45.989473,63.75363,508,2,2018 DHS
Nigeria,2024,DHS,,,facility_delivery,ADM1,Delta,delta,82.982899,5.174832,72.840416,93.125383,215,3,2024 DHS
Nigeria,2013,DHS,,,facility_delivery,ADM1,Ebonyi,ebonyi,59.608168,4.86404,50.074824,69.141511,720,1,2013 DHS
Nigeria,2018,DHS,,,facility_delivery,ADM1,Ebonyi,ebonyi,56.517215,3.806052,49.057489,63.97694,1012,2,2018 DHS
Nigeria,2024,DHS,,,facility_delivery,ADM1,Ebonyi,ebonyi,79.367592,3.471276,72.564016,86.171167,352,3,2024 DHS
Nigeria,2013,DHS,,,facility_delivery,ADM1,Edo,edo,74.736379,4.458548,65.997786,83.474972,595,1,2013 DHS
Nigeria,2018,DHS,,,facility_delivery,ADM1,Edo,edo,80.054612,3.547169,73.102288,87.006936,465,2,2018 DHS
Nigeria,2024,DHS,,,facility_delivery,ADM1,Edo,edo,90.920718,2.325872,86.362094,95.479343,165,3,2024 DHS
Nigeria,2013,DHS,,,facility_delivery,ADM1,Ekiti,ekiti,86.312793,2.308147,81.788909,90.836677,530,1,2013 DHS
Nigeria,2018,DHS,,,facility_delivery,ADM1,Ekiti,ekiti,71.782095,2.577004,66.73126,76.832931,522,2,2018 DHS
Nigeria,2024,DHS,,,facility_delivery,ADM1,Ekiti,ekiti,81.658578,2.79933,76.171992,87.145164,121,3,2024 DHS
Nigeria,2013,DHS,,,facility_delivery,ADM1,Enugu,enugu,85.507148,2.513696,80.580394,90.433902,574,1,2013 DHS
Nigeria,2018,DHS,,,facility_delivery,ADM1,Enugu,enugu,79.538578,3.396933,72.880712,86.196444,561,2,2018 DHS
Nigeria,2024,DHS,,,facility_delivery,ADM1,Enugu,enugu,92.587143,2.235517,88.205609,96.968676,164,3,2024 DHS
Nigeria,2013,DHS,,,facility_delivery,ADM1,FCT,fct,69.093866,5.888794,57.552043,80.635689,501,1,2013 DHS
Nigeria,2018,DHS,,,facility_delivery,ADM1,FCT,fct,63.168635,5.106818,53.159456,73.177814,803,2,2018 DHS
Nigeria,2024,DHS,,,facility_delivery,ADM1,FCT,fct,81.334621,5.472685,70.608356,92.060886,177,3,2024 DHS
Nigeria,2013,DHS,,,facility_delivery,ADM1,Gombe,gombe,27.560512,4.295012,19.142443,35.978581,1155,1,2013 DHS
Nigeria,2018,DHS,,,facility_delivery,ADM1,Gombe,gombe,27.717943,4.088847,19.703951,35.731936,1344,2,2018 DHS
Nigeria,2024,DHS,,,facility_delivery,ADM1,Gombe,gombe,48.530973,5.339848,38.065063,58.996882,405,3,2024 DHS
Nigeria,2013,DHS,,,facility_delivery,ADM1,Imo,imo,90.895962,2.717766,85.569239,96.222685,477,1,2013 DHS
Nigeria,2018,DHS,,,facility_delivery,ADM1,Imo,imo,94.459594,1.209647,92.08873,96.830459,728,2,2018 DHS
Nigeria,2024,DHS,,,facility_delivery,ADM1,Imo,imo,97.026071,1.042056,94.983679,99.068463,254,3,2024 DHS
Nigeria,2013,DHS,,,facility_delivery,ADM1,Jigawa,jigawa,6.713779,1.563051,3.650256,9.777302,1436,1,2013 DHS
Nigeria,2018,DHS,,,facility_delivery,ADM1,Jigawa,jigawa,20.122489,3.014041,14.215078,26.0299,1502,2,2018 DHS
Nigeria,2024,DHS,,,facility_delivery,ADM1,Jigawa,jigawa,21.405216,2.564674,16.378548,26.431884,543,3,2024 DHS
Nigeria,2013,DHS,,,facility_delivery,ADM1,Kaduna,kaduna,32.351368,6.667336,19.28363,45.419107,877,1,2013 DHS
Nigeria,2018,DHS,,,facility_delivery,ADM1,Kaduna,kaduna,17.581642,3.067436,11.569579,23.593706,1451,2,2018 DHS
Nigeria,2024,DHS,,,facility_delivery,ADM1,Kaduna,kaduna,25.859501,4.297865,17.435841,34.283161,521,3,2024 DHS
Nigeria,2013,DHS,,,facility_delivery,ADM1,Kano,kano,12.868179,1.617346,9.69824,16.038118,2158,1,2013 DHS
Nigeria,2018,DHS,,,facility_delivery,ADM1,Kano,kano,19.191735,2.251412,14.779048,23.604421,2037,2,2018 DHS
Nigeria,2024,DHS,,,facility_delivery,ADM1,Kano,kano,32.673853,2.891535,27.006549,38.341156,596,3,2024 DHS
Nigeria,2013,DHS,,,facility_delivery,ADM1,Katsina,katsina,8.989977,1.794188,5.473433,12.506521,1457,1,2013 DHS
Nigeria,2018,DHS,,,facility_delivery,ADM1,Katsina,katsina,16.456689,2.579595,11.400775,21.512603,1555,2,2018 DHS
Nigeria,2024,DHS,,,facility_delivery,ADM1,Katsina,katsina,15.80346,2.45499,10.991767,20.615152,436,3,2024 DHS
Nigeria,2013,DHS,,,facility_delivery,ADM1,Kebbi,kebbi,8.468434,1.427304,5.670969,11.265899,1195,1,2013 DHS
Nigeria,2018,DHS,,,facility_delivery,ADM1,Kebbi,kebbi,7.437533,1.333882,4.823172,10.051894,1397,2,2018 DHS
Nigeria,2024,DHS,,,facility_delivery,ADM1,Kebbi,kebbi,8.843813,1.414773,6.07091,11.616717,523,3,2024 DHS
Nigeria,2013,DHS,,,facility_delivery,ADM1,Kogi,kogi,78.919837,4.657782,69.790752,88.048922,489,1,2013 DHS
Nigeria,2018,DHS,,,facility_delivery,ADM1,Kogi,kogi,72.366577,3.279381,65.939108,78.794046,620,2,2018 DHS
Nigeria,2024,DHS,,,facility_delivery,ADM1,Kogi,kogi,62.161529,4.747924,52.855769,71.467288,284,3,2024 DHS
Nigeria,2013,DHS,,,facility_delivery,ADM1,Kwara,kwara,76.732331,4.250856,68.400806,85.063856,683,1,2013 DHS
Nigeria,2018,DHS,,,facility_delivery,ADM1,Kwara,kwara,55.134712,6.426102,42.539784,67.72964,694,2,2018 DHS
Nigeria,2024,DHS,,,facility_delivery,ADM1,Kwara,kwara,51.497966,8.196374,35.433368,67.562564,232,3,2024 DHS
Nigeria,2013,DHS,,,facility_delivery,ADM1,Lagos,lagos,77.193485,3.71553,69.911181,84.47579,949,1,2013 DHS
Nigeria,2018,DHS,,,facility_delivery,ADM1,Lagos,lagos,75.740474,2.924216,70.009116,81.471832,807,2,2018 DHS
Nigeria,2024,DHS,,,facility_delivery,ADM1,Lagos,lagos,85.844276,4.986066,76.071767,95.616786,191,3,2024 DHS
Nigeria,2013,DHS,,,facility_delivery,ADM1,Nasarawa,nasarawa,40.113291,3.543629,33.167907,47.058676,655,1,2013 DHS
Nigeria,2018,DHS,,,facility_delivery,ADM1,Nasarawa,nasarawa,49.829554,6.03371,38.003701,61.655408,834,2,2018 DHS
Nigeria,2024,DHS,,,facility_delivery,ADM1,Nasarawa,nasarawa,55.708749,5.033576,45.843122,65.574375,314,3,2024 DHS
Nigeria,2013,DHS,,,facility_delivery,ADM1,Niger,niger,25.314307,3.47069,18.511881,32.116734,956,1,2013 DHS
Nigeria,2018,DHS,,,facility_delivery,ADM1,Niger,niger,25.829424,2.619175,20.695936,30.962912,1219,2,2018 DHS
Nigeria,2024,DHS,,,facility_delivery,ADM1,Niger,niger,30.184659,4.143666,22.063223,38.306095,378,3,2024 DHS
Nigeria,2013,DHS,,,facility_delivery,ADM1,Ogun,ogun,74.673787,3.422336,67.966131,81.381443,536,1,2013 DHS
Nigeria,2018,DHS,,,facility_delivery,ADM1,Ogun,ogun,73.356879,4.34622,64.838444,81.875313,508,2,2018 DHS
Nigeria,2024,DHS,,,facility_delivery,ADM1,Ogun,ogun,83.329697,3.197899,77.061931,89.597463,213,3,2024 DHS
Nigeria,2013,DHS,,,facility_delivery,ADM1,Ondo,ondo,56.244774,7.425421,41.691216,70.798332,648,1,2013 DHS
Nigeria,2018,DHS,,,facility_delivery,ADM1,Ondo,ondo,80.702306,3.352036,74.132437,87.272176,542,2,2018 DHS
Nigeria,2024,DHS,,,facility_delivery,ADM1,Ondo,ondo,83.187846,4.382165,74.59896,91.776731,139,3,2024 DHS
Nigeria,2013,DHS,,,facility_delivery,ADM1,Osun,osun,89.138656,3.252402,82.764066,95.513246,558,1,2013 DHS
Nigeria,2018,DHS,,,facility_delivery,ADM1,Osun,osun,91.554185,1.499942,88.614353,94.494016,498,2,2018 DHS
Nigeria,2024,DHS,,,facility_delivery,ADM1,Osun,osun,86.672552,3.17767,80.444434,92.90067,151,3,2024 DHS
Nigeria,2013,DHS,,,facility_delivery,ADM1,Oyo,oyo,74.717133,6.471141,62.033929,87.400336,661,1,2013 DHS
Nigeria,2018,DHS,,,facility_delivery,ADM1,Oyo,oyo,70.077914,3.36518,63.482284,76.673545,656,2,2018 DHS
Nigeria,2024,DHS,,,facility_delivery,ADM1,Oyo,oyo,75.027198,3.8995,67.384318,82.670078,217,3,2024 DHS
Nigeria,2013,DHS,,,facility_delivery,ADM1,Plateau,plateau,35.820378,5.952345,24.153997,47.48676,670,1,2013 DHS
Nigeria,2018,DHS,,,facility_delivery,ADM1,Plateau,plateau,43.856573,4.402551,35.227731,52.485416,797,2,2018 DHS
Nigeria,2024,DHS,,,facility_delivery,ADM1,Plateau,plateau,45.687297,5.676341,34.561873,56.812721,346,3,2024 DHS
Nigeria,2013,DHS,,,facility_delivery,ADM1,Rivers,rivers,48.969261,4.964819,39.238394,58.700127,537,1,2013 DHS
Nigeria,2018,DHS,,,facility_delivery,ADM1,Rivers,rivers,48.186182,4.529565,39.308398,57.063966,667,2,2018 DHS
Nigeria,2024,DHS,,,facility_delivery,ADM1,Rivers,rivers,56.884896,5.613115,45.883393,67.886399,205,3,2024 DHS
Nigeria,2013,DHS,,,facility_delivery,ADM1,Sokoto,sokoto,4.712325,0.64621,3.445776,5.978874,1361,1,2013 DHS
Nigeria,2018,DHS,,,facility_delivery,ADM1,Sokoto,sokoto,7.785467,1.648563,4.554342,11.016592,1137,2,2018 DHS
Nigeria,2024,DHS,,,facility_delivery,ADM1,Sokoto,sokoto,12.456265,3.077848,6.423795,18.488736,449,3,2024 DHS
Nigeria,2013,DHS,,,facility_delivery,ADM1,Taraba,taraba,23.350998,4.727014,14.086221,32.615775,1246,1,2013 DHS
Nigeria,2018,DHS,,,facility_delivery,ADM1,Taraba,taraba,29.985144,3.466657,23.190621,36.779667,1112,2,2018 DHS
Nigeria,2024,DHS,,,facility_delivery,ADM1,Taraba,taraba,33.001944,5.545304,22.133348,43.870539,277,3,2024 DHS
Nigeria,2013,DHS,,,facility_delivery,ADM1,Yobe,yobe,7.564842,3.164149,1.363224,13.76646,1076,1,2013 DHS
Nigeria,2018,DHS,,,facility_delivery,ADM1,Yobe,yobe,16.216258,4.650743,7.100969,25.331546,1252,2,2018 DHS
Nigeria,2024,DHS,,,facility_delivery,ADM1,Yobe,yobe,32.082441,3.213104,25.784874,38.380008,474,3,2024 DHS
Nigeria,2013,DHS,,,facility_delivery,ADM1,Zamfara,zamfara,4.99821,1.373149,2.306889,7.689532,1422,1,2013 DHS
Nigeria,2018,DHS,,,facility_delivery,ADM1,Zamfara,zamfara,10.769576,3.829355,3.264178,18.274973,1226,2,2018 DHS
Nigeria,2024,DHS,,,facility_delivery,ADM1,Zamfara,zamfara,15.314362,4.175571,7.130393,23.49833,303,3,2024 DHS
Nigeria,2013,DHS,,,fever_care_seeking,ADM1,Abia,abia,69.192846,8.426721,52.676777,85.708916,49,1,2013 DHS
Nigeria,2018,DHS,,,fever_care_seeking,ADM1,Abia,abia,86.593475,4.28827,78.188621,94.99833,55,2,2018 DHS
Nigeria,2024,DHS,,,fever_care_seeking,ADM1,Abia,abia,60.588801,5.43343,49.939473,71.238129,102,3,2024 DHS
Nigeria,2013,DHS,,,fever_care_seeking,ADM1,Adamawa,adamawa,81.083005,4.159846,72.929857,89.236153,128,1,2013 DHS
Nigeria,2018,DHS,,,fever_care_seeking,ADM1,Adamawa,adamawa,49.341637,5.701939,38.166043,60.517232,236,2,2018 DHS
Nigeria,2024,DHS,,,fever_care_seeking,ADM1,Adamawa,adamawa,70.305299,5.807695,58.922425,81.688173,78,3,2024 DHS
Nigeria,2013,DHS,,,fever_care_seeking,ADM1,Akwa Ibom,akwa ibom,81.895648,4.769451,72.547695,91.2436,107,1,2013 DHS
Nigeria,2018,DHS,,,fever_care_seeking,ADM1,Akwa Ibom,akwa ibom,69.49101,4.475437,60.719314,78.262706,204,2,2018 DHS
Nigeria,2024,DHS,,,fever_care_seeking,ADM1,Akwa Ibom,akwa ibom,70.056854,5.91152,58.470488,81.643219,139,3,2024 DHS
Nigeria,2013,DHS,,,fever_care_seeking,ADM1,Anambra,anambra,54.576446,11.698525,31.647759,77.505133,71,1,2013 DHS
Nigeria,2018,DHS,,,fever_care_seeking,ADM1,Anambra,anambra,97.405252,1.973329,93.537598,100,119,2,2018 DHS
Nigeria,2024,DHS,,,fever_care_seeking,ADM1,Anambra,anambra,88.41948,3.724898,81.118814,95.720146,78,3,2024 DHS
Nigeria,2013,DHS,,,fever_care_seeking,ADM1,Bauchi,bauchi,75.631995,4.000187,67.791773,83.472218,321,1,2013 DHS
Nigeria,2018,DHS,,,fever_care_seeking,ADM1,Bauchi,bauchi,71.207647,3.143574,65.046356,77.368939,630,2,2018 DHS
Nigeria,2024,DHS,,,fever_care_seeking,ADM1,Bauchi,bauchi,38.603106,6.072733,26.700768,50.505445,103,3,2024 DHS
Nigeria,2013,DHS,,,fever_care_seeking,ADM1,Bayelsa,bayelsa,78.064671,9.877533,58.705061,97.42428,26,1,2013 DHS
Nigeria,2018,DHS,,,fever_care_seeking,ADM1,Bayelsa,bayelsa,71.815196,6.88823,58.314513,85.315879,62,2,2018 DHS
Nigeria,2024,DHS,,,fever_care_seeking,ADM1,Bayelsa,bayelsa,71.31183,4.806375,61.891509,80.732152,111,3,2024 DHS
Nigeria,2013,DHS,,,fever_care_seeking,ADM1,Benue,benue,31.379373,15.107159,1.769885,60.98886,24,1,2013 DHS
Nigeria,2018,DHS,,,fever_care_seeking,ADM1,Benue,benue,92.269628,2.342828,87.677769,96.861486,107,2,2018 DHS
Nigeria,2024,DHS,,,fever_care_seeking,ADM1,Benue,benue,67.178773,11.985473,43.687677,90.66987,39,3,2024 DHS
Nigeria,2013,DHS,,,fever_care_seeking,ADM1,Borno,borno,62.709472,7.001177,48.987416,76.431528,53,1,2013 DHS
Nigeria,2018,DHS,,,fever_care_seeking,ADM1,Borno,borno,77.456969,4.472544,68.690945,86.222993,164,2,2018 DHS
Nigeria,2024,DHS,,,fever_care_seeking,ADM1,Borno,borno,69.901994,5.92993,58.279545,81.524444,101,3,2024 DHS
Nigeria,2013,DHS,,,fever_care_seeking,ADM1,Cross River,cross river,79.850242,3.006919,73.95679,85.743695,138,1,2013 DHS
Nigeria,2018,DHS,,,fever_care_seeking,ADM1,Cross River,cross river,83.460911,4.625261,74.395565,92.526256,62,2,2018 DHS
Nigeria,2024,DHS,,,fever_care_seeking,ADM1,Cross River,cross river,83.384644,5.736548,72.141216,94.628072,70,3,2024 DHS
Nigeria,2013,DHS,,,fever_care_seeking,ADM1,Delta,delta,46.179619,7.971008,30.55673,61.802509,36,1,2013 DHS
Nigeria,2018,DHS,,,fever_care_seeking,ADM1,Delta,delta,65.366807,10.257511,45.262454,85.47116,22,2,2018 DHS
Nigeria,2024,DHS,,,fever_care_seeking,ADM1,Delta,delta,65.252366,7.977935,49.6159,80.888832,66,3,2024 DHS
Nigeria,2013,DHS,,,fever_care_seeking,ADM1,Ebonyi,ebonyi,75.792704,4.011006,67.931277,83.654131,162,1,2013 DHS
Nigeria,2018,DHS,,,fever_care_seeking,ADM1,Ebonyi,ebonyi,64.293275,2.543613,59.307885,69.278664,301,2,2018 DHS
Nigeria,2024,DHS,,,fever_care_seeking,ADM1,Ebonyi,ebonyi,39.666647,5.671417,28.550875,50.78242,205,3,2024 DHS
Nigeria,2013,DHS,,,fever_care_seeking,ADM1,Edo,edo,77.425839,8.724289,60.326547,94.525131,30,1,2013 DHS
Nigeria,2018,DHS,,,fever_care_seeking,ADM1,Edo,edo,78.306938,5.501832,67.523544,89.090331,86,2,2018 DHS
Nigeria,2024,DHS,,,fever_care_seeking,ADM1,Edo,edo,59.138604,6.878038,45.657896,72.619311,54,3,2024 DHS
Nigeria,2013,DHS,,,fever_care_seeking,ADM1,Ekiti,ekiti,62.69489,8.015965,46.983887,78.405893,32,1,2013 DHS
Nigeria,2018,DHS,,,fever_care_seeking,ADM1,Ekiti,ekiti,61.795348,4.995289,52.004762,71.585934,83,2,2018 DHS
Nigeria,2024,DHS,,,fever_care_seeking,ADM1,Ekiti,ekiti,61.840265,10.096069,42.052333,81.628198,28,3,2024 DHS
Nigeria,2013,DHS,,,fever_care_seeking,ADM1,Enugu,enugu,69.379952,7.370642,54.933758,83.826145,126,1,2013 DHS
Nigeria,2018,DHS,,,fever_care_seeking,ADM1,Enugu,enugu,81.634994,4.487147,72.840346,90.429641,82,2,2018 DHS
Nigeria,2024,DHS,,,fever_care_seeking,ADM1,Enugu,enugu,52.717287,9.165875,34.752503,70.682072,46,3,2024 DHS
Nigeria,2013,DHS,,,fever_care_seeking,ADM1,FCT,fct,73.694003,8.213758,57.595333,89.792672,36,1,2013 DHS
Nigeria,2018,DHS,,,fever_care_seeking,ADM1,FCT,fct,79.218111,4.918669,69.577696,88.858526,171,2,2018 DHS
Nigeria,2024,DHS,,,fever_care_seeking,ADM1,FCT,fct,88.242503,3.688251,81.013664,95.471343,61,3,2024 DHS
Nigeria,2013,DHS,,,fever_care_seeking,ADM1,Gombe,gombe,83.939852,4.014386,76.0718,91.807904,190,1,2013 DHS
Nigeria,2018,DHS,,,fever_care_seeking,ADM1,Gombe,gombe,84.364919,2.198392,80.05615,88.673687,419,2,2018 DHS
Nigeria,2024,DHS,,,fever_care_seeking,ADM1,Gombe,gombe,83.810327,2.574135,78.765116,88.855538,180,3,2024 DHS
Nigeria,2013,DHS,,,fever_care_seeking,ADM1,Imo,imo,76.985653,9.745411,57.884998,96.086307,96,1,2013 DHS
Nigeria,2018,DHS,,,fever_care_seeking,ADM1,Imo,imo,51.345783,3.533136,44.420964,58.270603,196,2,2018 DHS
Nigeria,2024,DHS,,,fever_care_seeking,ADM1,Imo,imo,91.521115,2.008576,87.584379,95.457851,136,3,2024 DHS
Nigeria,2013,DHS,,,fever_care_seeking,ADM1,Jigawa,jigawa,65.665041,4.538814,56.769129,74.560953,233,1,2013 DHS
Nigeria,2018,DHS,,,fever_care_seeking,ADM1,Jigawa,jigawa,83.168842,2.537108,78.196202,88.141483,438,2,2018 DHS
Nigeria,2024,DHS,,,fever_care_seeking,ADM1,Jigawa,jigawa,69.456826,4.93566,59.78311,79.130541,177,3,2024 DHS
Nigeria,2013,DHS,,,fever_care_seeking,ADM1,Kaduna,kaduna,48.661006,9.569526,29.905079,67.416933,102,1,2013 DHS
Nigeria,2018,DHS,,,fever_care_seeking,ADM1,Kaduna,kaduna,64.353128,5.066081,54.423791,74.282466,326,2,2018 DHS
Nigeria,2024,DHS,,,fever_care_seeking,ADM1,Kaduna,kaduna,58.035336,3.501981,51.171579,64.899093,380,3,2024 DHS
Nigeria,2013,DHS,,,fever_care_seeking,ADM1,Kano,kano,70.346846,4.062785,62.383933,78.309758,192,1,2013 DHS
Nigeria,2018,DHS,,,fever_care_seeking,ADM1,Kano,kano,84.010604,2.261899,79.577364,88.443844,476,2,2018 DHS
Nigeria,2024,DHS,,,fever_care_seeking,ADM1,Kano,kano,45.078199,3.007371,39.18386,50.972538,339,3,2024 DHS
Nigeria,2013,DHS,,,fever_care_seeking,ADM1,Katsina,katsina,53.345125,10.464063,32.835939,73.854312,91,1,2013 DHS
Nigeria,2018,DHS,,,fever_care_seeking,ADM1,Katsina,katsina,79.108954,3.518407,72.213004,86.004904,404,2,2018 DHS
Nigeria,2024,DHS,,,fever_care_seeking,ADM1,Katsina,katsina,56.315834,4.665027,47.172549,65.459119,144,3,2024 DHS
Nigeria,2013,DHS,,,fever_care_seeking,ADM1,Kebbi,kebbi,70.476227,4.033812,62.570101,78.382354,95,1,2013 DHS
Nigeria,2018,DHS,,,fever_care_seeking,ADM1,Kebbi,kebbi,73.120987,3.485588,66.289359,79.952615,448,2,2018 DHS
Nigeria,2024,DHS,,,fever_care_seeking,ADM1,Kebbi,kebbi,41.447545,6.208956,29.278215,53.616874,207,3,2024 DHS
Nigeria,2013,DHS,,,fever_care_seeking,ADM1,Kogi,kogi,87.862001,7.628092,72.911214,100,14,1,2013 DHS
Nigeria,2018,DHS,,,fever_care_seeking,ADM1,Kogi,kogi,51.900204,4.887763,42.320364,61.480044,64,2,2018 DHS
Nigeria,2024,DHS,,,fever_care_seeking,ADM1,Kogi,kogi,66.707402,4.839692,57.22178,76.193024,95,3,2024 DHS
Nigeria,2013,DHS,,,fever_care_seeking,ADM1,Kwara,kwara,78.15427,6.214961,65.973171,90.335368,27,1,2013 DHS
Nigeria,2018,DHS,,,fever_care_seeking,ADM1,Kwara,kwara,53.467777,7.813423,38.153749,68.781805,75,2,2018 DHS
Nigeria,2024,DHS,,,fever_care_seeking,ADM1,Kwara,kwara,68.005494,12.034188,44.41892,91.592069,21,3,2024 DHS
Nigeria,2013,DHS,,,fever_care_seeking,ADM1,Lagos,lagos,69.799499,4.115706,61.732863,77.866135,83,1,2013 DHS
Nigeria,2018,DHS,,,fever_care_seeking,ADM1,Lagos,lagos,78.380537,6.723831,65.202071,91.559003,51,2,2018 DHS
Nigeria,2024,DHS,,,fever_care_seeking,ADM1,Lagos,lagos,81.480825,7.306596,67.160159,95.80149,50,3,2024 DHS
Nigeria,2013,DHS,,,fever_care_seeking,ADM1,Nasarawa,nasarawa,83.859326,6.372014,71.370408,96.348244,54,1,2013 DHS
Nigeria,2018,DHS,,,fever_care_seeking,ADM1,Nasarawa,nasarawa,48.414996,9.293038,30.200977,66.629016,71,2,2018 DHS
Nigeria,2024,DHS,,,fever_care_seeking,ADM1,Nasarawa,nasarawa,72.818953,4.824383,63.363336,82.27457,133,3,2024 DHS
Nigeria,2013,DHS,,,fever_care_seeking,ADM1,Niger,niger,66.259238,7.577771,51.407081,81.111396,88,1,2013 DHS
Nigeria,2018,DHS,,,fever_care_seeking,ADM1,Niger,niger,50.634758,4.14008,42.52035,58.749166,321,2,2018 DHS
Nigeria,2024,DHS,,,fever_care_seeking,ADM1,Niger,niger,64.979575,6.0688,53.084945,76.874206,100,3,2024 DHS
Nigeria,2013,DHS,,,fever_care_seeking,ADM1,Ogun,ogun,20.366513,10.256293,0.264549,40.468478,11,1,2013 DHS
Nigeria,2018,DHS,,,fever_care_seeking,ADM1,Ogun,ogun,93.360819,4.324653,84.884656,100,23,2,2018 DHS
Nigeria,2024,DHS,,,fever_care_seeking,ADM1,Ogun,ogun,79.949113,5.412161,69.341472,90.556755,61,3,2024 DHS
Nigeria,2013,DHS,,,fever_care_seeking,ADM1,Ondo,ondo,73.251323,7.351651,58.842353,87.660294,52,1,2013 DHS
Nigeria,2018,DHS,,,fever_care_seeking,ADM1,Ondo,ondo,60.995302,8.76322,43.819707,78.170896,68,2,2018 DHS
Nigeria,2024,DHS,,,fever_care_seeking,ADM1,Ondo,ondo,65.15844,11.44138,42.733748,87.583133,16,3,2024 DHS
Nigeria,2013,DHS,,,fever_care_seeking,ADM1,Osun,osun,72.74827,12.836711,47.588779,97.907761,31,1,2013 DHS
Nigeria,2018,DHS,,,fever_care_seeking,ADM1,Osun,osun,65.803631,6.778278,52.51845,79.088812,61,2,2018 DHS
Nigeria,2024,DHS,,,fever_care_seeking,ADM1,Osun,osun,69.141468,9.763022,50.006297,88.27664,35,3,2024 DHS
Nigeria,2013,DHS,,,fever_care_seeking,ADM1,Oyo,oyo,76.134625,5.636998,65.086311,87.182938,52,1,2013 DHS
Nigeria,2018,DHS,,,fever_care_seeking,ADM1,Oyo,oyo,80.784293,5.622025,69.765327,91.80326,36,2,2018 DHS
Nigeria,2024,DHS,,,fever_care_seeking,ADM1,Oyo,oyo,63.467586,9.029683,45.769733,81.165439,26,3,2024 DHS
Nigeria,2013,DHS,,,fever_care_seeking,ADM1,Plateau,plateau,58.101844,5.392602,47.532538,68.671149,71,1,2013 DHS
Nigeria,2018,DHS,,,fever_care_seeking,ADM1,Plateau,plateau,49.757702,5.126199,39.710537,59.804867,140,2,2018 DHS
Nigeria,2024,DHS,,,fever_care_seeking,ADM1,Plateau,plateau,54.335655,6.117205,42.346153,66.325157,74,3,2024 DHS
Nigeria,2013,DHS,,,fever_care_seeking,ADM1,Rivers,rivers,81.118465,3.682405,73.901082,88.335847,139,1,2013 DHS
Nigeria,2018,DHS,,,fever_care_seeking,ADM1,Rivers,rivers,89.941888,2.298432,85.437044,94.446732,252,2,2018 DHS
Nigeria,2024,DHS,,,fever_care_seeking,ADM1,Rivers,rivers,58.384398,7.706684,43.279575,73.489222,62,3,2024 DHS
Nigeria,2013,DHS,,,fever_care_seeking,ADM1,Sokoto,sokoto,62.649382,5.023,52.804483,72.49428,81,1,2013 DHS
Nigeria,2018,DHS,,,fever_care_seeking,ADM1,Sokoto,sokoto,73.543108,2.568047,68.509828,78.576388,313,2,2018 DHS
Nigeria,2024,DHS,,,fever_care_seeking,ADM1,Sokoto,sokoto,59.118744,9.739945,40.028803,78.208686,60,3,2024 DHS
Nigeria,2013,DHS,,,fever_care_seeking,ADM1,Taraba,taraba,69.555058,4.395231,60.940564,78.169552,236,1,2013 DHS
Nigeria,2018,DHS,,,fever_care_seeking,ADM1,Taraba,taraba,52.537619,3.595695,45.490187,59.585052,290,2,2018 DHS
Nigeria,2024,DHS,,,fever_care_seeking,ADM1,Taraba,taraba,56.12855,6.429787,43.5264,68.7307,35,3,2024 DHS
Nigeria,2013,DHS,,,fever_care_seeking,ADM1,Yobe,yobe,73.397034,4.545396,64.488222,82.305847,328,1,2013 DHS
Nigeria,2018,DHS,,,fever_care_seeking,ADM1,Yobe,yobe,84.304962,2.526477,79.353158,89.256765,531,2,2018 DHS
Nigeria,2024,DHS,,,fever_care_seeking,ADM1,Yobe,yobe,62.122155,4.476358,53.348655,70.895655,277,3,2024 DHS
Nigeria,2013,DHS,,,fever_care_seeking,ADM1,Zamfara,zamfara,70.751408,4.587784,61.759515,79.7433,86,1,2013 DHS
Nigeria,2018,DHS,,,fever_care_seeking,ADM1,Zamfara,zamfara,42.287059,7.276904,28.024588,56.549529,149,2,2018 DHS
Nigeria,2024,DHS,,,fever_care_seeking,ADM1,Zamfara,zamfara,67.853352,8.595555,51.006374,84.700329,73,3,2024 DHS
Nigeria,2013,DHS,,,full_basic_vaccination,ADM1,Abia,abia,49.767877,5.783644,38.432142,61.103611,104,1,2013 DHS
Nigeria,2018,DHS,,,full_basic_vaccination,ADM1,Abia,abia,38.958236,4.617829,29.907458,48.009014,107,2,2018 DHS
Nigeria,2024,DHS,,,full_basic_vaccination,ADM1,Abia,abia,38,5.507658,27.205189,48.794811,81,3,2024 DHS
Nigeria,2013,DHS,,,full_basic_vaccination,ADM1,Adamawa,adamawa,40.432463,5.253014,30.136745,50.728181,180,1,2013 DHS
Nigeria,2018,DHS,,,full_basic_vaccination,ADM1,Adamawa,adamawa,36.77906,4.267738,28.414448,45.143673,177,2,2018 DHS
Nigeria,2024,DHS,,,full_basic_vaccination,ADM1,Adamawa,adamawa,38.4,6.126716,26.391857,50.408143,149,3,2024 DHS
Nigeria,2013,DHS,,,full_basic_vaccination,ADM1,Akwa Ibom,akwa ibom,47.977782,4.898935,38.376045,57.579518,121,1,2013 DHS
Nigeria,2018,DHS,,,full_basic_vaccination,ADM1,Akwa Ibom,akwa ibom,42.037837,5.092573,32.056579,52.019096,123,2,2018 DHS
Nigeria,2024,DHS,,,full_basic_vaccination,ADM1,Akwa Ibom,akwa ibom,50.8,6.407912,38.240723,63.359277,81,3,2024 DHS
Nigeria,2013,DHS,,,full_basic_vaccination,ADM1,Anambra,anambra,51.550542,7.508514,36.834125,66.26696,113,1,2013 DHS
Nigeria,2018,DHS,,,full_basic_vaccination,ADM1,Anambra,anambra,75.302378,4.236697,66.998604,83.606151,179,2,2018 DHS
Nigeria,2024,DHS,,,full_basic_vaccination,ADM1,Anambra,anambra,48.7,6.590967,35.781942,61.618058,96,3,2024 DHS
Nigeria,2013,DHS,,,full_basic_vaccination,ADM1,Bauchi,bauchi,6.132843,1.69175,2.817075,9.448611,270,1,2013 DHS
Nigeria,2018,DHS,,,full_basic_vaccination,ADM1,Bauchi,bauchi,19.6049,3.449067,12.844852,26.364947,266,2,2018 DHS
Nigeria,2024,DHS,,,full_basic_vaccination,ADM1,Bauchi,bauchi,51.4,6.061708,39.519271,63.280729,209,3,2024 DHS
Nigeria,2013,DHS,,,full_basic_vaccination,ADM1,Bayelsa,bayelsa,51.452648,6.457066,38.79703,64.108265,160,1,2013 DHS
Nigeria,2018,DHS,,,full_basic_vaccination,ADM1,Bayelsa,bayelsa,17.956596,4.574204,8.991322,26.921871,123,2,2018 DHS
Nigeria,2024,DHS,,,full_basic_vaccination,ADM1,Bayelsa,bayelsa,63.4,6.967316,49.744312,77.055688,84,3,2024 DHS
Nigeria,2013,DHS,,,full_basic_vaccination,ADM1,Benue,benue,20.018022,5.160306,9.904009,30.132036,124,1,2013 DHS
Nigeria,2018,DHS,,,full_basic_vaccination,ADM1,Benue,benue,27.371942,4.384512,18.778456,35.965428,186,2,2018 DHS
Nigeria,2024,DHS,,,full_basic_vaccination,ADM1,Benue,benue,25.4,4.823486,15.946141,34.853859,100,3,2024 DHS
Nigeria,2013,DHS,,,full_basic_vaccination,ADM1,Borno,borno,9.694333,3.337964,3.152043,16.236623,121,1,2013 DHS
Nigeria,2018,DHS,,,full_basic_vaccination,ADM1,Borno,borno,21.88655,4.805363,12.468212,31.304888,203,2,2018 DHS
Nigeria,2024,DHS,,,full_basic_vaccination,ADM1,Borno,borno,28.5,4.872803,18.949482,38.050518,160,3,2024 DHS
Nigeria,2013,DHS,,,full_basic_vaccination,ADM1,Cross River,cross river,52.490774,10.276783,32.348649,72.632899,102,1,2013 DHS
Nigeria,2018,DHS,,,full_basic_vaccination,ADM1,Cross River,cross river,45.966779,6.237542,33.741421,58.192136,75,2,2018 DHS
Nigeria,2024,DHS,,,full_basic_vaccination,ADM1,Cross River,cross river,68.6,6.184204,56.479183,80.720817,69,3,2024 DHS
Nigeria,2013,DHS,,,full_basic_vaccination,ADM1,Delta,delta,50.748733,9.168289,32.779217,68.718248,126,1,2013 DHS
Nigeria,2018,DHS,,,full_basic_vaccination,ADM1,Delta,delta,44.44633,3.78037,37.036942,51.855718,102,2,2018 DHS
Nigeria,2024,DHS,,,full_basic_vaccination,ADM1,Delta,delta,68.1,5.99857,56.343019,79.856981,112,3,2024 DHS
Nigeria,2013,DHS,,,full_basic_vaccination,ADM1,Ebonyi,ebonyi,51.074833,7.462652,36.448303,65.701362,133,1,2013 DHS
Nigeria,2018,DHS,,,full_basic_vaccination,ADM1,Ebonyi,ebonyi,44.839486,4.323204,36.366161,53.312811,181,2,2018 DHS
Nigeria,2024,DHS,,,full_basic_vaccination,ADM1,Ebonyi,ebonyi,57.9,4.328407,49.416478,66.383522,176,3,2024 DHS
Nigeria,2013,DHS,,,full_basic_vaccination,ADM1,Edo,edo,52.197958,4.946444,42.503105,61.892811,124,1,2013 DHS
Nigeria,2018,DHS,,,full_basic_vaccination,ADM1,Edo,edo,56.290205,7.019312,42.532607,70.047803,90,2,2018 DHS
Nigeria,2024,DHS,,,full_basic_vaccination,ADM1,Edo,edo,58.4,6.555581,45.551297,71.248703,78,3,2024 DHS
Nigeria,2013,DHS,,,full_basic_vaccination,ADM1,Ekiti,ekiti,49.436094,5.547808,38.56259,60.309598,90,1,2013 DHS
Nigeria,2018,DHS,,,full_basic_vaccination,ADM1,Ekiti,ekiti,41.052279,8.241855,24.89854,57.206017,100,2,2018 DHS
Nigeria,2024,DHS,,,full_basic_vaccination,ADM1,Ekiti,ekiti,56.6,8.735751,39.478243,73.721757,49,3,2024 DHS
Nigeria,2013,DHS,,,full_basic_vaccination,ADM1,Enugu,enugu,45.028034,4.125995,36.941234,53.114835,122,1,2013 DHS
Nigeria,2018,DHS,,,full_basic_vaccination,ADM1,Enugu,enugu,35.154839,7.500111,20.454891,49.854786,97,2,2018 DHS
Nigeria,2024,DHS,,,full_basic_vaccination,ADM1,Enugu,enugu,51.8,6.314254,39.42429,64.17571,74,3,2024 DHS
Nigeria,2013,DHS,,,full_basic_vaccination,ADM1,FCT,fct,60.911587,7.483516,46.244165,75.579009,97,1,2013 DHS
Nigeria,2018,DHS,,,full_basic_vaccination,ADM1,FCT,fct,49.560831,4.936064,39.886322,59.235339,141,2,2018 DHS
Nigeria,2024,DHS,,,full_basic_vaccination,ADM1,FCT,fct,45.6,5.664633,34.497523,56.702477,92,3,2024 DHS
Nigeria,2013,DHS,,,full_basic_vaccination,ADM1,Gombe,gombe,22.418265,4.967332,12.682473,32.154057,194,1,2013 DHS
Nigeria,2018,DHS,,,full_basic_vaccination,ADM1,Gombe,gombe,18.177615,3.838832,10.653643,25.701587,238,2,2018 DHS
Nigeria,2024,DHS,,,full_basic_vaccination,ADM1,Gombe,gombe,49.2,4.26544,40.839891,57.560109,176,3,2024 DHS
Nigeria,2013,DHS,,,full_basic_vaccination,ADM1,Imo,imo,62.350626,4.845422,52.853775,71.847478,85,1,2013 DHS
Nigeria,2018,DHS,,,full_basic_vaccination,ADM1,Imo,imo,62.62756,6.844339,49.212901,76.042219,134,2,2018 DHS
Nigeria,2024,DHS,,,full_basic_vaccination,ADM1,Imo,imo,59.1,5.949847,47.438514,70.761486,117,3,2024 DHS
Nigeria,2013,DHS,,,full_basic_vaccination,ADM1,Jigawa,jigawa,3.607971,1.598831,0.47432,6.741622,284,1,2013 DHS
Nigeria,2018,DHS,,,full_basic_vaccination,ADM1,Jigawa,jigawa,23.7776,3.583032,16.754986,30.800214,250,2,2018 DHS
Nigeria,2024,DHS,,,full_basic_vaccination,ADM1,Jigawa,jigawa,56.9,5.125249,46.854697,66.945303,208,3,2024 DHS
Nigeria,2013,DHS,,,full_basic_vaccination,ADM1,Kaduna,kaduna,35.269469,7.534232,20.502646,50.036293,138,1,2013 DHS
Nigeria,2018,DHS,,,full_basic_vaccination,ADM1,Kaduna,kaduna,21.777822,3.593142,14.735394,28.82025,227,2,2018 DHS
Nigeria,2024,DHS,,,full_basic_vaccination,ADM1,Kaduna,kaduna,35.7,4.196282,27.475438,43.924562,221,3,2024 DHS
Nigeria,2013,DHS,,,full_basic_vaccination,ADM1,Kano,kano,13.186523,3.179251,6.955306,19.417741,367,1,2013 DHS
Nigeria,2018,DHS,,,full_basic_vaccination,ADM1,Kano,kano,34.264436,3.500422,27.403734,41.125138,328,2,2018 DHS
Nigeria,2024,DHS,,,full_basic_vaccination,ADM1,Kano,kano,35.8,4.066918,27.828987,43.771013,271,3,2024 DHS
Nigeria,2013,DHS,,,full_basic_vaccination,ADM1,Katsina,katsina,8.73321,2.770824,3.302496,14.163925,276,1,2013 DHS
Nigeria,2018,DHS,,,full_basic_vaccination,ADM1,Katsina,katsina,21.186276,4.051765,13.244963,29.127588,257,2,2018 DHS
Nigeria,2024,DHS,,,full_basic_vaccination,ADM1,Katsina,katsina,45.3,4.862017,35.770622,54.829378,202,3,2024 DHS
Nigeria,2013,DHS,,,full_basic_vaccination,ADM1,Kebbi,kebbi,2.836588,1.667586,0,6.104997,203,1,2013 DHS
Nigeria,2018,DHS,,,full_basic_vaccination,ADM1,Kebbi,kebbi,6.270106,1.92145,2.504133,10.03608,237,2,2018 DHS
Nigeria,2024,DHS,,,full_basic_vaccination,ADM1,Kebbi,kebbi,9.7,1.97862,5.821976,13.578024,226,3,2024 DHS
Nigeria,2013,DHS,,,full_basic_vaccination,ADM1,Kogi,kogi,35.568658,5.540855,24.708782,46.428535,98,1,2013 DHS
Nigeria,2018,DHS,,,full_basic_vaccination,ADM1,Kogi,kogi,26.181538,5.768334,14.875811,37.487265,103,2,2018 DHS
Nigeria,2024,DHS,,,full_basic_vaccination,ADM1,Kogi,kogi,16.8,5.222872,6.563359,27.036641,119,3,2024 DHS
Nigeria,2013,DHS,,,full_basic_vaccination,ADM1,Kwara,kwara,42.947467,6.750119,29.717477,56.177457,123,1,2013 DHS
Nigeria,2018,DHS,,,full_basic_vaccination,ADM1,Kwara,kwara,29.266421,5.987535,17.531068,41.001773,130,2,2018 DHS
Nigeria,2024,DHS,,,full_basic_vaccination,ADM1,Kwara,kwara,28.1,6.28075,15.789956,40.410044,105,3,2024 DHS
Nigeria,2013,DHS,,,full_basic_vaccination,ADM1,Lagos,lagos,53.906332,3.938296,46.187413,61.625252,183,1,2013 DHS
Nigeria,2018,DHS,,,full_basic_vaccination,ADM1,Lagos,lagos,61.897826,3.925348,54.204285,69.591367,155,2,2018 DHS
Nigeria,2024,DHS,,,full_basic_vaccination,ADM1,Lagos,lagos,66.1,5.893978,54.548015,77.651985,107,3,2024 DHS
Nigeria,2013,DHS,,,full_basic_vaccination,ADM1,Nasarawa,nasarawa,20.070831,4.627546,11.001006,29.140655,134,1,2013 DHS
Nigeria,2018,DHS,,,full_basic_vaccination,ADM1,Nasarawa,nasarawa,39.090874,6.214148,26.911368,51.270381,137,2,2018 DHS
Nigeria,2024,DHS,,,full_basic_vaccination,ADM1,Nasarawa,nasarawa,42.3,4.901748,32.69275,51.90725,135,3,2024 DHS
Nigeria,2013,DHS,,,full_basic_vaccination,ADM1,Niger,niger,23.04689,5.830114,11.620076,34.473703,168,1,2013 DHS
Nigeria,2018,DHS,,,full_basic_vaccination,ADM1,Niger,niger,23.295396,5.279098,12.948554,33.642238,230,2,2018 DHS
Nigeria,2024,DHS,,,full_basic_vaccination,ADM1,Niger,niger,28.3,6.039076,16.463629,40.136371,166,3,2024 DHS
Nigeria,2013,DHS,,,full_basic_vaccination,ADM1,Ogun,ogun,24.3841,4.813892,14.949045,33.819156,108,1,2013 DHS
Nigeria,2018,DHS,,,full_basic_vaccination,ADM1,Ogun,ogun,23.096587,5.459402,12.396356,33.796818,105,2,2018 DHS
Nigeria,2024,DHS,,,full_basic_vaccination,ADM1,Ogun,ogun,51.4,5.083029,41.437446,61.362554,111,3,2024 DHS
Nigeria,2013,DHS,,,full_basic_vaccination,ADM1,Ondo,ondo,47.161269,7.611082,32.243823,62.078715,101,1,2013 DHS
Nigeria,2018,DHS,,,full_basic_vaccination,ADM1,Ondo,ondo,48.326066,6.522229,35.542732,61.109399,94,2,2018 DHS
Nigeria,2024,DHS,,,full_basic_vaccination,ADM1,Ondo,ondo,50.9,6.609487,37.945644,63.854356,59,3,2024 DHS
Nigeria,2013,DHS,,,full_basic_vaccination,ADM1,Osun,osun,55.315648,3.645271,48.171048,62.460248,112,1,2013 DHS
Nigeria,2018,DHS,,,full_basic_vaccination,ADM1,Osun,osun,33.799373,4.539222,24.902661,42.696085,92,2,2018 DHS
Nigeria,2024,DHS,,,full_basic_vaccination,ADM1,Osun,osun,55.3,7.708257,40.192094,70.407906,65,3,2024 DHS
Nigeria,2013,DHS,,,full_basic_vaccination,ADM1,Oyo,oyo,25.780485,4.899318,16.177999,35.382972,120,1,2013 DHS
Nigeria,2018,DHS,,,full_basic_vaccination,ADM1,Oyo,oyo,23.347661,4.949406,13.647003,33.048319,117,2,2018 DHS
Nigeria,2024,DHS,,,full_basic_vaccination,ADM1,Oyo,oyo,31.1,5.973205,19.392733,42.807267,91,3,2024 DHS
Nigeria,2013,DHS,,,full_basic_vaccination,ADM1,Plateau,plateau,23.566128,4.853462,14.053517,33.078738,120,1,2013 DHS
Nigeria,2018,DHS,,,full_basic_vaccination,ADM1,Plateau,plateau,46.897125,5.086021,36.928707,56.865543,134,2,2018 DHS
Nigeria,2024,DHS,,,full_basic_vaccination,ADM1,Plateau,plateau,25.3,5.04279,15.416313,35.183687,152,3,2024 DHS
Nigeria,2013,DHS,,,full_basic_vaccination,ADM1,Rivers,rivers,55.455506,6.036183,43.624805,67.286207,102,1,2013 DHS
Nigeria,2018,DHS,,,full_basic_vaccination,ADM1,Rivers,rivers,39.171034,5.624077,28.148046,50.194022,124,2,2018 DHS
Nigeria,2024,DHS,,,full_basic_vaccination,ADM1,Rivers,rivers,55.7,5.377395,45.160499,66.239501,103,3,2024 DHS
Nigeria,2013,DHS,,,full_basic_vaccination,ADM1,Sokoto,sokoto,1.390493,0.792125,0,2.94303,252,1,2013 DHS
Nigeria,2018,DHS,,,full_basic_vaccination,ADM1,Sokoto,sokoto,4.556828,1.932358,0.769476,8.344179,197,2,2018 DHS
Nigeria,2024,DHS,,,full_basic_vaccination,ADM1,Sokoto,sokoto,8.4,3.116804,2.291176,14.508824,210,3,2024 DHS
Nigeria,2013,DHS,,,full_basic_vaccination,ADM1,Taraba,taraba,14.385015,4.246448,6.06213,22.7079,228,1,2013 DHS
Nigeria,2018,DHS,,,full_basic_vaccination,ADM1,Taraba,taraba,24.092625,3.576613,17.082592,31.102657,203,2,2018 DHS
Nigeria,2024,DHS,,,full_basic_vaccination,ADM1,Taraba,taraba,26,5.750014,14.73018,37.26982,126,3,2024 DHS
Nigeria,2013,DHS,,,full_basic_vaccination,ADM1,Yobe,yobe,6.927242,1.801196,3.396963,10.457521,191,1,2013 DHS
Nigeria,2018,DHS,,,full_basic_vaccination,ADM1,Yobe,yobe,20.580804,3.880692,12.974787,28.18682,216,2,2018 DHS
Nigeria,2024,DHS,,,full_basic_vaccination,ADM1,Yobe,yobe,37.4,4.74577,28.098462,46.701538,212,3,2024 DHS
Nigeria,2013,DHS,,,full_basic_vaccination,ADM1,Zamfara,zamfara,2.073413,0.84529,0.416676,3.73015,260,1,2013 DHS
Nigeria,2018,DHS,,,full_basic_vaccination,ADM1,Zamfara,zamfara,7.350069,2.710403,2.037776,12.662362,201,2,2018 DHS
Nigeria,2024,DHS,,,full_basic_vaccination,ADM1,Zamfara,zamfara,9.6,2.577689,4.547822,14.652178,145,3,2024 DHS
Nigeria,2013,DHS,,,mean_anc_visits,ADM1,Abia,abia,9.11205955202724,0.459626857920567,8.21120746417562,10.0129116398789,306,1,2013 DHS
Nigeria,2018,DHS,,,mean_anc_visits,ADM1,Abia,abia,7.99935076783921,0.307107727080895,7.3974306833867,8.60127085229172,394,2,2018 DHS
Nigeria,2024,DHS,,,mean_anc_visits,ADM1,Abia,abia,7.78094376981368,0.505689670498095,6.78981022828349,8.77207731134387,145,3,2024 DHS
Nigeria,2013,DHS,,,mean_anc_visits,ADM1,Adamawa,adamawa,4.25034028961798,0.263591155436122,3.73371111831989,4.76696946091608,613,1,2013 DHS
Nigeria,2018,DHS,,,mean_anc_visits,ADM1,Adamawa,adamawa,4.48302074410283,0.232309457129876,4.02770257486022,4.93833891334543,619,2,2018 DHS
Nigeria,2024,DHS,,,mean_anc_visits,ADM1,Adamawa,adamawa,3.60167773037146,0.253016646212225,3.10577421630639,4.09758124443654,350,3,2024 DHS
Nigeria,2013,DHS,,,mean_anc_visits,ADM1,Akwa Ibom,akwa ibom,4.47514207185503,0.370966365217642,3.74806135655272,5.20222278715734,384,1,2013 DHS
Nigeria,2018,DHS,,,mean_anc_visits,ADM1,Akwa Ibom,akwa ibom,5.05513186907085,0.300572594721116,4.46602040867771,5.64424332946399,376,2,2018 DHS
Nigeria,2024,DHS,,,mean_anc_visits,ADM1,Akwa Ibom,akwa ibom,5.11527221692807,0.340909469789004,4.44710193415297,5.78344249970316,148,3,2024 DHS
Nigeria,2013,DHS,,,mean_anc_visits,ADM1,Anambra,anambra,7.12915334927418,0.372933111408013,6.39821788227201,7.86008881627635,262,1,2013 DHS
Nigeria,2018,DHS,,,mean_anc_visits,ADM1,Anambra,anambra,6.07541951993132,0.152972605580593,5.7755987223721,6.37524031749053,529,2,2018 DHS
Nigeria,2024,DHS,,,mean_anc_visits,ADM1,Anambra,anambra,7.80696730960845,0.495490299775817,6.83582416735889,8.77811045185801,213,3,2024 DHS
Nigeria,2013,DHS,,,mean_anc_visits,ADM1,Bauchi,bauchi,3.22846053737778,0.305214926633247,2.63025027363258,3.82667080112297,832,1,2013 DHS
Nigeria,2018,DHS,,,mean_anc_visits,ADM1,Bauchi,bauchi,2.81623375699284,0.224737147921839,2.37575704107779,3.2567104729079,901,2,2018 DHS
Nigeria,2024,DHS,,,mean_anc_visits,ADM1,Bauchi,bauchi,3.21305182758823,0.290671246547365,2.64334665301403,3.78275700216243,454,3,2024 DHS
Nigeria,2013,DHS,,,mean_anc_visits,ADM1,Bayelsa,bayelsa,3.55480436486187,0.643291425293304,2.29397633972355,4.81563239000018,526,1,2013 DHS
Nigeria,2018,DHS,,,mean_anc_visits,ADM1,Bayelsa,bayelsa,2.1605514003969,0.418104875679861,1.34108090230378,2.98002189849002,307,2,2018 DHS
Nigeria,2024,DHS,,,mean_anc_visits,ADM1,Bayelsa,bayelsa,5.24030263387823,0.674557154594016,3.91819490536014,6.56241036239631,147,3,2024 DHS
Nigeria,2013,DHS,,,mean_anc_visits,ADM1,Benue,benue,2.90667770935745,0.296791570370883,2.32497692051543,3.48837849819946,416,1,2013 DHS
Nigeria,2018,DHS,,,mean_anc_visits,ADM1,Benue,benue,3.93385884410891,0.184462232276737,3.57231951233865,4.29539817587918,607,2,2018 DHS
Nigeria,2024,DHS,,,mean_anc_visits,ADM1,Benue,benue,3.20214119016924,0.267765723344028,2.67733001612062,3.72695236421785,218,3,2024 DHS
Nigeria,2013,DHS,,,mean_anc_visits,ADM1,Borno,borno,1.82564777658239,0.3870737429665,1.06699718100694,2.58429837215785,361,1,2013 DHS
Nigeria,2018,DHS,,,mean_anc_visits,ADM1,Borno,borno,2.383694335924,0.190971247330776,2.00939756907299,2.75799110277501,670,2,2018 DHS
Nigeria,2024,DHS,,,mean_anc_visits,ADM1,Borno,borno,4.02257137481635,0.195045423914902,3.6402893685938,4.40485338103891,347,3,2024 DHS
Nigeria,2013,DHS,,,mean_anc_visits,ADM1,Cross River,cross river,5.64234197051659,0.393386081823467,4.87131941812327,6.41336452290991,363,1,2013 DHS
Nigeria,2018,DHS,,,mean_anc_visits,ADM1,Cross River,cross river,4.79924468026368,0.317213114656888,4.17751840011241,5.42097096041496,310,2,2018 DHS
Nigeria,2024,DHS,,,mean_anc_visits,ADM1,Cross River,cross river,6.88784867210057,0.277825659176941,6.34332038613267,7.43237695806848,148,3,2024 DHS
Nigeria,2013,DHS,,,mean_anc_visits,ADM1,Delta,delta,8.21446340006018,0.487457238662141,7.25906476827904,9.16986203184133,441,1,2013 DHS
Nigeria,2018,DHS,,,mean_anc_visits,ADM1,Delta,delta,6.28264024570047,0.40878621947235,5.48143397815837,7.08384651324256,341,2,2018 DHS
Nigeria,2024,DHS,,,mean_anc_visits,ADM1,Delta,delta,8.47744579653092,0.633412200413171,7.23598069635283,9.718910896709,154,3,2024 DHS
Nigeria,2013,DHS,,,mean_anc_visits,ADM1,Ebonyi,ebonyi,6.19216323726825,0.348798437257891,5.50853086237893,6.87579561215757,445,1,2013 DHS
Nigeria,2018,DHS,,,mean_anc_visits,ADM1,Ebonyi,ebonyi,5.67467073572203,0.304486871783435,5.07788743326123,6.27145403818283,611,2,2018 DHS
Nigeria,2024,DHS,,,mean_anc_visits,ADM1,Ebonyi,ebonyi,4.4743340314403,0.210804761965509,4.06116429021837,4.88750377266224,332,3,2024 DHS
Nigeria,2013,DHS,,,mean_anc_visits,ADM1,Edo,edo,8.16511865876441,0.474568473728483,7.23498154205844,9.09525577547038,343,1,2013 DHS
Nigeria,2018,DHS,,,mean_anc_visits,ADM1,Edo,edo,8.33741326639965,0.404994942704542,7.54363776477788,9.13118876802141,269,2,2018 DHS
Nigeria,2024,DHS,,,mean_anc_visits,ADM1,Edo,edo,7.50610176953747,0.45742214373716,6.60957084208154,8.40263269699341,119,3,2024 DHS
Nigeria,2013,DHS,,,mean_anc_visits,ADM1,Ekiti,ekiti,14.8739306581573,0.48870263004046,13.916091104128,15.8317702121866,333,1,2013 DHS
Nigeria,2018,DHS,,,mean_anc_visits,ADM1,Ekiti,ekiti,10.3099978848824,0.496429681891268,9.33701358751885,11.282982182246,352,2,2018 DHS
Nigeria,2024,DHS,,,mean_anc_visits,ADM1,Ekiti,ekiti,7.23713668009228,0.797333465966333,5.67439180312978,8.79988155705479,87,3,2024 DHS
Nigeria,2013,DHS,,,mean_anc_visits,ADM1,Enugu,enugu,10.4148307172169,0.270765351283473,9.88414038043997,10.9455210539939,360,1,2013 DHS
Nigeria,2018,DHS,,,mean_anc_visits,ADM1,Enugu,enugu,7.15148011594025,0.231595853136587,6.69756058482371,7.60539964705679,362,2,2018 DHS
Nigeria,2024,DHS,,,mean_anc_visits,ADM1,Enugu,enugu,6.62137145647928,0.367431145038828,5.90121964540487,7.3415232675537,123,3,2024 DHS
Nigeria,2013,DHS,,,mean_anc_visits,ADM1,FCT,fct,8.25545902901495,0.607992973818839,7.06381469747662,9.44710336055328,335,1,2013 DHS
Nigeria,2018,DHS,,,mean_anc_visits,ADM1,FCT,fct,4.94847699364532,0.23015354659761,4.49738433139985,5.3995696558908,517,2,2018 DHS
Nigeria,2024,DHS,,,mean_anc_visits,ADM1,FCT,fct,5.99212654944854,0.28579120815631,5.43198607436398,6.5522670245331,161,3,2024 DHS
Nigeria,2013,DHS,,,mean_anc_visits,ADM1,Gombe,gombe,3.5245980876556,0.310962260814385,2.91512325590825,4.13407291940294,685,1,2013 DHS
Nigeria,2018,DHS,,,mean_anc_visits,ADM1,Gombe,gombe,3.04400557355836,0.231517486758711,2.59023963772006,3.49777150939666,820,2,2018 DHS
Nigeria,2024,DHS,,,mean_anc_visits,ADM1,Gombe,gombe,3.03176105482231,0.227722576558616,2.58543300630076,3.47808910334386,391,3,2024 DHS
Nigeria,2013,DHS,,,mean_anc_visits,ADM1,Imo,imo,11.4936754934356,0.745745855123392,10.0320404757737,12.9553105110975,280,1,2013 DHS
Nigeria,2018,DHS,,,mean_anc_visits,ADM1,Imo,imo,11.7913008553847,0.379993795178548,11.0465267024861,12.5360750082834,439,2,2018 DHS
Nigeria,2024,DHS,,,mean_anc_visits,ADM1,Imo,imo,8.62799427546467,0.256627518418582,8.12501358192236,9.13097496900698,230,3,2024 DHS
Nigeria,2013,DHS,,,mean_anc_visits,ADM1,Jigawa,jigawa,2.53598358814133,0.283003993377307,1.9813059536408,3.09066122264187,872,1,2013 DHS
Nigeria,2018,DHS,,,mean_anc_visits,ADM1,Jigawa,jigawa,3.24180941912679,0.18390006262488,2.88137191962737,3.60224691862622,901,2,2018 DHS
Nigeria,2024,DHS,,,mean_anc_visits,ADM1,Jigawa,jigawa,2.87857530927189,0.15375517210121,2.57722070951676,3.17992990902702,523,3,2024 DHS
Nigeria,2013,DHS,,,mean_anc_visits,ADM1,Kaduna,kaduna,3.16526305420516,0.541633487347561,2.10368092618311,4.22684518222721,630,1,2013 DHS
Nigeria,2018,DHS,,,mean_anc_visits,ADM1,Kaduna,kaduna,3.49866952748235,0.326525282189551,2.85869173434905,4.13864732061565,898,2,2018 DHS
Nigeria,2024,DHS,,,mean_anc_visits,ADM1,Kaduna,kaduna,4.02701579791663,0.317831550581031,3.40407740562729,4.64995419020597,504,3,2024 DHS
Nigeria,2013,DHS,,,mean_anc_visits,ADM1,Kano,kano,2.90432619602573,0.216680559528192,2.47964010320049,3.32901228885098,1341,1,2013 DHS
Nigeria,2018,DHS,,,mean_anc_visits,ADM1,Kano,kano,3.62900859405606,0.16309353918894,3.30935113113456,3.94866605697755,1247,2,2018 DHS
Nigeria,2024,DHS,,,mean_anc_visits,ADM1,Kano,kano,3.63310370153411,0.215511600516334,3.21070872627151,4.05549867679671,566,3,2024 DHS
Nigeria,2013,DHS,,,mean_anc_visits,ADM1,Katsina,katsina,1.48768839524187,0.234636420193378,1.02780946220145,1.9475673282823,898,1,2013 DHS
Nigeria,2018,DHS,,,mean_anc_visits,ADM1,Katsina,katsina,2.36318156480679,0.203808913015562,1.96372343556803,2.76263969404554,929,2,2018 DHS
Nigeria,2024,DHS,,,mean_anc_visits,ADM1,Katsina,katsina,2.41176874437092,0.256102737603753,1.90981660232545,2.91372088641639,419,3,2024 DHS
Nigeria,2013,DHS,,,mean_anc_visits,ADM1,Kebbi,kebbi,1.20498775121569,0.273578743007403,0.668783267985439,1.74119223444594,754,1,2013 DHS
Nigeria,2018,DHS,,,mean_anc_visits,ADM1,Kebbi,kebbi,1.82304975462023,0.220216038664894,1.39143425001896,2.2546652592215,824,2,2018 DHS
Nigeria,2024,DHS,,,mean_anc_visits,ADM1,Kebbi,kebbi,0.913910181876374,0.13459626676624,0.650106346560998,1.17771401719175,504,3,2024 DHS
Nigeria,2013,DHS,,,mean_anc_visits,ADM1,Kogi,kogi,7.65264943638845,0.449390506215261,6.77186022921231,8.53343864356458,335,1,2013 DHS
Nigeria,2018,DHS,,,mean_anc_visits,ADM1,Kogi,kogi,5.12185885204164,0.323905731171173,4.48701528456002,5.75670241952325,403,2,2018 DHS
Nigeria,2024,DHS,,,mean_anc_visits,ADM1,Kogi,kogi,3.95351380831731,0.377005699600614,3.21459621513378,4.69243140150084,269,3,2024 DHS
Nigeria,2013,DHS,,,mean_anc_visits,ADM1,Kwara,kwara,9.5626075065609,0.394352796533372,8.78969022815284,10.335524784969,443,1,2013 DHS
Nigeria,2018,DHS,,,mean_anc_visits,ADM1,Kwara,kwara,6.6030638750599,0.772192461291798,5.08959446179463,8.11653328832516,466,2,2018 DHS
Nigeria,2024,DHS,,,mean_anc_visits,ADM1,Kwara,kwara,3.9256888119151,0.628199795976798,2.69443983670517,5.15693778712504,226,3,2024 DHS
Nigeria,2013,DHS,,,mean_anc_visits,ADM1,Lagos,lagos,14.5719360470819,0.32910674905093,13.926898671873,15.2169734222908,612,1,2013 DHS
Nigeria,2018,DHS,,,mean_anc_visits,ADM1,Lagos,lagos,11.1610124487196,0.328475555754681,10.5172121896386,11.8048127078005,513,2,2018 DHS
Nigeria,2024,DHS,,,mean_anc_visits,ADM1,Lagos,lagos,14.1013739581522,0.733478089566219,12.6637833191532,15.5389645971513,175,3,2024 DHS
Nigeria,2013,DHS,,,mean_anc_visits,ADM1,Nasarawa,nasarawa,4.37752616154674,0.332182134606371,3.72646114141062,5.02859118168287,440,1,2013 DHS
Nigeria,2018,DHS,,,mean_anc_visits,ADM1,Nasarawa,nasarawa,4.3678195029648,0.223882317723084,3.9290182234522,4.8066207824774,539,2,2018 DHS
Nigeria,2024,DHS,,,mean_anc_visits,ADM1,Nasarawa,nasarawa,4.48841320216664,0.208649033784545,4.07946861053985,4.89735779379343,294,3,2024 DHS
Nigeria,2013,DHS,,,mean_anc_visits,ADM1,Niger,niger,3.62187289294646,0.376293985886435,2.88435023301002,4.35939555288289,618,1,2013 DHS
Nigeria,2018,DHS,,,mean_anc_visits,ADM1,Niger,niger,2.37986223208156,0.192456120588619,2.00265516712357,2.75706929703955,788,2,2018 DHS
Nigeria,2024,DHS,,,mean_anc_visits,ADM1,Niger,niger,2.25589858353517,0.269652384647288,1.72738962128115,2.7844075457892,368,3,2024 DHS
Nigeria,2013,DHS,,,mean_anc_visits,ADM1,Ogun,ogun,13.7844936501742,0.684478234406563,12.4429409625358,15.1260463378126,354,1,2013 DHS
Nigeria,2018,DHS,,,mean_anc_visits,ADM1,Ogun,ogun,7.15957933346176,0.238464600539266,6.69219730481707,7.62696136210645,369,2,2018 DHS
Nigeria,2024,DHS,,,mean_anc_visits,ADM1,Ogun,ogun,11.4483653507681,0.457985134490009,10.550730981713,12.3459997198233,168,3,2024 DHS
Nigeria,2013,DHS,,,mean_anc_visits,ADM1,Ondo,ondo,11.6823937872719,1.04720623118125,9.62990728977068,13.734880284773,426,1,2013 DHS
Nigeria,2018,DHS,,,mean_anc_visits,ADM1,Ondo,ondo,10.5771174285297,0.340770859625226,9.90921881668349,11.2450160403759,384,2,2018 DHS
Nigeria,2024,DHS,,,mean_anc_visits,ADM1,Ondo,ondo,6.10739084002975,0.720200124824945,4.69582453371161,7.5189571463479,125,3,2024 DHS
Nigeria,2013,DHS,,,mean_anc_visits,ADM1,Osun,osun,15.3570656916589,0.530875411022404,14.316569005777,16.3975623775407,383,1,2013 DHS
Nigeria,2018,DHS,,,mean_anc_visits,ADM1,Osun,osun,9.84510086583401,0.19889427180481,9.45527525636527,10.2349264753028,372,2,2018 DHS
Nigeria,2024,DHS,,,mean_anc_visits,ADM1,Osun,osun,10.7316253293228,0.620203971106756,9.51604788288481,11.9472027757607,148,3,2024 DHS
Nigeria,2013,DHS,,,mean_anc_visits,ADM1,Oyo,oyo,10.8600550271167,1.14074794925129,8.62423013114621,13.0958799230871,461,1,2013 DHS
Nigeria,2018,DHS,,,mean_anc_visits,ADM1,Oyo,oyo,6.80051916802872,0.276093267896542,6.25938630657753,7.34165202947991,456,2,2018 DHS
Nigeria,2024,DHS,,,mean_anc_visits,ADM1,Oyo,oyo,7.3580254289115,0.50593992278828,6.36640140190549,8.3496494559175,197,3,2024 DHS
Nigeria,2013,DHS,,,mean_anc_visits,ADM1,Plateau,plateau,3.74176914444071,0.491015520819858,2.77939640778361,4.70414188109781,438,1,2013 DHS
Nigeria,2018,DHS,,,mean_anc_visits,ADM1,Plateau,plateau,3.812059900993,0.186295022833971,3.44692836573935,4.17719143624666,514,2,2018 DHS
Nigeria,2024,DHS,,,mean_anc_visits,ADM1,Plateau,plateau,3.24092298215443,0.296653559639537,2.65949268937533,3.82235327493352,328,3,2024 DHS
Nigeria,2013,DHS,,,mean_anc_visits,ADM1,Rivers,rivers,7.37504577796822,0.752897151470032,5.89939447702416,8.85069707891228,286,1,2013 DHS
Nigeria,2018,DHS,,,mean_anc_visits,ADM1,Rivers,rivers,8.3276692744234,0.379598497992707,7.58366988977219,9.0716686590746,444,2,2018 DHS
Nigeria,2024,DHS,,,mean_anc_visits,ADM1,Rivers,rivers,8.31048050988628,0.578815812641046,7.17602236342755,9.44493865634501,196,3,2024 DHS
Nigeria,2013,DHS,,,mean_anc_visits,ADM1,Sokoto,sokoto,1.1721286944281,0.20758529316087,0.765268996112608,1.57898839274359,816,1,2013 DHS
Nigeria,2018,DHS,,,mean_anc_visits,ADM1,Sokoto,sokoto,2.08252414040916,0.20445784912553,1.68179411976659,2.48325416105172,703,2,2018 DHS
Nigeria,2024,DHS,,,mean_anc_visits,ADM1,Sokoto,sokoto,1.61290154006662,0.279803923845095,1.06449592659724,2.16130715353599,441,3,2024 DHS
Nigeria,2013,DHS,,,mean_anc_visits,ADM1,Taraba,taraba,3.2039541389665,0.348525316779347,2.52085707037856,3.88705120755443,760,1,2013 DHS
Nigeria,2018,DHS,,,mean_anc_visits,ADM1,Taraba,taraba,3.37329179088642,0.196591141348376,2.98798023416398,3.75860334760886,722,2,2018 DHS
Nigeria,2024,DHS,,,mean_anc_visits,ADM1,Taraba,taraba,3.25563001501424,0.306496799445555,2.65490732672416,3.85635270330433,268,3,2024 DHS
Nigeria,2013,DHS,,,mean_anc_visits,ADM1,Yobe,yobe,1.40465389578809,0.27756185810924,0.86064265041196,1.94866514116421,666,1,2013 DHS
Nigeria,2018,DHS,,,mean_anc_visits,ADM1,Yobe,yobe,2.57473782171719,0.228466461463688,2.12695178557306,3.02252385786133,767,2,2018 DHS
Nigeria,2024,DHS,,,mean_anc_visits,ADM1,Yobe,yobe,3.37988808046385,0.186463199488282,3.0144269250247,3.74534923590299,458,3,2024 DHS
Nigeria,2013,DHS,,,mean_anc_visits,ADM1,Zamfara,zamfara,1.17453644080153,0.156246359331588,0.868299203796119,1.48077367780695,834,1,2013 DHS
Nigeria,2018,DHS,,,mean_anc_visits,ADM1,Zamfara,zamfara,1.61765882592982,0.327566240570071,0.975640791861294,2.25967685999834,802,2,2018 DHS
Nigeria,2024,DHS,,,mean_anc_visits,ADM1,Zamfara,zamfara,1.3529843472142,0.238974074745383,0.884603767474466,1.82136492695393,292,3,2024 DHS
Nigeria,2013,DHS,,,no_anc,ADM1,Abia,abia,4.66050258894073,1.18027909758727,2.34719806596425,6.97380711191721,312,1,2013 DHS
Nigeria,2018,DHS,,,no_anc,ADM1,Abia,abia,3.78581095143413,0.880828936359081,2.05941795962961,5.51220394323866,401,2,2018 DHS
Nigeria,2024,DHS,,,no_anc,ADM1,Abia,abia,5.70305579924543,1.94043045738566,1.89988198826495,9.5062296102259,154,3,2024 DHS
Nigeria,2013,DHS,,,no_anc,ADM1,Adamawa,adamawa,13.4402391988807,3.97366772861139,5.65199356427328,21.2284848334881,627,1,2013 DHS
Nigeria,2018,DHS,,,no_anc,ADM1,Adamawa,adamawa,15.4400327234544,2.56184187064871,10.4189149228962,20.4611505240125,622,2,2018 DHS
Nigeria,2024,DHS,,,no_anc,ADM1,Adamawa,adamawa,17.3363520388073,4.35918039399181,8.79251546447026,25.8801886131444,351,3,2024 DHS
Nigeria,2013,DHS,,,no_anc,ADM1,Akwa Ibom,akwa ibom,22.5075555026075,2.92422542435698,16.7761789881915,28.2389320170235,395,1,2013 DHS
Nigeria,2018,DHS,,,no_anc,ADM1,Akwa Ibom,akwa ibom,18.9884787195511,2.51082256432123,14.0673569219109,23.9096005171912,384,2,2018 DHS
Nigeria,2024,DHS,,,no_anc,ADM1,Akwa Ibom,akwa ibom,16.0800323581707,3.23415070368641,9.74121345837043,22.4188512579709,149,3,2024 DHS
Nigeria,2013,DHS,,,no_anc,ADM1,Anambra,anambra,4.30254296231072,1.69298819659212,0.984347070738745,7.62073885388269,313,1,2013 DHS
Nigeria,2018,DHS,,,no_anc,ADM1,Anambra,anambra,3.29167605434031,0.970052342235555,1.3904084004399,5.19294370824072,546,2,2018 DHS
Nigeria,2024,DHS,,,no_anc,ADM1,Anambra,anambra,10.5176084075008,3.46212730454257,3.7319635807046,17.3032532342969,213,3,2024 DHS
Nigeria,2013,DHS,,,no_anc,ADM1,Bauchi,bauchi,33.1576255264008,5.03330981013467,23.2925195755047,43.0227314772969,849,1,2013 DHS
Nigeria,2018,DHS,,,no_anc,ADM1,Bauchi,bauchi,33.0892708134116,4.65783755681128,23.9600769562235,42.2184646705998,901,2,2018 DHS
Nigeria,2024,DHS,,,no_anc,ADM1,Bauchi,bauchi,28.9881671762325,5.57814903783755,18.0551959616742,39.9211383907909,456,3,2024 DHS
Nigeria,2013,DHS,,,no_anc,ADM1,Bayelsa,bayelsa,51.665904209286,5.57530479326259,40.7385076116578,62.5933008069142,533,1,2013 DHS
Nigeria,2018,DHS,,,no_anc,ADM1,Bayelsa,bayelsa,47.3765236832085,4.05165586074982,39.4354241183882,55.3176232480288,375,2,2018 DHS
Nigeria,2024,DHS,,,no_anc,ADM1,Bayelsa,bayelsa,31.3118169618433,5.97106654105563,19.6087415920821,43.0148923316045,171,3,2024 DHS
Nigeria,2013,DHS,,,no_anc,ADM1,Benue,benue,39.6169470318266,4.19563471403154,31.3936541000388,47.8402399636144,420,1,2013 DHS
Nigeria,2018,DHS,,,no_anc,ADM1,Benue,benue,25.4289333850152,3.2062410973203,19.1448163085152,31.7130504615151,607,2,2018 DHS
Nigeria,2024,DHS,,,no_anc,ADM1,Benue,benue,33.2170945962512,5.1320066348912,23.1585464234439,43.2756427690585,218,3,2024 DHS
Nigeria,2013,DHS,,,no_anc,ADM1,Borno,borno,58.6801637748222,8.08856703912347,42.8268636916024,74.5334638580419,381,1,2013 DHS
Nigeria,2018,DHS,,,no_anc,ADM1,Borno,borno,37.6273450653287,4.41380630271589,28.9764436772697,46.2782464533878,670,2,2018 DHS
Nigeria,2024,DHS,,,no_anc,ADM1,Borno,borno,9.22971957458845,2.67606545105425,3.98472767025017,14.4747114789267,347,3,2024 DHS
Nigeria,2013,DHS,,,no_anc,ADM1,Cross River,cross river,13.8186000506642,2.96011616337923,8.01687898038604,19.6203211209424,365,1,2013 DHS
Nigeria,2018,DHS,,,no_anc,ADM1,Cross River,cross river,15.9617314507617,4.06883670558059,7.9869580488492,23.9365048526743,312,2,2018 DHS
Nigeria,2024,DHS,,,no_anc,ADM1,Cross River,cross river,3.3793591162973,1.4850654340714,0.468684350832012,6.2900338817626,148,3,2024 DHS
Nigeria,2013,DHS,,,no_anc,ADM1,Delta,delta,17.9093727693921,3.77111296838673,10.5181271697221,25.300618369062,452,1,2013 DHS
Nigeria,2018,DHS,,,no_anc,ADM1,Delta,delta,22.8136427877003,3.53595448664766,15.8832993428981,29.7439862325025,348,2,2018 DHS
Nigeria,2024,DHS,,,no_anc,ADM1,Delta,delta,9.91253028398214,2.98616534400992,4.05975375784103,15.7653068101233,205,3,2024 DHS
Nigeria,2013,DHS,,,no_anc,ADM1,Ebonyi,ebonyi,7.0848870141279,2.04830701655714,3.07027903239522,11.0994949958606,451,1,2013 DHS
Nigeria,2018,DHS,,,no_anc,ADM1,Ebonyi,ebonyi,5.56350001067369,1.07328094641933,3.45990801039874,7.66709201094863,614,2,2018 DHS
Nigeria,2024,DHS,,,no_anc,ADM1,Ebonyi,ebonyi,15.1143411143501,3.35501431071432,8.53863389773355,21.6900483309666,332,3,2024 DHS
Nigeria,2013,DHS,,,no_anc,ADM1,Edo,edo,14.3941831181534,3.58611161287158,7.36553351238421,21.4228327239225,384,1,2013 DHS
Nigeria,2018,DHS,,,no_anc,ADM1,Edo,edo,8.50743145063731,1.96529472722528,4.65552456626929,12.3593383350053,308,2,2018 DHS
Nigeria,2024,DHS,,,no_anc,ADM1,Edo,edo,2.45412109514858,1.41006630552027,0,5.21780026978176,158,3,2024 DHS
Nigeria,2013,DHS,,,no_anc,ADM1,Ekiti,ekiti,2.27287558393734,0.761547318839755,0.780270266488382,3.7654809013863,366,1,2013 DHS
Nigeria,2018,DHS,,,no_anc,ADM1,Ekiti,ekiti,6.82969813238395,2.34254636392573,2.23839162697426,11.4210046377936,353,2,2018 DHS
Nigeria,2024,DHS,,,no_anc,ADM1,Ekiti,ekiti,7.1116752399679,2.68665445970205,1.84592926004796,12.3774212198878,111,3,2024 DHS
Nigeria,2013,DHS,,,no_anc,ADM1,Enugu,enugu,3.17168125346964,0.940269185403218,1.32878751430652,5.01457499263276,365,1,2013 DHS
Nigeria,2018,DHS,,,no_anc,ADM1,Enugu,enugu,3.7437051451227,1.24130946791543,1.31078329433989,6.17662699590551,363,2,2018 DHS
Nigeria,2024,DHS,,,no_anc,ADM1,Enugu,enugu,9.74936129724262,2.26506565550071,5.30991418984263,14.1888084046426,156,3,2024 DHS
Nigeria,2013,DHS,,,no_anc,ADM1,FCT,fct,5.87874137755161,2.75761571575045,0.473913891479093,11.2835688636241,340,1,2013 DHS
Nigeria,2018,DHS,,,no_anc,ADM1,FCT,fct,11.8419786343505,3.06692325545038,5.83091951031937,17.8530377583815,538,2,2018 DHS
Nigeria,2024,DHS,,,no_anc,ADM1,FCT,fct,5.52255612063662,2.26323526097391,1.08669652058664,9.9584157206866,167,3,2024 DHS
Nigeria,2013,DHS,,,no_anc,ADM1,Gombe,gombe,22.4918449472389,5.96378825857362,10.8030347490118,34.1806551454661,700,1,2013 DHS
Nigeria,2018,DHS,,,no_anc,ADM1,Gombe,gombe,25.3821152639238,4.6447566810436,16.2785594521266,34.485671075721,824,2,2018 DHS
Nigeria,2024,DHS,,,no_anc,ADM1,Gombe,gombe,16.0977417200613,3.87032994725005,8.51203441516434,23.6834490249582,391,3,2024 DHS
Nigeria,2013,DHS,,,no_anc,ADM1,Imo,imo,0.861760682604919,0.582355703016587,0,2.00315688670893,283,1,2013 DHS
Nigeria,2018,DHS,,,no_anc,ADM1,Imo,imo,2.44270480859151,0.860891371462478,0.755388725923759,4.13002089125926,441,2,2018 DHS
Nigeria,2024,DHS,,,no_anc,ADM1,Imo,imo,2.69093768348309,0.953612947848017,0.821890650509908,4.55998471645628,238,3,2024 DHS
Nigeria,2013,DHS,,,no_anc,ADM1,Jigawa,jigawa,47.1736611674593,5.87439104958407,35.6600662791701,58.6872560557485,882,1,2013 DHS
Nigeria,2018,DHS,,,no_anc,ADM1,Jigawa,jigawa,20.5193913961212,3.5566427533692,13.5484996936421,27.4902830986002,901,2,2018 DHS
Nigeria,2024,DHS,,,no_anc,ADM1,Jigawa,jigawa,16.2199496864754,4.11293852583812,8.1587383052054,24.2811610677454,523,3,2024 DHS
Nigeria,2013,DHS,,,no_anc,ADM1,Kaduna,kaduna,44.193264715932,7.46878411601382,29.5547168402401,58.8318125916239,630,1,2013 DHS
Nigeria,2018,DHS,,,no_anc,ADM1,Kaduna,kaduna,30.036662973503,5.14333115407368,19.9559191509558,40.1174067960503,898,2,2018 DHS
Nigeria,2024,DHS,,,no_anc,ADM1,Kaduna,kaduna,27.1895086829147,4.84529299916526,17.6929089100067,36.6861084558226,504,3,2024 DHS
Nigeria,2013,DHS,,,no_anc,ADM1,Kano,kano,35.3744715513317,4.90737131219204,25.7562005206702,44.9927425819931,1352,1,2013 DHS
Nigeria,2018,DHS,,,no_anc,ADM1,Kano,kano,16.4405748130409,2.30808849498542,11.9168044897382,20.9643451363436,1247,2,2018 DHS
Nigeria,2024,DHS,,,no_anc,ADM1,Kano,kano,16.5726473183689,2.59512067330803,11.4863042631498,21.6589903735879,575,3,2024 DHS
Nigeria,2013,DHS,,,no_anc,ADM1,Katsina,katsina,65.7649311363423,5.0786546893775,55.8109508552469,75.7189114174376,908,1,2013 DHS
Nigeria,2018,DHS,,,no_anc,ADM1,Katsina,katsina,46.7699675939787,4.51953988654264,37.9118321896629,55.6281029982946,932,2,2018 DHS
Nigeria,2024,DHS,,,no_anc,ADM1,Katsina,katsina,40.9344547718166,6.27611936978925,28.6334868443555,53.2354226992778,420,3,2024 DHS
Nigeria,2013,DHS,,,no_anc,ADM1,Kebbi,kebbi,71.1529226694111,5.51418501704807,60.3453186319065,81.9605267069157,760,1,2013 DHS
Nigeria,2018,DHS,,,no_anc,ADM1,Kebbi,kebbi,47.8534995538773,5.51061497672297,37.0528926668332,58.6541064409213,824,2,2018 DHS
Nigeria,2024,DHS,,,no_anc,ADM1,Kebbi,kebbi,77.2214957833091,3.33446596755571,70.6860625792254,83.7569289873928,504,3,2024 DHS
Nigeria,2013,DHS,,,no_anc,ADM1,Kogi,kogi,5.38791847368716,1.61204908494381,2.22836032588654,8.54747662148778,344,1,2013 DHS
Nigeria,2018,DHS,,,no_anc,ADM1,Kogi,kogi,17.3834465503329,3.18783905555202,11.1353968129408,23.6314962877251,412,2,2018 DHS
Nigeria,2024,DHS,,,no_anc,ADM1,Kogi,kogi,30.9820155093092,5.40359145242302,20.3911708753916,41.5728601432268,270,3,2024 DHS
Nigeria,2013,DHS,,,no_anc,ADM1,Kwara,kwara,4.87483953693415,1.84812127677865,1.25258839538582,8.49709067848247,464,1,2013 DHS
Nigeria,2018,DHS,,,no_anc,ADM1,Kwara,kwara,25.3177769040869,7.40174441695047,10.8106244240936,39.8249293840802,467,2,2018 DHS
Nigeria,2024,DHS,,,no_anc,ADM1,Kwara,kwara,42.2872106780523,8.35253163330457,25.9165494970438,58.6578718590607,227,3,2024 DHS
Nigeria,2013,DHS,,,no_anc,ADM1,Lagos,lagos,1.21466123293668,0.448665531449176,0.33529295019177,2.09402951568159,641,1,2013 DHS
Nigeria,2018,DHS,,,no_anc,ADM1,Lagos,lagos,3.97433112563233,1.14173253362899,1.73657647974184,6.21208577152281,598,2,2018 DHS
Nigeria,2024,DHS,,,no_anc,ADM1,Lagos,lagos,3.01120358076022,1.85560351145587,0,6.64811963279978,177,3,2024 DHS
Nigeria,2013,DHS,,,no_anc,ADM1,Nasarawa,nasarawa,30.5355373518686,4.11631877093192,22.4677008119559,38.6033738917813,445,1,2013 DHS
Nigeria,2018,DHS,,,no_anc,ADM1,Nasarawa,nasarawa,22.3930852653622,3.04416966330758,16.42662236245,28.3595481682745,539,2,2018 DHS
Nigeria,2024,DHS,,,no_anc,ADM1,Nasarawa,nasarawa,13.9954169018058,3.14729681357887,7.82682849853352,20.164005305078,294,3,2024 DHS
Nigeria,2013,DHS,,,no_anc,ADM1,Niger,niger,28.1842275326603,5.69687635672094,17.0185550491095,39.3499000162111,626,1,2013 DHS
Nigeria,2018,DHS,,,no_anc,ADM1,Niger,niger,40.6541196275509,4.24578131352745,32.3325411668039,48.9756980882978,791,2,2018 DHS
Nigeria,2024,DHS,,,no_anc,ADM1,Niger,niger,51.9591222968444,5.36636358107798,41.4412429499841,62.4770016437046,368,3,2024 DHS
Nigeria,2013,DHS,,,no_anc,ADM1,Ogun,ogun,2.26864439241354,0.823339678560245,0.654928275392673,3.8823605094344,366,1,2013 DHS
Nigeria,2018,DHS,,,no_anc,ADM1,Ogun,ogun,3.7794057127458,1.18763453327641,1.451684800728,6.10712662476359,370,2,2018 DHS
Nigeria,2024,DHS,,,no_anc,ADM1,Ogun,ogun,5.83508687474109,1.67148194700439,2.5590424578036,9.11113129167858,206,3,2024 DHS
Nigeria,2013,DHS,,,no_anc,ADM1,Ondo,ondo,14.5957454322312,5.27077474537282,4.26521676067717,24.9262741037852,435,1,2013 DHS
Nigeria,2018,DHS,,,no_anc,ADM1,Ondo,ondo,4.37776403655698,1.17991427108127,2.06517456039287,6.6903535127211,402,2,2018 DHS
Nigeria,2024,DHS,,,no_anc,ADM1,Ondo,ondo,18.3800392463569,4.64873497948498,9.26868611289478,27.491392379819,134,3,2024 DHS
Nigeria,2013,DHS,,,no_anc,ADM1,Osun,osun,1.47926895730422,0.615139309371077,0.273618065462066,2.68491984914637,385,1,2013 DHS
Nigeria,2018,DHS,,,no_anc,ADM1,Osun,osun,1.2431097899119,0.626930388298666,0.0143488080328038,2.47187077179099,372,2,2018 DHS
Nigeria,2024,DHS,,,no_anc,ADM1,Osun,osun,4.08833889688671,2.05096046313268,0.0685302554310624,8.10814753834235,149,3,2024 DHS
Nigeria,2013,DHS,,,no_anc,ADM1,Oyo,oyo,10.6244264710846,6.42416343998712,0,23.2155554442583,473,1,2013 DHS
Nigeria,2018,DHS,,,no_anc,ADM1,Oyo,oyo,11.7047717925586,3.12089810376885,5.58792390975231,17.8216196753649,468,2,2018 DHS
Nigeria,2024,DHS,,,no_anc,ADM1,Oyo,oyo,15.2718236163444,4.27001830669568,6.90274152189418,23.6409057107946,215,3,2024 DHS
Nigeria,2013,DHS,,,no_anc,ADM1,Plateau,plateau,33.8529350033989,6.33523576537045,21.4361010697027,46.269768937095,456,1,2013 DHS
Nigeria,2018,DHS,,,no_anc,ADM1,Plateau,plateau,23.7267676168588,2.92724922225516,17.9894645674658,29.4640706662518,521,2,2018 DHS
Nigeria,2024,DHS,,,no_anc,ADM1,Plateau,plateau,32.8304474261183,4.36830968781712,24.2687177646794,41.3921770875573,336,3,2024 DHS
Nigeria,2013,DHS,,,no_anc,ADM1,Rivers,rivers,19.9823861791897,3.19886066392364,13.7127344863375,26.2520378720419,371,1,2013 DHS
Nigeria,2018,DHS,,,no_anc,ADM1,Rivers,rivers,12.2814728596893,2.53474358862853,7.31346671593362,17.2494790034451,447,2,2018 DHS
Nigeria,2024,DHS,,,no_anc,ADM1,Rivers,rivers,18.6729853567398,3.29227626456079,12.2202424510446,25.125728262435,196,3,2024 DHS
Nigeria,2013,DHS,,,no_anc,ADM1,Sokoto,sokoto,79.6588684815935,2.9767443520138,73.8245567604635,85.4931802027236,822,1,2013 DHS
Nigeria,2018,DHS,,,no_anc,ADM1,Sokoto,sokoto,53.0983397851672,4.27765971165515,44.7142808122051,61.4823987581293,703,2,2018 DHS
Nigeria,2024,DHS,,,no_anc,ADM1,Sokoto,sokoto,63.4380984825502,5.23441971244425,53.1788243661929,73.6973725989074,441,3,2024 DHS
Nigeria,2013,DHS,,,no_anc,ADM1,Taraba,taraba,37.2642756129552,5.28042831617357,26.9148262903095,47.6137249356008,775,1,2013 DHS
Nigeria,2018,DHS,,,no_anc,ADM1,Taraba,taraba,20.3787248016007,4.10974713888907,12.3237684238116,28.4336811793898,722,2,2018 DHS
Nigeria,2024,DHS,,,no_anc,ADM1,Taraba,taraba,27.6629847661311,6.44400128116019,15.0329743387272,40.292995193535,268,3,2024 DHS
Nigeria,2013,DHS,,,no_anc,ADM1,Yobe,yobe,65.597203637722,5.85382425623351,54.1239189236774,77.0704883517667,669,1,2013 DHS
Nigeria,2018,DHS,,,no_anc,ADM1,Yobe,yobe,30.2034611297459,4.73858684119115,20.9160015833958,39.490920676096,767,2,2018 DHS
Nigeria,2024,DHS,,,no_anc,ADM1,Yobe,yobe,17.2799298078562,3.24586044640783,10.9181602340537,23.6416993816586,458,3,2024 DHS
Nigeria,2013,DHS,,,no_anc,ADM1,Zamfara,zamfara,73.5849197324757,3.11859491767399,67.472586011465,79.6972534534864,852,1,2013 DHS
Nigeria,2018,DHS,,,no_anc,ADM1,Zamfara,zamfara,63.5702402881225,6.74112735577428,50.3578734556072,76.7826071206378,804,2,2018 DHS
Nigeria,2024,DHS,,,no_anc,ADM1,Zamfara,zamfara,64.2329555456783,5.81730388710929,52.8312494398192,75.6346616515373,292,3,2024 DHS
Nigeria,2013,DHS,,,skilled_birth_attendance,ADM1,Abia,abia,77.212872,4.438236,68.51409,85.911655,508,1,2013 DHS
Nigeria,2018,DHS,,,skilled_birth_attendance,ADM1,Abia,abia,95.781413,1.439653,92.959746,98.603081,641,2,2018 DHS
Nigeria,2024,DHS,,,skilled_birth_attendance,ADM1,Abia,abia,95.198704,1.478721,92.300465,98.096944,167,3,2024 DHS
Nigeria,2013,DHS,,,skilled_birth_attendance,ADM1,Adamawa,adamawa,36.274098,5.011704,26.451339,46.096857,1001,1,2013 DHS
Nigeria,2018,DHS,,,skilled_birth_attendance,ADM1,Adamawa,adamawa,40.450039,4.509365,31.611846,49.288231,962,2,2018 DHS
Nigeria,2024,DHS,,,skilled_birth_attendance,ADM1,Adamawa,adamawa,24.385387,4.773019,15.030443,33.740332,372,3,2024 DHS
Nigeria,2013,DHS,,,skilled_birth_attendance,ADM1,Akwa Ibom,akwa ibom,45.550353,4.286809,37.148362,53.952343,576,1,2013 DHS
Nigeria,2018,DHS,,,skilled_birth_attendance,ADM1,Akwa Ibom,akwa ibom,41.425903,4.559693,32.489068,50.362737,564,2,2018 DHS
Nigeria,2024,DHS,,,skilled_birth_attendance,ADM1,Akwa Ibom,akwa ibom,51.474737,6.027064,39.661909,63.287566,157,3,2024 DHS
Nigeria,2013,DHS,,,skilled_birth_attendance,ADM1,Anambra,anambra,87.61199,3.828401,80.108463,95.115517,537,1,2013 DHS
Nigeria,2018,DHS,,,skilled_birth_attendance,ADM1,Anambra,anambra,94.70814,1.331824,92.097812,97.318468,856,2,2018 DHS
Nigeria,2024,DHS,,,skilled_birth_attendance,ADM1,Anambra,anambra,91.815267,2.511746,86.892335,96.738198,229,3,2024 DHS
Nigeria,2013,DHS,,,skilled_birth_attendance,ADM1,Bauchi,bauchi,16.258293,2.8272,10.717082,21.799504,1439,1,2013 DHS
Nigeria,2018,DHS,,,skilled_birth_attendance,ADM1,Bauchi,bauchi,21.552611,2.502109,16.648568,26.456654,1442,2,2018 DHS
Nigeria,2024,DHS,,,skilled_birth_attendance,ADM1,Bauchi,bauchi,28.433797,3.689431,21.202646,35.664948,482,3,2024 DHS
Nigeria,2013,DHS,,,skilled_birth_attendance,ADM1,Bayelsa,bayelsa,32.082555,6.130378,20.067234,44.097875,821,1,2013 DHS
Nigeria,2018,DHS,,,skilled_birth_attendance,ADM1,Bayelsa,bayelsa,26.964648,5.531324,16.123452,37.805844,570,2,2018 DHS
Nigeria,2024,DHS,,,skilled_birth_attendance,ADM1,Bayelsa,bayelsa,56.700133,6.523823,43.913674,69.486591,179,3,2024 DHS
Nigeria,2013,DHS,,,skilled_birth_attendance,ADM1,Benue,benue,51.617613,5.356562,41.118946,62.116281,660,1,2013 DHS
Nigeria,2018,DHS,,,skilled_birth_attendance,ADM1,Benue,benue,67.560092,3.352719,60.988884,74.131299,908,2,2018 DHS
Nigeria,2024,DHS,,,skilled_birth_attendance,ADM1,Benue,benue,66.741566,4.9703,56.999956,76.483175,223,3,2024 DHS
Nigeria,2013,DHS,,,skilled_birth_attendance,ADM1,Borno,borno,22.30532,4.566414,13.355313,31.255326,600,1,2013 DHS
Nigeria,2018,DHS,,,skilled_birth_attendance,ADM1,Borno,borno,25.936847,3.688906,18.706724,33.166971,1099,2,2018 DHS
Nigeria,2024,DHS,,,skilled_birth_attendance,ADM1,Borno,borno,37.737383,3.985915,29.925132,45.549633,364,3,2024 DHS
Nigeria,2013,DHS,,,skilled_birth_attendance,ADM1,Cross River,cross river,41.291443,5.326446,30.8518,51.731085,526,1,2013 DHS
Nigeria,2018,DHS,,,skilled_birth_attendance,ADM1,Cross River,cross river,55.724426,5.465584,45.012077,66.436774,428,2,2018 DHS
Nigeria,2024,DHS,,,skilled_birth_attendance,ADM1,Cross River,cross river,56.160961,4.937085,46.484451,65.837471,152,3,2024 DHS
Nigeria,2013,DHS,,,skilled_birth_attendance,ADM1,Delta,delta,59.778936,7.268688,45.53257,74.025303,692,1,2013 DHS
Nigeria,2018,DHS,,,skilled_birth_attendance,ADM1,Delta,delta,67.141949,4.264971,58.78276,75.501139,508,2,2018 DHS
Nigeria,2024,DHS,,,skilled_birth_attendance,ADM1,Delta,delta,81.447324,5.271324,71.11572,91.778929,215,3,2024 DHS
Nigeria,2013,DHS,,,skilled_birth_attendance,ADM1,Ebonyi,ebonyi,62.144908,5.436798,51.48898,72.800836,720,1,2013 DHS
Nigeria,2018,DHS,,,skilled_birth_attendance,ADM1,Ebonyi,ebonyi,52.126524,3.745086,44.78629,59.466758,1012,2,2018 DHS
Nigeria,2024,DHS,,,skilled_birth_attendance,ADM1,Ebonyi,ebonyi,73.619592,3.058082,67.62586,79.613323,352,3,2024 DHS
Nigeria,2013,DHS,,,skilled_birth_attendance,ADM1,Edo,edo,78.31585,4.249801,69.986394,86.645307,595,1,2013 DHS
Nigeria,2018,DHS,,,skilled_birth_attendance,ADM1,Edo,edo,88.211243,2.793984,82.735134,93.687352,465,2,2018 DHS
Nigeria,2024,DHS,,,skilled_birth_attendance,ADM1,Edo,edo,92.773868,2.206793,88.448633,97.099102,165,3,2024 DHS
Nigeria,2013,DHS,,,skilled_birth_attendance,ADM1,Ekiti,ekiti,84.741562,2.594585,79.656268,89.826856,530,1,2013 DHS
Nigeria,2018,DHS,,,skilled_birth_attendance,ADM1,Ekiti,ekiti,87.131762,2.254615,82.712797,91.550727,522,2,2018 DHS
Nigeria,2024,DHS,,,skilled_birth_attendance,ADM1,Ekiti,ekiti,93.46657,2.2692,89.01902,97.914121,121,3,2024 DHS
Nigeria,2013,DHS,,,skilled_birth_attendance,ADM1,Enugu,enugu,91.539009,1.971717,87.674516,95.403503,574,1,2013 DHS
Nigeria,2018,DHS,,,skilled_birth_attendance,ADM1,Enugu,enugu,93.03866,2.387265,88.359706,97.717614,561,2,2018 DHS
Nigeria,2024,DHS,,,skilled_birth_attendance,ADM1,Enugu,enugu,96.347196,1.441147,93.522599,99.171792,164,3,2024 DHS
Nigeria,2013,DHS,,,skilled_birth_attendance,ADM1,FCT,fct,70.200231,6.077705,58.288148,82.112314,501,1,2013 DHS
Nigeria,2018,DHS,,,skilled_birth_attendance,ADM1,FCT,fct,71.623633,5.243329,61.346897,81.90037,803,2,2018 DHS
Nigeria,2024,DHS,,,skilled_birth_attendance,ADM1,FCT,fct,82.359249,4.267561,73.994984,90.723514,177,3,2024 DHS
Nigeria,2013,DHS,,,skilled_birth_attendance,ADM1,Gombe,gombe,26.644286,4.549901,17.726643,35.561928,1155,1,2013 DHS
Nigeria,2018,DHS,,,skilled_birth_attendance,ADM1,Gombe,gombe,18.824064,2.986805,12.970034,24.678094,1344,2,2018 DHS
Nigeria,2024,DHS,,,skilled_birth_attendance,ADM1,Gombe,gombe,37.866693,4.274215,29.489385,46.244001,405,3,2024 DHS
Nigeria,2013,DHS,,,skilled_birth_attendance,ADM1,Imo,imo,96.506313,1.65624,93.260142,99.752484,477,1,2013 DHS
Nigeria,2018,DHS,,,skilled_birth_attendance,ADM1,Imo,imo,98.200709,0.544311,97.133879,99.267539,728,2,2018 DHS
Nigeria,2024,DHS,,,skilled_birth_attendance,ADM1,Imo,imo,97.17509,1.382132,94.466162,99.884018,254,3,2024 DHS
Nigeria,2013,DHS,,,skilled_birth_attendance,ADM1,Jigawa,jigawa,7.607673,1.764532,4.149253,11.066093,1436,1,2013 DHS
Nigeria,2018,DHS,,,skilled_birth_attendance,ADM1,Jigawa,jigawa,20.925595,3.091111,14.867128,26.984061,1502,2,2018 DHS
Nigeria,2024,DHS,,,skilled_birth_attendance,ADM1,Jigawa,jigawa,24.565701,2.565054,19.538287,29.593114,543,3,2024 DHS
Nigeria,2013,DHS,,,skilled_birth_attendance,ADM1,Kaduna,kaduna,35.541855,7.417848,21.00314,50.080569,877,1,2013 DHS
Nigeria,2018,DHS,,,skilled_birth_attendance,ADM1,Kaduna,kaduna,26.492097,3.890587,18.866687,34.117507,1451,2,2018 DHS
Nigeria,2024,DHS,,,skilled_birth_attendance,ADM1,Kaduna,kaduna,35.592702,4.812702,26.15998,45.025424,521,3,2024 DHS
Nigeria,2013,DHS,,,skilled_birth_attendance,ADM1,Kano,kano,13.664534,1.661245,10.408553,16.920515,2158,1,2013 DHS
Nigeria,2018,DHS,,,skilled_birth_attendance,ADM1,Kano,kano,21.477015,2.474525,16.627035,26.326994,2037,2,2018 DHS
Nigeria,2024,DHS,,,skilled_birth_attendance,ADM1,Kano,kano,36.310688,3.235906,29.968428,42.652948,596,3,2024 DHS
Nigeria,2013,DHS,,,skilled_birth_attendance,ADM1,Katsina,katsina,7.656677,1.847074,4.036478,11.276876,1457,1,2013 DHS
Nigeria,2018,DHS,,,skilled_birth_attendance,ADM1,Katsina,katsina,18.943897,2.67235,13.706187,24.181607,1555,2,2018 DHS
Nigeria,2024,DHS,,,skilled_birth_attendance,ADM1,Katsina,katsina,19.061343,3.211275,12.767359,25.355327,436,3,2024 DHS
Nigeria,2013,DHS,,,skilled_birth_attendance,ADM1,Kebbi,kebbi,9.289672,1.810896,5.740381,12.838964,1195,1,2013 DHS
Nigeria,2018,DHS,,,skilled_birth_attendance,ADM1,Kebbi,kebbi,3.382671,0.567506,2.270379,4.494963,1397,2,2018 DHS
Nigeria,2024,DHS,,,skilled_birth_attendance,ADM1,Kebbi,kebbi,9.630897,1.666138,6.365327,12.896468,523,3,2024 DHS
Nigeria,2013,DHS,,,skilled_birth_attendance,ADM1,Kogi,kogi,70.862969,3.603424,63.800388,77.925549,489,1,2013 DHS
Nigeria,2018,DHS,,,skilled_birth_attendance,ADM1,Kogi,kogi,73.393762,3.914508,65.721466,81.066057,620,2,2018 DHS
Nigeria,2024,DHS,,,skilled_birth_attendance,ADM1,Kogi,kogi,61.130652,4.854775,51.615468,70.645836,284,3,2024 DHS
Nigeria,2013,DHS,,,skilled_birth_attendance,ADM1,Kwara,kwara,79.625584,5.650531,68.550746,90.700422,683,1,2013 DHS
Nigeria,2018,DHS,,,skilled_birth_attendance,ADM1,Kwara,kwara,62.143364,6.768849,48.876663,75.410065,694,2,2018 DHS
Nigeria,2024,DHS,,,skilled_birth_attendance,ADM1,Kwara,kwara,55.251795,8.563486,38.46767,72.03592,232,3,2024 DHS
Nigeria,2013,DHS,,,skilled_birth_attendance,ADM1,Lagos,lagos,87.224311,2.68314,81.965453,92.483168,949,1,2013 DHS
Nigeria,2018,DHS,,,skilled_birth_attendance,ADM1,Lagos,lagos,83.632993,3.049268,77.656537,89.609449,807,2,2018 DHS
Nigeria,2024,DHS,,,skilled_birth_attendance,ADM1,Lagos,lagos,86.619604,5.775253,75.300316,97.938891,191,3,2024 DHS
Nigeria,2013,DHS,,,skilled_birth_attendance,ADM1,Nasarawa,nasarawa,40.749299,3.155448,34.564735,46.933863,655,1,2013 DHS
Nigeria,2018,DHS,,,skilled_birth_attendance,ADM1,Nasarawa,nasarawa,57.258237,5.484858,46.508113,68.008362,834,2,2018 DHS
Nigeria,2024,DHS,,,skilled_birth_attendance,ADM1,Nasarawa,nasarawa,69.163098,4.498902,60.345412,77.980784,314,3,2024 DHS
Nigeria,2013,DHS,,,skilled_birth_attendance,ADM1,Niger,niger,28.574851,4.563919,19.629735,37.519968,956,1,2013 DHS
Nigeria,2018,DHS,,,skilled_birth_attendance,ADM1,Niger,niger,24.727487,2.310183,20.199611,29.255362,1219,2,2018 DHS
Nigeria,2024,DHS,,,skilled_birth_attendance,ADM1,Niger,niger,33.650897,4.763219,24.31516,42.986635,378,3,2024 DHS
Nigeria,2013,DHS,,,skilled_birth_attendance,ADM1,Ogun,ogun,84.748081,2.697398,79.461278,90.034884,536,1,2013 DHS
Nigeria,2018,DHS,,,skilled_birth_attendance,ADM1,Ogun,ogun,79.94278,4.009882,72.083555,87.802004,508,2,2018 DHS
Nigeria,2024,DHS,,,skilled_birth_attendance,ADM1,Ogun,ogun,82.637068,3.279343,76.209673,89.064463,213,3,2024 DHS
Nigeria,2013,DHS,,,skilled_birth_attendance,ADM1,Ondo,ondo,67.245071,8.153342,51.264814,83.225328,648,1,2013 DHS
Nigeria,2018,DHS,,,skilled_birth_attendance,ADM1,Ondo,ondo,86.12673,2.902084,80.43875,91.814709,542,2,2018 DHS
Nigeria,2024,DHS,,,skilled_birth_attendance,ADM1,Ondo,ondo,76.29587,5.788091,64.95142,87.64032,139,3,2024 DHS
Nigeria,2013,DHS,,,skilled_birth_attendance,ADM1,Osun,osun,94.219082,1.657738,90.969976,97.468188,558,1,2013 DHS
Nigeria,2018,DHS,,,skilled_birth_attendance,ADM1,Osun,osun,95.953949,1.288143,93.429235,98.478664,498,2,2018 DHS
Nigeria,2024,DHS,,,skilled_birth_attendance,ADM1,Osun,osun,91.657075,2.065069,87.609613,95.704536,151,3,2024 DHS
Nigeria,2013,DHS,,,skilled_birth_attendance,ADM1,Oyo,oyo,78.298509,7.45951,63.678138,92.91888,661,1,2013 DHS
Nigeria,2018,DHS,,,skilled_birth_attendance,ADM1,Oyo,oyo,84.632209,2.807026,79.130538,90.133879,656,2,2018 DHS
Nigeria,2024,DHS,,,skilled_birth_attendance,ADM1,Oyo,oyo,83.22699,4.513385,74.380918,92.073062,217,3,2024 DHS
Nigeria,2013,DHS,,,skilled_birth_attendance,ADM1,Plateau,plateau,35.831898,6.057981,23.958472,47.705323,670,1,2013 DHS
Nigeria,2018,DHS,,,skilled_birth_attendance,ADM1,Plateau,plateau,42.915351,4.712046,33.679911,52.150791,797,2,2018 DHS
Nigeria,2024,DHS,,,skilled_birth_attendance,ADM1,Plateau,plateau,50.070961,5.152793,39.971673,60.17025,346,3,2024 DHS
Nigeria,2013,DHS,,,skilled_birth_attendance,ADM1,Rivers,rivers,63.357764,5.04256,53.474528,73.241,537,1,2013 DHS
Nigeria,2018,DHS,,,skilled_birth_attendance,ADM1,Rivers,rivers,78.255425,3.152552,72.076536,84.434313,667,2,2018 DHS
Nigeria,2024,DHS,,,skilled_birth_attendance,ADM1,Rivers,rivers,91.559055,2.803062,86.065154,97.052956,205,3,2024 DHS
Nigeria,2013,DHS,,,skilled_birth_attendance,ADM1,Sokoto,sokoto,5.38473,0.721359,3.970892,6.798568,1361,1,2013 DHS
Nigeria,2018,DHS,,,skilled_birth_attendance,ADM1,Sokoto,sokoto,9.175924,2.067955,5.122807,13.229041,1137,2,2018 DHS
Nigeria,2024,DHS,,,skilled_birth_attendance,ADM1,Sokoto,sokoto,12.427984,3.079685,6.391913,18.464056,449,3,2024 DHS
Nigeria,2013,DHS,,,skilled_birth_attendance,ADM1,Taraba,taraba,14.277569,3.585171,7.250764,21.304375,1246,1,2013 DHS
Nigeria,2018,DHS,,,skilled_birth_attendance,ADM1,Taraba,taraba,30.408479,3.428314,23.689107,37.127851,1112,2,2018 DHS
Nigeria,2024,DHS,,,skilled_birth_attendance,ADM1,Taraba,taraba,33.790406,5.741455,22.537362,45.04345,277,3,2024 DHS
Nigeria,2013,DHS,,,skilled_birth_attendance,ADM1,Yobe,yobe,10.198033,3.442872,3.450128,16.945938,1076,1,2013 DHS
Nigeria,2018,DHS,,,skilled_birth_attendance,ADM1,Yobe,yobe,17.837617,4.475268,9.066253,26.608981,1252,2,2018 DHS
Nigeria,2024,DHS,,,skilled_birth_attendance,ADM1,Yobe,yobe,35.377623,4.912907,25.748503,45.006743,474,3,2024 DHS
Nigeria,2013,DHS,,,skilled_birth_attendance,ADM1,Zamfara,zamfara,6.051993,1.364787,3.37706,8.726926,1422,1,2013 DHS
Nigeria,2018,DHS,,,skilled_birth_attendance,ADM1,Zamfara,zamfara,12.524824,4.140197,4.410187,20.63946,1226,2,2018 DHS
Nigeria,2024,DHS,,,skilled_birth_attendance,ADM1,Zamfara,zamfara,13.175514,4.347104,4.655347,21.69568,303,3,2024 DHS
DRC,2013,DHS,DRC_2013_DHS_child,children_under5,severe_stunting,ADM1,Bas-Uele,bas uele,15.20134678,15.20134678,9.053689304,21.34900426,220,1,2013 DHS
DRC,2024,DHS,DRC_2024_DHS_child,children_under5,severe_stunting,ADM1,Bas-Uele,bas uele,26.17499067,26.17499067,16.99602037,35.35396096,388,2,2024 DHS
DRC,2013,DHS,DRC_2013_DHS_child,children_under5,severe_stunting,ADM1,Equateur,equateur,6.102604365,6.102604365,-0.184053853,12.38926258,265,1,2013 DHS
DRC,2024,DHS,DRC_2024_DHS_child,children_under5,severe_stunting,ADM1,Equateur,equateur,17.86740384,17.86740384,13.26902049,22.46578718,432,2,2024 DHS
DRC,2013,DHS,DRC_2013_DHS_child,children_under5,severe_stunting,ADM1,Haut-Katanga,haut katanga,21.06044205,21.06044205,13.95934361,28.16154049,295,1,2013 DHS
DRC,2024,DHS,DRC_2024_DHS_child,children_under5,severe_stunting,ADM1,Haut-Katanga,haut katanga,20.37143111,20.37143111,16.05324887,24.68961336,522,2,2024 DHS
DRC,2013,DHS,DRC_2013_DHS_child,children_under5,severe_stunting,ADM1,Haut-Lomami,haut lomami,29.00144773,29.00144773,24.38147911,33.62141634,296,1,2013 DHS
DRC,2024,DHS,DRC_2024_DHS_child,children_under5,severe_stunting,ADM1,Haut-Lomami,haut lomami,24.57449665,24.57449665,20.30069284,28.84830046,559,2,2024 DHS
DRC,2013,DHS,DRC_2013_DHS_child,children_under5,severe_stunting,ADM1,Haut-Uele,haut uele,24.36034826,24.36034826,17.21079882,31.5098977,226,1,2013 DHS
DRC,2024,DHS,DRC_2024_DHS_child,children_under5,severe_stunting,ADM1,Haut-Uele,haut uele,22.19575929,22.19575929,13.45451181,30.93700678,286,2,2024 DHS
DRC,2013,DHS,DRC_2013_DHS_child,children_under5,severe_stunting,ADM1,Ituri,ituri,26.31499884,26.31499884,17.65254627,34.97745142,278,1,2013 DHS
DRC,2024,DHS,DRC_2024_DHS_child,children_under5,severe_stunting,ADM1,Ituri,ituri,25.81275203,25.81275203,20.67291653,30.95258752,497,2,2024 DHS
DRC,2013,DHS,DRC_2013_DHS_child,children_under5,severe_stunting,ADM1,Kasai,kasai,35.26488947,35.26488947,27.93099281,42.59878613,401,1,2013 DHS
DRC,2024,DHS,DRC_2024_DHS_child,children_under5,severe_stunting,ADM1,Kasai,kasai,22.68930536,22.68930536,15.97442546,29.40418526,561,2,2024 DHS
DRC,2013,DHS,DRC_2013_DHS_child,children_under5,severe_stunting,ADM1,Kasai-Central,kasai central,26.09258329,26.09258329,19.33440346,32.85076312,393,1,2013 DHS
DRC,2024,DHS,DRC_2024_DHS_child,children_under5,severe_stunting,ADM1,Kasai-Central,kasai central,27.91107931,27.91107931,23.32735655,32.49480208,614,2,2024 DHS
DRC,2013,DHS,DRC_2013_DHS_child,children_under5,severe_stunting,ADM1,Kasai-Oriental,kasai oriental,16.93829547,16.93829547,13.03042373,20.84616722,332,1,2013 DHS
DRC,2024,DHS,DRC_2024_DHS_child,children_under5,severe_stunting,ADM1,Kasai-Oriental,kasai oriental,22.94068492,22.94068492,15.55786432,30.32350552,413,2,2024 DHS
DRC,2013,DHS,DRC_2013_DHS_child,children_under5,severe_stunting,ADM1,Kinshasa,kinshasa,5.668649884,5.668649884,3.516807455,7.820492313,471,1,2013 DHS
DRC,2024,DHS,DRC_2024_DHS_child,children_under5,severe_stunting,ADM1,Kinshasa,kinshasa,2.999368133,2.999368133,1.006332979,4.992403286,325,2,2024 DHS
DRC,2013,DHS,DRC_2013_DHS_child,children_under5,severe_stunting,ADM1,Kongo Central,kongo central,24.68875833,24.68875833,15.20960566,34.167911,407,1,2013 DHS
DRC,2024,DHS,DRC_2024_DHS_child,children_under5,severe_stunting,ADM1,Kongo Central,kongo central,23.20007126,23.20007126,18.24515515,28.15498737,324,2,2024 DHS
DRC,2013,DHS,DRC_2013_DHS_child,children_under5,severe_stunting,ADM1,Kwango,kwango,25.42488698,25.42488698,20.90675531,29.94301865,416,1,2013 DHS
DRC,2024,DHS,DRC_2024_DHS_child,children_under5,severe_stunting,ADM1,Kwango,kwango,32.80153486,32.80153486,26.98933764,38.61373208,433,2,2024 DHS
DRC,2013,DHS,DRC_2013_DHS_child,children_under5,severe_stunting,ADM1,Kwilu,kwilu,15.23871953,15.23871953,11.22566859,19.25177048,449,1,2013 DHS
DRC,2024,DHS,DRC_2024_DHS_child,children_under5,severe_stunting,ADM1,Kwilu,kwilu,17.72153826,17.72153826,10.64661385,24.79646267,407,2,2024 DHS
DRC,2013,DHS,DRC_2013_DHS_child,children_under5,severe_stunting,ADM1,Lomami,lomami,32.32980807,32.32980807,26.9289944,37.73062173,404,1,2013 DHS
DRC,2024,DHS,DRC_2024_DHS_child,children_under5,severe_stunting,ADM1,Lomami,lomami,21.84624688,21.84624688,17.666622,26.02587177,505,2,2024 DHS
DRC,2013,DHS,DRC_2013_DHS_child,children_under5,severe_stunting,ADM1,Lualaba,lualaba,17.66322399,17.66322399,12.28797595,23.03847204,228,1,2013 DHS
DRC,2024,DHS,DRC_2024_DHS_child,children_under5,severe_stunting,ADM1,Lualaba,lualaba,24.73054264,24.73054264,18.08892071,31.37216458,570,2,2024 DHS
DRC,2013,DHS,DRC_2013_DHS_child,children_under5,severe_stunting,ADM1,Mai-Ndombe,mai ndombe,13.37249781,13.37249781,6.769085686,19.97590994,318,1,2013 DHS
DRC,2024,DHS,DRC_2024_DHS_child,children_under5,severe_stunting,ADM1,Mai-Ndombe,mai ndombe,18.33565125,18.33565125,14.03740456,22.63389795,303,2,2024 DHS
DRC,2013,DHS,DRC_2013_DHS_child,children_under5,severe_stunting,ADM1,Maniema,maniema,20.65568332,20.65568332,12.0723885,29.23897815,419,1,2013 DHS
DRC,2024,DHS,DRC_2024_DHS_child,children_under5,severe_stunting,ADM1,Maniema,maniema,29.30001581,29.30001581,24.73979535,33.86023627,503,2,2024 DHS
DRC,2013,DHS,DRC_2013_DHS_child,children_under5,severe_stunting,ADM1,Mongala,mongala,23.67242034,23.67242034,19.87735152,27.46748915,322,1,2013 DHS
DRC,2024,DHS,DRC_2024_DHS_child,children_under5,severe_stunting,ADM1,Mongala,mongala,15.4944302,15.4944302,11.59150243,19.39735797,474,2,2024 DHS
DRC,2013,DHS,DRC_2013_DHS_child,children_under5,severe_stunting,ADM1,Nord-Kivu,nord kivu,28.92076222,28.92076222,22.58038649,35.26113794,513,1,2013 DHS
DRC,2024,DHS,DRC_2024_DHS_child,children_under5,severe_stunting,ADM1,Nord-Kivu,nord kivu,33.92203562,33.92203562,25.85160099,41.99247025,507,2,2024 DHS
DRC,2013,DHS,DRC_2013_DHS_child,children_under5,severe_stunting,ADM1,Nord-Ubangi,nord ubangi,19.18969349,19.18969349,13.21247622,25.16691075,282,1,2013 DHS
DRC,2024,DHS,DRC_2024_DHS_child,children_under5,severe_stunting,ADM1,Nord-Ubangi,nord ubangi,24.14130661,24.14130661,19.49663705,28.78597617,463,2,2024 DHS
DRC,2013,DHS,DRC_2013_DHS_child,children_under5,severe_stunting,ADM1,Sankuru,sankuru,23.5119976,23.5119976,16.72810932,30.29588588,314,1,2013 DHS
DRC,2024,DHS,DRC_2024_DHS_child,children_under5,severe_stunting,ADM1,Sankuru,sankuru,21.95943905,21.95943905,16.55094391,27.3679342,415,2,2024 DHS
DRC,2013,DHS,DRC_2013_DHS_child,children_under5,severe_stunting,ADM1,Sud-Kivu,sud kivu,34.33563111,34.33563111,25.27405809,43.39720413,507,1,2013 DHS
DRC,2024,DHS,DRC_2024_DHS_child,children_under5,severe_stunting,ADM1,Sud-Kivu,sud kivu,24.05102691,24.05102691,17.57325656,30.52879725,631,2,2024 DHS
DRC,2013,DHS,DRC_2013_DHS_child,children_under5,severe_stunting,ADM1,Sud-Ubangi,sud ubangi,20.77985681,20.77985681,14.09696904,27.46274458,319,1,2013 DHS
DRC,2024,DHS,DRC_2024_DHS_child,children_under5,severe_stunting,ADM1,Sud-Ubangi,sud ubangi,28.37660065,28.37660065,24.67519093,32.07801037,569,2,2024 DHS
DRC,2013,DHS,DRC_2013_DHS_child,children_under5,severe_stunting,ADM1,Tanganyika,tanganyika,26.2635888,26.2635888,20.23608459,32.29109301,310,1,2013 DHS
DRC,2024,DHS,DRC_2024_DHS_child,children_under5,severe_stunting,ADM1,Tanganyika,tanganyika,24.69984055,24.69984055,20.78208136,28.61759974,441,2,2024 DHS
DRC,2013,DHS,DRC_2013_DHS_child,children_under5,severe_stunting,ADM1,Tshopo,tshopo,26.71571253,26.71571253,17.457707,35.97371805,272,1,2013 DHS
DRC,2024,DHS,DRC_2024_DHS_child,children_under5,severe_stunting,ADM1,Tshopo,tshopo,24.36485002,24.36485002,17.65094057,31.07875946,423,2,2024 DHS
DRC,2013,DHS,DRC_2013_DHS_child,children_under5,severe_stunting,ADM1,Tshuapa,tshuapa,26.43317702,26.43317702,20.94090809,31.92544596,227,1,2013 DHS
DRC,2024,DHS,DRC_2024_DHS_child,children_under5,severe_stunting,ADM1,Tshuapa,tshuapa,20.8815509,20.8815509,14.28198425,27.48111756,405,2,2024 DHS
DRC,2013,DHS,DRC_2013_DHS_child,children_under5,severe_wasting,ADM1,Bas-Uele,bas uele,2.159583599,2.159583599,-0.183065362,4.502232561,220,1,2013 DHS
DRC,2024,DHS,DRC_2024_DHS_child,children_under5,severe_wasting,ADM1,Bas-Uele,bas uele,5.999780588,5.999780588,3.316324499,8.683236676,387,2,2024 DHS
DRC,2013,DHS,DRC_2013_DHS_child,children_under5,severe_wasting,ADM1,Equateur,equateur,0.630143918,0.630143918,-0.482649287,1.742937124,265,1,2013 DHS
DRC,2024,DHS,DRC_2024_DHS_child,children_under5,severe_wasting,ADM1,Equateur,equateur,0.876691271,0.876691271,-0.161226154,1.914608697,436,2,2024 DHS
DRC,2013,DHS,DRC_2013_DHS_child,children_under5,severe_wasting,ADM1,Haut-Katanga,haut katanga,1.165810291,1.165810291,-0.0179829,2.349603481,295,1,2013 DHS
DRC,2024,DHS,DRC_2024_DHS_child,children_under5,severe_wasting,ADM1,Haut-Katanga,haut katanga,1.572126211,1.572126211,0.166375944,2.977876478,525,2,2024 DHS
DRC,2013,DHS,DRC_2013_DHS_child,children_under5,severe_wasting,ADM1,Haut-Lomami,haut lomami,1.466068292,1.466068292,0.095496202,2.836640383,296,1,2013 DHS
DRC,2024,DHS,DRC_2024_DHS_child,children_under5,severe_wasting,ADM1,Haut-Lomami,haut lomami,3.386685175,3.386685175,1.783247102,4.990123248,566,2,2024 DHS
DRC,2013,DHS,DRC_2013_DHS_child,children_under5,severe_wasting,ADM1,Haut-Uele,haut uele,3.979948642,3.979948642,-0.518237218,8.478134502,226,1,2013 DHS
DRC,2024,DHS,DRC_2024_DHS_child,children_under5,severe_wasting,ADM1,Haut-Uele,haut uele,0.40414691,0.40414691,-0.07500874,0.88330256,289,2,2024 DHS
DRC,2013,DHS,DRC_2013_DHS_child,children_under5,severe_wasting,ADM1,Ituri,ituri,7.120111255,7.120111255,2.901793687,11.33842882,278,1,2013 DHS
DRC,2024,DHS,DRC_2024_DHS_child,children_under5,severe_wasting,ADM1,Ituri,ituri,1.637038338,1.637038338,0.26062292,3.013453756,520,2,2024 DHS
DRC,2013,DHS,DRC_2013_DHS_child,children_under5,severe_wasting,ADM1,Kasai,kasai,1.932287431,1.932287431,0.237953087,3.626621775,401,1,2013 DHS
DRC,2024,DHS,DRC_2024_DHS_child,children_under5,severe_wasting,ADM1,Kasai,kasai,4.928139512,4.928139512,1.079039157,8.777239866,568,2,2024 DHS
DRC,2013,DHS,DRC_2013_DHS_child,children_under5,severe_wasting,ADM1,Kasai-Central,kasai central,0.709225927,0.709225927,-0.282695793,1.701147647,393,1,2013 DHS
DRC,2024,DHS,DRC_2024_DHS_child,children_under5,severe_wasting,ADM1,Kasai-Central,kasai central,1.015266297,1.015266297,-0.077346852,2.107879447,626,2,2024 DHS
DRC,2013,DHS,DRC_2013_DHS_child,children_under5,severe_wasting,ADM1,Kasai-Oriental,kasai oriental,3.382728017,3.382728017,1.121957435,5.643498599,332,1,2013 DHS
DRC,2024,DHS,DRC_2024_DHS_child,children_under5,severe_wasting,ADM1,Kasai-Oriental,kasai oriental,0.784251002,0.784251002,0.029356962,1.539145043,424,2,2024 DHS
DRC,2013,DHS,DRC_2013_DHS_child,children_under5,severe_wasting,ADM1,Kinshasa,kinshasa,0.690802219,0.690802219,-0.069793268,1.451397707,471,1,2013 DHS
DRC,2024,DHS,DRC_2024_DHS_child,children_under5,severe_wasting,ADM1,Kinshasa,kinshasa,0.489856968,0.489856968,-0.191086711,1.170800647,325,2,2024 DHS
DRC,2013,DHS,DRC_2013_DHS_child,children_under5,severe_wasting,ADM1,Kongo Central,kongo central,2.864844284,2.864844284,0.764632184,4.965056385,407,1,2013 DHS
DRC,2024,DHS,DRC_2024_DHS_child,children_under5,severe_wasting,ADM1,Kongo Central,kongo central,2.896914549,2.896914549,0.434375429,5.359453669,331,2,2024 DHS
DRC,2013,DHS,DRC_2013_DHS_child,children_under5,severe_wasting,ADM1,Kwango,kwango,3.89479033,3.89479033,1.836987543,5.952593116,416,1,2013 DHS
DRC,2024,DHS,DRC_2024_DHS_child,children_under5,severe_wasting,ADM1,Kwango,kwango,2.620012038,2.620012038,1.199563191,4.040460884,440,2,2024 DHS
DRC,2013,DHS,DRC_2013_DHS_child,children_under5,severe_wasting,ADM1,Kwilu,kwilu,1.19337338,1.19337338,0.020266407,2.366480353,449,1,2013 DHS
DRC,2024,DHS,DRC_2024_DHS_child,children_under5,severe_wasting,ADM1,Kwilu,kwilu,2.399364287,2.399364287,0.537493805,4.261234768,416,2,2024 DHS
DRC,2013,DHS,DRC_2013_DHS_child,children_under5,severe_wasting,ADM1,Lomami,lomami,1.440232021,1.440232021,0.195206076,2.685257966,404,1,2013 DHS
DRC,2024,DHS,DRC_2024_DHS_child,children_under5,severe_wasting,ADM1,Lomami,lomami,2.105936577,2.105936577,0.474399496,3.737473657,505,2,2024 DHS
DRC,2013,DHS,DRC_2013_DHS_child,children_under5,severe_wasting,ADM1,Lualaba,lualaba,3.052688861,3.052688861,0.292163259,5.813214464,228,1,2013 DHS
DRC,2024,DHS,DRC_2024_DHS_child,children_under5,severe_wasting,ADM1,Lualaba,lualaba,2.51283592,2.51283592,-0.195212919,5.220884759,571,2,2024 DHS
DRC,2013,DHS,DRC_2013_DHS_child,children_under5,severe_wasting,ADM1,Mai-Ndombe,mai ndombe,6.415072188,6.415072188,1.546836901,11.28330748,318,1,2013 DHS
DRC,2024,DHS,DRC_2024_DHS_child,children_under5,severe_wasting,ADM1,Mai-Ndombe,mai ndombe,2.178639466,2.178639466,0.232247358,4.125031575,306,2,2024 DHS
DRC,2013,DHS,DRC_2013_DHS_child,children_under5,severe_wasting,ADM1,Maniema,maniema,8.590639927,8.590639927,4.551200597,12.63007926,419,1,2013 DHS
DRC,2024,DHS,DRC_2024_DHS_child,children_under5,severe_wasting,ADM1,Maniema,maniema,2.830792729,2.830792729,0.850586819,4.81099864,517,2,2024 DHS
DRC,2013,DHS,DRC_2013_DHS_child,children_under5,severe_wasting,ADM1,Mongala,mongala,2.520458298,2.520458298,0.058187869,4.982728727,322,1,2013 DHS
DRC,2024,DHS,DRC_2024_DHS_child,children_under5,severe_wasting,ADM1,Mongala,mongala,1.230752047,1.230752047,0.087421696,2.374082399,481,2,2024 DHS
DRC,2013,DHS,DRC_2013_DHS_child,children_under5,severe_wasting,ADM1,Nord-Kivu,nord kivu,1.739594294,1.739594294,0.383098632,3.096089955,513,1,2013 DHS
DRC,2024,DHS,DRC_2024_DHS_child,children_under5,severe_wasting,ADM1,Nord-Kivu,nord kivu,1.248378757,1.248378757,-0.240276788,2.737034303,536,2,2024 DHS
DRC,2013,DHS,DRC_2013_DHS_child,children_under5,severe_wasting,ADM1,Nord-Ubangi,nord ubangi,0.392138609,0.392138609,-0.140761248,0.925038466,282,1,2013 DHS
DRC,2024,DHS,DRC_2024_DHS_child,children_under5,severe_wasting,ADM1,Nord-Ubangi,nord ubangi,1.645421073,1.645421073,0.285574415,3.005267732,470,2,2024 DHS
DRC,2013,DHS,DRC_2013_DHS_child,children_under5,severe_wasting,ADM1,Sankuru,sankuru,4.142448839,4.142448839,0.371502741,7.913394936,314,1,2013 DHS
DRC,2024,DHS,DRC_2024_DHS_child,children_under5,severe_wasting,ADM1,Sankuru,sankuru,1.70136213,1.70136213,0.315458198,3.087266062,420,2,2024 DHS
DRC,2013,DHS,DRC_2013_DHS_child,children_under5,severe_wasting,ADM1,Sud-Kivu,sud kivu,3.056017826,3.056017826,1.398429491,4.713606162,507,1,2013 DHS
DRC,2024,DHS,DRC_2024_DHS_child,children_under5,severe_wasting,ADM1,Sud-Kivu,sud kivu,1.308272758,1.308272758,0.167063064,2.449482451,664,2,2024 DHS
DRC,2013,DHS,DRC_2013_DHS_child,children_under5,severe_wasting,ADM1,Sud-Ubangi,sud ubangi,1.939284616,1.939284616,0.316239826,3.562329406,319,1,2013 DHS
DRC,2024,DHS,DRC_2024_DHS_child,children_under5,severe_wasting,ADM1,Sud-Ubangi,sud ubangi,1.010181713,1.010181713,0.172942533,1.847420893,582,2,2024 DHS
DRC,2013,DHS,DRC_2013_DHS_child,children_under5,severe_wasting,ADM1,Tanganyika,tanganyika,3.754569488,3.754569488,0.511601339,6.997537637,310,1,2013 DHS
DRC,2024,DHS,DRC_2024_DHS_child,children_under5,severe_wasting,ADM1,Tanganyika,tanganyika,0.753372285,0.753372285,-0.077973202,1.584717772,441,2,2024 DHS
DRC,2013,DHS,DRC_2013_DHS_child,children_under5,severe_wasting,ADM1,Tshopo,tshopo,2.374882035,2.374882035,0.101078143,4.648685926,272,1,2013 DHS
DRC,2024,DHS,DRC_2024_DHS_child,children_under5,severe_wasting,ADM1,Tshopo,tshopo,3.170830232,3.170830232,0.689580215,5.65208025,428,2,2024 DHS
DRC,2013,DHS,DRC_2013_DHS_child,children_under5,severe_wasting,ADM1,Tshuapa,tshuapa,2.384714657,2.384714657,0.318229988,4.451199325,227,1,2013 DHS
DRC,2024,DHS,DRC_2024_DHS_child,children_under5,severe_wasting,ADM1,Tshuapa,tshuapa,3.365611457,3.365611457,1.608962644,5.12226027,416,2,2024 DHS
DRC,2013,DHS,DRC_2013_DHS_child,children_under5,stunting,ADM1,Bas-Uele,bas uele,43.11031621,3.64742506,35.96149445,50.25913796,220,1,2013 DHS
DRC,2024,DHS,DRC_2024_DHS_child,children_under5,stunting,ADM1,Bas-Uele,bas uele,47.18481786,2.572181308,42.14343514,52.22620059,388,2,2024 DHS
DRC,2013,DHS,DRC_2013_DHS_child,children_under5,stunting,ADM1,Equateur,equateur,23.05647366,4.777446477,13.69285062,32.42009669,265,1,2013 DHS
DRC,2024,DHS,DRC_2024_DHS_child,children_under5,stunting,ADM1,Equateur,equateur,34.84384453,4.278912408,26.45733032,43.23035875,432,2,2024 DHS
DRC,2013,DHS,DRC_2013_DHS_child,children_under5,stunting,ADM1,Haut-Katanga,haut katanga,40.38118835,4.89108211,30.79484357,49.96753313,295,1,2013 DHS
DRC,2024,DHS,DRC_2024_DHS_child,children_under5,stunting,ADM1,Haut-Katanga,haut katanga,44.09813642,4.363018309,35.54677767,52.64949517,522,2,2024 DHS
DRC,2013,DHS,DRC_2013_DHS_child,children_under5,stunting,ADM1,Haut-Lomami,haut lomami,49.50768817,2.30926867,44.98160475,54.0337716,296,1,2013 DHS
DRC,2024,DHS,DRC_2024_DHS_child,children_under5,stunting,ADM1,Haut-Lomami,haut lomami,45.45767727,2.779469402,40.01001734,50.90533719,559,2,2024 DHS
DRC,2013,DHS,DRC_2013_DHS_child,children_under5,stunting,ADM1,Haut-Uele,haut uele,40.70206443,5.370509469,30.17605929,51.22806956,226,1,2013 DHS
DRC,2024,DHS,DRC_2024_DHS_child,children_under5,stunting,ADM1,Haut-Uele,haut uele,34.45720663,6.784703584,21.15943196,47.7549813,286,2,2024 DHS
DRC,2013,DHS,DRC_2013_DHS_child,children_under5,stunting,ADM1,Ituri,ituri,44.51754731,2.542919302,39.53351706,49.50157755,278,1,2013 DHS
DRC,2024,DHS,DRC_2024_DHS_child,children_under5,stunting,ADM1,Ituri,ituri,51.20224492,4.763249836,41.86644679,60.53804304,497,2,2024 DHS
DRC,2013,DHS,DRC_2013_DHS_child,children_under5,stunting,ADM1,Kasai,kasai,57.94704437,2.677396512,52.69944364,63.19464511,401,1,2013 DHS
DRC,2024,DHS,DRC_2024_DHS_child,children_under5,stunting,ADM1,Kasai,kasai,42.35279844,3.840770554,34.82502648,49.8805704,561,2,2024 DHS
DRC,2013,DHS,DRC_2013_DHS_child,children_under5,stunting,ADM1,Kasai-Central,kasai central,46.80004438,4.376352613,38.22255088,55.37753789,393,1,2013 DHS
DRC,2024,DHS,DRC_2024_DHS_child,children_under5,stunting,ADM1,Kasai-Central,kasai central,52.50362825,2.521572922,47.56143614,57.44582036,614,2,2024 DHS
DRC,2013,DHS,DRC_2013_DHS_child,children_under5,stunting,ADM1,Kasai-Oriental,kasai oriental,37.77465712,2.963615413,31.96607765,43.58323659,332,1,2013 DHS
DRC,2024,DHS,DRC_2024_DHS_child,children_under5,stunting,ADM1,Kasai-Oriental,kasai oriental,46.12783962,3.875610047,38.53178351,53.72389573,413,2,2024 DHS
DRC,2013,DHS,DRC_2013_DHS_child,children_under5,stunting,ADM1,Kinshasa,kinshasa,17.30254284,2.827322126,11.7610933,22.84399238,471,1,2013 DHS
DRC,2024,DHS,DRC_2024_DHS_child,children_under5,stunting,ADM1,Kinshasa,kinshasa,14.17127149,2.24194374,9.777142507,18.56540048,325,2,2024 DHS
DRC,2013,DHS,DRC_2013_DHS_child,children_under5,stunting,ADM1,Kongo Central,kongo central,45.91289623,6.492654346,33.18752755,58.63826491,407,1,2013 DHS
DRC,2024,DHS,DRC_2024_DHS_child,children_under5,stunting,ADM1,Kongo Central,kongo central,45.45487999,3.499718055,38.59555865,52.31420134,324,2,2024 DHS
DRC,2013,DHS,DRC_2013_DHS_child,children_under5,stunting,ADM1,Kwango,kwango,45.62013585,4.330335939,37.13283337,54.10743833,416,1,2013 DHS
DRC,2024,DHS,DRC_2024_DHS_child,children_under5,stunting,ADM1,Kwango,kwango,59.49287478,2.81253514,53.9804072,65.00534236,433,2,2024 DHS
DRC,2013,DHS,DRC_2013_DHS_child,children_under5,stunting,ADM1,Kwilu,kwilu,38.88026913,2.688447533,33.61100879,44.14952947,449,1,2013 DHS
DRC,2024,DHS,DRC_2024_DHS_child,children_under5,stunting,ADM1,Kwilu,kwilu,46.19723911,2.831707984,40.64719344,51.74728477,407,2,2024 DHS
DRC,2013,DHS,DRC_2013_DHS_child,children_under5,stunting,ADM1,Lomami,lomami,51.12123434,2.336441576,46.54189299,55.70057568,404,1,2013 DHS
DRC,2024,DHS,DRC_2024_DHS_child,children_under5,stunting,ADM1,Lomami,lomami,40.0427793,3.08140864,34.00332934,46.08222925,505,2,2024 DHS
DRC,2013,DHS,DRC_2013_DHS_child,children_under5,stunting,ADM1,Lualaba,lualaba,42.10642968,2.520015993,37.16728909,47.04557027,228,1,2013 DHS
DRC,2024,DHS,DRC_2024_DHS_child,children_under5,stunting,ADM1,Lualaba,lualaba,50.91312943,5.206360764,40.70884985,61.11740902,570,2,2024 DHS
DRC,2013,DHS,DRC_2013_DHS_child,children_under5,stunting,ADM1,Mai-Ndombe,mai ndombe,32.00111516,2.133043817,27.8204261,36.18180421,318,1,2013 DHS
DRC,2024,DHS,DRC_2024_DHS_child,children_under5,stunting,ADM1,Mai-Ndombe,mai ndombe,38.73723266,3.033242653,32.79218631,44.68227902,303,2,2024 DHS
DRC,2013,DHS,DRC_2013_DHS_child,children_under5,stunting,ADM1,Maniema,maniema,46.37493625,4.241469989,38.06180783,54.68806467,419,1,2013 DHS
DRC,2024,DHS,DRC_2024_DHS_child,children_under5,stunting,ADM1,Maniema,maniema,56.68288798,3.514258021,49.79506882,63.57070713,503,2,2024 DHS
DRC,2013,DHS,DRC_2013_DHS_child,children_under5,stunting,ADM1,Mongala,mongala,40.87786928,2.800639156,35.3887174,46.36702116,322,1,2013 DHS
DRC,2024,DHS,DRC_2024_DHS_child,children_under5,stunting,ADM1,Mongala,mongala,43.10301234,4.721303083,33.84942834,52.35659634,474,2,2024 DHS
DRC,2013,DHS,DRC_2013_DHS_child,children_under5,stunting,ADM1,Nord-Kivu,nord kivu,52.01143425,3.934429158,44.3000948,59.7227737,513,1,2013 DHS
DRC,2024,DHS,DRC_2024_DHS_child,children_under5,stunting,ADM1,Nord-Kivu,nord kivu,55.87250682,5.053477854,45.96787223,65.77714141,507,2,2024 DHS
DRC,2013,DHS,DRC_2013_DHS_child,children_under5,stunting,ADM1,Nord-Ubangi,nord ubangi,41.52565625,3.987151834,33.71098226,49.34033025,282,1,2013 DHS
DRC,2024,DHS,DRC_2024_DHS_child,children_under5,stunting,ADM1,Nord-Ubangi,nord ubangi,50.33094742,4.556845329,41.39969469,59.26220015,463,2,2024 DHS
DRC,2013,DHS,DRC_2013_DHS_child,children_under5,stunting,ADM1,Sankuru,sankuru,50.07632825,3.800825275,42.6268476,57.5258089,314,1,2013 DHS
DRC,2024,DHS,DRC_2024_DHS_child,children_under5,stunting,ADM1,Sankuru,sankuru,42.67676571,1.641456642,39.45956981,45.89396161,415,2,2024 DHS
DRC,2013,DHS,DRC_2013_DHS_child,children_under5,stunting,ADM1,Sud-Kivu,sud kivu,53.02831448,3.964639696,45.25776346,60.79886549,507,1,2013 DHS
DRC,2024,DHS,DRC_2024_DHS_child,children_under5,stunting,ADM1,Sud-Kivu,sud kivu,47.98986633,5.145498779,37.90487404,58.07485862,631,2,2024 DHS
DRC,2013,DHS,DRC_2013_DHS_child,children_under5,stunting,ADM1,Sud-Ubangi,sud ubangi,40.79534011,2.984079329,34.9466521,46.64402813,319,1,2013 DHS
DRC,2024,DHS,DRC_2024_DHS_child,children_under5,stunting,ADM1,Sud-Ubangi,sud ubangi,53.61955939,2.693467676,48.34045975,58.89865903,569,2,2024 DHS
DRC,2013,DHS,DRC_2013_DHS_child,children_under5,stunting,ADM1,Tanganyika,tanganyika,50.99396916,3.884677875,43.38014043,58.60779789,310,1,2013 DHS
DRC,2024,DHS,DRC_2024_DHS_child,children_under5,stunting,ADM1,Tanganyika,tanganyika,45.85825864,3.487181442,39.02350861,52.69300868,441,2,2024 DHS
DRC,2013,DHS,DRC_2013_DHS_child,children_under5,stunting,ADM1,Tshopo,tshopo,42.37677407,4.808637487,32.95201778,51.80153036,272,1,2013 DHS
DRC,2024,DHS,DRC_2024_DHS_child,children_under5,stunting,ADM1,Tshopo,tshopo,45.03775249,4.096673947,37.00841909,53.06708588,423,2,2024 DHS
DRC,2013,DHS,DRC_2013_DHS_child,children_under5,stunting,ADM1,Tshuapa,tshuapa,47.76114581,3.01065748,41.86036558,53.66192604,227,1,2013 DHS
DRC,2024,DHS,DRC_2024_DHS_child,children_under5,stunting,ADM1,Tshuapa,tshuapa,44.02110543,3.365403598,37.42503558,50.61717527,405,2,2024 DHS
DRC,2013,DHS,DRC_2013_DHS_child,children_under5,wasting,ADM1,Bas-Uele,bas uele,6.110987695,2.117420033,1.96092069,10.2610547,220,1,2013 DHS
DRC,2024,DHS,DRC_2024_DHS_child,children_under5,wasting,ADM1,Bas-Uele,bas uele,13.33877398,2.272636098,8.884489081,17.79305889,387,2,2024 DHS
DRC,2013,DHS,DRC_2013_DHS_child,children_under5,wasting,ADM1,Equateur,equateur,4.527261501,2.262455037,0.092931111,8.96159189,265,1,2013 DHS
DRC,2024,DHS,DRC_2024_DHS_child,children_under5,wasting,ADM1,Equateur,equateur,7.356872998,2.057882313,3.32349778,11.39024822,436,2,2024 DHS
DRC,2013,DHS,DRC_2013_DHS_child,children_under5,wasting,ADM1,Haut-Katanga,haut katanga,5.920754654,1.57414595,2.835485285,9.006024023,295,1,2013 DHS
DRC,2024,DHS,DRC_2024_DHS_child,children_under5,wasting,ADM1,Haut-Katanga,haut katanga,5.320855323,1.576968834,2.230053204,8.411657441,525,2,2024 DHS
DRC,2013,DHS,DRC_2013_DHS_child,children_under5,wasting,ADM1,Haut-Lomami,haut lomami,9.896619583,2.151671156,5.679421612,14.11381755,296,1,2013 DHS
DRC,2024,DHS,DRC_2024_DHS_child,children_under5,wasting,ADM1,Haut-Lomami,haut lomami,8.39330609,1.032699649,6.369251972,10.41736021,566,2,2024 DHS
DRC,2013,DHS,DRC_2013_DHS_child,children_under5,wasting,ADM1,Haut-Uele,haut uele,7.553601321,2.947520869,1.776566574,13.33063607,226,1,2013 DHS
DRC,2024,DHS,DRC_2024_DHS_child,children_under5,wasting,ADM1,Haut-Uele,haut uele,4.999207201,2.623078796,-0.141932768,10.14034717,289,2,2024 DHS
DRC,2013,DHS,DRC_2013_DHS_child,children_under5,wasting,ADM1,Ituri,ituri,8.482751649,2.375633448,3.826595651,13.13890765,278,1,2013 DHS
DRC,2024,DHS,DRC_2024_DHS_child,children_under5,wasting,ADM1,Ituri,ituri,3.832645285,1.393194621,1.102034003,6.563256566,520,2,2024 DHS
DRC,2013,DHS,DRC_2013_DHS_child,children_under5,wasting,ADM1,Kasai,kasai,8.636914592,2.802249847,3.144605816,14.12922337,401,1,2013 DHS
DRC,2024,DHS,DRC_2024_DHS_child,children_under5,wasting,ADM1,Kasai,kasai,14.52925549,2.667770158,9.300522066,19.75798892,568,2,2024 DHS
DRC,2013,DHS,DRC_2013_DHS_child,children_under5,wasting,ADM1,Kasai-Central,kasai central,6.133666634,1.593151701,3.011146677,9.25618659,393,1,2013 DHS
DRC,2024,DHS,DRC_2024_DHS_child,children_under5,wasting,ADM1,Kasai-Central,kasai central,5.250054819,1.248942323,2.802172848,7.697936791,626,2,2024 DHS
DRC,2013,DHS,DRC_2013_DHS_child,children_under5,wasting,ADM1,Kasai-Oriental,kasai oriental,7.927471625,1.798578518,4.402322506,11.45262074,332,1,2013 DHS
DRC,2024,DHS,DRC_2024_DHS_child,children_under5,wasting,ADM1,Kasai-Oriental,kasai oriental,8.527883032,2.45009708,3.725780996,13.32998507,424,2,2024 DHS
DRC,2013,DHS,DRC_2013_DHS_child,children_under5,wasting,ADM1,Kinshasa,kinshasa,3.530280591,0.852433367,1.859541892,5.20101929,471,1,2013 DHS
DRC,2024,DHS,DRC_2024_DHS_child,children_under5,wasting,ADM1,Kinshasa,kinshasa,5.054251357,1.651238934,1.817882516,8.290620197,325,2,2024 DHS
DRC,2013,DHS,DRC_2013_DHS_child,children_under5,wasting,ADM1,Kongo Central,kongo central,11.11326599,2.306604376,6.592404489,15.6341275,407,1,2013 DHS
DRC,2024,DHS,DRC_2024_DHS_child,children_under5,wasting,ADM1,Kongo Central,kongo central,8.82370853,2.053998845,4.797944769,12.84947229,331,2,2024 DHS
DRC,2013,DHS,DRC_2013_DHS_child,children_under5,wasting,ADM1,Kwango,kwango,11.59338761,1.637304788,8.3843292,14.80244603,416,1,2013 DHS
DRC,2024,DHS,DRC_2024_DHS_child,children_under5,wasting,ADM1,Kwango,kwango,14.6696228,1.643533042,11.44835723,17.89088837,440,2,2024 DHS
DRC,2013,DHS,DRC_2013_DHS_child,children_under5,wasting,ADM1,Kwilu,kwilu,6.107492584,1.080639683,3.989477725,8.225507443,449,1,2013 DHS
DRC,2024,DHS,DRC_2024_DHS_child,children_under5,wasting,ADM1,Kwilu,kwilu,10.04908018,2.149782487,5.835583929,14.26257643,416,2,2024 DHS
DRC,2013,DHS,DRC_2013_DHS_child,children_under5,wasting,ADM1,Lomami,lomami,6.481452191,2.109121059,2.347650877,10.61525351,404,1,2013 DHS
DRC,2024,DHS,DRC_2024_DHS_child,children_under5,wasting,ADM1,Lomami,lomami,8.39511332,1.491060762,5.472687928,11.31753871,505,2,2024 DHS
DRC,2013,DHS,DRC_2013_DHS_child,children_under5,wasting,ADM1,Lualaba,lualaba,9.625761805,3.307189481,3.143789531,16.10773408,228,1,2013 DHS
DRC,2024,DHS,DRC_2024_DHS_child,children_under5,wasting,ADM1,Lualaba,lualaba,6.537129322,1.746186227,3.114667207,9.959591437,571,2,2024 DHS
DRC,2013,DHS,DRC_2013_DHS_child,children_under5,wasting,ADM1,Mai-Ndombe,mai ndombe,13.9846506,2.505270249,9.074411141,18.89489006,318,1,2013 DHS
DRC,2024,DHS,DRC_2024_DHS_child,children_under5,wasting,ADM1,Mai-Ndombe,mai ndombe,16.05166661,1.866438633,12.39351411,19.70981911,306,2,2024 DHS
DRC,2013,DHS,DRC_2013_DHS_child,children_under5,wasting,ADM1,Maniema,maniema,22.66338709,4.658451445,13.53299004,31.79378415,419,1,2013 DHS
DRC,2024,DHS,DRC_2024_DHS_child,children_under5,wasting,ADM1,Maniema,maniema,8.76312653,1.304498979,6.206355512,11.31989755,517,2,2024 DHS
DRC,2013,DHS,DRC_2013_DHS_child,children_under5,wasting,ADM1,Mongala,mongala,5.476223908,2.578965152,0.421545093,10.53090272,322,1,2013 DHS
DRC,2024,DHS,DRC_2024_DHS_child,children_under5,wasting,ADM1,Mongala,mongala,6.002141898,1.331759507,3.391941229,8.612342567,481,2,2024 DHS
DRC,2013,DHS,DRC_2013_DHS_child,children_under5,wasting,ADM1,Nord-Kivu,nord kivu,4.734132719,1.343700871,2.100527406,7.367738032,513,1,2013 DHS
DRC,2024,DHS,DRC_2024_DHS_child,children_under5,wasting,ADM1,Nord-Kivu,nord kivu,2.266849853,0.905713268,0.491684467,4.04201524,536,2,2024 DHS
DRC,2013,DHS,DRC_2013_DHS_child,children_under5,wasting,ADM1,Nord-Ubangi,nord ubangi,4.440080841,1.778055651,0.955155804,7.925005879,282,1,2013 DHS
DRC,2024,DHS,DRC_2024_DHS_child,children_under5,wasting,ADM1,Nord-Ubangi,nord ubangi,4.761222179,1.459365063,1.900919215,7.621525143,470,2,2024 DHS
DRC,2013,DHS,DRC_2013_DHS_child,children_under5,wasting,ADM1,Sankuru,sankuru,9.628882177,2.511242352,4.70693761,14.55082674,314,1,2013 DHS
DRC,2024,DHS,DRC_2024_DHS_child,children_under5,wasting,ADM1,Sankuru,sankuru,6.3361994,1.708194093,2.988200499,9.684198301,420,2,2024 DHS
DRC,2013,DHS,DRC_2013_DHS_child,children_under5,wasting,ADM1,Sud-Kivu,sud kivu,7.169483672,1.57615992,4.080266995,10.25870035,507,1,2013 DHS
DRC,2024,DHS,DRC_2024_DHS_child,children_under5,wasting,ADM1,Sud-Kivu,sud kivu,6.711761749,1.21766973,4.325172934,9.098350564,664,2,2024 DHS
DRC,2013,DHS,DRC_2013_DHS_child,children_under5,wasting,ADM1,Sud-Ubangi,sud ubangi,6.336006715,1.62706645,3.147015072,9.524998358,319,1,2013 DHS
DRC,2024,DHS,DRC_2024_DHS_child,children_under5,wasting,ADM1,Sud-Ubangi,sud ubangi,2.320354371,0.81077321,0.731268081,3.909440661,582,2,2024 DHS
DRC,2013,DHS,DRC_2013_DHS_child,children_under5,wasting,ADM1,Tanganyika,tanganyika,10.58050606,2.146001044,6.374421304,14.78659082,310,1,2013 DHS
DRC,2024,DHS,DRC_2024_DHS_child,children_under5,wasting,ADM1,Tanganyika,tanganyika,5.372098747,1.559486285,2.315561793,8.428635701,441,2,2024 DHS
DRC,2013,DHS,DRC_2013_DHS_child,children_under5,wasting,ADM1,Tshopo,tshopo,6.272858526,2.391357504,1.585883944,10.95983311,272,1,2013 DHS
DRC,2024,DHS,DRC_2024_DHS_child,children_under5,wasting,ADM1,Tshopo,tshopo,8.954720928,2.250196819,4.544416205,13.36502565,428,2,2024 DHS
DRC,2013,DHS,DRC_2013_DHS_child,children_under5,wasting,ADM1,Tshuapa,tshuapa,9.225335341,1.902699056,5.496113717,12.95455696,227,1,2013 DHS
DRC,2024,DHS,DRC_2024_DHS_child,children_under5,wasting,ADM1,Tshuapa,tshuapa,8.08918282,1.37842243,5.387524502,10.79084114,416,2,2024 DHS
DRC,2013,DHS,DRC_2013_DHS_women,women_15_49,anemia_women,ADM1,Bas-Uele,bas uele,48.85419643,2.77499406,43.41530801,54.29308484,226,1,2013 DHS
DRC,2024,DHS,DRC_2024_DHS_women,women_15_49,anemia_women,ADM1,Bas-Uele,bas uele,52.19790521,3.074446334,46.17210113,58.2237093,378,2,2024 DHS
DRC,2013,DHS,DRC_2013_DHS_women,women_15_49,anemia_women,ADM1,Equateur,equateur,44.64411038,3.669503385,37.45201591,51.83620486,240,1,2013 DHS
DRC,2024,DHS,DRC_2024_DHS_women,women_15_49,anemia_women,ADM1,Equateur,equateur,46.13368683,3.424976813,39.42085563,52.84651803,527,2,2024 DHS
DRC,2013,DHS,DRC_2013_DHS_women,women_15_49,anemia_women,ADM1,Haut-Katanga,haut katanga,41.7312191,2.833526424,36.17760936,47.28482884,281,1,2013 DHS
DRC,2024,DHS,DRC_2024_DHS_women,women_15_49,anemia_women,ADM1,Haut-Katanga,haut katanga,47.73422063,1.899344151,44.0115745,51.45686676,623,2,2024 DHS
DRC,2013,DHS,DRC_2013_DHS_women,women_15_49,anemia_women,ADM1,Haut-Lomami,haut lomami,46.01571189,3.86466683,38.44110409,53.59031969,297,1,2013 DHS
DRC,2024,DHS,DRC_2024_DHS_women,women_15_49,anemia_women,ADM1,Haut-Lomami,haut lomami,50.62036479,3.215311995,44.31846908,56.9222605,639,2,2024 DHS
DRC,2013,DHS,DRC_2013_DHS_women,women_15_49,anemia_women,ADM1,Haut-Uele,haut uele,31.63129715,4.534002658,22.74481523,40.51777906,236,1,2013 DHS
DRC,2024,DHS,DRC_2024_DHS_women,women_15_49,anemia_women,ADM1,Haut-Uele,haut uele,20.01550384,5.411356499,9.409439994,30.62156769,323,2,2024 DHS
DRC,2013,DHS,DRC_2013_DHS_women,women_15_49,anemia_women,ADM1,Ituri,ituri,30.59619121,3.928036818,22.89738052,38.2950019,288,1,2013 DHS
DRC,2024,DHS,DRC_2024_DHS_women,women_15_49,anemia_women,ADM1,Ituri,ituri,26.65892704,2.852767909,21.06760468,32.2502494,681,2,2024 DHS
DRC,2013,DHS,DRC_2013_DHS_women,women_15_49,anemia_women,ADM1,Kasai,kasai,41.03163378,7.31137871,26.70159483,55.36167273,360,1,2013 DHS
DRC,2024,DHS,DRC_2024_DHS_women,women_15_49,anemia_women,ADM1,Kasai,kasai,39.43153683,3.549942895,32.47377661,46.38929705,616,2,2024 DHS
DRC,2013,DHS,DRC_2013_DHS_women,women_15_49,anemia_women,ADM1,Kasai-Central,kasai central,51.55285089,3.745777952,44.21126101,58.89444077,382,1,2013 DHS
DRC,2024,DHS,DRC_2024_DHS_women,women_15_49,anemia_women,ADM1,Kasai-Central,kasai central,37.70505018,4.193569187,29.4858056,45.92429475,662,2,2024 DHS
DRC,2013,DHS,DRC_2013_DHS_women,women_15_49,anemia_women,ADM1,Kasai-Oriental,kasai oriental,38.25099538,3.350343498,31.68444279,44.81754797,375,1,2013 DHS
DRC,2024,DHS,DRC_2024_DHS_women,women_15_49,anemia_women,ADM1,Kasai-Oriental,kasai oriental,38.29265923,2.292681622,33.79908582,42.78623264,531,2,2024 DHS
DRC,2013,DHS,DRC_2013_DHS_women,women_15_49,anemia_women,ADM1,Kinshasa,kinshasa,46.67994828,1.577838404,43.58744183,49.77245472,818,1,2013 DHS
DRC,2024,DHS,DRC_2024_DHS_women,women_15_49,anemia_women,ADM1,Kinshasa,kinshasa,51.37402788,2.413980875,46.64271231,56.10534346,687,2,2024 DHS
DRC,2013,DHS,DRC_2013_DHS_women,women_15_49,anemia_women,ADM1,Kongo Central,kongo central,54.71769659,3.739177626,47.38904311,62.04635006,473,1,2013 DHS
DRC,2024,DHS,DRC_2024_DHS_women,women_15_49,anemia_women,ADM1,Kongo Central,kongo central,53.86678421,2.515002463,48.93746996,58.79609846,522,2,2024 DHS
DRC,2013,DHS,DRC_2013_DHS_women,women_15_49,anemia_women,ADM1,Kwango,kwango,28.20319784,2.930043705,22.4604177,33.94597797,416,1,2013 DHS
DRC,2024,DHS,DRC_2024_DHS_women,women_15_49,anemia_women,ADM1,Kwango,kwango,40.80110987,3.949455078,33.06032016,48.54189958,466,2,2024 DHS
DRC,2013,DHS,DRC_2013_DHS_women,women_15_49,anemia_women,ADM1,Kwilu,kwilu,35.20088221,3.225761156,28.87850652,41.5232579,467,1,2013 DHS
DRC,2024,DHS,DRC_2024_DHS_women,women_15_49,anemia_women,ADM1,Kwilu,kwilu,33.72567736,3.831903568,26.21528438,41.23607035,574,2,2024 DHS
DRC,2013,DHS,DRC_2013_DHS_women,women_15_49,anemia_women,ADM1,Lomami,lomami,44.4710144,6.169054054,32.37989064,56.56213817,402,1,2013 DHS
DRC,2024,DHS,DRC_2024_DHS_women,women_15_49,anemia_women,ADM1,Lomami,lomami,34.56479806,2.735362226,29.20358662,39.92600951,542,2,2024 DHS
DRC,2013,DHS,DRC_2013_DHS_women,women_15_49,anemia_women,ADM1,Lualaba,lualaba,31.3097673,5.571932213,20.38898084,42.23055376,231,1,2013 DHS
DRC,2024,DHS,DRC_2024_DHS_women,women_15_49,anemia_women,ADM1,Lualaba,lualaba,41.82974505,3.351623655,35.26068339,48.3988067,535,2,2024 DHS
DRC,2013,DHS,DRC_2013_DHS_women,women_15_49,anemia_women,ADM1,Mai-Ndombe,mai ndombe,51.90657796,7.612590072,36.98617559,66.82698033,350,1,2013 DHS
DRC,2024,DHS,DRC_2024_DHS_women,women_15_49,anemia_women,ADM1,Mai-Ndombe,mai ndombe,47.23483535,3.81710123,39.75345442,54.71621629,430,2,2024 DHS
DRC,2013,DHS,DRC_2013_DHS_women,women_15_49,anemia_women,ADM1,Maniema,maniema,49.51299106,2.875355503,43.87739783,55.14858429,439,1,2013 DHS
DRC,2024,DHS,DRC_2024_DHS_women,women_15_49,anemia_women,ADM1,Maniema,maniema,50.37001028,3.600214506,43.31371951,57.42630105,499,2,2024 DHS
DRC,2013,DHS,DRC_2013_DHS_women,women_15_49,anemia_women,ADM1,Mongala,mongala,35.4805968,6.59391792,22.55675516,48.40443844,267,1,2013 DHS
DRC,2024,DHS,DRC_2024_DHS_women,women_15_49,anemia_women,ADM1,Mongala,mongala,44.25433334,3.496098086,37.402107,51.10655967,499,2,2024 DHS
DRC,2013,DHS,DRC_2013_DHS_women,women_15_49,anemia_women,ADM1,Nord-Kivu,nord kivu,20.68430468,1.97866403,16.80619444,24.56241492,590,1,2013 DHS
DRC,2024,DHS,DRC_2024_DHS_women,women_15_49,anemia_women,ADM1,Nord-Kivu,nord kivu,20.05860565,2.172609988,15.80036832,24.31684298,664,2,2024 DHS
DRC,2013,DHS,DRC_2013_DHS_women,women_15_49,anemia_women,ADM1,Nord-Ubangi,nord ubangi,27.01382202,3.247969119,20.64791953,33.37972452,264,1,2013 DHS
DRC,2024,DHS,DRC_2024_DHS_women,women_15_49,anemia_women,ADM1,Nord-Ubangi,nord ubangi,30.64932186,2.622680599,25.50896234,35.78968137,479,2,2024 DHS
DRC,2013,DHS,DRC_2013_DHS_women,women_15_49,anemia_women,ADM1,Sankuru,sankuru,37.99070554,6.414131274,25.41923925,50.56217183,284,1,2013 DHS
DRC,2024,DHS,DRC_2024_DHS_women,women_15_49,anemia_women,ADM1,Sankuru,sankuru,43.22528283,4.280811836,34.83504581,51.61551986,409,2,2024 DHS
DRC,2013,DHS,DRC_2013_DHS_women,women_15_49,anemia_women,ADM1,Sud-Kivu,sud kivu,22.70339914,5.055774627,12.79426296,32.61253532,505,1,2013 DHS
DRC,2024,DHS,DRC_2024_DHS_women,women_15_49,anemia_women,ADM1,Sud-Kivu,sud kivu,33.47917132,3.782278245,26.06604218,40.89230046,662,2,2024 DHS
DRC,2013,DHS,DRC_2013_DHS_women,women_15_49,anemia_women,ADM1,Sud-Ubangi,sud ubangi,27.24583728,2.881623145,21.5979597,32.89371486,299,1,2013 DHS
DRC,2024,DHS,DRC_2024_DHS_women,women_15_49,anemia_women,ADM1,Sud-Ubangi,sud ubangi,43.47286191,3.217217454,37.16723157,49.77849225,685,2,2024 DHS
DRC,2013,DHS,DRC_2013_DHS_women,women_15_49,anemia_women,ADM1,Tanganyika,tanganyika,55.32394348,5.073725917,45.37962342,65.26826355,292,1,2013 DHS
DRC,2024,DHS,DRC_2024_DHS_women,women_15_49,anemia_women,ADM1,Tanganyika,tanganyika,46.04104555,4.518494162,37.18495972,54.89713137,529,2,2024 DHS
DRC,2013,DHS,DRC_2013_DHS_women,women_15_49,anemia_women,ADM1,Tshopo,tshopo,39.64164994,4.491131514,30.83919392,48.44410595,290,1,2013 DHS
DRC,2024,DHS,DRC_2024_DHS_women,women_15_49,anemia_women,ADM1,Tshopo,tshopo,46.39290663,2.112516872,42.25244964,50.53336361,478,2,2024 DHS
DRC,2013,DHS,DRC_2013_DHS_women,women_15_49,anemia_women,ADM1,Tshuapa,tshuapa,44.83669291,2.317472376,40.29453052,49.3788553,256,1,2013 DHS
DRC,2024,DHS,DRC_2024_DHS_women,women_15_49,anemia_women,ADM1,Tshuapa,tshuapa,52.73581191,2.544508423,47.74866704,57.72295678,414,2,2024 DHS
DRC,2013,DHS,DRC_2013_DHS_women,women_15_49,severe_anemia_women,ADM1,Bas-Uele,bas uele,0,0,0,0,226,1,2013 DHS
DRC,2024,DHS,DRC_2024_DHS_women,women_15_49,severe_anemia_women,ADM1,Bas-Uele,bas uele,1.151378678,1.151378678,-0.018531399,2.321288755,378,2,2024 DHS
DRC,2013,DHS,DRC_2013_DHS_women,women_15_49,severe_anemia_women,ADM1,Equateur,equateur,0.261097792,0.261097792,-0.297901494,0.820097078,240,1,2013 DHS
DRC,2024,DHS,DRC_2024_DHS_women,women_15_49,severe_anemia_women,ADM1,Equateur,equateur,1.342106901,1.342106901,0.350721345,2.333492457,527,2,2024 DHS
DRC,2013,DHS,DRC_2013_DHS_women,women_15_49,severe_anemia_women,ADM1,Haut-Katanga,haut katanga,0.290119704,0.290119704,-0.308744144,0.888983552,281,1,2013 DHS
DRC,2024,DHS,DRC_2024_DHS_women,women_15_49,severe_anemia_women,ADM1,Haut-Katanga,haut katanga,1.211720905,1.211720905,0.11500973,2.308432081,623,2,2024 DHS
DRC,2013,DHS,DRC_2013_DHS_women,women_15_49,severe_anemia_women,ADM1,Haut-Lomami,haut lomami,0.82813508,0.82813508,-0.21276946,1.86903962,297,1,2013 DHS
DRC,2024,DHS,DRC_2024_DHS_women,women_15_49,severe_anemia_women,ADM1,Haut-Lomami,haut lomami,0.621363139,0.621363139,0.021230959,1.221495319,639,2,2024 DHS
DRC,2013,DHS,DRC_2013_DHS_women,women_15_49,severe_anemia_women,ADM1,Haut-Uele,haut uele,0,0,0,0,236,1,2013 DHS
DRC,2024,DHS,DRC_2024_DHS_women,women_15_49,severe_anemia_women,ADM1,Haut-Uele,haut uele,0,0,0,0,323,2,2024 DHS
DRC,2013,DHS,DRC_2013_DHS_women,women_15_49,severe_anemia_women,ADM1,Ituri,ituri,0,0,0,0,288,1,2013 DHS
DRC,2024,DHS,DRC_2024_DHS_women,women_15_49,severe_anemia_women,ADM1,Ituri,ituri,0.33805714,0.33805714,-0.145483474,0.821597753,681,2,2024 DHS
DRC,2013,DHS,DRC_2013_DHS_women,women_15_49,severe_anemia_women,ADM1,Kasai,kasai,1.11386638,1.11386638,-0.238143716,2.465876477,360,1,2013 DHS
DRC,2024,DHS,DRC_2024_DHS_women,women_15_49,severe_anemia_women,ADM1,Kasai,kasai,0.690372387,0.690372387,-0.051126737,1.431871511,616,2,2024 DHS
DRC,2013,DHS,DRC_2013_DHS_women,women_15_49,severe_anemia_women,ADM1,Kasai-Central,kasai central,0.575345119,0.575345119,-0.148857522,1.299547759,382,1,2013 DHS
DRC,2024,DHS,DRC_2024_DHS_women,women_15_49,severe_anemia_women,ADM1,Kasai-Central,kasai central,0.50156045,0.50156045,-0.146198031,1.14931893,662,2,2024 DHS
DRC,2013,DHS,DRC_2013_DHS_women,women_15_49,severe_anemia_women,ADM1,Kasai-Oriental,kasai oriental,0.172857276,0.172857276,-0.091328361,0.437042914,375,1,2013 DHS
DRC,2024,DHS,DRC_2024_DHS_women,women_15_49,severe_anemia_women,ADM1,Kasai-Oriental,kasai oriental,0.632663237,0.632663237,-0.136646887,1.40197336,531,2,2024 DHS
DRC,2013,DHS,DRC_2013_DHS_women,women_15_49,severe_anemia_women,ADM1,Kinshasa,kinshasa,0.56077474,0.56077474,-0.081542959,1.20309244,818,1,2013 DHS
DRC,2024,DHS,DRC_2024_DHS_women,women_15_49,severe_anemia_women,ADM1,Kinshasa,kinshasa,2.436472665,2.436472665,1.24615363,3.626791699,687,2,2024 DHS
DRC,2013,DHS,DRC_2013_DHS_women,women_15_49,severe_anemia_women,ADM1,Kongo Central,kongo central,0.455420684,0.455420684,-0.35872019,1.269561558,473,1,2013 DHS
DRC,2024,DHS,DRC_2024_DHS_women,women_15_49,severe_anemia_women,ADM1,Kongo Central,kongo central,1.474821163,1.474821163,0.386234691,2.563407635,522,2,2024 DHS
DRC,2013,DHS,DRC_2013_DHS_women,women_15_49,severe_anemia_women,ADM1,Kwango,kwango,0,0,0,0,416,1,2013 DHS
DRC,2024,DHS,DRC_2024_DHS_women,women_15_49,severe_anemia_women,ADM1,Kwango,kwango,1.30495351,1.30495351,0.064178849,2.54572817,466,2,2024 DHS
DRC,2013,DHS,DRC_2013_DHS_women,women_15_49,severe_anemia_women,ADM1,Kwilu,kwilu,0.163093627,0.163093627,-0.094866011,0.421053265,467,1,2013 DHS
DRC,2024,DHS,DRC_2024_DHS_women,women_15_49,severe_anemia_women,ADM1,Kwilu,kwilu,1.301888595,1.301888595,0.145173009,2.458604181,574,2,2024 DHS
DRC,2013,DHS,DRC_2013_DHS_women,women_15_49,severe_anemia_women,ADM1,Lomami,lomami,0.586886486,0.586886486,-0.159796173,1.333569146,402,1,2013 DHS
DRC,2024,DHS,DRC_2024_DHS_women,women_15_49,severe_anemia_women,ADM1,Lomami,lomami,1.97430651,1.97430651,0.546012203,3.402600818,542,2,2024 DHS
DRC,2013,DHS,DRC_2013_DHS_women,women_15_49,severe_anemia_women,ADM1,Lualaba,lualaba,0.927673101,0.927673101,-0.90698158,2.762327782,231,1,2013 DHS
DRC,2024,DHS,DRC_2024_DHS_women,women_15_49,severe_anemia_women,ADM1,Lualaba,lualaba,2.886783158,2.886783158,0.639147664,5.134418653,535,2,2024 DHS
DRC,2013,DHS,DRC_2013_DHS_women,women_15_49,severe_anemia_women,ADM1,Mai-Ndombe,mai ndombe,0,0,0,0,350,1,2013 DHS
DRC,2024,DHS,DRC_2024_DHS_women,women_15_49,severe_anemia_women,ADM1,Mai-Ndombe,mai ndombe,0.495982455,0.495982455,-0.156074769,1.148039679,430,2,2024 DHS
DRC,2013,DHS,DRC_2013_DHS_women,women_15_49,severe_anemia_women,ADM1,Maniema,maniema,0.355909703,0.355909703,-0.178917909,0.890737315,439,1,2013 DHS
DRC,2024,DHS,DRC_2024_DHS_women,women_15_49,severe_anemia_women,ADM1,Maniema,maniema,0.61188423,0.61188423,0.003887806,1.219880655,499,2,2024 DHS
DRC,2013,DHS,DRC_2013_DHS_women,women_15_49,severe_anemia_women,ADM1,Mongala,mongala,0,0,0,0,267,1,2013 DHS
DRC,2024,DHS,DRC_2024_DHS_women,women_15_49,severe_anemia_women,ADM1,Mongala,mongala,0.366129868,0.366129868,-0.344266574,1.07652631,499,2,2024 DHS
DRC,2013,DHS,DRC_2013_DHS_women,women_15_49,severe_anemia_women,ADM1,Nord-Kivu,nord kivu,0,0,0,0,590,1,2013 DHS
DRC,2024,DHS,DRC_2024_DHS_women,women_15_49,severe_anemia_women,ADM1,Nord-Kivu,nord kivu,0.528512438,0.528512438,-0.163943127,1.220968004,664,2,2024 DHS
DRC,2013,DHS,DRC_2013_DHS_women,women_15_49,severe_anemia_women,ADM1,Nord-Ubangi,nord ubangi,0,0,0,0,264,1,2013 DHS
DRC,2024,DHS,DRC_2024_DHS_women,women_15_49,severe_anemia_women,ADM1,Nord-Ubangi,nord ubangi,0.264382973,0.264382973,-0.116180685,0.64494663,479,2,2024 DHS
DRC,2013,DHS,DRC_2013_DHS_women,women_15_49,severe_anemia_women,ADM1,Sankuru,sankuru,0.677485294,0.677485294,-0.254457622,1.609428211,284,1,2013 DHS
DRC,2024,DHS,DRC_2024_DHS_women,women_15_49,severe_anemia_women,ADM1,Sankuru,sankuru,0.980528589,0.980528589,0.137990236,1.823066942,409,2,2024 DHS
DRC,2013,DHS,DRC_2013_DHS_women,women_15_49,severe_anemia_women,ADM1,Sud-Kivu,sud kivu,0.762881718,0.762881718,-0.286596623,1.812360058,505,1,2013 DHS
DRC,2024,DHS,DRC_2024_DHS_women,women_15_49,severe_anemia_women,ADM1,Sud-Kivu,sud kivu,2.072957428,2.072957428,0.279982532,3.865932324,662,2,2024 DHS
DRC,2013,DHS,DRC_2013_DHS_women,women_15_49,severe_anemia_women,ADM1,Sud-Ubangi,sud ubangi,0,0,0,0,299,1,2013 DHS
DRC,2024,DHS,DRC_2024_DHS_women,women_15_49,severe_anemia_women,ADM1,Sud-Ubangi,sud ubangi,0.3141954,0.3141954,-0.027195975,0.655586775,685,2,2024 DHS
DRC,2013,DHS,DRC_2013_DHS_women,women_15_49,severe_anemia_women,ADM1,Tanganyika,tanganyika,0.705947525,0.705947525,-0.608950126,2.020845177,292,1,2013 DHS
DRC,2024,DHS,DRC_2024_DHS_women,women_15_49,severe_anemia_women,ADM1,Tanganyika,tanganyika,1.596191176,1.596191176,-0.270840479,3.463222832,529,2,2024 DHS
DRC,2013,DHS,DRC_2013_DHS_women,women_15_49,severe_anemia_women,ADM1,Tshopo,tshopo,0.056373927,0.056373927,-0.058366035,0.17111389,290,1,2013 DHS
DRC,2024,DHS,DRC_2024_DHS_women,women_15_49,severe_anemia_women,ADM1,Tshopo,tshopo,3.46837572,3.46837572,1.114227278,5.822524162,478,2,2024 DHS
DRC,2013,DHS,DRC_2013_DHS_women,women_15_49,severe_anemia_women,ADM1,Tshuapa,tshuapa,0.787447908,0.787447908,-0.281749766,1.856645583,256,1,2013 DHS
DRC,2024,DHS,DRC_2024_DHS_women,women_15_49,severe_anemia_women,ADM1,Tshuapa,tshuapa,1.207565224,1.207565224,0.119834849,2.295295599,414,2,2024 DHS
Ethiopia,2011,DHS,ETH_2011_DHS_child,children_under5,severe_stunting,ADM1,Addis Ababa,addis ababa,5.935190306,5.935190306,3.578206306,8.292174306,357,1,2011 DHS
Ethiopia,2016,DHS,ETH_2016_DHS_child,children_under5,severe_stunting,ADM1,Addis Ababa,addis ababa,3.13156357,3.13156357,1.283492208,4.979634933,423,2,2016 DHS
Ethiopia,2019,DHS,ETH_2019_DHS_child,children_under5,severe_stunting,ADM1,Addis Ababa,addis ababa,4.006539007,4.006539007,1.23495753,6.778120484,271,3,2019 DHS
Ethiopia,2024,DHS,ETH_2024_DHS_child,children_under5,severe_stunting,ADM1,Addis Ababa,addis ababa,3.818888953,3.818888953,1.241830458,6.395947448,252,4,2024 DHS
Ethiopia,2011,DHS,ETH_2011_DHS_child,children_under5,severe_stunting,ADM1,Afar,afar,29.11253847,29.11253847,25.36156797,32.86350898,962,1,2011 DHS
Ethiopia,2016,DHS,ETH_2016_DHS_child,children_under5,severe_stunting,ADM1,Afar,afar,22.32599708,22.32599708,17.84571661,26.80627754,878,2,2016 DHS
Ethiopia,2019,DHS,ETH_2019_DHS_child,children_under5,severe_stunting,ADM1,Afar,afar,20.57064429,20.57064429,16.19882281,24.94246578,588,3,2019 DHS
Ethiopia,2024,DHS,ETH_2024_DHS_child,children_under5,severe_stunting,ADM1,Afar,afar,24.16399671,24.16399671,19.07454407,29.25344934,591,4,2024 DHS
Ethiopia,2011,DHS,ETH_2011_DHS_child,children_under5,severe_stunting,ADM1,Amhara,amhara,24.17907888,24.17907888,20.6059081,27.75224967,1120,1,2011 DHS
Ethiopia,2016,DHS,ETH_2016_DHS_child,children_under5,severe_stunting,ADM1,Amhara,amhara,19.57387051,19.57387051,16.51627467,22.63146636,954,2,2016 DHS
Ethiopia,2019,DHS,ETH_2019_DHS_child,children_under5,severe_stunting,ADM1,Amhara,amhara,13.38671382,13.38671382,9.197123249,17.57630439,494,3,2019 DHS
Ethiopia,2024,DHS,ETH_2024_DHS_child,children_under5,severe_stunting,ADM1,Amhara,amhara,13.06752701,13.06752701,10.04678623,16.08826779,506,4,2024 DHS
Ethiopia,2011,DHS,ETH_2011_DHS_child,children_under5,severe_stunting,ADM1,Benishangul,benishangul,26.97548126,26.97548126,22.55353294,31.39742959,893,1,2011 DHS
Ethiopia,2016,DHS,ETH_2016_DHS_child,children_under5,severe_stunting,ADM1,Benishangul,benishangul,21.66204083,21.66204083,17.39170559,25.93237607,759,2,2016 DHS
Ethiopia,2019,DHS,ETH_2019_DHS_child,children_under5,severe_stunting,ADM1,Benishangul,benishangul,19.20945592,19.20945592,8.664258278,29.75465356,478,3,2019 DHS
Ethiopia,2024,DHS,ETH_2024_DHS_child,children_under5,severe_stunting,ADM1,Benishangul,benishangul,25.91998475,25.91998475,19.58355049,32.256419,369,4,2024 DHS
Ethiopia,2011,DHS,ETH_2011_DHS_child,children_under5,severe_stunting,ADM1,Dire Dawa,dire dawa,18.33796051,18.33796051,14.66763889,22.00828212,644,1,2011 DHS
Ethiopia,2016,DHS,ETH_2016_DHS_child,children_under5,severe_stunting,ADM1,Dire Dawa,dire dawa,16.93222976,16.93222976,12.15527171,21.70918782,464,2,2016 DHS
Ethiopia,2019,DHS,ETH_2019_DHS_child,children_under5,severe_stunting,ADM1,Dire Dawa,dire dawa,5.438922169,5.438922169,2.32422731,8.553617028,362,3,2019 DHS
Ethiopia,2024,DHS,ETH_2024_DHS_child,children_under5,severe_stunting,ADM1,Dire Dawa,dire dawa,13.52769151,13.52769151,9.697953632,17.35742938,280,4,2024 DHS
Ethiopia,2011,DHS,ETH_2011_DHS_child,children_under5,severe_stunting,ADM1,Gambela,gambela,10.67410218,10.67410218,7.942270086,13.40593427,735,1,2011 DHS
Ethiopia,2016,DHS,ETH_2016_DHS_child,children_under5,severe_stunting,ADM1,Gambela,gambela,7.394660495,7.394660495,4.981953279,9.807367711,611,2,2016 DHS
Ethiopia,2019,DHS,ETH_2019_DHS_child,children_under5,severe_stunting,ADM1,Gambela,gambela,4.13199158,4.13199158,2.026335941,6.237647218,412,3,2019 DHS
Ethiopia,2024,DHS,ETH_2024_DHS_child,children_under5,severe_stunting,ADM1,Gambela,gambela,4.97064756,4.97064756,2.645020351,7.296274768,353,4,2024 DHS
Ethiopia,2011,DHS,ETH_2011_DHS_child,children_under5,severe_stunting,ADM1,Harari,harari,12.62499146,12.62499146,9.549738594,15.70024433,537,1,2011 DHS
Ethiopia,2016,DHS,ETH_2016_DHS_child,children_under5,severe_stunting,ADM1,Harari,harari,12.62731447,12.62731447,9.795116334,15.45951261,484,2,2016 DHS
Ethiopia,2019,DHS,ETH_2019_DHS_child,children_under5,severe_stunting,ADM1,Harari,harari,13.83318203,13.83318203,8.191593367,19.4747707,416,3,2019 DHS
Ethiopia,2024,DHS,ETH_2024_DHS_child,children_under5,severe_stunting,ADM1,Harari,harari,12.4629766,12.4629766,8.445564648,16.48038856,295,4,2024 DHS
Ethiopia,2011,DHS,ETH_2011_DHS_child,children_under5,severe_stunting,ADM1,Oromia,oromia,18.06717162,18.06717162,15.60554083,20.52880242,1619,1,2011 DHS
Ethiopia,2016,DHS,ETH_2016_DHS_child,children_under5,severe_stunting,ADM1,Oromia,oromia,17.05695111,17.05695111,14.60228841,19.51161382,1463,2,2016 DHS
Ethiopia,2019,DHS,ETH_2019_DHS_child,children_under5,severe_stunting,ADM1,Oromia,oromia,11.92937238,11.92937238,9.223156606,14.63558815,698,3,2019 DHS
Ethiopia,2024,DHS,ETH_2024_DHS_child,children_under5,severe_stunting,ADM1,Oromia,oromia,14.77794496,14.77794496,11.68000822,17.87588171,663,4,2024 DHS
Ethiopia,2011,DHS,ETH_2011_DHS_child,children_under5,severe_stunting,ADM1,SNNPR,snnpr,22.85840352,22.85840352,19.82106337,25.89574367,1477,1,2011 DHS
Ethiopia,2016,DHS,ETH_2016_DHS_child,children_under5,severe_stunting,ADM1,SNNPR,snnpr,20.17729465,20.17729465,16.38978446,23.96480485,1208,2,2016 DHS
Ethiopia,2019,DHS,ETH_2019_DHS_child,children_under5,severe_stunting,ADM1,SNNPR,snnpr,12.30345666,12.30345666,8.276684005,16.33022932,645,3,2019 DHS
Ethiopia,2024,DHS,ETH_2024_DHS_child,children_under5,severe_stunting,ADM1,SNNPR,snnpr,18.83799414,18.83799414,16.20224857,21.47373971,1800,4,2024 DHS
Ethiopia,2011,DHS,ETH_2011_DHS_child,children_under5,severe_stunting,ADM1,Somali,somali,16.05906057,16.05906057,12.26176622,19.85635491,798,1,2011 DHS
Ethiopia,2016,DHS,ETH_2016_DHS_child,children_under5,severe_stunting,ADM1,Somali,somali,12.75582506,12.75582506,10.18045866,15.33119145,1247,2,2016 DHS
Ethiopia,2019,DHS,ETH_2019_DHS_child,children_under5,severe_stunting,ADM1,Somali,somali,11.4634625,11.4634625,8.006428382,14.92049661,566,3,2019 DHS
Ethiopia,2024,DHS,ETH_2024_DHS_child,children_under5,severe_stunting,ADM1,Somali,somali,16.63265642,16.63265642,13.0571693,20.20814354,723,4,2024 DHS
Ethiopia,2011,DHS,ETH_2011_DHS_child,children_under5,severe_stunting,ADM1,Tigray,tigray,22.36144441,22.36144441,19.43043595,25.29245286,1140,1,2011 DHS
Ethiopia,2016,DHS,ETH_2016_DHS_child,children_under5,severe_stunting,ADM1,Tigray,tigray,13.4457037,13.4457037,10.59333654,16.29807086,980,2,2016 DHS
Ethiopia,2019,DHS,ETH_2019_DHS_child,children_under5,severe_stunting,ADM1,Tigray,tigray,15.14000236,15.14000236,10.17603505,20.10396967,450,3,2019 DHS
Ethiopia,2024,DHS,ETH_2024_DHS_child,children_under5,severe_stunting,ADM1,Tigray,tigray,14.20511457,14.20511457,10.90640369,17.50382545,501,4,2024 DHS
Ethiopia,2011,DHS,ETH_2011_DHS_child,children_under5,severe_wasting,ADM1,Addis Ababa,addis ababa,1.423708333,1.423708333,0.153795225,2.69362144,357,1,2011 DHS
Ethiopia,2016,DHS,ETH_2016_DHS_child,children_under5,severe_wasting,ADM1,Addis Ababa,addis ababa,0.38301684,0.38301684,-0.157338499,0.92337218,424,2,2016 DHS
Ethiopia,2019,DHS,ETH_2019_DHS_child,children_under5,severe_wasting,ADM1,Addis Ababa,addis ababa,0,0,0,0,272,3,2019 DHS
Ethiopia,2024,DHS,ETH_2024_DHS_child,children_under5,severe_wasting,ADM1,Addis Ababa,addis ababa,0.99233866,0.99233866,-0.805420794,2.790098113,251,4,2024 DHS
Ethiopia,2011,DHS,ETH_2011_DHS_child,children_under5,severe_wasting,ADM1,Afar,afar,6.238474129,6.238474129,5.002557892,7.474390367,962,1,2011 DHS
Ethiopia,2016,DHS,ETH_2016_DHS_child,children_under5,severe_wasting,ADM1,Afar,afar,5.270249937,5.270249937,3.742981615,6.797518258,916,2,2016 DHS
Ethiopia,2019,DHS,ETH_2019_DHS_child,children_under5,severe_wasting,ADM1,Afar,afar,2.813261292,2.813261292,1.41209215,4.214430434,613,3,2019 DHS
Ethiopia,2024,DHS,ETH_2024_DHS_child,children_under5,severe_wasting,ADM1,Afar,afar,2.915363804,2.915363804,1.350619351,4.480108257,605,4,2024 DHS
Ethiopia,2011,DHS,ETH_2011_DHS_child,children_under5,severe_wasting,ADM1,Amhara,amhara,3.074677416,3.074677416,1.964764477,4.184590355,1120,1,2011 DHS
Ethiopia,2016,DHS,ETH_2016_DHS_child,children_under5,severe_wasting,ADM1,Amhara,amhara,2.173427697,2.173427697,1.187240372,3.159615022,950,2,2016 DHS
Ethiopia,2019,DHS,ETH_2019_DHS_child,children_under5,severe_wasting,ADM1,Amhara,amhara,1.560643185,1.560643185,0.358369066,2.762917303,500,3,2019 DHS
Ethiopia,2024,DHS,ETH_2024_DHS_child,children_under5,severe_wasting,ADM1,Amhara,amhara,0.691032293,0.691032293,-0.092046311,1.474110896,503,4,2024 DHS
Ethiopia,2011,DHS,ETH_2011_DHS_child,children_under5,severe_wasting,ADM1,Benishangul,benishangul,2.49003802,2.49003802,1.393856632,3.586219408,893,1,2011 DHS
Ethiopia,2016,DHS,ETH_2016_DHS_child,children_under5,severe_wasting,ADM1,Benishangul,benishangul,3.127169585,3.127169585,0.757617327,5.496721844,765,2,2016 DHS
Ethiopia,2019,DHS,ETH_2019_DHS_child,children_under5,severe_wasting,ADM1,Benishangul,benishangul,0.753994006,0.753994006,0.142543316,1.365444695,490,3,2019 DHS
Ethiopia,2024,DHS,ETH_2024_DHS_child,children_under5,severe_wasting,ADM1,Benishangul,benishangul,0.662213776,0.662213776,-0.10218394,1.426611491,376,4,2024 DHS
Ethiopia,2011,DHS,ETH_2011_DHS_child,children_under5,severe_wasting,ADM1,Dire Dawa,dire dawa,2.042190305,2.042190305,0.922071284,3.162309326,644,1,2011 DHS
Ethiopia,2016,DHS,ETH_2016_DHS_child,children_under5,severe_wasting,ADM1,Dire Dawa,dire dawa,4.165607617,4.165607617,2.287893267,6.043321967,471,2,2016 DHS
Ethiopia,2019,DHS,ETH_2019_DHS_child,children_under5,severe_wasting,ADM1,Dire Dawa,dire dawa,0.960219701,0.960219701,0.004148719,1.916290682,377,3,2019 DHS
Ethiopia,2024,DHS,ETH_2024_DHS_child,children_under5,severe_wasting,ADM1,Dire Dawa,dire dawa,1.179999331,1.179999331,-1.002359196,3.362357858,281,4,2024 DHS
Ethiopia,2011,DHS,ETH_2011_DHS_child,children_under5,severe_wasting,ADM1,Gambela,gambela,3.228550728,3.228550728,0.838979387,5.61812207,735,1,2011 DHS
Ethiopia,2016,DHS,ETH_2016_DHS_child,children_under5,severe_wasting,ADM1,Gambela,gambela,3.380216086,3.380216086,1.777593264,4.982838907,637,2,2016 DHS
Ethiopia,2019,DHS,ETH_2019_DHS_child,children_under5,severe_wasting,ADM1,Gambela,gambela,2.719197272,2.719197272,0.10632096,5.332073585,420,3,2019 DHS
Ethiopia,2024,DHS,ETH_2024_DHS_child,children_under5,severe_wasting,ADM1,Gambela,gambela,2.742387531,2.742387531,1.342267965,4.142507097,351,4,2024 DHS
Ethiopia,2011,DHS,ETH_2011_DHS_child,children_under5,severe_wasting,ADM1,Harari,harari,1.640978638,1.640978638,0.666809733,2.615147543,537,1,2011 DHS
Ethiopia,2016,DHS,ETH_2016_DHS_child,children_under5,severe_wasting,ADM1,Harari,harari,2.989451807,2.989451807,1.384935223,4.593968391,487,2,2016 DHS
Ethiopia,2019,DHS,ETH_2019_DHS_child,children_under5,severe_wasting,ADM1,Harari,harari,0.830488591,0.830488591,-0.039975413,1.700952595,433,3,2019 DHS
Ethiopia,2024,DHS,ETH_2024_DHS_child,children_under5,severe_wasting,ADM1,Harari,harari,0,0,0,0,298,4,2024 DHS
Ethiopia,2011,DHS,ETH_2011_DHS_child,children_under5,severe_wasting,ADM1,Oromia,oromia,2.758512904,2.758512904,1.681167012,3.835858796,1619,1,2011 DHS
Ethiopia,2016,DHS,ETH_2016_DHS_child,children_under5,severe_wasting,ADM1,Oromia,oromia,3.512860199,3.512860199,2.518065648,4.50765475,1466,2,2016 DHS
Ethiopia,2019,DHS,ETH_2019_DHS_child,children_under5,severe_wasting,ADM1,Oromia,oromia,0.344051169,0.344051169,-0.039557121,0.727659459,715,3,2019 DHS
Ethiopia,2024,DHS,ETH_2024_DHS_child,children_under5,severe_wasting,ADM1,Oromia,oromia,0.818431273,0.818431273,-0.110229815,1.74709236,666,4,2024 DHS
Ethiopia,2011,DHS,ETH_2011_DHS_child,children_under5,severe_wasting,ADM1,SNNPR,snnpr,1.888728257,1.888728257,1.037751009,2.739705504,1477,1,2011 DHS
Ethiopia,2016,DHS,ETH_2016_DHS_child,children_under5,severe_wasting,ADM1,SNNPR,snnpr,1.682359274,1.682359274,0.959039342,2.405679205,1213,2,2016 DHS
Ethiopia,2019,DHS,ETH_2019_DHS_child,children_under5,severe_wasting,ADM1,SNNPR,snnpr,1.167926431,1.167926431,-0.066786573,2.402639436,679,3,2019 DHS
Ethiopia,2024,DHS,ETH_2024_DHS_child,children_under5,severe_wasting,ADM1,SNNPR,snnpr,1.109708378,1.109708378,0.364984236,1.854432519,1815,4,2024 DHS
Ethiopia,2011,DHS,ETH_2011_DHS_child,children_under5,severe_wasting,ADM1,Somali,somali,8.543442141,8.543442141,5.682123283,11.404761,798,1,2011 DHS
Ethiopia,2016,DHS,ETH_2016_DHS_child,children_under5,severe_wasting,ADM1,Somali,somali,6.122472192,6.122472192,3.421218767,8.823725617,1289,2,2016 DHS
Ethiopia,2019,DHS,ETH_2019_DHS_child,children_under5,severe_wasting,ADM1,Somali,somali,5.748585668,5.748585668,3.694700519,7.802470817,605,3,2019 DHS
Ethiopia,2024,DHS,ETH_2024_DHS_child,children_under5,severe_wasting,ADM1,Somali,somali,4.39042589,4.39042589,2.715332069,6.065519712,728,4,2024 DHS
Ethiopia,2011,DHS,ETH_2011_DHS_child,children_under5,severe_wasting,ADM1,Tigray,tigray,2.980553598,2.980553598,2.117525666,3.84358153,1140,1,2011 DHS
Ethiopia,2016,DHS,ETH_2016_DHS_child,children_under5,severe_wasting,ADM1,Tigray,tigray,3.380346445,3.380346445,2.032457135,4.728235755,978,2,2016 DHS
Ethiopia,2019,DHS,ETH_2019_DHS_child,children_under5,severe_wasting,ADM1,Tigray,tigray,0.70168616,0.70168616,-0.257030279,1.660402599,452,3,2019 DHS
Ethiopia,2024,DHS,ETH_2024_DHS_child,children_under5,severe_wasting,ADM1,Tigray,tigray,1.78261038,1.78261038,0.49361528,3.071605479,502,4,2024 DHS
Ethiopia,2011,DHS,ETH_2011_DHS_child,children_under5,stunting,ADM1,Addis Ababa,addis ababa,22.0199267,2.452885472,17.21235952,26.82749388,357,1,2011 DHS
Ethiopia,2016,DHS,ETH_2016_DHS_child,children_under5,stunting,ADM1,Addis Ababa,addis ababa,14.59285226,1.925328326,10.81927809,18.36642644,423,2,2016 DHS
Ethiopia,2019,DHS,ETH_2019_DHS_child,children_under5,stunting,ADM1,Addis Ababa,addis ababa,14.99168715,3.035636487,9.041948963,20.94142533,271,3,2019 DHS
Ethiopia,2024,DHS,ETH_2024_DHS_child,children_under5,stunting,ADM1,Addis Ababa,addis ababa,14.70189373,2.079630159,10.62589352,18.77789394,252,4,2024 DHS
Ethiopia,2011,DHS,ETH_2011_DHS_child,children_under5,stunting,ADM1,Afar,afar,50.15053378,2.195130839,45.8481564,54.45291117,962,1,2011 DHS
Ethiopia,2016,DHS,ETH_2016_DHS_child,children_under5,stunting,ADM1,Afar,afar,41.10692894,2.464632302,36.27633839,45.93751948,878,2,2016 DHS
Ethiopia,2019,DHS,ETH_2019_DHS_child,children_under5,stunting,ADM1,Afar,afar,42.24368779,2.70076689,36.95028195,47.53709362,588,3,2019 DHS
Ethiopia,2024,DHS,ETH_2024_DHS_child,children_under5,stunting,ADM1,Afar,afar,45.96492927,2.823594077,40.43078657,51.49907197,591,4,2024 DHS
Ethiopia,2011,DHS,ETH_2011_DHS_child,children_under5,stunting,ADM1,Amhara,amhara,52.04039504,1.603026999,48.89851985,55.18227022,1120,1,2011 DHS
Ethiopia,2016,DHS,ETH_2016_DHS_child,children_under5,stunting,ADM1,Amhara,amhara,46.32034267,1.941071795,42.51591186,50.12477348,954,2,2016 DHS
Ethiopia,2019,DHS,ETH_2019_DHS_child,children_under5,stunting,ADM1,Amhara,amhara,41.48972969,3.232383918,35.15437363,47.82508575,494,3,2019 DHS
Ethiopia,2024,DHS,ETH_2024_DHS_child,children_under5,stunting,ADM1,Amhara,amhara,43.11980818,2.268733759,38.67317172,47.56644464,506,4,2024 DHS
Ethiopia,2011,DHS,ETH_2011_DHS_child,children_under5,stunting,ADM1,Benishangul,benishangul,48.55937762,2.231827657,44.18507579,52.93367945,893,1,2011 DHS
Ethiopia,2016,DHS,ETH_2016_DHS_child,children_under5,stunting,ADM1,Benishangul,benishangul,42.74297167,2.202934826,38.42529875,47.06064459,759,2,2016 DHS
Ethiopia,2019,DHS,ETH_2019_DHS_child,children_under5,stunting,ADM1,Benishangul,benishangul,40.71032451,6.277386343,28.40687336,53.01377566,478,3,2019 DHS
Ethiopia,2024,DHS,ETH_2024_DHS_child,children_under5,stunting,ADM1,Benishangul,benishangul,51.6315312,4.211021874,43.37807999,59.88498241,369,4,2024 DHS
Ethiopia,2011,DHS,ETH_2011_DHS_child,children_under5,stunting,ADM1,Dire Dawa,dire dawa,36.28855034,2.487696956,31.4127539,41.16434678,644,1,2011 DHS
Ethiopia,2016,DHS,ETH_2016_DHS_child,children_under5,stunting,ADM1,Dire Dawa,dire dawa,40.19737791,2.895575587,34.52215405,45.87260178,464,2,2016 DHS
Ethiopia,2019,DHS,ETH_2019_DHS_child,children_under5,stunting,ADM1,Dire Dawa,dire dawa,25.3794875,2.330823484,20.81115742,29.94781758,362,3,2019 DHS
Ethiopia,2024,DHS,ETH_2024_DHS_child,children_under5,stunting,ADM1,Dire Dawa,dire dawa,33.26367777,3.450177338,26.50145444,40.02590109,280,4,2024 DHS
Ethiopia,2011,DHS,ETH_2011_DHS_child,children_under5,stunting,ADM1,Gambela,gambela,27.33257004,2.398563256,22.63147245,32.03366764,735,1,2011 DHS
Ethiopia,2016,DHS,ETH_2016_DHS_child,children_under5,stunting,ADM1,Gambela,gambela,23.52715921,1.826577844,19.94713242,27.107186,611,2,2016 DHS
Ethiopia,2019,DHS,ETH_2019_DHS_child,children_under5,stunting,ADM1,Gambela,gambela,17.29497339,2.692086055,12.01858168,22.5713651,412,3,2019 DHS
Ethiopia,2024,DHS,ETH_2024_DHS_child,children_under5,stunting,ADM1,Gambela,gambela,16.52115075,2.573427263,11.477326,21.5649755,353,4,2024 DHS
Ethiopia,2011,DHS,ETH_2011_DHS_child,children_under5,stunting,ADM1,Harari,harari,29.76311034,2.420786985,25.01845504,34.50776565,537,1,2011 DHS
Ethiopia,2016,DHS,ETH_2016_DHS_child,children_under5,stunting,ADM1,Harari,harari,31.95869229,2.523126115,27.01345598,36.90392861,484,2,2016 DHS
Ethiopia,2019,DHS,ETH_2019_DHS_child,children_under5,stunting,ADM1,Harari,harari,36.3711464,3.397252918,29.71265304,43.02963977,416,3,2019 DHS
Ethiopia,2024,DHS,ETH_2024_DHS_child,children_under5,stunting,ADM1,Harari,harari,34.82838269,3.923057966,27.13933036,42.51743501,295,4,2024 DHS
Ethiopia,2011,DHS,ETH_2011_DHS_child,children_under5,stunting,ADM1,Oromia,oromia,41.3635501,1.62643043,38.17580504,44.55129517,1619,1,2011 DHS
Ethiopia,2016,DHS,ETH_2016_DHS_child,children_under5,stunting,ADM1,Oromia,oromia,36.47153473,1.700376267,33.13885849,39.80421097,1463,2,2016 DHS
Ethiopia,2019,DHS,ETH_2019_DHS_child,children_under5,stunting,ADM1,Oromia,oromia,35.30988021,2.370521732,30.66374299,39.95601743,698,3,2019 DHS
Ethiopia,2024,DHS,ETH_2024_DHS_child,children_under5,stunting,ADM1,Oromia,oromia,41.2707518,2.433145228,36.50187479,46.03962882,663,4,2024 DHS
Ethiopia,2011,DHS,ETH_2011_DHS_child,children_under5,stunting,ADM1,SNNPR,snnpr,44.08139929,1.874602196,40.4072465,47.75555208,1477,1,2011 DHS
Ethiopia,2016,DHS,ETH_2016_DHS_child,children_under5,stunting,ADM1,SNNPR,snnpr,38.63327534,1.982741059,34.74717427,42.5193764,1208,2,2016 DHS
Ethiopia,2019,DHS,ETH_2019_DHS_child,children_under5,stunting,ADM1,SNNPR,snnpr,36.42700343,2.718897317,31.09806261,41.75594425,645,3,2019 DHS
Ethiopia,2024,DHS,ETH_2024_DHS_child,children_under5,stunting,ADM1,SNNPR,snnpr,38.124292,1.612191115,34.96445548,41.28412853,1800,4,2024 DHS
Ethiopia,2011,DHS,ETH_2011_DHS_child,children_under5,stunting,ADM1,Somali,somali,32.96154223,2.22121189,28.60804692,37.31503753,798,1,2011 DHS
Ethiopia,2016,DHS,ETH_2016_DHS_child,children_under5,stunting,ADM1,Somali,somali,27.43530595,1.738826652,24.02726833,30.84334356,1247,2,2016 DHS
Ethiopia,2019,DHS,ETH_2019_DHS_child,children_under5,stunting,ADM1,Somali,somali,30.58349924,3.118309667,24.4717246,36.69527388,566,3,2019 DHS
Ethiopia,2024,DHS,ETH_2024_DHS_child,children_under5,stunting,ADM1,Somali,somali,34.55629984,3.043363353,28.59141727,40.5211824,723,4,2024 DHS
Ethiopia,2011,DHS,ETH_2011_DHS_child,children_under5,stunting,ADM1,Tigray,tigray,51.42844392,1.871206961,47.76094567,55.09594217,1140,1,2011 DHS
Ethiopia,2016,DHS,ETH_2016_DHS_child,children_under5,stunting,ADM1,Tigray,tigray,39.27100653,1.806747773,35.72984596,42.81216709,980,2,2016 DHS
Ethiopia,2019,DHS,ETH_2019_DHS_child,children_under5,stunting,ADM1,Tigray,tigray,48.35019897,3.02652968,42.4183098,54.28208814,450,3,2019 DHS
Ethiopia,2024,DHS,ETH_2024_DHS_child,children_under5,stunting,ADM1,Tigray,tigray,41.572768,2.307879508,37.04940729,46.09612872,501,4,2024 DHS
Ethiopia,2011,DHS,ETH_2011_DHS_child,children_under5,wasting,ADM1,Addis Ababa,addis ababa,4.570675622,1.181816161,2.254358509,6.886992735,357,1,2011 DHS
Ethiopia,2016,DHS,ETH_2016_DHS_child,children_under5,wasting,ADM1,Addis Ababa,addis ababa,3.472332598,0.830466837,1.844647507,5.100017689,424,2,2016 DHS
Ethiopia,2019,DHS,ETH_2019_DHS_child,children_under5,wasting,ADM1,Addis Ababa,addis ababa,2.233086154,0.812753727,0.640118121,3.826054187,272,3,2019 DHS
Ethiopia,2024,DHS,ETH_2024_DHS_child,children_under5,wasting,ADM1,Addis Ababa,addis ababa,2.354158264,1.202993862,-0.003666379,4.711982906,251,4,2024 DHS
Ethiopia,2011,DHS,ETH_2011_DHS_child,children_under5,wasting,ADM1,Afar,afar,19.51885569,1.305643031,16.95984237,22.077869,962,1,2011 DHS
Ethiopia,2016,DHS,ETH_2016_DHS_child,children_under5,wasting,ADM1,Afar,afar,17.70385912,1.862197158,14.05401976,21.35369848,916,2,2016 DHS
Ethiopia,2019,DHS,ETH_2019_DHS_child,children_under5,wasting,ADM1,Afar,afar,13.53578189,2.161931082,9.298474836,17.77308895,613,3,2019 DHS
Ethiopia,2024,DHS,ETH_2024_DHS_child,children_under5,wasting,ADM1,Afar,afar,10.5138072,1.362490655,7.843374587,13.18423981,605,4,2024 DHS
Ethiopia,2011,DHS,ETH_2011_DHS_child,children_under5,wasting,ADM1,Amhara,amhara,9.895237704,1.084119629,7.770402277,12.02007313,1120,1,2011 DHS
Ethiopia,2016,DHS,ETH_2016_DHS_child,children_under5,wasting,ADM1,Amhara,amhara,9.754061917,0.96402108,7.86461532,11.64350851,950,2,2016 DHS
Ethiopia,2019,DHS,ETH_2019_DHS_child,children_under5,wasting,ADM1,Amhara,amhara,7.592830441,1.182266077,5.275631511,9.910029371,500,3,2019 DHS
Ethiopia,2024,DHS,ETH_2024_DHS_child,children_under5,wasting,ADM1,Amhara,amhara,4.535431126,0.915450267,2.741181573,6.32968068,503,4,2024 DHS
Ethiopia,2011,DHS,ETH_2011_DHS_child,children_under5,wasting,ADM1,Benishangul,benishangul,9.884139476,1.117159492,7.694547107,12.07373184,893,1,2011 DHS
Ethiopia,2016,DHS,ETH_2016_DHS_child,children_under5,wasting,ADM1,Benishangul,benishangul,11.46307081,1.75441432,8.024481925,14.90165969,765,2,2016 DHS
Ethiopia,2019,DHS,ETH_2019_DHS_child,children_under5,wasting,ADM1,Benishangul,benishangul,6.43135621,1.39630005,3.694658399,9.16805402,490,3,2019 DHS
Ethiopia,2024,DHS,ETH_2024_DHS_child,children_under5,wasting,ADM1,Benishangul,benishangul,4.157369547,0.94712924,2.301030348,6.013708747,376,4,2024 DHS
Ethiopia,2011,DHS,ETH_2011_DHS_child,children_under5,wasting,ADM1,Dire Dawa,dire dawa,12.25091183,1.633522608,9.049266353,15.45255731,644,1,2011 DHS
Ethiopia,2016,DHS,ETH_2016_DHS_child,children_under5,wasting,ADM1,Dire Dawa,dire dawa,9.748419474,1.706141511,6.40444356,13.09239539,471,2,2016 DHS
Ethiopia,2019,DHS,ETH_2019_DHS_child,children_under5,wasting,ADM1,Dire Dawa,dire dawa,5.926377749,1.317989396,3.343166,8.509589498,377,3,2019 DHS
Ethiopia,2024,DHS,ETH_2024_DHS_child,children_under5,wasting,ADM1,Dire Dawa,dire dawa,6.842042901,1.80787819,3.298666761,10.38541904,281,4,2024 DHS
Ethiopia,2011,DHS,ETH_2011_DHS_child,children_under5,wasting,ADM1,Gambela,gambela,12.54352587,2.08212556,8.462634756,16.62441697,735,1,2011 DHS
Ethiopia,2016,DHS,ETH_2016_DHS_child,children_under5,wasting,ADM1,Gambela,gambela,14.0986079,1.914535362,10.34618754,17.85102825,637,2,2016 DHS
Ethiopia,2019,DHS,ETH_2019_DHS_child,children_under5,wasting,ADM1,Gambela,gambela,13.13788357,1.531264406,10.13666049,16.13910666,420,3,2019 DHS
Ethiopia,2024,DHS,ETH_2024_DHS_child,children_under5,wasting,ADM1,Gambela,gambela,12.91561315,2.022320644,8.951937518,16.87928877,351,4,2024 DHS
Ethiopia,2011,DHS,ETH_2011_DHS_child,children_under5,wasting,ADM1,Harari,harari,9.066736477,1.561514789,6.006223728,12.12724923,537,1,2011 DHS
Ethiopia,2016,DHS,ETH_2016_DHS_child,children_under5,wasting,ADM1,Harari,harari,10.65156225,1.788117657,7.14691604,14.15620845,487,2,2016 DHS
Ethiopia,2019,DHS,ETH_2019_DHS_child,children_under5,wasting,ADM1,Harari,harari,4.087940802,1.007759546,2.112768387,6.063113217,433,3,2019 DHS
Ethiopia,2024,DHS,ETH_2024_DHS_child,children_under5,wasting,ADM1,Harari,harari,2.649625748,1.136681197,0.42177154,4.877479957,298,4,2024 DHS
Ethiopia,2011,DHS,ETH_2011_DHS_child,children_under5,wasting,ADM1,Oromia,oromia,9.669316703,0.894128877,7.916856307,11.4217771,1619,1,2011 DHS
Ethiopia,2016,DHS,ETH_2016_DHS_child,children_under5,wasting,ADM1,Oromia,oromia,10.58827435,0.849386391,8.923507617,12.25304109,1466,2,2016 DHS
Ethiopia,2019,DHS,ETH_2019_DHS_child,children_under5,wasting,ADM1,Oromia,oromia,4.312727237,0.842645701,2.661172012,5.964282463,715,3,2019 DHS
Ethiopia,2024,DHS,ETH_2024_DHS_child,children_under5,wasting,ADM1,Oromia,oromia,3.860214346,0.918945033,2.059115177,5.661313515,666,4,2024 DHS
Ethiopia,2011,DHS,ETH_2011_DHS_child,children_under5,wasting,ADM1,SNNPR,snnpr,7.641845562,0.788387372,6.096634707,9.187056417,1477,1,2011 DHS
Ethiopia,2016,DHS,ETH_2016_DHS_child,children_under5,wasting,ADM1,SNNPR,snnpr,6.008460746,0.72238213,4.592617787,7.424303704,1213,2,2016 DHS
Ethiopia,2019,DHS,ETH_2019_DHS_child,children_under5,wasting,ADM1,SNNPR,snnpr,6.315048396,1.696659476,2.989656929,9.640439863,679,3,2019 DHS
Ethiopia,2024,DHS,ETH_2024_DHS_child,children_under5,wasting,ADM1,SNNPR,snnpr,4.174819533,0.672101078,2.857525627,5.49211344,1815,4,2024 DHS
Ethiopia,2011,DHS,ETH_2011_DHS_child,children_under5,wasting,ADM1,Somali,somali,22.15212502,1.935805694,18.35801558,25.94623446,798,1,2011 DHS
Ethiopia,2016,DHS,ETH_2016_DHS_child,children_under5,wasting,ADM1,Somali,somali,22.6944446,2.43074188,17.93027806,27.45861114,1289,2,2016 DHS
Ethiopia,2019,DHS,ETH_2019_DHS_child,children_under5,wasting,ADM1,Somali,somali,21.43897733,1.816808685,17.87809774,24.99985692,605,3,2019 DHS
Ethiopia,2024,DHS,ETH_2024_DHS_child,children_under5,wasting,ADM1,Somali,somali,13.72103265,1.420254859,10.93738428,16.50468102,728,4,2024 DHS
Ethiopia,2011,DHS,ETH_2011_DHS_child,children_under5,wasting,ADM1,Tigray,tigray,10.26506424,1.006611272,8.292142403,12.23798608,1140,1,2011 DHS
Ethiopia,2016,DHS,ETH_2016_DHS_child,children_under5,wasting,ADM1,Tigray,tigray,11.0944552,1.067136106,9.002906864,13.18600353,978,2,2016 DHS
Ethiopia,2019,DHS,ETH_2019_DHS_child,children_under5,wasting,ADM1,Tigray,tigray,9.104502719,1.663331681,5.844432531,12.36457291,452,3,2019 DHS
Ethiopia,2024,DHS,ETH_2024_DHS_child,children_under5,wasting,ADM1,Tigray,tigray,5.183301796,1.174217362,2.881878056,7.484725537,502,4,2024 DHS
Ethiopia,2011,DHS,ETH_2011_DHS_women,women_15_49,anemia_women,ADM1,Addis Ababa,addis ababa,9.317881061,1.003325814,7.3513986,11.28436352,1525,2,2011 DHS
Ethiopia,2016,DHS,ETH_2016_DHS_women,women_15_49,anemia_women,ADM1,Addis Ababa,addis ababa,15.96796288,1.344503581,13.33278428,18.60314147,1613,3,2016 DHS
Ethiopia,2011,DHS,ETH_2011_DHS_women,women_15_49,anemia_women,ADM1,Afar,afar,34.75445674,2.296905798,30.2526041,39.25630938,1260,2,2011 DHS
Ethiopia,2016,DHS,ETH_2016_DHS_women,women_15_49,anemia_women,ADM1,Afar,afar,44.69838377,2.463930796,39.86916815,49.52759939,1039,3,2016 DHS
Ethiopia,2011,DHS,ETH_2011_DHS_women,women_15_49,anemia_women,ADM1,Amhara,amhara,16.56097059,1.254108452,14.1029632,19.01897799,1989,2,2011 DHS
Ethiopia,2016,DHS,ETH_2016_DHS_women,women_15_49,anemia_women,ADM1,Amhara,amhara,17.18962792,1.211172567,14.8157733,19.56348253,1688,3,2016 DHS
Ethiopia,2011,DHS,ETH_2011_DHS_women,women_15_49,anemia_women,ADM1,Benishangul,benishangul,19.0711282,1.571609771,15.99082965,22.15142675,1213,2,2011 DHS
Ethiopia,2016,DHS,ETH_2016_DHS_women,women_15_49,anemia_women,ADM1,Benishangul,benishangul,19.22993609,1.679095934,15.93896853,22.52090364,1038,3,2016 DHS
Ethiopia,2011,DHS,ETH_2011_DHS_women,women_15_49,anemia_women,ADM1,Dire Dawa,dire dawa,28.80267702,1.899320635,25.08007698,32.52527706,997,2,2011 DHS
Ethiopia,2016,DHS,ETH_2016_DHS_women,women_15_49,anemia_women,ADM1,Dire Dawa,dire dawa,30.11001267,2.316239234,25.57026719,34.64975815,953,3,2016 DHS
Ethiopia,2011,DHS,ETH_2011_DHS_women,women_15_49,anemia_women,ADM1,Gambela,gambela,19.42025094,2.308899379,14.89489131,23.94561057,1092,2,2011 DHS
Ethiopia,2016,DHS,ETH_2016_DHS_women,women_15_49,anemia_women,ADM1,Gambela,gambela,26.10307417,2.588876957,21.02896857,31.17717977,985,3,2016 DHS
Ethiopia,2011,DHS,ETH_2011_DHS_women,women_15_49,anemia_women,ADM1,Harari,harari,19.35309751,1.631259977,16.15588671,22.55030832,980,2,2011 DHS
Ethiopia,2016,DHS,ETH_2016_DHS_women,women_15_49,anemia_women,ADM1,Harari,harari,27.69211022,2.137111955,23.50344776,31.88077269,750,3,2016 DHS
Ethiopia,2011,DHS,ETH_2011_DHS_women,women_15_49,anemia_women,ADM1,Oromia,oromia,19.15133858,1.338177763,16.52855836,21.7741188,2068,2,2011 DHS
Ethiopia,2016,DHS,ETH_2016_DHS_women,women_15_49,anemia_women,ADM1,Oromia,oromia,27.29235308,1.871535411,23.62421108,30.96049508,1802,3,2016 DHS
Ethiopia,2011,DHS,ETH_2011_DHS_women,women_15_49,anemia_women,ADM1,SNNPR,snnpr,11.26254308,0.910625014,9.477750849,13.04733531,1943,2,2011 DHS
Ethiopia,2016,DHS,ETH_2016_DHS_women,women_15_49,anemia_women,ADM1,SNNPR,snnpr,22.54381813,1.672840465,19.26511107,25.8225252,1760,3,2016 DHS
Ethiopia,2011,DHS,ETH_2011_DHS_women,women_15_49,anemia_women,ADM1,Somali,somali,44.0376423,3.519106182,37.14032093,50.93496368,813,2,2011 DHS
Ethiopia,2016,DHS,ETH_2016_DHS_women,women_15_49,anemia_women,ADM1,Somali,somali,59.54086719,2.163080811,55.3013067,63.78042768,1262,3,2016 DHS
Ethiopia,2011,DHS,ETH_2011_DHS_women,women_15_49,anemia_women,ADM1,Tigray,tigray,12.40353392,1.118030271,10.21223486,14.59483299,1688,2,2011 DHS
Ethiopia,2016,DHS,ETH_2016_DHS_women,women_15_49,anemia_women,ADM1,Tigray,tigray,19.7412697,1.583105697,16.63843955,22.84409985,1599,3,2016 DHS
Ethiopia,2011,DHS,ETH_2011_DHS_women,women_15_49,severe_anemia_women,ADM1,Addis Ababa,addis ababa,0.279920393,0.279920393,0.037536412,0.522304374,1525,2,2011 DHS
Ethiopia,2016,DHS,ETH_2016_DHS_women,women_15_49,severe_anemia_women,ADM1,Addis Ababa,addis ababa,0.067807975,0.067807975,-0.06311282,0.198728769,1613,3,2016 DHS
Ethiopia,2011,DHS,ETH_2011_DHS_women,women_15_49,severe_anemia_women,ADM1,Afar,afar,1.453233345,1.453233345,0.684491238,2.221975451,1260,2,2011 DHS
Ethiopia,2016,DHS,ETH_2016_DHS_women,women_15_49,severe_anemia_women,ADM1,Afar,afar,1.999396854,1.999396854,1.058482637,2.94031107,1039,3,2016 DHS
Ethiopia,2011,DHS,ETH_2011_DHS_women,women_15_49,severe_anemia_women,ADM1,Amhara,amhara,0.377227769,0.377227769,0.123930508,0.630525029,1989,2,2011 DHS
Ethiopia,2016,DHS,ETH_2016_DHS_women,women_15_49,severe_anemia_women,ADM1,Amhara,amhara,0.113619231,0.113619231,-0.041151417,0.268389879,1688,3,2016 DHS
Ethiopia,2011,DHS,ETH_2011_DHS_women,women_15_49,severe_anemia_women,ADM1,Benishangul,benishangul,0.550239395,0.550239395,0.10999453,0.99048426,1213,2,2011 DHS
Ethiopia,2016,DHS,ETH_2016_DHS_women,women_15_49,severe_anemia_women,ADM1,Benishangul,benishangul,0.216225008,0.216225008,-0.096748452,0.529198468,1038,3,2016 DHS
Ethiopia,2011,DHS,ETH_2011_DHS_women,women_15_49,severe_anemia_women,ADM1,Dire Dawa,dire dawa,1.535911292,1.535911292,0.772801051,2.299021533,997,2,2011 DHS
Ethiopia,2016,DHS,ETH_2016_DHS_women,women_15_49,severe_anemia_women,ADM1,Dire Dawa,dire dawa,1.2592491,1.2592491,0.494744972,2.023753229,953,3,2016 DHS
Ethiopia,2011,DHS,ETH_2011_DHS_women,women_15_49,severe_anemia_women,ADM1,Gambela,gambela,0.231642545,0.231642545,-0.106487536,0.569772626,1092,2,2011 DHS
Ethiopia,2016,DHS,ETH_2016_DHS_women,women_15_49,severe_anemia_women,ADM1,Gambela,gambela,0.319550728,0.319550728,-0.108425067,0.747526524,985,3,2016 DHS
Ethiopia,2011,DHS,ETH_2011_DHS_women,women_15_49,severe_anemia_women,ADM1,Harari,harari,0.761106586,0.761106586,0.173905889,1.348307283,980,2,2011 DHS
Ethiopia,2016,DHS,ETH_2016_DHS_women,women_15_49,severe_anemia_women,ADM1,Harari,harari,1.230145947,1.230145947,0.511647369,1.948644524,750,3,2016 DHS
Ethiopia,2011,DHS,ETH_2011_DHS_women,women_15_49,severe_anemia_women,ADM1,Oromia,oromia,0.677544133,0.677544133,0.185797821,1.169290445,2068,2,2011 DHS
Ethiopia,2016,DHS,ETH_2016_DHS_women,women_15_49,severe_anemia_women,ADM1,Oromia,oromia,1.19059248,1.19059248,0.373023215,2.008161745,1802,3,2016 DHS
Ethiopia,2011,DHS,ETH_2011_DHS_women,women_15_49,severe_anemia_women,ADM1,SNNPR,snnpr,0.369250469,0.369250469,0.069101265,0.669399672,1943,2,2011 DHS
Ethiopia,2016,DHS,ETH_2016_DHS_women,women_15_49,severe_anemia_women,ADM1,SNNPR,snnpr,0.547824959,0.547824959,0.171645854,0.924004064,1760,3,2016 DHS
Ethiopia,2011,DHS,ETH_2011_DHS_women,women_15_49,severe_anemia_women,ADM1,Somali,somali,4.540608852,4.540608852,2.873358467,6.207859237,813,2,2011 DHS
Ethiopia,2016,DHS,ETH_2016_DHS_women,women_15_49,severe_anemia_women,ADM1,Somali,somali,4.770174452,4.770174452,3.332335935,6.208012969,1262,3,2016 DHS
Ethiopia,2011,DHS,ETH_2011_DHS_women,women_15_49,severe_anemia_women,ADM1,Tigray,tigray,0.396049121,0.396049121,0.066196544,0.725901699,1688,2,2011 DHS
Ethiopia,2016,DHS,ETH_2016_DHS_women,women_15_49,severe_anemia_women,ADM1,Tigray,tigray,0.320024465,0.320024465,-0.008490667,0.648539598,1599,3,2016 DHS
Nigeria,2013,DHS,NGA_2013_DHS_child,children_under5,severe_stunting,ADM1,Abia,abia,6.246916299,6.246916299,4.070086835,8.423745763,464,1,2013 DHS
Nigeria,2018,DHS,NGA_2018_DHS_child,children_under5,severe_stunting,ADM1,Abia,abia,6.381888615,6.381888615,3.738039621,9.025737609,286,2,2018 DHS
Nigeria,2024,DHS,NGA_2024_DHS_child,children_under5,severe_stunting,ADM1,Abia,abia,7.007637829,7.007637829,0.070815549,13.94446011,201,3,2024 DHS
Nigeria,2013,DHS,NGA_2013_DHS_child,children_under5,severe_stunting,ADM1,Adamawa,adamawa,12.6748463,12.6748463,9.432526379,15.91716622,882,1,2013 DHS
Nigeria,2018,DHS,NGA_2018_DHS_child,children_under5,severe_stunting,ADM1,Adamawa,adamawa,15.09575755,15.09575755,11.32962769,18.86188742,315,2,2018 DHS
Nigeria,2024,DHS,NGA_2024_DHS_child,children_under5,severe_stunting,ADM1,Adamawa,adamawa,26.69934442,26.69934442,18.68651948,34.71216935,293,3,2024 DHS
Nigeria,2013,DHS,NGA_2013_DHS_child,children_under5,severe_stunting,ADM1,Akwa Ibom,akwa ibom,10.86975979,10.86975979,6.664416493,15.07510309,533,1,2013 DHS
Nigeria,2018,DHS,NGA_2018_DHS_child,children_under5,severe_stunting,ADM1,Akwa Ibom,akwa ibom,4.406799809,4.406799809,2.023179303,6.790420315,254,2,2018 DHS
Nigeria,2024,DHS,NGA_2024_DHS_child,children_under5,severe_stunting,ADM1,Akwa Ibom,akwa ibom,9.023941192,9.023941192,4.877620264,13.17026212,203,3,2024 DHS
Nigeria,2013,DHS,NGA_2013_DHS_child,children_under5,severe_stunting,ADM1,Anambra,anambra,9.216868629,9.216868629,4.153403881,14.28033338,420,1,2013 DHS
Nigeria,2018,DHS,NGA_2018_DHS_child,children_under5,severe_stunting,ADM1,Anambra,anambra,3.588425283,3.588425283,1.306015975,5.870834591,447,2,2018 DHS
Nigeria,2024,DHS,NGA_2024_DHS_child,children_under5,severe_stunting,ADM1,Anambra,anambra,5.753946556,5.753946556,3.247552526,8.260340587,352,3,2024 DHS
Nigeria,2013,DHS,NGA_2013_DHS_child,children_under5,severe_stunting,ADM1,Bauchi,bauchi,30.86468863,30.86468863,27.95951235,33.76986492,1083,1,2013 DHS
Nigeria,2018,DHS,NGA_2018_DHS_child,children_under5,severe_stunting,ADM1,Bauchi,bauchi,29.3812543,29.3812543,23.5170846,35.245424,442,2,2018 DHS
Nigeria,2024,DHS,NGA_2024_DHS_child,children_under5,severe_stunting,ADM1,Bauchi,bauchi,32.30876058,32.30876058,25.22790686,39.38961429,338,3,2024 DHS
Nigeria,2013,DHS,NGA_2013_DHS_child,children_under5,severe_stunting,ADM1,Bayelsa,bayelsa,8.777109519,8.777109519,5.743742245,11.81047679,733,1,2013 DHS
Nigeria,2018,DHS,NGA_2018_DHS_child,children_under5,severe_stunting,ADM1,Bayelsa,bayelsa,6.056203242,6.056203242,2.895289662,9.217116822,282,2,2018 DHS
Nigeria,2024,DHS,NGA_2024_DHS_child,children_under5,severe_stunting,ADM1,Bayelsa,bayelsa,10.59133107,10.59133107,5.510752849,15.67190929,212,3,2024 DHS
Nigeria,2013,DHS,NGA_2013_DHS_child,children_under5,severe_stunting,ADM1,Benue,benue,10.44831321,10.44831321,5.951852365,14.94477405,580,1,2013 DHS
Nigeria,2018,DHS,NGA_2018_DHS_child,children_under5,severe_stunting,ADM1,Benue,benue,6.749490358,6.749490358,3.695125201,9.803855516,374,2,2018 DHS
Nigeria,2024,DHS,NGA_2024_DHS_child,children_under5,severe_stunting,ADM1,Benue,benue,9.629182959,9.629182959,5.701537337,13.55682858,210,3,2024 DHS
Nigeria,2013,DHS,NGA_2013_DHS_child,children_under5,severe_stunting,ADM1,Borno,borno,13.68756655,13.68756655,9.286060501,18.08907261,416,1,2013 DHS
Nigeria,2018,DHS,NGA_2018_DHS_child,children_under5,severe_stunting,ADM1,Borno,borno,24.60147679,24.60147679,20.29157739,28.91137619,347,2,2018 DHS
Nigeria,2024,DHS,NGA_2024_DHS_child,children_under5,severe_stunting,ADM1,Borno,borno,23.35334513,23.35334513,17.95969519,28.74699506,286,3,2024 DHS
Nigeria,2013,DHS,NGA_2013_DHS_child,children_under5,severe_stunting,ADM1,Cross River,cross river,8.515871261,8.515871261,5.88658968,11.14515284,515,1,2013 DHS
Nigeria,2018,DHS,NGA_2018_DHS_child,children_under5,severe_stunting,ADM1,Cross River,cross river,5.568314079,5.568314079,1.248139485,9.888488674,164,2,2018 DHS
Nigeria,2024,DHS,NGA_2024_DHS_child,children_under5,severe_stunting,ADM1,Cross River,cross river,5.071315894,5.071315894,2.215415574,7.927216214,155,3,2024 DHS
Nigeria,2013,DHS,NGA_2013_DHS_child,children_under5,severe_stunting,ADM1,Delta,delta,8.638719496,8.638719496,5.976878656,11.30056034,594,1,2013 DHS
Nigeria,2018,DHS,NGA_2018_DHS_child,children_under5,severe_stunting,ADM1,Delta,delta,7.543831013,7.543831013,3.946105319,11.14155671,198,2,2018 DHS
Nigeria,2024,DHS,NGA_2024_DHS_child,children_under5,severe_stunting,ADM1,Delta,delta,2.875914502,2.875914502,0.377166309,5.374662695,166,3,2024 DHS
Nigeria,2013,DHS,NGA_2013_DHS_child,children_under5,severe_stunting,ADM1,Ebonyi,ebonyi,6.147585841,6.147585841,3.371413562,8.92375812,645,1,2013 DHS
Nigeria,2018,DHS,NGA_2018_DHS_child,children_under5,severe_stunting,ADM1,Ebonyi,ebonyi,9.564753076,9.564753076,6.414690909,12.71481524,488,2,2018 DHS
Nigeria,2024,DHS,NGA_2024_DHS_child,children_under5,severe_stunting,ADM1,Ebonyi,ebonyi,10.16464573,10.16464573,7.42836415,12.90092731,520,3,2024 DHS
Nigeria,2013,DHS,NGA_2013_DHS_child,children_under5,severe_stunting,ADM1,Edo,edo,6.799907136,6.799907136,4.262677937,9.337136334,519,1,2013 DHS
Nigeria,2018,DHS,NGA_2018_DHS_child,children_under5,severe_stunting,ADM1,Edo,edo,4.535836438,4.535836438,-0.36859067,9.440263546,160,2,2018 DHS
Nigeria,2024,DHS,NGA_2024_DHS_child,children_under5,severe_stunting,ADM1,Edo,edo,3.550108103,3.550108103,0.683728753,6.416487453,185,3,2024 DHS
Nigeria,2013,DHS,NGA_2013_DHS_child,children_under5,severe_stunting,ADM1,Ekiti,ekiti,7.341320112,7.341320112,4.927340093,9.755300132,493,1,2013 DHS
Nigeria,2018,DHS,NGA_2018_DHS_child,children_under5,severe_stunting,ADM1,Ekiti,ekiti,6.770670299,6.770670299,3.758067623,9.783272975,287,2,2018 DHS
Nigeria,2024,DHS,NGA_2024_DHS_child,children_under5,severe_stunting,ADM1,Ekiti,ekiti,4.788281431,4.788281431,1.543174072,8.033388791,129,3,2024 DHS
Nigeria,2013,DHS,NGA_2013_DHS_child,children_under5,severe_stunting,ADM1,Enugu,enugu,2.457782263,2.457782263,1.017463189,3.898101336,547,1,2013 DHS
Nigeria,2018,DHS,NGA_2018_DHS_child,children_under5,severe_stunting,ADM1,Enugu,enugu,4.522461387,4.522461387,2.381132087,6.663790687,263,2,2018 DHS
Nigeria,2024,DHS,NGA_2024_DHS_child,children_under5,severe_stunting,ADM1,Enugu,enugu,4.23478941,4.23478941,1.960143944,6.509434877,339,3,2024 DHS
Nigeria,2024,DHS,NGA_2024_DHS_child,children_under5,severe_stunting,ADM1,FCT Abuja,fct abuja,3.900511146,3.900511146,0.937860634,6.863161658,174,3,2024 DHS
Nigeria,2013,DHS,NGA_2013_DHS_child,children_under5,severe_stunting,ADM1,FCT Abuja,fct abuja,8.974318278,8.974318278,5.251315258,12.6973213,456,1,2013 DHS
Nigeria,2018,DHS,NGA_2018_DHS_child,children_under5,severe_stunting,ADM1,FCT Abuja,fct abuja,9.365271522,9.365271522,5.353248884,13.37729416,298,2,2018 DHS
Nigeria,2013,DHS,NGA_2013_DHS_child,children_under5,severe_stunting,ADM1,Gombe,gombe,27.21110087,27.21110087,22.58483317,31.83736856,938,1,2013 DHS
Nigeria,2018,DHS,NGA_2018_DHS_child,children_under5,severe_stunting,ADM1,Gombe,gombe,26.91848405,26.91848405,21.86962098,31.96734712,400,2,2018 DHS
Nigeria,2024,DHS,NGA_2024_DHS_child,children_under5,severe_stunting,ADM1,Gombe,gombe,24.9879901,24.9879901,19.20845739,30.76752282,316,3,2024 DHS
Nigeria,2013,DHS,NGA_2013_DHS_child,children_under5,severe_stunting,ADM1,Imo,imo,4.744447427,4.744447427,1.681172915,7.807721939,437,1,2013 DHS
Nigeria,2018,DHS,NGA_2018_DHS_child,children_under5,severe_stunting,ADM1,Imo,imo,4.86267468,4.86267468,2.709189783,7.016159578,359,2,2018 DHS
Nigeria,2024,DHS,NGA_2024_DHS_child,children_under5,severe_stunting,ADM1,Imo,imo,3.912753554,3.912753554,1.997743661,5.827763446,414,3,2024 DHS
Nigeria,2013,DHS,NGA_2013_DHS_child,children_under5,severe_stunting,ADM1,Jigawa,jigawa,41.46114471,41.46114471,36.90098566,46.02130376,1042,1,2013 DHS
Nigeria,2018,DHS,NGA_2018_DHS_child,children_under5,severe_stunting,ADM1,Jigawa,jigawa,35.995215,35.995215,31.15948502,40.83094498,415,2,2018 DHS
Nigeria,2024,DHS,NGA_2024_DHS_child,children_under5,severe_stunting,ADM1,Jigawa,jigawa,31.88054819,31.88054819,27.00228929,36.7588071,378,3,2024 DHS
Nigeria,2013,DHS,NGA_2013_DHS_child,children_under5,severe_stunting,ADM1,Kaduna,kaduna,41.69279206,41.69279206,34.98550778,48.40007634,622,1,2013 DHS
Nigeria,2018,DHS,NGA_2018_DHS_child,children_under5,severe_stunting,ADM1,Kaduna,kaduna,22.05093642,22.05093642,14.59316742,29.50870541,421,2,2018 DHS
Nigeria,2024,DHS,NGA_2024_DHS_child,children_under5,severe_stunting,ADM1,Kaduna,kaduna,16.84768013,16.84768013,11.12081791,22.57454235,384,3,2024 DHS
Nigeria,2013,DHS,NGA_2013_DHS_child,children_under5,severe_stunting,ADM1,Kano,kano,31.14169746,31.14169746,26.44321886,35.84017607,1647,1,2013 DHS
Nigeria,2018,DHS,NGA_2018_DHS_child,children_under5,severe_stunting,ADM1,Kano,kano,29.69497122,29.69497122,24.23817115,35.15177129,562,2,2018 DHS
Nigeria,2024,DHS,NGA_2024_DHS_child,children_under5,severe_stunting,ADM1,Kano,kano,29.36620936,29.36620936,24.72854144,34.00387728,467,3,2024 DHS
Nigeria,2013,DHS,NGA_2013_DHS_child,children_under5,severe_stunting,ADM1,Katsina,katsina,38.03275067,38.03275067,31.80939838,44.25610296,1159,1,2013 DHS
Nigeria,2018,DHS,NGA_2018_DHS_child,children_under5,severe_stunting,ADM1,Katsina,katsina,35.89006024,35.89006024,29.55896309,42.2211574,478,2,2018 DHS
Nigeria,2024,DHS,NGA_2024_DHS_child,children_under5,severe_stunting,ADM1,Katsina,katsina,32.62354063,32.62354063,19.49836946,45.74871179,345,3,2024 DHS
Nigeria,2013,DHS,NGA_2013_DHS_child,children_under5,severe_stunting,ADM1,Kebbi,kebbi,42.70997547,42.70997547,36.51694653,48.90300442,844,1,2013 DHS
Nigeria,2018,DHS,NGA_2018_DHS_child,children_under5,severe_stunting,ADM1,Kebbi,kebbi,37.63399739,37.63399739,30.89897671,44.36901808,360,2,2018 DHS
Nigeria,2024,DHS,NGA_2024_DHS_child,children_under5,severe_stunting,ADM1,Kebbi,kebbi,35.23231692,35.23231692,30.5074861,39.95714774,389,3,2024 DHS
Nigeria,2013,DHS,NGA_2013_DHS_child,children_under5,severe_stunting,ADM1,Kogi,kogi,10.71517598,10.71517598,5.937685033,15.49266692,441,1,2013 DHS
Nigeria,2018,DHS,NGA_2018_DHS_child,children_under5,severe_stunting,ADM1,Kogi,kogi,7.768421438,7.768421438,3.574295678,11.9625472,214,2,2018 DHS
Nigeria,2024,DHS,NGA_2024_DHS_child,children_under5,severe_stunting,ADM1,Kogi,kogi,15.24377064,15.24377064,5.659696949,24.82784433,267,3,2024 DHS
Nigeria,2013,DHS,NGA_2013_DHS_child,children_under5,severe_stunting,ADM1,Kwara,kwara,10.13824175,10.13824175,6.436403472,13.84008003,644,1,2013 DHS
Nigeria,2018,DHS,NGA_2018_DHS_child,children_under5,severe_stunting,ADM1,Kwara,kwara,12.82764843,12.82764843,5.912726232,19.74257063,261,2,2018 DHS
Nigeria,2024,DHS,NGA_2024_DHS_child,children_under5,severe_stunting,ADM1,Kwara,kwara,17.97843099,17.97843099,11.74734481,24.20951717,243,3,2024 DHS
Nigeria,2013,DHS,NGA_2013_DHS_child,children_under5,severe_stunting,ADM1,Lagos,lagos,6.278524599,6.278524599,4.231097572,8.325951626,846,1,2013 DHS
Nigeria,2018,DHS,NGA_2018_DHS_child,children_under5,severe_stunting,ADM1,Lagos,lagos,5.829869339,5.829869339,-1.136261248,12.79599993,355,2,2018 DHS
Nigeria,2024,DHS,NGA_2024_DHS_child,children_under5,severe_stunting,ADM1,Lagos,lagos,2.132206817,2.132206817,-0.123666415,4.38808005,138,3,2024 DHS
Nigeria,2013,DHS,NGA_2013_DHS_child,children_under5,severe_stunting,ADM1,Nasarawa,nasarawa,19.93728699,19.93728699,15.69501827,24.17955571,579,1,2013 DHS
Nigeria,2018,DHS,NGA_2018_DHS_child,children_under5,severe_stunting,ADM1,Nasarawa,nasarawa,11.94566526,11.94566526,7.364810054,16.52652047,300,2,2018 DHS
Nigeria,2024,DHS,NGA_2024_DHS_child,children_under5,severe_stunting,ADM1,Nasarawa,nasarawa,13.55933528,13.55933528,9.784960836,17.33370973,305,3,2024 DHS
Nigeria,2013,DHS,NGA_2013_DHS_child,children_under5,severe_stunting,ADM1,Niger,niger,16.92234919,16.92234919,13.2213156,20.62338278,821,1,2013 DHS
Nigeria,2018,DHS,NGA_2018_DHS_child,children_under5,severe_stunting,ADM1,Niger,niger,10.95292769,10.95292769,8.093153665,13.81270172,423,2,2018 DHS
Nigeria,2024,DHS,NGA_2024_DHS_child,children_under5,severe_stunting,ADM1,Niger,niger,17.24083794,17.24083794,11.88231372,22.59936216,338,3,2024 DHS
Nigeria,2013,DHS,NGA_2013_DHS_child,children_under5,severe_stunting,ADM1,Ogun,ogun,9.875172341,9.875172341,7.486201355,12.26414333,494,1,2013 DHS
Nigeria,2018,DHS,NGA_2018_DHS_child,children_under5,severe_stunting,ADM1,Ogun,ogun,7.515649872,7.515649872,4.78047599,10.25082375,309,2,2018 DHS
Nigeria,2024,DHS,NGA_2024_DHS_child,children_under5,severe_stunting,ADM1,Ogun,ogun,6.123394783,6.123394783,2.572910177,9.673879389,177,3,2024 DHS
Nigeria,2013,DHS,NGA_2013_DHS_child,children_under5,severe_stunting,ADM1,Ondo,ondo,10.42792652,10.42792652,6.310837351,14.54501569,594,1,2013 DHS
Nigeria,2018,DHS,NGA_2018_DHS_child,children_under5,severe_stunting,ADM1,Ondo,ondo,6.673420839,6.673420839,3.065877897,10.28096378,235,2,2018 DHS
Nigeria,2024,DHS,NGA_2024_DHS_child,children_under5,severe_stunting,ADM1,Ondo,ondo,12.26730903,12.26730903,5.874782669,18.65983538,128,3,2024 DHS
Nigeria,2013,DHS,NGA_2013_DHS_child,children_under5,severe_stunting,ADM1,Osun,osun,7.921667602,7.921667602,5.574785797,10.26854941,523,1,2013 DHS
Nigeria,2018,DHS,NGA_2018_DHS_child,children_under5,severe_stunting,ADM1,Osun,osun,7.501540442,7.501540442,3.072285786,11.9307951,278,2,2018 DHS
Nigeria,2024,DHS,NGA_2024_DHS_child,children_under5,severe_stunting,ADM1,Osun,osun,8.759891565,8.759891565,4.221178194,13.29860494,146,3,2024 DHS
Nigeria,2013,DHS,NGA_2013_DHS_child,children_under5,severe_stunting,ADM1,Oyo,oyo,9.632466023,9.632466023,6.870269276,12.39466277,625,1,2013 DHS
Nigeria,2018,DHS,NGA_2018_DHS_child,children_under5,severe_stunting,ADM1,Oyo,oyo,14.24836409,14.24836409,11.00311315,17.49361503,399,2,2018 DHS
Nigeria,2024,DHS,NGA_2024_DHS_child,children_under5,severe_stunting,ADM1,Oyo,oyo,7.91349791,7.91349791,3.080430219,12.7465656,232,3,2024 DHS
Nigeria,2013,DHS,NGA_2013_DHS_child,children_under5,severe_stunting,ADM1,Plateau,plateau,18.48196664,18.48196664,13.34334381,23.62058946,595,1,2013 DHS
Nigeria,2018,DHS,NGA_2018_DHS_child,children_under5,severe_stunting,ADM1,Plateau,plateau,15.18752009,15.18752009,10.5518312,19.82320897,318,2,2018 DHS
Nigeria,2024,DHS,NGA_2024_DHS_child,children_under5,severe_stunting,ADM1,Plateau,plateau,19.77723347,19.77723347,13.5902471,25.96421984,290,3,2024 DHS
Nigeria,2013,DHS,NGA_2013_DHS_child,children_under5,severe_stunting,ADM1,Rivers,rivers,6.764800802,6.764800802,3.489093613,10.04050799,465,1,2013 DHS
Nigeria,2018,DHS,NGA_2018_DHS_child,children_under5,severe_stunting,ADM1,Rivers,rivers,3.068430062,3.068430062,1.279760817,4.857099307,312,2,2018 DHS
Nigeria,2024,DHS,NGA_2024_DHS_child,children_under5,severe_stunting,ADM1,Rivers,rivers,2.233857945,2.233857945,0.168265605,4.299450285,287,3,2024 DHS
Nigeria,2013,DHS,NGA_2013_DHS_child,children_under5,severe_stunting,ADM1,Sokoto,sokoto,30.84491618,30.84491618,26.96555273,34.72427964,1087,1,2013 DHS
Nigeria,2018,DHS,NGA_2018_DHS_child,children_under5,severe_stunting,ADM1,Sokoto,sokoto,34.60216039,34.60216039,28.11779663,41.08652416,299,2,2018 DHS
Nigeria,2024,DHS,NGA_2024_DHS_child,children_under5,severe_stunting,ADM1,Sokoto,sokoto,14.81481296,14.81481296,8.502082826,21.1275431,352,3,2024 DHS
Nigeria,2013,DHS,NGA_2013_DHS_child,children_under5,severe_stunting,ADM1,Taraba,taraba,23.78662568,23.78662568,18.15219461,29.42105675,1090,1,2013 DHS
Nigeria,2018,DHS,NGA_2018_DHS_child,children_under5,severe_stunting,ADM1,Taraba,taraba,19.37429303,19.37429303,14.19762213,24.55096393,348,2,2018 DHS
Nigeria,2024,DHS,NGA_2024_DHS_child,children_under5,severe_stunting,ADM1,Taraba,taraba,20.753943,20.753943,14.62758329,26.88030271,237,3,2024 DHS
Nigeria,2013,DHS,NGA_2013_DHS_child,children_under5,severe_stunting,ADM1,Yobe,yobe,31.05522041,31.05522041,26.81157039,35.29887043,804,1,2013 DHS
Nigeria,2018,DHS,NGA_2018_DHS_child,children_under5,severe_stunting,ADM1,Yobe,yobe,37.01761092,37.01761092,27.75311663,46.28210522,367,2,2018 DHS
Nigeria,2024,DHS,NGA_2024_DHS_child,children_under5,severe_stunting,ADM1,Yobe,yobe,25.16494106,25.16494106,19.75684467,30.57303745,349,3,2024 DHS
Nigeria,2013,DHS,NGA_2013_DHS_child,children_under5,severe_stunting,ADM1,Zamfara,zamfara,33.54423875,33.54423875,31.08812659,36.0003509,1129,1,2013 DHS
Nigeria,2018,DHS,NGA_2018_DHS_child,children_under5,severe_stunting,ADM1,Zamfara,zamfara,23.90417251,23.90417251,17.56019554,30.24814949,363,2,2018 DHS
Nigeria,2024,DHS,NGA_2024_DHS_child,children_under5,severe_stunting,ADM1,Zamfara,zamfara,39.24087599,39.24087599,31.06109113,47.42066085,226,3,2024 DHS
Nigeria,2013,DHS,NGA_2013_DHS_child,children_under5,severe_wasting,ADM1,Abia,abia,4.793808674,4.793808674,2.732074976,6.855542372,464,1,2013 DHS
Nigeria,2018,DHS,NGA_2018_DHS_child,children_under5,severe_wasting,ADM1,Abia,abia,2.240794725,2.240794725,0.076740893,4.404848557,287,2,2018 DHS
Nigeria,2024,DHS,NGA_2024_DHS_child,children_under5,severe_wasting,ADM1,Abia,abia,2.06853494,2.06853494,-0.122412655,4.259482535,202,3,2024 DHS
Nigeria,2013,DHS,NGA_2013_DHS_child,children_under5,severe_wasting,ADM1,Adamawa,adamawa,5.239910856,5.239910856,3.287596856,7.192224855,882,1,2013 DHS
Nigeria,2018,DHS,NGA_2018_DHS_child,children_under5,severe_wasting,ADM1,Adamawa,adamawa,1.579902227,1.579902227,0.022992125,3.136812329,313,2,2018 DHS
Nigeria,2024,DHS,NGA_2024_DHS_child,children_under5,severe_wasting,ADM1,Adamawa,adamawa,3.388288833,3.388288833,0.622277432,6.154300234,301,3,2024 DHS
Nigeria,2013,DHS,NGA_2013_DHS_child,children_under5,severe_wasting,ADM1,Akwa Ibom,akwa ibom,2.713513756,2.713513756,1.351141397,4.075886114,533,1,2013 DHS
Nigeria,2018,DHS,NGA_2018_DHS_child,children_under5,severe_wasting,ADM1,Akwa Ibom,akwa ibom,0.485716075,0.485716075,-0.472999264,1.444431414,254,2,2018 DHS
Nigeria,2024,DHS,NGA_2024_DHS_child,children_under5,severe_wasting,ADM1,Akwa Ibom,akwa ibom,1.359737083,1.359737083,-0.281766275,3.001240441,203,3,2024 DHS
Nigeria,2013,DHS,NGA_2013_DHS_child,children_under5,severe_wasting,ADM1,Anambra,anambra,9.221723958,9.221723958,6.030520659,12.41292726,420,1,2013 DHS
Nigeria,2018,DHS,NGA_2018_DHS_child,children_under5,severe_wasting,ADM1,Anambra,anambra,0.351282718,0.351282718,-0.147296174,0.849861611,448,2,2018 DHS
Nigeria,2024,DHS,NGA_2024_DHS_child,children_under5,severe_wasting,ADM1,Anambra,anambra,2.057166585,2.057166585,0.5119867,3.60234647,350,3,2024 DHS
Nigeria,2013,DHS,NGA_2013_DHS_child,children_under5,severe_wasting,ADM1,Bauchi,bauchi,8.608653918,8.608653918,6.120306309,11.09700153,1083,1,2013 DHS
Nigeria,2018,DHS,NGA_2018_DHS_child,children_under5,severe_wasting,ADM1,Bauchi,bauchi,1.866159631,1.866159631,0.623571941,3.10874732,444,2,2018 DHS
Nigeria,2024,DHS,NGA_2024_DHS_child,children_under5,severe_wasting,ADM1,Bauchi,bauchi,2.697042771,2.697042771,0.683495738,4.710589804,346,3,2024 DHS
Nigeria,2013,DHS,NGA_2013_DHS_child,children_under5,severe_wasting,ADM1,Bayelsa,bayelsa,1.315307392,1.315307392,0.26580503,2.364809754,733,1,2013 DHS
Nigeria,2018,DHS,NGA_2018_DHS_child,children_under5,severe_wasting,ADM1,Bayelsa,bayelsa,0.31769417,0.31769417,-0.281704898,0.917093239,286,2,2018 DHS
Nigeria,2024,DHS,NGA_2024_DHS_child,children_under5,severe_wasting,ADM1,Bayelsa,bayelsa,0.757587026,0.757587026,-0.39865046,1.913824512,210,3,2024 DHS
Nigeria,2013,DHS,NGA_2013_DHS_child,children_under5,severe_wasting,ADM1,Benue,benue,1.370102134,1.370102134,0.220402017,2.519802251,580,1,2013 DHS
Nigeria,2018,DHS,NGA_2018_DHS_child,children_under5,severe_wasting,ADM1,Benue,benue,4.190480974,4.190480974,1.982686863,6.398275085,377,2,2018 DHS
Nigeria,2024,DHS,NGA_2024_DHS_child,children_under5,severe_wasting,ADM1,Benue,benue,0,0,0,0,211,3,2024 DHS
Nigeria,2013,DHS,NGA_2013_DHS_child,children_under5,severe_wasting,ADM1,Borno,borno,17.91757394,17.91757394,9.564158606,26.27098928,416,1,2013 DHS
Nigeria,2018,DHS,NGA_2018_DHS_child,children_under5,severe_wasting,ADM1,Borno,borno,5.728454153,5.728454153,2.774162876,8.682745431,350,2,2018 DHS
Nigeria,2024,DHS,NGA_2024_DHS_child,children_under5,severe_wasting,ADM1,Borno,borno,2.967964661,2.967964661,0.754523772,5.181405551,287,3,2024 DHS
Nigeria,2013,DHS,NGA_2013_DHS_child,children_under5,severe_wasting,ADM1,Cross River,cross river,3.110000408,3.110000408,1.366847774,4.853153041,515,1,2013 DHS
Nigeria,2018,DHS,NGA_2018_DHS_child,children_under5,severe_wasting,ADM1,Cross River,cross river,0.666506614,0.666506614,-0.315085872,1.6480991,163,2,2018 DHS
Nigeria,2024,DHS,NGA_2024_DHS_child,children_under5,severe_wasting,ADM1,Cross River,cross river,0.495609417,0.495609417,-0.502533475,1.493752308,158,3,2024 DHS
Nigeria,2013,DHS,NGA_2013_DHS_child,children_under5,severe_wasting,ADM1,Delta,delta,7.197569516,7.197569516,3.967632438,10.42750659,594,1,2013 DHS
Nigeria,2018,DHS,NGA_2018_DHS_child,children_under5,severe_wasting,ADM1,Delta,delta,0.725434043,0.725434043,-0.384095074,1.834963159,196,2,2018 DHS
Nigeria,2024,DHS,NGA_2024_DHS_child,children_under5,severe_wasting,ADM1,Delta,delta,2.733318888,2.733318888,-0.093922677,5.560560454,165,3,2024 DHS
Nigeria,2013,DHS,NGA_2013_DHS_child,children_under5,severe_wasting,ADM1,Ebonyi,ebonyi,3.210634791,3.210634791,1.991348831,4.42992075,645,1,2013 DHS
Nigeria,2018,DHS,NGA_2018_DHS_child,children_under5,severe_wasting,ADM1,Ebonyi,ebonyi,0.758140134,0.758140134,0.012956878,1.503323389,487,2,2018 DHS
Nigeria,2024,DHS,NGA_2024_DHS_child,children_under5,severe_wasting,ADM1,Ebonyi,ebonyi,1.33872007,1.33872007,0.33601998,2.34142016,526,3,2024 DHS
Nigeria,2013,DHS,NGA_2013_DHS_child,children_under5,severe_wasting,ADM1,Edo,edo,3.570233467,3.570233467,0.976678931,6.163788002,519,1,2013 DHS
Nigeria,2018,DHS,NGA_2018_DHS_child,children_under5,severe_wasting,ADM1,Edo,edo,1.699808073,1.699808073,-0.400530415,3.800146561,161,2,2018 DHS
Nigeria,2024,DHS,NGA_2024_DHS_child,children_under5,severe_wasting,ADM1,Edo,edo,0.46868244,0.46868244,-0.468654001,1.40601888,183,3,2024 DHS
Nigeria,2013,DHS,NGA_2013_DHS_child,children_under5,severe_wasting,ADM1,Ekiti,ekiti,2.254793507,2.254793507,0.749107596,3.760479419,493,1,2013 DHS
Nigeria,2018,DHS,NGA_2018_DHS_child,children_under5,severe_wasting,ADM1,Ekiti,ekiti,1.444064406,1.444064406,-0.011518877,2.89964769,287,2,2018 DHS
Nigeria,2024,DHS,NGA_2024_DHS_child,children_under5,severe_wasting,ADM1,Ekiti,ekiti,0.407706439,0.407706439,-0.41142208,1.226834959,129,3,2024 DHS
Nigeria,2013,DHS,NGA_2013_DHS_child,children_under5,severe_wasting,ADM1,Enugu,enugu,1.978413393,1.978413393,0.935313132,3.021513654,547,1,2013 DHS
Nigeria,2018,DHS,NGA_2018_DHS_child,children_under5,severe_wasting,ADM1,Enugu,enugu,1.415215164,1.415215164,0.073816079,2.756614249,263,2,2018 DHS
Nigeria,2024,DHS,NGA_2024_DHS_child,children_under5,severe_wasting,ADM1,Enugu,enugu,0.6071806,0.6071806,-0.242063542,1.456424742,339,3,2024 DHS
Nigeria,2024,DHS,NGA_2024_DHS_child,children_under5,severe_wasting,ADM1,FCT Abuja,fct abuja,1.223431601,1.223431601,-0.554474982,3.001338183,173,3,2024 DHS
Nigeria,2013,DHS,NGA_2013_DHS_child,children_under5,severe_wasting,ADM1,FCT Abuja,fct abuja,5.010211467,5.010211467,2.798758836,7.221664098,456,1,2013 DHS
Nigeria,2018,DHS,NGA_2018_DHS_child,children_under5,severe_wasting,ADM1,FCT Abuja,fct abuja,0.536762924,0.536762924,-0.221884638,1.295410487,301,2,2018 DHS
Nigeria,2013,DHS,NGA_2013_DHS_child,children_under5,severe_wasting,ADM1,Gombe,gombe,5.881329668,5.881329668,4.747881325,7.014778012,938,1,2013 DHS
Nigeria,2018,DHS,NGA_2018_DHS_child,children_under5,severe_wasting,ADM1,Gombe,gombe,3.479771744,3.479771744,1.545040054,5.414503435,411,2,2018 DHS
Nigeria,2024,DHS,NGA_2024_DHS_child,children_under5,severe_wasting,ADM1,Gombe,gombe,2.386945,2.386945,0.469037665,4.304852335,323,3,2024 DHS
Nigeria,2013,DHS,NGA_2013_DHS_child,children_under5,severe_wasting,ADM1,Imo,imo,3.529748145,3.529748145,0.516591675,6.542904614,437,1,2013 DHS
Nigeria,2018,DHS,NGA_2018_DHS_child,children_under5,severe_wasting,ADM1,Imo,imo,0.28463303,0.28463303,-0.129191305,0.698457364,358,2,2018 DHS
Nigeria,2024,DHS,NGA_2024_DHS_child,children_under5,severe_wasting,ADM1,Imo,imo,1.579425338,1.579425338,0.525121717,2.63372896,412,3,2024 DHS
Nigeria,2013,DHS,NGA_2013_DHS_child,children_under5,severe_wasting,ADM1,Jigawa,jigawa,7.780756827,7.780756827,5.735382018,9.826131636,1042,1,2013 DHS
Nigeria,2018,DHS,NGA_2018_DHS_child,children_under5,severe_wasting,ADM1,Jigawa,jigawa,2.879056022,2.879056022,0.882794461,4.875317584,420,2,2018 DHS
Nigeria,2024,DHS,NGA_2024_DHS_child,children_under5,severe_wasting,ADM1,Jigawa,jigawa,4.704015574,4.704015574,1.896868933,7.511162215,380,3,2024 DHS
Nigeria,2013,DHS,NGA_2013_DHS_child,children_under5,severe_wasting,ADM1,Kaduna,kaduna,27.56339776,27.56339776,20.18294639,34.94384912,622,1,2013 DHS
Nigeria,2018,DHS,NGA_2018_DHS_child,children_under5,severe_wasting,ADM1,Kaduna,kaduna,1.060254559,1.060254559,0.006600469,2.113908649,420,2,2018 DHS
Nigeria,2024,DHS,NGA_2024_DHS_child,children_under5,severe_wasting,ADM1,Kaduna,kaduna,0.343388307,0.343388307,-0.136431777,0.823208392,386,3,2024 DHS
Nigeria,2013,DHS,NGA_2013_DHS_child,children_under5,severe_wasting,ADM1,Kano,kano,25.13454124,25.13454124,20.71597076,29.55311171,1647,1,2013 DHS
Nigeria,2018,DHS,NGA_2018_DHS_child,children_under5,severe_wasting,ADM1,Kano,kano,1.536449462,1.536449462,0.54067107,2.532227855,569,2,2018 DHS
Nigeria,2024,DHS,NGA_2024_DHS_child,children_under5,severe_wasting,ADM1,Kano,kano,2.16150815,2.16150815,-0.16622624,4.489242539,478,3,2024 DHS
Nigeria,2013,DHS,NGA_2013_DHS_child,children_under5,severe_wasting,ADM1,Katsina,katsina,11.98226628,11.98226628,9.104392329,14.86014024,1159,1,2013 DHS
Nigeria,2018,DHS,NGA_2018_DHS_child,children_under5,severe_wasting,ADM1,Katsina,katsina,1.737783573,1.737783573,0.616055073,2.859512074,493,2,2018 DHS
Nigeria,2024,DHS,NGA_2024_DHS_child,children_under5,severe_wasting,ADM1,Katsina,katsina,1.451195023,1.451195023,0.219028375,2.683361671,346,3,2024 DHS
Nigeria,2013,DHS,NGA_2013_DHS_child,children_under5,severe_wasting,ADM1,Kebbi,kebbi,9.37349472,9.37349472,6.830165592,11.91682385,844,1,2013 DHS
Nigeria,2018,DHS,NGA_2018_DHS_child,children_under5,severe_wasting,ADM1,Kebbi,kebbi,4.308587961,4.308587961,1.697900822,6.919275101,356,2,2018 DHS
Nigeria,2024,DHS,NGA_2024_DHS_child,children_under5,severe_wasting,ADM1,Kebbi,kebbi,1.656418925,1.656418925,0.135639587,3.177198264,392,3,2024 DHS
Nigeria,2013,DHS,NGA_2013_DHS_child,children_under5,severe_wasting,ADM1,Kogi,kogi,2.783468879,2.783468879,1.134939427,4.431998331,441,1,2013 DHS
Nigeria,2018,DHS,NGA_2018_DHS_child,children_under5,severe_wasting,ADM1,Kogi,kogi,1.097090552,1.097090552,-0.096553602,2.290734707,215,2,2018 DHS
Nigeria,2024,DHS,NGA_2024_DHS_child,children_under5,severe_wasting,ADM1,Kogi,kogi,1.044462167,1.044462167,-0.689378027,2.778302362,268,3,2024 DHS
Nigeria,2013,DHS,NGA_2013_DHS_child,children_under5,severe_wasting,ADM1,Kwara,kwara,1.371352694,1.371352694,0.684145504,2.058559884,644,1,2013 DHS
Nigeria,2018,DHS,NGA_2018_DHS_child,children_under5,severe_wasting,ADM1,Kwara,kwara,0.905498042,0.905498042,-0.342667645,2.153663728,261,2,2018 DHS
Nigeria,2024,DHS,NGA_2024_DHS_child,children_under5,severe_wasting,ADM1,Kwara,kwara,2.058319655,2.058319655,-0.901620978,5.018260288,244,3,2024 DHS
Nigeria,2013,DHS,NGA_2013_DHS_child,children_under5,severe_wasting,ADM1,Lagos,lagos,3.753436594,3.753436594,2.388694198,5.118178991,846,1,2013 DHS
Nigeria,2018,DHS,NGA_2018_DHS_child,children_under5,severe_wasting,ADM1,Lagos,lagos,2.125771568,2.125771568,-1.484756561,5.736299697,354,2,2018 DHS
Nigeria,2024,DHS,NGA_2024_DHS_child,children_under5,severe_wasting,ADM1,Lagos,lagos,0.61392599,0.61392599,-0.588758317,1.816610296,138,3,2024 DHS
Nigeria,2013,DHS,NGA_2013_DHS_child,children_under5,severe_wasting,ADM1,Nasarawa,nasarawa,3.455242156,3.455242156,2.335729108,4.574755203,579,1,2013 DHS
Nigeria,2018,DHS,NGA_2018_DHS_child,children_under5,severe_wasting,ADM1,Nasarawa,nasarawa,1.281972838,1.281972838,0.112688535,2.45125714,300,2,2018 DHS
Nigeria,2024,DHS,NGA_2024_DHS_child,children_under5,severe_wasting,ADM1,Nasarawa,nasarawa,2.32823893,2.32823893,0.709759488,3.946718372,305,3,2024 DHS
Nigeria,2013,DHS,NGA_2013_DHS_child,children_under5,severe_wasting,ADM1,Niger,niger,7.980677812,7.980677812,5.529478234,10.43187739,821,1,2013 DHS
Nigeria,2018,DHS,NGA_2018_DHS_child,children_under5,severe_wasting,ADM1,Niger,niger,1.651401409,1.651401409,0.621163189,2.681639629,423,2,2018 DHS
Nigeria,2024,DHS,NGA_2024_DHS_child,children_under5,severe_wasting,ADM1,Niger,niger,2.338749844,2.338749844,0.427337067,4.250162621,342,3,2024 DHS
Nigeria,2013,DHS,NGA_2013_DHS_child,children_under5,severe_wasting,ADM1,Ogun,ogun,4.585541854,4.585541854,2.923754549,6.247329158,494,1,2013 DHS
Nigeria,2018,DHS,NGA_2018_DHS_child,children_under5,severe_wasting,ADM1,Ogun,ogun,1.280797468,1.280797468,0.079511851,2.482083084,309,2,2018 DHS
Nigeria,2024,DHS,NGA_2024_DHS_child,children_under5,severe_wasting,ADM1,Ogun,ogun,0.472710443,0.472710443,-0.44952677,1.394947656,177,3,2024 DHS
Nigeria,2013,DHS,NGA_2013_DHS_child,children_under5,severe_wasting,ADM1,Ondo,ondo,1.671347179,1.671347179,0.447595311,2.895099048,594,1,2013 DHS
Nigeria,2018,DHS,NGA_2018_DHS_child,children_under5,severe_wasting,ADM1,Ondo,ondo,0,0,0,0,234,2,2018 DHS
Nigeria,2024,DHS,NGA_2024_DHS_child,children_under5,severe_wasting,ADM1,Ondo,ondo,1.145367849,1.145367849,-0.657175364,2.947911062,128,3,2024 DHS
Nigeria,2013,DHS,NGA_2013_DHS_child,children_under5,severe_wasting,ADM1,Osun,osun,3.29460113,3.29460113,1.083171063,5.506031196,523,1,2013 DHS
Nigeria,2018,DHS,NGA_2018_DHS_child,children_under5,severe_wasting,ADM1,Osun,osun,0.815736592,0.815736592,-0.332817789,1.964290973,278,2,2018 DHS
Nigeria,2024,DHS,NGA_2024_DHS_child,children_under5,severe_wasting,ADM1,Osun,osun,1.18763147,1.18763147,-1.100966164,3.476229105,146,3,2024 DHS
Nigeria,2013,DHS,NGA_2013_DHS_child,children_under5,severe_wasting,ADM1,Oyo,oyo,1.866421235,1.866421235,0.591193825,3.141648644,625,1,2013 DHS
Nigeria,2018,DHS,NGA_2018_DHS_child,children_under5,severe_wasting,ADM1,Oyo,oyo,0.92502296,0.92502296,-0.463651041,2.31369696,398,2,2018 DHS
Nigeria,2024,DHS,NGA_2024_DHS_child,children_under5,severe_wasting,ADM1,Oyo,oyo,1.787558542,1.787558542,-0.000882872,3.575999955,232,3,2024 DHS
Nigeria,2013,DHS,NGA_2013_DHS_child,children_under5,severe_wasting,ADM1,Plateau,plateau,4.394099924,4.394099924,2.371373218,6.416826629,595,1,2013 DHS
Nigeria,2018,DHS,NGA_2018_DHS_child,children_under5,severe_wasting,ADM1,Plateau,plateau,1.181290542,1.181290542,-0.023609616,2.386190699,320,2,2018 DHS
Nigeria,2024,DHS,NGA_2024_DHS_child,children_under5,severe_wasting,ADM1,Plateau,plateau,0.28357855,0.28357855,-0.273776338,0.840933438,291,3,2024 DHS
Nigeria,2013,DHS,NGA_2013_DHS_child,children_under5,severe_wasting,ADM1,Rivers,rivers,2.771713488,2.771713488,0.952878574,4.590548401,465,1,2013 DHS
Nigeria,2018,DHS,NGA_2018_DHS_child,children_under5,severe_wasting,ADM1,Rivers,rivers,0.225439481,0.225439481,-0.222196211,0.673075174,313,2,2018 DHS
Nigeria,2024,DHS,NGA_2024_DHS_child,children_under5,severe_wasting,ADM1,Rivers,rivers,3.182917863,3.182917863,0.66145517,5.704380556,288,3,2024 DHS
Nigeria,2013,DHS,NGA_2013_DHS_child,children_under5,severe_wasting,ADM1,Sokoto,sokoto,8.795860653,8.795860653,6.981685021,10.61003628,1087,1,2013 DHS
Nigeria,2018,DHS,NGA_2018_DHS_child,children_under5,severe_wasting,ADM1,Sokoto,sokoto,6.464835043,6.464835043,3.211853949,9.717816137,297,2,2018 DHS
Nigeria,2024,DHS,NGA_2024_DHS_child,children_under5,severe_wasting,ADM1,Sokoto,sokoto,2.079319904,2.079319904,0.232581375,3.926058433,351,3,2024 DHS
Nigeria,2013,DHS,NGA_2013_DHS_child,children_under5,severe_wasting,ADM1,Taraba,taraba,2.422465079,2.422465079,1.42466576,3.420264399,1090,1,2013 DHS
Nigeria,2018,DHS,NGA_2018_DHS_child,children_under5,severe_wasting,ADM1,Taraba,taraba,0.820304669,0.820304669,-0.270426764,1.911036103,350,2,2018 DHS
Nigeria,2024,DHS,NGA_2024_DHS_child,children_under5,severe_wasting,ADM1,Taraba,taraba,0.943151691,0.943151691,-0.361706028,2.24800941,239,3,2024 DHS
Nigeria,2013,DHS,NGA_2013_DHS_child,children_under5,severe_wasting,ADM1,Yobe,yobe,13.32345937,13.32345937,9.609751113,17.03716762,804,1,2013 DHS
Nigeria,2018,DHS,NGA_2018_DHS_child,children_under5,severe_wasting,ADM1,Yobe,yobe,1.853116611,1.853116611,0.517155017,3.189078205,372,2,2018 DHS
Nigeria,2024,DHS,NGA_2024_DHS_child,children_under5,severe_wasting,ADM1,Yobe,yobe,2.624075452,2.624075452,0.799764679,4.448386225,384,3,2024 DHS
Nigeria,2013,DHS,NGA_2013_DHS_child,children_under5,severe_wasting,ADM1,Zamfara,zamfara,6.075809305,6.075809305,4.496881292,7.654737318,1129,1,2013 DHS
Nigeria,2018,DHS,NGA_2018_DHS_child,children_under5,severe_wasting,ADM1,Zamfara,zamfara,2.992529788,2.992529788,1.12097744,4.864082137,366,2,2018 DHS
Nigeria,2024,DHS,NGA_2024_DHS_child,children_under5,severe_wasting,ADM1,Zamfara,zamfara,1.908998578,1.908998578,0.144350236,3.673646921,242,3,2024 DHS
Nigeria,2013,DHS,NGA_2013_DHS_child,children_under5,stunting,ADM1,Abia,abia,17.29276221,2.041391342,13.2917087,21.29381572,464,1,2013 DHS
Nigeria,2018,DHS,NGA_2018_DHS_child,children_under5,stunting,ADM1,Abia,abia,22.24868421,3.765827193,14.86779854,29.62956988,286,2,2018 DHS
Nigeria,2024,DHS,NGA_2024_DHS_child,children_under5,stunting,ADM1,Abia,abia,20.18071528,4.52860046,11.30482148,29.05660908,201,3,2024 DHS
Nigeria,2013,DHS,NGA_2013_DHS_child,children_under5,stunting,ADM1,Adamawa,adamawa,34.26194146,2.440194055,29.479249,39.04463392,882,1,2013 DHS
Nigeria,2018,DHS,NGA_2018_DHS_child,children_under5,stunting,ADM1,Adamawa,adamawa,39.74384662,3.615423365,32.65774703,46.8299462,315,2,2018 DHS
Nigeria,2024,DHS,NGA_2024_DHS_child,children_under5,stunting,ADM1,Adamawa,adamawa,48.64713747,4.372312832,40.07756179,57.21671315,293,3,2024 DHS
Nigeria,2013,DHS,NGA_2013_DHS_child,children_under5,stunting,ADM1,Akwa Ibom,akwa ibom,22.36163678,2.928810707,16.62127328,28.10200028,533,1,2013 DHS
Nigeria,2018,DHS,NGA_2018_DHS_child,children_under5,stunting,ADM1,Akwa Ibom,akwa ibom,19.55342443,2.84619025,13.97499405,25.13185482,254,2,2018 DHS
Nigeria,2024,DHS,NGA_2024_DHS_child,children_under5,stunting,ADM1,Akwa Ibom,akwa ibom,24.13403986,3.502983802,17.26831777,30.99976195,203,3,2024 DHS
Nigeria,2013,DHS,NGA_2013_DHS_child,children_under5,stunting,ADM1,Anambra,anambra,18.39560056,3.0655105,12.38731039,24.40389073,420,1,2013 DHS
Nigeria,2018,DHS,NGA_2018_DHS_child,children_under5,stunting,ADM1,Anambra,anambra,14.03753658,1.895513294,10.32239879,17.75267437,447,2,2018 DHS
Nigeria,2024,DHS,NGA_2024_DHS_child,children_under5,stunting,ADM1,Anambra,anambra,12.88288757,2.406417285,8.166396359,17.59937878,352,3,2024 DHS
Nigeria,2013,DHS,NGA_2013_DHS_child,children_under5,stunting,ADM1,Bauchi,bauchi,50.77330263,2.292173906,46.28072433,55.26588093,1083,1,2013 DHS
Nigeria,2018,DHS,NGA_2018_DHS_child,children_under5,stunting,ADM1,Bauchi,bauchi,54.68550373,3.107670049,48.59458235,60.7764251,442,2,2018 DHS
Nigeria,2024,DHS,NGA_2024_DHS_child,children_under5,stunting,ADM1,Bauchi,bauchi,61.7071175,2.822568787,56.17498433,67.23925067,338,3,2024 DHS
Nigeria,2013,DHS,NGA_2013_DHS_child,children_under5,stunting,ADM1,Bayelsa,bayelsa,20.49216061,2.377538137,15.83227149,25.15204973,733,1,2013 DHS
Nigeria,2018,DHS,NGA_2018_DHS_child,children_under5,stunting,ADM1,Bayelsa,bayelsa,24.85774692,2.903372478,19.16724143,30.54825241,282,2,2018 DHS
Nigeria,2024,DHS,NGA_2024_DHS_child,children_under5,stunting,ADM1,Bayelsa,bayelsa,27.62146088,4.1426605,19.5019955,35.74092626,212,3,2024 DHS
Nigeria,2013,DHS,NGA_2013_DHS_child,children_under5,stunting,ADM1,Benue,benue,22.56654823,2.613376185,17.44442503,27.68867143,580,1,2013 DHS
Nigeria,2018,DHS,NGA_2018_DHS_child,children_under5,stunting,ADM1,Benue,benue,20.8229795,2.328524058,16.25915621,25.38680279,374,2,2018 DHS
Nigeria,2024,DHS,NGA_2024_DHS_child,children_under5,stunting,ADM1,Benue,benue,25.26103231,3.860522268,17.69454771,32.82751692,210,3,2024 DHS
Nigeria,2013,DHS,NGA_2013_DHS_child,children_under5,stunting,ADM1,Borno,borno,26.75722615,2.458304032,21.93903879,31.57541352,416,1,2013 DHS
Nigeria,2018,DHS,NGA_2018_DHS_child,children_under5,stunting,ADM1,Borno,borno,45.13008154,3.241750924,38.77636648,51.4837966,347,2,2018 DHS
Nigeria,2024,DHS,NGA_2024_DHS_child,children_under5,stunting,ADM1,Borno,borno,40.89868238,3.424086854,34.18759546,47.60976929,286,3,2024 DHS
Nigeria,2013,DHS,NGA_2013_DHS_child,children_under5,stunting,ADM1,Cross River,cross river,21.71575391,2.157793727,17.48655592,25.9449519,515,1,2013 DHS
Nigeria,2018,DHS,NGA_2018_DHS_child,children_under5,stunting,ADM1,Cross River,cross river,22.88885253,4.185618475,14.68519107,31.092514,164,2,2018 DHS
Nigeria,2024,DHS,NGA_2024_DHS_child,children_under5,stunting,ADM1,Cross River,cross river,21.0348288,5.255677491,10.7338902,31.33576739,155,3,2024 DHS
Nigeria,2013,DHS,NGA_2013_DHS_child,children_under5,stunting,ADM1,Delta,delta,14.9457621,2.458074558,10.12802449,19.7634997,594,1,2013 DHS
Nigeria,2018,DHS,NGA_2018_DHS_child,children_under5,stunting,ADM1,Delta,delta,23.65084463,3.578202034,16.63769751,30.66399175,198,2,2018 DHS
Nigeria,2024,DHS,NGA_2024_DHS_child,children_under5,stunting,ADM1,Delta,delta,20.02518491,3.364485282,13.43091493,26.61945489,166,3,2024 DHS
Nigeria,2013,DHS,NGA_2013_DHS_child,children_under5,stunting,ADM1,Ebonyi,ebonyi,16.15368866,2.463900975,11.32453149,20.98284583,645,1,2013 DHS
Nigeria,2018,DHS,NGA_2018_DHS_child,children_under5,stunting,ADM1,Ebonyi,ebonyi,25.23409048,2.444830073,20.44231158,30.02586937,488,2,2018 DHS
Nigeria,2024,DHS,NGA_2024_DHS_child,children_under5,stunting,ADM1,Ebonyi,ebonyi,31.60148979,2.230410621,27.22996531,35.97301428,520,3,2024 DHS
Nigeria,2013,DHS,NGA_2013_DHS_child,children_under5,stunting,ADM1,Edo,edo,15.82467281,2.073093059,11.76148507,19.88786054,519,1,2013 DHS
Nigeria,2018,DHS,NGA_2018_DHS_child,children_under5,stunting,ADM1,Edo,edo,15.97741566,3.518466179,9.08134867,22.87348266,160,2,2018 DHS
Nigeria,2024,DHS,NGA_2024_DHS_child,children_under5,stunting,ADM1,Edo,edo,13.59630372,2.552142421,8.594196487,18.59841094,185,3,2024 DHS
Nigeria,2013,DHS,NGA_2013_DHS_child,children_under5,stunting,ADM1,Ekiti,ekiti,19.1709894,2.004628877,15.241989,23.0999898,493,1,2013 DHS
Nigeria,2018,DHS,NGA_2018_DHS_child,children_under5,stunting,ADM1,Ekiti,ekiti,22.12347201,3.280162795,15.69447106,28.55247295,287,2,2018 DHS
Nigeria,2024,DHS,NGA_2024_DHS_child,children_under5,stunting,ADM1,Ekiti,ekiti,17.10078605,4.214741253,8.84004499,25.36152711,129,3,2024 DHS
Nigeria,2013,DHS,NGA_2013_DHS_child,children_under5,stunting,ADM1,Enugu,enugu,11.69909185,1.555417755,8.650529072,14.74765463,547,1,2013 DHS
Nigeria,2018,DHS,NGA_2018_DHS_child,children_under5,stunting,ADM1,Enugu,enugu,14.77457478,2.754592137,9.375673398,20.17347616,263,2,2018 DHS
Nigeria,2024,DHS,NGA_2024_DHS_child,children_under5,stunting,ADM1,Enugu,enugu,15.15088852,2.811613426,9.640227469,20.66154957,339,3,2024 DHS
Nigeria,2024,DHS,NGA_2024_DHS_child,children_under5,stunting,ADM1,FCT Abuja,fct abuja,16.34719584,2.597763534,11.25567287,21.4387188,174,3,2024 DHS
Nigeria,2013,DHS,NGA_2013_DHS_child,children_under5,stunting,ADM1,FCT Abuja,fct abuja,20.56480002,2.722064629,15.22965138,25.89994865,456,1,2013 DHS
Nigeria,2018,DHS,NGA_2018_DHS_child,children_under5,stunting,ADM1,FCT Abuja,fct abuja,21.19553599,3.640045947,14.06117703,28.32989495,298,2,2018 DHS
Nigeria,2013,DHS,NGA_2013_DHS_child,children_under5,stunting,ADM1,Gombe,gombe,47.51656169,2.884464406,41.86311534,53.17000804,938,1,2013 DHS
Nigeria,2018,DHS,NGA_2018_DHS_child,children_under5,stunting,ADM1,Gombe,gombe,51.20127601,3.601096489,44.14325659,58.25929544,400,2,2018 DHS
Nigeria,2024,DHS,NGA_2024_DHS_child,children_under5,stunting,ADM1,Gombe,gombe,50.62188522,3.355820891,44.04459713,57.1991733,316,3,2024 DHS
Nigeria,2013,DHS,NGA_2013_DHS_child,children_under5,stunting,ADM1,Imo,imo,16.94507344,2.950256862,11.16267624,22.72747063,437,1,2013 DHS
Nigeria,2018,DHS,NGA_2018_DHS_child,children_under5,stunting,ADM1,Imo,imo,17.56257338,3.379298973,10.9392691,24.18587766,359,2,2018 DHS
Nigeria,2024,DHS,NGA_2024_DHS_child,children_under5,stunting,ADM1,Imo,imo,17.27869593,2.417003056,12.54145699,22.01593487,414,3,2024 DHS
Nigeria,2013,DHS,NGA_2013_DHS_child,children_under5,stunting,ADM1,Jigawa,jigawa,59.00035308,2.079128436,54.92533623,63.07536993,1042,1,2013 DHS
Nigeria,2018,DHS,NGA_2018_DHS_child,children_under5,stunting,ADM1,Jigawa,jigawa,64.04217245,2.745356169,58.66137323,69.42297166,415,2,2018 DHS
Nigeria,2024,DHS,NGA_2024_DHS_child,children_under5,stunting,ADM1,Jigawa,jigawa,55.70115079,2.299701204,51.19381926,60.20848233,378,3,2024 DHS
Nigeria,2013,DHS,NGA_2013_DHS_child,children_under5,stunting,ADM1,Kaduna,kaduna,56.59479564,3.376120731,49.9777206,63.21187068,622,1,2013 DHS
Nigeria,2018,DHS,NGA_2018_DHS_child,children_under5,stunting,ADM1,Kaduna,kaduna,48.14900057,3.28419804,41.7120907,54.58591045,421,2,2018 DHS
Nigeria,2024,DHS,NGA_2024_DHS_child,children_under5,stunting,ADM1,Kaduna,kaduna,40.656041,3.499507615,33.79713211,47.51494989,384,3,2024 DHS
Nigeria,2013,DHS,NGA_2013_DHS_child,children_under5,stunting,ADM1,Kano,kano,48.26971524,2.837970909,42.70739447,53.83203601,1647,1,2013 DHS
Nigeria,2018,DHS,NGA_2018_DHS_child,children_under5,stunting,ADM1,Kano,kano,56.87306332,2.320934638,52.32411502,61.42201162,562,2,2018 DHS
Nigeria,2024,DHS,NGA_2024_DHS_child,children_under5,stunting,ADM1,Kano,kano,51.92522588,3.526564223,45.01328701,58.83716474,467,3,2024 DHS
Nigeria,2013,DHS,NGA_2013_DHS_child,children_under5,stunting,ADM1,Katsina,katsina,58.52117029,3.255559674,52.14039058,64.90195,1159,1,2013 DHS
Nigeria,2018,DHS,NGA_2018_DHS_child,children_under5,stunting,ADM1,Katsina,katsina,60.50335014,3.049070271,54.52728223,66.47941806,478,2,2018 DHS
Nigeria,2024,DHS,NGA_2024_DHS_child,children_under5,stunting,ADM1,Katsina,katsina,64.61370466,6.578883061,51.7193308,77.50807852,345,3,2024 DHS
Nigeria,2013,DHS,NGA_2013_DHS_child,children_under5,stunting,ADM1,Kebbi,kebbi,60.63935795,3.123152247,54.51809203,66.76062388,844,1,2013 DHS
Nigeria,2018,DHS,NGA_2018_DHS_child,children_under5,stunting,ADM1,Kebbi,kebbi,66.09626718,2.87376941,60.46378264,71.72875173,360,2,2018 DHS
Nigeria,2024,DHS,NGA_2024_DHS_child,children_under5,stunting,ADM1,Kebbi,kebbi,60.00719086,2.970505943,54.1851062,65.82927552,389,3,2024 DHS
Nigeria,2013,DHS,NGA_2013_DHS_child,children_under5,stunting,ADM1,Kogi,kogi,23.13234256,2.607884389,18.02098308,28.24370203,441,1,2013 DHS
Nigeria,2018,DHS,NGA_2018_DHS_child,children_under5,stunting,ADM1,Kogi,kogi,20.0024216,2.959660067,14.20159447,25.80324874,214,2,2018 DHS
Nigeria,2024,DHS,NGA_2024_DHS_child,children_under5,stunting,ADM1,Kogi,kogi,34.62480816,6.963668314,20.97626906,48.27334725,267,3,2024 DHS
Nigeria,2013,DHS,NGA_2013_DHS_child,children_under5,stunting,ADM1,Kwara,kwara,27.08298434,2.765636457,21.66243649,32.50353219,644,1,2013 DHS
Nigeria,2018,DHS,NGA_2018_DHS_child,children_under5,stunting,ADM1,Kwara,kwara,32.93101121,6.586278853,20.02214187,45.83988055,261,2,2018 DHS
Nigeria,2024,DHS,NGA_2024_DHS_child,children_under5,stunting,ADM1,Kwara,kwara,40.77285056,4.014522142,32.90453175,48.64116938,243,3,2024 DHS
Nigeria,2013,DHS,NGA_2013_DHS_child,children_under5,stunting,ADM1,Lagos,lagos,17.03622525,2.586637237,11.96650942,22.10594107,846,1,2013 DHS
Nigeria,2018,DHS,NGA_2018_DHS_child,children_under5,stunting,ADM1,Lagos,lagos,17.18197338,3.246766968,10.81842705,23.5455197,355,2,2018 DHS
Nigeria,2024,DHS,NGA_2024_DHS_child,children_under5,stunting,ADM1,Lagos,lagos,17.28528483,4.045988831,9.355292444,25.21527722,138,3,2024 DHS
Nigeria,2013,DHS,NGA_2013_DHS_child,children_under5,stunting,ADM1,Nasarawa,nasarawa,34.51550016,2.595006951,29.42937999,39.60162032,579,1,2013 DHS
Nigeria,2018,DHS,NGA_2018_DHS_child,children_under5,stunting,ADM1,Nasarawa,nasarawa,31.4407038,3.163949628,25.23947648,37.64193112,300,2,2018 DHS
Nigeria,2024,DHS,NGA_2024_DHS_child,children_under5,stunting,ADM1,Nasarawa,nasarawa,35.0068457,3.481133163,28.18395008,41.82974133,305,3,2024 DHS
Nigeria,2013,DHS,NGA_2013_DHS_child,children_under5,stunting,ADM1,Niger,niger,34.15075209,2.673880861,28.9100419,39.39146227,821,1,2013 DHS
Nigeria,2018,DHS,NGA_2018_DHS_child,children_under5,stunting,ADM1,Niger,niger,28.17863591,3.904689539,20.52558504,35.83168678,423,2,2018 DHS
Nigeria,2024,DHS,NGA_2024_DHS_child,children_under5,stunting,ADM1,Niger,niger,43.88875177,3.586764626,36.85882228,50.91868126,338,3,2024 DHS
Nigeria,2013,DHS,NGA_2013_DHS_child,children_under5,stunting,ADM1,Ogun,ogun,23.75833003,2.158911325,19.52694159,27.98971847,494,1,2013 DHS
Nigeria,2018,DHS,NGA_2018_DHS_child,children_under5,stunting,ADM1,Ogun,ogun,26.57934567,3.314855926,20.08234744,33.0763439,309,2,2018 DHS
Nigeria,2024,DHS,NGA_2024_DHS_child,children_under5,stunting,ADM1,Ogun,ogun,17.71933517,3.466550714,10.92502062,24.51364972,177,3,2024 DHS
Nigeria,2013,DHS,NGA_2013_DHS_child,children_under5,stunting,ADM1,Ondo,ondo,23.98162114,3.729038212,16.67284054,31.29040173,594,1,2013 DHS
Nigeria,2018,DHS,NGA_2018_DHS_child,children_under5,stunting,ADM1,Ondo,ondo,20.44486906,2.877617541,14.80484232,26.0848958,235,2,2018 DHS
Nigeria,2024,DHS,NGA_2024_DHS_child,children_under5,stunting,ADM1,Ondo,ondo,23.23876105,4.30858678,14.79408614,31.68343597,128,3,2024 DHS
Nigeria,2013,DHS,NGA_2013_DHS_child,children_under5,stunting,ADM1,Osun,osun,20.52265588,2.059417326,16.48627209,24.55903967,523,1,2013 DHS
Nigeria,2018,DHS,NGA_2018_DHS_child,children_under5,stunting,ADM1,Osun,osun,23.70171806,3.512914979,16.81653122,30.5869049,278,2,2018 DHS
Nigeria,2024,DHS,NGA_2024_DHS_child,children_under5,stunting,ADM1,Osun,osun,30.49711528,4.612549407,21.45668456,39.53754599,146,3,2024 DHS
Nigeria,2013,DHS,NGA_2013_DHS_child,children_under5,stunting,ADM1,Oyo,oyo,27.21244475,2.298373576,22.70771532,31.71717418,625,1,2013 DHS
Nigeria,2018,DHS,NGA_2018_DHS_child,children_under5,stunting,ADM1,Oyo,oyo,34.54520327,2.677563756,29.29727474,39.79313179,399,2,2018 DHS
Nigeria,2024,DHS,NGA_2024_DHS_child,children_under5,stunting,ADM1,Oyo,oyo,23.11174901,2.641753669,17.93400697,28.28949106,232,3,2024 DHS
Nigeria,2013,DHS,NGA_2013_DHS_child,children_under5,stunting,ADM1,Plateau,plateau,35.81672957,2.983444172,29.96928644,41.6641727,595,1,2013 DHS
Nigeria,2018,DHS,NGA_2018_DHS_child,children_under5,stunting,ADM1,Plateau,plateau,44.70343395,3.471004262,37.9003906,51.50647729,318,2,2018 DHS
Nigeria,2024,DHS,NGA_2024_DHS_child,children_under5,stunting,ADM1,Plateau,plateau,46.43584124,3.132979838,40.29531359,52.57636889,290,3,2024 DHS
Nigeria,2013,DHS,NGA_2013_DHS_child,children_under5,stunting,ADM1,Rivers,rivers,16.05443383,2.387191989,11.37562351,20.73324415,465,1,2013 DHS
Nigeria,2018,DHS,NGA_2018_DHS_child,children_under5,stunting,ADM1,Rivers,rivers,16.80637854,2.350549894,12.1993854,21.41337167,312,2,2018 DHS
Nigeria,2024,DHS,NGA_2024_DHS_child,children_under5,stunting,ADM1,Rivers,rivers,12.25373961,2.216858693,7.908776412,16.59870281,287,3,2024 DHS
Nigeria,2013,DHS,NGA_2013_DHS_child,children_under5,stunting,ADM1,Sokoto,sokoto,51.64172976,2.019000304,47.68456188,55.59889765,1087,1,2013 DHS
Nigeria,2018,DHS,NGA_2018_DHS_child,children_under5,stunting,ADM1,Sokoto,sokoto,54.75035433,3.733910978,47.43202329,62.06868537,299,2,2018 DHS
Nigeria,2024,DHS,NGA_2024_DHS_child,children_under5,stunting,ADM1,Sokoto,sokoto,42.80023325,4.549244034,33.88387878,51.71658771,352,3,2024 DHS
Nigeria,2013,DHS,NGA_2013_DHS_child,children_under5,stunting,ADM1,Taraba,taraba,43.41976534,3.201095334,37.14573377,49.6937969,1090,1,2013 DHS
Nigeria,2018,DHS,NGA_2018_DHS_child,children_under5,stunting,ADM1,Taraba,taraba,41.87032479,3.739222161,34.54158402,49.19906556,348,2,2018 DHS
Nigeria,2024,DHS,NGA_2024_DHS_child,children_under5,stunting,ADM1,Taraba,taraba,45.61555113,4.826063788,36.15663992,55.07446234,237,3,2024 DHS
Nigeria,2013,DHS,NGA_2013_DHS_child,children_under5,stunting,ADM1,Yobe,yobe,49.29152559,2.939788776,43.52964547,55.05340571,804,1,2013 DHS
Nigeria,2018,DHS,NGA_2018_DHS_child,children_under5,stunting,ADM1,Yobe,yobe,57.18975314,3.932339163,49.48251001,64.89699628,367,2,2018 DHS
Nigeria,2024,DHS,NGA_2024_DHS_child,children_under5,stunting,ADM1,Yobe,yobe,54.50438714,4.982389426,44.7390833,64.26969097,349,3,2024 DHS
Nigeria,2013,DHS,NGA_2013_DHS_child,children_under5,stunting,ADM1,Zamfara,zamfara,55.87892589,1.577114543,52.78783818,58.97001359,1129,1,2013 DHS
Nigeria,2018,DHS,NGA_2018_DHS_child,children_under5,stunting,ADM1,Zamfara,zamfara,50.84368729,3.258653772,44.45684326,57.23053132,363,2,2018 DHS
Nigeria,2024,DHS,NGA_2024_DHS_child,children_under5,stunting,ADM1,Zamfara,zamfara,64.18320603,4.286517416,55.78178627,72.58462578,226,3,2024 DHS
Nigeria,2013,DHS,NGA_2013_DHS_child,children_under5,wasting,ADM1,Abia,abia,10.96428101,1.373784041,8.271713768,13.65684826,464,1,2013 DHS
Nigeria,2018,DHS,NGA_2018_DHS_child,children_under5,wasting,ADM1,Abia,abia,8.968443338,1.947597045,5.151223274,12.7856634,287,2,2018 DHS
Nigeria,2024,DHS,NGA_2024_DHS_child,children_under5,wasting,ADM1,Abia,abia,8.22455821,1.794118315,4.708150928,11.74096549,202,3,2024 DHS
Nigeria,2013,DHS,NGA_2013_DHS_child,children_under5,wasting,ADM1,Adamawa,adamawa,14.53142628,1.027632087,12.5173044,16.54554816,882,1,2013 DHS
Nigeria,2018,DHS,NGA_2018_DHS_child,children_under5,wasting,ADM1,Adamawa,adamawa,4.221755448,1.404067435,1.469833844,6.973677052,313,2,2018 DHS
Nigeria,2024,DHS,NGA_2024_DHS_child,children_under5,wasting,ADM1,Adamawa,adamawa,6.959847223,1.685534009,3.656261271,10.26343317,301,3,2024 DHS
Nigeria,2013,DHS,NGA_2013_DHS_child,children_under5,wasting,ADM1,Akwa Ibom,akwa ibom,10.52881554,1.418954513,7.747715794,13.30991528,533,1,2013 DHS
Nigeria,2018,DHS,NGA_2018_DHS_child,children_under5,wasting,ADM1,Akwa Ibom,akwa ibom,4.227163463,1.215213581,1.84538861,6.608938315,254,2,2018 DHS
Nigeria,2024,DHS,NGA_2024_DHS_child,children_under5,wasting,ADM1,Akwa Ibom,akwa ibom,11.7771064,3.140572834,5.621696753,17.93251604,203,3,2024 DHS
Nigeria,2013,DHS,NGA_2013_DHS_child,children_under5,wasting,ADM1,Anambra,anambra,17.33737019,2.457142923,12.52145855,22.15328182,420,1,2013 DHS
Nigeria,2018,DHS,NGA_2018_DHS_child,children_under5,wasting,ADM1,Anambra,anambra,2.254443206,0.650955797,0.978593289,3.530293123,448,2,2018 DHS
Nigeria,2024,DHS,NGA_2024_DHS_child,children_under5,wasting,ADM1,Anambra,anambra,9.789366528,1.539631247,6.771744734,12.80698832,350,3,2024 DHS
Nigeria,2013,DHS,NGA_2013_DHS_child,children_under5,wasting,ADM1,Bauchi,bauchi,23.29950575,2.346756926,18.69994669,27.8990648,1083,1,2013 DHS
Nigeria,2018,DHS,NGA_2018_DHS_child,children_under5,wasting,ADM1,Bauchi,bauchi,8.482019456,1.227164637,6.076820964,10.88721795,444,2,2018 DHS
Nigeria,2024,DHS,NGA_2024_DHS_child,children_under5,wasting,ADM1,Bauchi,bauchi,5.24001237,1.254262966,2.781702129,7.698322611,346,3,2024 DHS
Nigeria,2013,DHS,NGA_2013_DHS_child,children_under5,wasting,ADM1,Bayelsa,bayelsa,5.210666153,0.875374813,3.494963046,6.926369259,733,1,2013 DHS
Nigeria,2018,DHS,NGA_2018_DHS_child,children_under5,wasting,ADM1,Bayelsa,bayelsa,1.307949477,0.745871132,-0.153931079,2.769830033,286,2,2018 DHS
Nigeria,2024,DHS,NGA_2024_DHS_child,children_under5,wasting,ADM1,Bayelsa,bayelsa,8.895952244,1.785596535,5.396247344,12.39565714,210,3,2024 DHS
Nigeria,2013,DHS,NGA_2013_DHS_child,children_under5,wasting,ADM1,Benue,benue,7.820853666,1.071196212,5.72134767,9.920359661,580,1,2013 DHS
Nigeria,2018,DHS,NGA_2018_DHS_child,children_under5,wasting,ADM1,Benue,benue,8.932848038,1.691757818,5.617063644,12.24863243,377,2,2018 DHS
Nigeria,2024,DHS,NGA_2024_DHS_child,children_under5,wasting,ADM1,Benue,benue,6.740900604,1.884860957,3.046641013,10.4351602,211,3,2024 DHS
Nigeria,2013,DHS,NGA_2013_DHS_child,children_under5,wasting,ADM1,Borno,borno,28.1825478,5.177986089,18.03388155,38.33121404,416,1,2013 DHS
Nigeria,2018,DHS,NGA_2018_DHS_child,children_under5,wasting,ADM1,Borno,borno,16.02609057,2.22939721,11.65655233,20.39562881,350,2,2018 DHS
Nigeria,2024,DHS,NGA_2024_DHS_child,children_under5,wasting,ADM1,Borno,borno,10.33049408,2.395537212,5.635327426,15.02566074,287,3,2024 DHS
Nigeria,2013,DHS,NGA_2013_DHS_child,children_under5,wasting,ADM1,Cross River,cross river,9.769136337,1.69040546,6.456002516,13.08227016,515,1,2013 DHS
Nigeria,2018,DHS,NGA_2018_DHS_child,children_under5,wasting,ADM1,Cross River,cross river,4.965407835,2.106731564,0.836289844,9.094525826,163,2,2018 DHS
Nigeria,2024,DHS,NGA_2024_DHS_child,children_under5,wasting,ADM1,Cross River,cross river,5.623908292,1.66894829,2.352829751,8.894986833,158,3,2024 DHS
Nigeria,2013,DHS,NGA_2013_DHS_child,children_under5,wasting,ADM1,Delta,delta,16.96656328,2.533824026,12.00035945,21.93276712,594,1,2013 DHS
Nigeria,2018,DHS,NGA_2018_DHS_child,children_under5,wasting,ADM1,Delta,delta,1.977559198,0.942798436,0.129708218,3.825410178,196,2,2018 DHS
Nigeria,2024,DHS,NGA_2024_DHS_child,children_under5,wasting,ADM1,Delta,delta,15.13267289,2.478521696,10.27485963,19.99048615,165,3,2024 DHS
Nigeria,2013,DHS,NGA_2013_DHS_child,children_under5,wasting,ADM1,Ebonyi,ebonyi,10.45856093,1.237151243,8.033789053,12.88333281,645,1,2013 DHS
Nigeria,2018,DHS,NGA_2018_DHS_child,children_under5,wasting,ADM1,Ebonyi,ebonyi,4.547590261,0.906465824,2.770949893,6.324230629,487,2,2018 DHS
Nigeria,2024,DHS,NGA_2024_DHS_child,children_under5,wasting,ADM1,Ebonyi,ebonyi,6.53616366,0.923729963,4.725686201,8.346641119,526,3,2024 DHS
Nigeria,2013,DHS,NGA_2013_DHS_child,children_under5,wasting,ADM1,Edo,edo,10.54862361,1.981595927,6.66476696,14.43248026,519,1,2013 DHS
Nigeria,2018,DHS,NGA_2018_DHS_child,children_under5,wasting,ADM1,Edo,edo,3.345668878,1.53230797,0.342400444,6.348937312,161,2,2018 DHS
Nigeria,2024,DHS,NGA_2024_DHS_child,children_under5,wasting,ADM1,Edo,edo,8.001086275,1.580151008,4.904047208,11.09812534,183,3,2024 DHS
Nigeria,2013,DHS,NGA_2013_DHS_child,children_under5,wasting,ADM1,Ekiti,ekiti,8.285642328,1.410194118,5.521712646,11.04957201,493,1,2013 DHS
Nigeria,2018,DHS,NGA_2018_DHS_child,children_under5,wasting,ADM1,Ekiti,ekiti,3.292006364,0.97230059,1.386332225,5.197680502,287,2,2018 DHS
Nigeria,2024,DHS,NGA_2024_DHS_child,children_under5,wasting,ADM1,Ekiti,ekiti,4.97736177,1.930436801,1.193775167,8.760948374,129,3,2024 DHS
Nigeria,2013,DHS,NGA_2013_DHS_child,children_under5,wasting,ADM1,Enugu,enugu,8.919443169,1.759688659,5.470516773,12.36836956,547,1,2013 DHS
Nigeria,2018,DHS,NGA_2018_DHS_child,children_under5,wasting,ADM1,Enugu,enugu,2.221602458,0.860550045,0.534955364,3.908249553,263,2,2018 DHS
Nigeria,2024,DHS,NGA_2024_DHS_child,children_under5,wasting,ADM1,Enugu,enugu,3.885584696,1.054209741,1.819371572,5.951797819,339,3,2024 DHS
Nigeria,2024,DHS,NGA_2024_DHS_child,children_under5,wasting,ADM1,FCT Abuja,fct abuja,6.972642657,2.762848397,1.557559303,12.38772601,173,3,2024 DHS
Nigeria,2013,DHS,NGA_2013_DHS_child,children_under5,wasting,ADM1,FCT Abuja,fct abuja,13.77451779,2.525350206,8.824922342,18.72411325,456,1,2013 DHS
Nigeria,2018,DHS,NGA_2018_DHS_child,children_under5,wasting,ADM1,FCT Abuja,fct abuja,2.974825518,1.189725472,0.643006441,5.306644596,301,2,2018 DHS
Nigeria,2013,DHS,NGA_2013_DHS_child,children_under5,wasting,ADM1,Gombe,gombe,14.15515729,1.813879359,10.60001907,17.7102955,938,1,2013 DHS
Nigeria,2018,DHS,NGA_2018_DHS_child,children_under5,wasting,ADM1,Gombe,gombe,7.796044974,1.738362581,4.388916923,11.20317302,411,2,2018 DHS
Nigeria,2024,DHS,NGA_2024_DHS_child,children_under5,wasting,ADM1,Gombe,gombe,8.822882214,1.303283063,6.268494348,11.37727008,323,3,2024 DHS
Nigeria,2013,DHS,NGA_2013_DHS_child,children_under5,wasting,ADM1,Imo,imo,11.78448761,2.112720917,7.643630699,15.92534451,437,1,2013 DHS
Nigeria,2018,DHS,NGA_2018_DHS_child,children_under5,wasting,ADM1,Imo,imo,6.890381386,1.290826873,4.360407204,9.420355569,358,2,2018 DHS
Nigeria,2024,DHS,NGA_2024_DHS_child,children_under5,wasting,ADM1,Imo,imo,7.13242604,1.967300693,3.276587535,10.98826454,412,3,2024 DHS
Nigeria,2013,DHS,NGA_2013_DHS_child,children_under5,wasting,ADM1,Jigawa,jigawa,16.95974667,1.126325294,14.75218966,19.16730368,1042,1,2013 DHS
Nigeria,2018,DHS,NGA_2018_DHS_child,children_under5,wasting,ADM1,Jigawa,jigawa,9.550543708,1.707932416,6.203057685,12.89802973,420,2,2018 DHS
Nigeria,2024,DHS,NGA_2024_DHS_child,children_under5,wasting,ADM1,Jigawa,jigawa,13.19888173,1.647346371,9.970142171,16.42762128,380,3,2024 DHS
Nigeria,2013,DHS,NGA_2013_DHS_child,children_under5,wasting,ADM1,Kaduna,kaduna,41.73982619,4.363377014,33.18776439,50.29188799,622,1,2013 DHS
Nigeria,2018,DHS,NGA_2018_DHS_child,children_under5,wasting,ADM1,Kaduna,kaduna,4.835307445,1.168318872,2.545444533,7.125170358,420,2,2018 DHS
Nigeria,2024,DHS,NGA_2024_DHS_child,children_under5,wasting,ADM1,Kaduna,kaduna,5.896358091,1.310014022,3.328777788,8.463938393,386,3,2024 DHS
Nigeria,2013,DHS,NGA_2013_DHS_child,children_under5,wasting,ADM1,Kano,kano,39.72538551,2.771564346,34.29321921,45.15755181,1647,1,2013 DHS
Nigeria,2018,DHS,NGA_2018_DHS_child,children_under5,wasting,ADM1,Kano,kano,6.389508947,1.110089312,4.213773875,8.565244018,569,2,2018 DHS
Nigeria,2024,DHS,NGA_2024_DHS_child,children_under5,wasting,ADM1,Kano,kano,10.39470898,1.90219659,6.666472174,14.12294579,478,3,2024 DHS
Nigeria,2013,DHS,NGA_2013_DHS_child,children_under5,wasting,ADM1,Katsina,katsina,24.25379931,1.984052652,20.36512757,28.14247105,1159,1,2013 DHS
Nigeria,2018,DHS,NGA_2018_DHS_child,children_under5,wasting,ADM1,Katsina,katsina,10.52188956,1.813005266,6.968464535,14.07531458,493,2,2018 DHS
Nigeria,2024,DHS,NGA_2024_DHS_child,children_under5,wasting,ADM1,Katsina,katsina,6.721186552,1.829286772,3.135850363,10.30652274,346,3,2024 DHS
Nigeria,2013,DHS,NGA_2013_DHS_child,children_under5,wasting,ADM1,Kebbi,kebbi,18.12805747,1.357142455,15.46810713,20.7880078,844,1,2013 DHS
Nigeria,2018,DHS,NGA_2018_DHS_child,children_under5,wasting,ADM1,Kebbi,kebbi,12.29176086,2.106514207,8.163068885,16.42045284,356,2,2018 DHS
Nigeria,2024,DHS,NGA_2024_DHS_child,children_under5,wasting,ADM1,Kebbi,kebbi,9.552864695,1.593297528,6.430058922,12.67567047,392,3,2024 DHS
Nigeria,2013,DHS,NGA_2013_DHS_child,children_under5,wasting,ADM1,Kogi,kogi,9.452907982,1.718757128,6.084205913,12.82161005,441,1,2013 DHS
Nigeria,2018,DHS,NGA_2018_DHS_child,children_under5,wasting,ADM1,Kogi,kogi,3.850208269,1.308048997,1.286479344,6.413937194,215,2,2018 DHS
Nigeria,2024,DHS,NGA_2024_DHS_child,children_under5,wasting,ADM1,Kogi,kogi,5.858815758,1.974159958,1.989533341,9.728098176,268,3,2024 DHS
Nigeria,2013,DHS,NGA_2013_DHS_child,children_under5,wasting,ADM1,Kwara,kwara,6.486013631,0.827309333,4.864517135,8.107510127,644,1,2013 DHS
Nigeria,2018,DHS,NGA_2018_DHS_child,children_under5,wasting,ADM1,Kwara,kwara,7.33403343,2.969458399,1.514001914,13.15406495,261,2,2018 DHS
Nigeria,2024,DHS,NGA_2024_DHS_child,children_under5,wasting,ADM1,Kwara,kwara,6.147213268,1.705884711,2.803740673,9.490685863,244,3,2024 DHS
Nigeria,2013,DHS,NGA_2013_DHS_child,children_under5,wasting,ADM1,Lagos,lagos,11.32858813,1.110580804,9.151889755,13.50528651,846,1,2013 DHS
Nigeria,2018,DHS,NGA_2018_DHS_child,children_under5,wasting,ADM1,Lagos,lagos,6.43286477,1.731546375,3.039096237,9.826633303,354,2,2018 DHS
Nigeria,2024,DHS,NGA_2024_DHS_child,children_under5,wasting,ADM1,Lagos,lagos,5.968777471,2.20446613,1.648103251,10.28945169,138,3,2024 DHS
Nigeria,2013,DHS,NGA_2013_DHS_child,children_under5,wasting,ADM1,Nasarawa,nasarawa,9.819564531,1.053088256,7.755549477,11.88357959,579,1,2013 DHS
Nigeria,2018,DHS,NGA_2018_DHS_child,children_under5,wasting,ADM1,Nasarawa,nasarawa,5.565103307,1.228964477,3.156377195,7.97382942,300,2,2018 DHS
Nigeria,2024,DHS,NGA_2024_DHS_child,children_under5,wasting,ADM1,Nasarawa,nasarawa,9.567999943,1.680913379,6.27347026,12.86252963,305,3,2024 DHS
Nigeria,2013,DHS,NGA_2013_DHS_child,children_under5,wasting,ADM1,Niger,niger,17.67623141,1.858072791,14.03447566,21.31798716,821,1,2013 DHS
Nigeria,2018,DHS,NGA_2018_DHS_child,children_under5,wasting,ADM1,Niger,niger,4.738811883,0.922176257,2.931379632,6.546244134,423,2,2018 DHS
Nigeria,2024,DHS,NGA_2024_DHS_child,children_under5,wasting,ADM1,Niger,niger,5.794032154,1.318156103,3.210493665,8.377570642,342,3,2024 DHS
Nigeria,2013,DHS,NGA_2013_DHS_child,children_under5,wasting,ADM1,Ogun,ogun,10.02250944,1.169055363,7.731203029,12.31381584,494,1,2013 DHS
Nigeria,2018,DHS,NGA_2018_DHS_child,children_under5,wasting,ADM1,Ogun,ogun,5.730932768,1.355513565,3.074175,8.387690537,309,2,2018 DHS
Nigeria,2024,DHS,NGA_2024_DHS_child,children_under5,wasting,ADM1,Ogun,ogun,13.41720692,2.880203776,7.772111253,19.06230259,177,3,2024 DHS
Nigeria,2013,DHS,NGA_2013_DHS_child,children_under5,wasting,ADM1,Ondo,ondo,6.578781763,1.207362064,4.212395602,8.945167925,594,1,2013 DHS
Nigeria,2018,DHS,NGA_2018_DHS_child,children_under5,wasting,ADM1,Ondo,ondo,3.256169956,1.507759519,0.301015603,6.21132431,234,2,2018 DHS
Nigeria,2024,DHS,NGA_2024_DHS_child,children_under5,wasting,ADM1,Ondo,ondo,10.20967123,2.56578645,5.180822191,15.23852026,128,3,2024 DHS
Nigeria,2013,DHS,NGA_2013_DHS_child,children_under5,wasting,ADM1,Osun,osun,11.07269418,2.33688295,6.492487758,15.65290059,523,1,2013 DHS
Nigeria,2018,DHS,NGA_2018_DHS_child,children_under5,wasting,ADM1,Osun,osun,4.530138551,1.304691869,1.972989478,7.087287625,278,2,2018 DHS
Nigeria,2024,DHS,NGA_2024_DHS_child,children_under5,wasting,ADM1,Osun,osun,11.83325332,3.100907536,5.755586235,17.91092041,146,3,2024 DHS
Nigeria,2013,DHS,NGA_2013_DHS_child,children_under5,wasting,ADM1,Oyo,oyo,10.05820493,1.840654268,6.450588857,13.665821,625,1,2013 DHS
Nigeria,2018,DHS,NGA_2018_DHS_child,children_under5,wasting,ADM1,Oyo,oyo,3.857723439,0.946768802,2.002090686,5.713356193,398,2,2018 DHS
Nigeria,2024,DHS,NGA_2024_DHS_child,children_under5,wasting,ADM1,Oyo,oyo,14.42265584,2.708380371,9.11432786,19.73098383,232,3,2024 DHS
Nigeria,2013,DHS,NGA_2013_DHS_child,children_under5,wasting,ADM1,Plateau,plateau,10.50642376,1.267747835,8.021683659,12.99116385,595,1,2013 DHS
Nigeria,2018,DHS,NGA_2018_DHS_child,children_under5,wasting,ADM1,Plateau,plateau,2.375930205,0.86178934,0.686854137,4.065006274,320,2,2018 DHS
Nigeria,2024,DHS,NGA_2024_DHS_child,children_under5,wasting,ADM1,Plateau,plateau,4.771686141,1.576574865,1.681656186,7.861716096,291,3,2024 DHS
Nigeria,2013,DHS,NGA_2013_DHS_child,children_under5,wasting,ADM1,Rivers,rivers,10.45580824,1.670921851,7.180861595,13.73075489,465,1,2013 DHS
Nigeria,2018,DHS,NGA_2018_DHS_child,children_under5,wasting,ADM1,Rivers,rivers,6.35549113,1.342962148,3.723333687,8.987648573,313,2,2018 DHS
Nigeria,2024,DHS,NGA_2024_DHS_child,children_under5,wasting,ADM1,Rivers,rivers,12.70018555,2.409343752,7.977958567,17.42241253,288,3,2024 DHS
Nigeria,2013,DHS,NGA_2013_DHS_child,children_under5,wasting,ADM1,Sokoto,sokoto,19.31997979,1.465489678,16.4476728,22.19228678,1087,1,2013 DHS
Nigeria,2018,DHS,NGA_2018_DHS_child,children_under5,wasting,ADM1,Sokoto,sokoto,17.93430917,3.340399501,11.38724645,24.48137189,297,2,2018 DHS
Nigeria,2024,DHS,NGA_2024_DHS_child,children_under5,wasting,ADM1,Sokoto,sokoto,6.035052676,1.410968738,3.269604766,8.800500586,351,3,2024 DHS
Nigeria,2013,DHS,NGA_2013_DHS_child,children_under5,wasting,ADM1,Taraba,taraba,7.889209326,0.760531647,6.39859469,9.379823963,1090,1,2013 DHS
Nigeria,2018,DHS,NGA_2018_DHS_child,children_under5,wasting,ADM1,Taraba,taraba,5.291190857,1.305216838,2.733012862,7.849368853,350,2,2018 DHS
Nigeria,2024,DHS,NGA_2024_DHS_child,children_under5,wasting,ADM1,Taraba,taraba,9.488313678,2.724072794,4.149229111,14.82739825,239,3,2024 DHS
Nigeria,2013,DHS,NGA_2013_DHS_child,children_under5,wasting,ADM1,Yobe,yobe,23.57368227,2.284032283,19.09706125,28.05030328,804,1,2013 DHS
Nigeria,2018,DHS,NGA_2018_DHS_child,children_under5,wasting,ADM1,Yobe,yobe,12.40166917,1.753433761,8.965002153,15.83833619,372,2,2018 DHS
Nigeria,2024,DHS,NGA_2024_DHS_child,children_under5,wasting,ADM1,Yobe,yobe,10.09131788,2.279649429,5.623287103,14.55934866,384,3,2024 DHS
Nigeria,2013,DHS,NGA_2013_DHS_child,children_under5,wasting,ADM1,Zamfara,zamfara,16.16516882,1.527594239,13.17113913,19.15919852,1129,1,2013 DHS
Nigeria,2018,DHS,NGA_2018_DHS_child,children_under5,wasting,ADM1,Zamfara,zamfara,9.141675766,1.31209117,6.570024328,11.7133272,366,2,2018 DHS
Nigeria,2024,DHS,NGA_2024_DHS_child,children_under5,wasting,ADM1,Zamfara,zamfara,5.275815423,1.50061894,2.334656347,8.216974499,242,3,2024 DHS
Nigeria,2018,DHS,NGA_2018_DHS_women,women_15_49,anemia_women,ADM1,Abia,abia,58.45048253,3.67522548,51.24717296,65.65379211,369,2,2018 DHS
Nigeria,2024,DHS,NGA_2024_DHS_women,women_15_49,anemia_women,ADM1,Abia,abia,64.03379026,3.639001412,56.90147856,71.16610197,276,3,2024 DHS
Nigeria,2018,DHS,NGA_2018_DHS_women,women_15_49,anemia_women,ADM1,Adamawa,adamawa,35.89171025,2.713587189,30.57317709,41.21024341,349,2,2018 DHS
Nigeria,2024,DHS,NGA_2024_DHS_women,women_15_49,anemia_women,ADM1,Adamawa,adamawa,44.23647588,3.406562642,37.55973579,50.91321597,421,3,2024 DHS
Nigeria,2018,DHS,NGA_2018_DHS_women,women_15_49,anemia_women,ADM1,Akwa Ibom,akwa ibom,57.73545654,2.988165895,51.87875901,63.59215408,354,2,2018 DHS
Nigeria,2024,DHS,NGA_2024_DHS_women,women_15_49,anemia_women,ADM1,Akwa Ibom,akwa ibom,55.52269926,3.016878508,49.60972604,61.43567248,309,3,2024 DHS
Nigeria,2018,DHS,NGA_2018_DHS_women,women_15_49,anemia_women,ADM1,Anambra,anambra,70.20763828,2.921871833,64.48087472,75.93440184,436,2,2018 DHS
Nigeria,2024,DHS,NGA_2024_DHS_women,women_15_49,anemia_women,ADM1,Anambra,anambra,52.27675929,4.128479216,44.18508872,60.36842987,366,3,2024 DHS
Nigeria,2018,DHS,NGA_2018_DHS_women,women_15_49,anemia_women,ADM1,Bauchi,bauchi,68.60801404,2.448649454,63.8087493,73.40727878,441,2,2018 DHS
Nigeria,2024,DHS,NGA_2024_DHS_women,women_15_49,anemia_women,ADM1,Bauchi,bauchi,46.67997221,5.091405613,36.70100058,56.65894384,392,3,2024 DHS
Nigeria,2018,DHS,NGA_2018_DHS_women,women_15_49,anemia_women,ADM1,Bayelsa,bayelsa,58.37548445,3.776388035,50.97389991,65.77706899,309,2,2018 DHS
Nigeria,2024,DHS,NGA_2024_DHS_women,women_15_49,anemia_women,ADM1,Bayelsa,bayelsa,47.70077996,2.936705709,41.94494254,53.45661738,290,3,2024 DHS
Nigeria,2018,DHS,NGA_2018_DHS_women,women_15_49,anemia_women,ADM1,Benue,benue,48.81832423,2.732873892,43.46198983,54.17465864,468,2,2018 DHS
Nigeria,2024,DHS,NGA_2024_DHS_women,women_15_49,anemia_women,ADM1,Benue,benue,26.74018447,2.469545504,21.89996422,31.58040472,338,3,2024 DHS
Nigeria,2018,DHS,NGA_2018_DHS_women,women_15_49,anemia_women,ADM1,Borno,borno,53.91371187,3.04927426,47.93724414,59.8901796,444,2,2018 DHS
Nigeria,2024,DHS,NGA_2024_DHS_women,women_15_49,anemia_women,ADM1,Borno,borno,39.09120376,2.655796885,33.88593752,44.29647001,307,3,2024 DHS
Nigeria,2018,DHS,NGA_2018_DHS_women,women_15_49,anemia_women,ADM1,Cross River,cross river,46.06983379,3.793623167,38.63446901,53.50519856,291,2,2018 DHS
Nigeria,2024,DHS,NGA_2024_DHS_women,women_15_49,anemia_women,ADM1,Cross River,cross river,38.5152347,3.562492678,31.53287736,45.49759205,316,3,2024 DHS
Nigeria,2018,DHS,NGA_2018_DHS_women,women_15_49,anemia_women,ADM1,Delta,delta,64.14087752,2.555896956,59.13141154,69.1503435,283,2,2018 DHS
Nigeria,2024,DHS,NGA_2024_DHS_women,women_15_49,anemia_women,ADM1,Delta,delta,35.82449551,2.795708227,30.34500807,41.30398294,301,3,2024 DHS
Nigeria,2018,DHS,NGA_2018_DHS_women,women_15_49,anemia_women,ADM1,Ebonyi,ebonyi,71.65931424,2.472067848,66.81415029,76.50447819,451,2,2018 DHS
Nigeria,2024,DHS,NGA_2024_DHS_women,women_15_49,anemia_women,ADM1,Ebonyi,ebonyi,71.68532422,2.519925477,66.74636104,76.6242874,570,3,2024 DHS
Nigeria,2018,DHS,NGA_2018_DHS_women,women_15_49,anemia_women,ADM1,Edo,edo,55.21303143,4.801917507,45.80144606,64.6246168,211,2,2018 DHS
Nigeria,2024,DHS,NGA_2024_DHS_women,women_15_49,anemia_women,ADM1,Edo,edo,50.81819356,3.000715585,44.93689909,56.69948804,341,3,2024 DHS
Nigeria,2018,DHS,NGA_2018_DHS_women,women_15_49,anemia_women,ADM1,Ekiti,ekiti,50.52876788,3.565892343,43.53974731,57.51778844,336,2,2018 DHS
Nigeria,2024,DHS,NGA_2024_DHS_women,women_15_49,anemia_women,ADM1,Ekiti,ekiti,40.40354179,4.304537792,31.96680275,48.84028084,208,3,2024 DHS
Nigeria,2018,DHS,NGA_2018_DHS_women,women_15_49,anemia_women,ADM1,Enugu,enugu,60.24660124,2.355346768,55.63020641,64.86299608,399,2,2018 DHS
Nigeria,2024,DHS,NGA_2024_DHS_women,women_15_49,anemia_women,ADM1,Enugu,enugu,47.76113895,2.776790262,42.31873004,53.20354785,349,3,2024 DHS
Nigeria,2024,DHS,NGA_2024_DHS_women,women_15_49,anemia_women,ADM1,FCT Abuja,fct abuja,29.82901728,2.935745508,24.07506182,35.58297274,331,3,2024 DHS
Nigeria,2018,DHS,NGA_2018_DHS_women,women_15_49,anemia_women,ADM1,FCT Abuja,fct abuja,50.33274247,2.56150282,45.3122892,55.35319574,405,2,2018 DHS
Nigeria,2018,DHS,NGA_2018_DHS_women,women_15_49,anemia_women,ADM1,Gombe,gombe,63.61109543,3.893575961,55.97982677,71.24236408,454,2,2018 DHS
Nigeria,2024,DHS,NGA_2024_DHS_women,women_15_49,anemia_women,ADM1,Gombe,gombe,38.6254518,2.987074992,32.7708924,44.48001121,393,3,2024 DHS
Nigeria,2018,DHS,NGA_2018_DHS_women,women_15_49,anemia_women,ADM1,Imo,imo,64.63614092,3.700177605,57.38392607,71.88835576,436,2,2018 DHS
Nigeria,2024,DHS,NGA_2024_DHS_women,women_15_49,anemia_women,ADM1,Imo,imo,40.12632595,3.141126428,33.96983128,46.28282062,425,3,2024 DHS
Nigeria,2018,DHS,NGA_2018_DHS_women,women_15_49,anemia_women,ADM1,Jigawa,jigawa,65.43534796,3.053781175,59.45004684,71.42064908,453,2,2018 DHS
Nigeria,2024,DHS,NGA_2024_DHS_women,women_15_49,anemia_women,ADM1,Jigawa,jigawa,48.83952536,2.876290897,43.20209879,54.47695192,424,3,2024 DHS
Nigeria,2018,DHS,NGA_2018_DHS_women,women_15_49,anemia_women,ADM1,Kaduna,kaduna,43.97574824,3.247881705,37.61001707,50.34147941,550,2,2018 DHS
Nigeria,2024,DHS,NGA_2024_DHS_women,women_15_49,anemia_women,ADM1,Kaduna,kaduna,26.11484997,2.169731411,21.86225455,30.36744539,503,3,2024 DHS
Nigeria,2018,DHS,NGA_2018_DHS_women,women_15_49,anemia_women,ADM1,Kano,kano,46.55731175,2.871201524,40.92986017,52.18476333,580,2,2018 DHS
Nigeria,2024,DHS,NGA_2024_DHS_women,women_15_49,anemia_women,ADM1,Kano,kano,33.46541688,2.438222648,28.6865883,38.24424545,642,3,2024 DHS
Nigeria,2018,DHS,NGA_2018_DHS_women,women_15_49,anemia_women,ADM1,Katsina,katsina,71.17213522,2.999062814,65.29408011,77.05019032,509,2,2018 DHS
Nigeria,2024,DHS,NGA_2024_DHS_women,women_15_49,anemia_women,ADM1,Katsina,katsina,52.36303215,3.813292486,44.88911621,59.83694808,393,3,2024 DHS
Nigeria,2018,DHS,NGA_2018_DHS_women,women_15_49,anemia_women,ADM1,Kebbi,kebbi,60.39381822,3.556533675,53.42314031,67.36449613,450,2,2018 DHS
Nigeria,2024,DHS,NGA_2024_DHS_women,women_15_49,anemia_women,ADM1,Kebbi,kebbi,20.08032564,2.042293875,16.0775032,24.08314808,456,3,2024 DHS
Nigeria,2018,DHS,NGA_2018_DHS_women,women_15_49,anemia_women,ADM1,Kogi,kogi,58.21614516,3.883562563,50.60450241,65.82778792,312,2,2018 DHS
Nigeria,2024,DHS,NGA_2024_DHS_women,women_15_49,anemia_women,ADM1,Kogi,kogi,43.47425178,3.34582614,36.91655304,50.03195051,379,3,2024 DHS
Nigeria,2018,DHS,NGA_2018_DHS_women,women_15_49,anemia_women,ADM1,Kwara,kwara,54.9014994,3.514281408,48.01363441,61.78936439,339,2,2018 DHS
Nigeria,2024,DHS,NGA_2024_DHS_women,women_15_49,anemia_women,ADM1,Kwara,kwara,55.82042091,3.160711475,49.62554025,62.01530157,368,3,2024 DHS
Nigeria,2018,DHS,NGA_2018_DHS_women,women_15_49,anemia_women,ADM1,Lagos,lagos,49.5486805,2.797582357,44.06551984,55.03184117,513,2,2018 DHS
Nigeria,2024,DHS,NGA_2024_DHS_women,women_15_49,anemia_women,ADM1,Lagos,lagos,46.30045303,3.686721882,39.07461092,53.52629514,349,3,2024 DHS
Nigeria,2018,DHS,NGA_2018_DHS_women,women_15_49,anemia_women,ADM1,Nasarawa,nasarawa,65.1279326,3.674546377,57.92595405,72.32991116,397,2,2018 DHS
Nigeria,2024,DHS,NGA_2024_DHS_women,women_15_49,anemia_women,ADM1,Nasarawa,nasarawa,31.06414698,3.016117404,25.15266549,36.97562846,451,3,2024 DHS
Nigeria,2018,DHS,NGA_2018_DHS_women,women_15_49,anemia_women,ADM1,Niger,niger,64.19342651,3.234740212,57.8534522,70.53340083,447,2,2018 DHS
Nigeria,2024,DHS,NGA_2024_DHS_women,women_15_49,anemia_women,ADM1,Niger,niger,40.03126674,3.7372628,32.70636625,47.35616723,469,3,2024 DHS
Nigeria,2018,DHS,NGA_2018_DHS_women,women_15_49,anemia_women,ADM1,Ogun,ogun,48.99497187,2.761206931,43.58310573,54.40683801,320,2,2018 DHS
Nigeria,2024,DHS,NGA_2024_DHS_women,women_15_49,anemia_women,ADM1,Ogun,ogun,41.67780639,3.258856117,35.29056577,48.06504701,351,3,2024 DHS
Nigeria,2018,DHS,NGA_2018_DHS_women,women_15_49,anemia_women,ADM1,Ondo,ondo,55.15180425,3.235181591,48.81096484,61.49264365,331,2,2018 DHS
Nigeria,2024,DHS,NGA_2024_DHS_women,women_15_49,anemia_women,ADM1,Ondo,ondo,45.22823992,4.574910176,36.26158074,54.1948991,271,3,2024 DHS
Nigeria,2018,DHS,NGA_2018_DHS_women,women_15_49,anemia_women,ADM1,Osun,osun,57.16442847,2.652553748,51.96551866,62.36333829,319,2,2018 DHS
Nigeria,2024,DHS,NGA_2024_DHS_women,women_15_49,anemia_women,ADM1,Osun,osun,37.61204694,3.382606426,30.98226017,44.24183371,251,3,2024 DHS
Nigeria,2018,DHS,NGA_2018_DHS_women,women_15_49,anemia_women,ADM1,Oyo,oyo,49.65007942,3.450580853,42.88706522,56.41309362,394,2,2018 DHS
Nigeria,2024,DHS,NGA_2024_DHS_women,women_15_49,anemia_women,ADM1,Oyo,oyo,38.2913686,2.534709039,33.32343017,43.25930702,365,3,2024 DHS
Nigeria,2018,DHS,NGA_2018_DHS_women,women_15_49,anemia_women,ADM1,Plateau,plateau,43.69597886,2.762483958,38.2816098,49.11034793,381,2,2018 DHS
Nigeria,2024,DHS,NGA_2024_DHS_women,women_15_49,anemia_women,ADM1,Plateau,plateau,23.72343165,2.900756021,18.03805432,29.40880898,466,3,2024 DHS
Nigeria,2018,DHS,NGA_2018_DHS_women,women_15_49,anemia_women,ADM1,Rivers,rivers,66.09316478,3.619492524,58.99908979,73.18723977,467,2,2018 DHS
Nigeria,2024,DHS,NGA_2024_DHS_women,women_15_49,anemia_women,ADM1,Rivers,rivers,49.74679356,2.423386301,44.99704369,54.49654343,470,3,2024 DHS
Nigeria,2018,DHS,NGA_2018_DHS_women,women_15_49,anemia_women,ADM1,Sokoto,sokoto,73.71410673,3.561449634,66.73379371,80.69441974,280,2,2018 DHS
Nigeria,2024,DHS,NGA_2024_DHS_women,women_15_49,anemia_women,ADM1,Sokoto,sokoto,64.27788137,2.413298525,59.54790318,69.00785957,462,3,2024 DHS
Nigeria,2018,DHS,NGA_2018_DHS_women,women_15_49,anemia_women,ADM1,Taraba,taraba,53.96998969,3.437840452,47.23194622,60.70803316,431,2,2018 DHS
Nigeria,2024,DHS,NGA_2024_DHS_women,women_15_49,anemia_women,ADM1,Taraba,taraba,40.33693676,3.943062286,32.60867669,48.06519683,347,3,2024 DHS
Nigeria,2018,DHS,NGA_2018_DHS_women,women_15_49,anemia_women,ADM1,Yobe,yobe,67.8157592,3.613268181,60.73388369,74.8976347,434,2,2018 DHS
Nigeria,2024,DHS,NGA_2024_DHS_women,women_15_49,anemia_women,ADM1,Yobe,yobe,37.25458425,2.961842129,31.44948034,43.05968815,402,3,2024 DHS
Nigeria,2018,DHS,NGA_2018_DHS_women,women_15_49,anemia_women,ADM1,Zamfara,zamfara,71.29361959,2.773953995,65.85676967,76.73046952,407,2,2018 DHS
Nigeria,2024,DHS,NGA_2024_DHS_women,women_15_49,anemia_women,ADM1,Zamfara,zamfara,39.06831555,4.190080378,30.85590892,47.28072219,298,3,2024 DHS
Nigeria,2018,DHS,NGA_2018_DHS_women,women_15_49,severe_anemia_women,ADM1,Abia,abia,2.542888573,2.542888573,0.52037834,4.565398806,369,2,2018 DHS
Nigeria,2024,DHS,NGA_2024_DHS_women,women_15_49,severe_anemia_women,ADM1,Abia,abia,1.15076641,1.15076641,0.003034285,2.298498536,276,3,2024 DHS
Nigeria,2018,DHS,NGA_2018_DHS_women,women_15_49,severe_anemia_women,ADM1,Adamawa,adamawa,0.934712497,0.934712497,-0.100631911,1.970056904,349,2,2018 DHS
Nigeria,2024,DHS,NGA_2024_DHS_women,women_15_49,severe_anemia_women,ADM1,Adamawa,adamawa,1.328702157,1.328702157,0.046973862,2.610430452,421,3,2024 DHS
Nigeria,2018,DHS,NGA_2018_DHS_women,women_15_49,severe_anemia_women,ADM1,Akwa Ibom,akwa ibom,2.795561259,2.795561259,0.998311133,4.592811385,354,2,2018 DHS
Nigeria,2024,DHS,NGA_2024_DHS_women,women_15_49,severe_anemia_women,ADM1,Akwa Ibom,akwa ibom,1.087081191,1.087081191,0.055750851,2.11841153,309,3,2024 DHS
Nigeria,2018,DHS,NGA_2018_DHS_women,women_15_49,severe_anemia_women,ADM1,Anambra,anambra,0.948370172,0.948370172,0.02803952,1.868700824,436,2,2018 DHS
Nigeria,2024,DHS,NGA_2024_DHS_women,women_15_49,severe_anemia_women,ADM1,Anambra,anambra,0.085700207,0.085700207,-0.08544564,0.256846055,366,3,2024 DHS
Nigeria,2018,DHS,NGA_2018_DHS_women,women_15_49,severe_anemia_women,ADM1,Bauchi,bauchi,2.884597411,2.884597411,1.02908284,4.740111982,441,2,2018 DHS
Nigeria,2024,DHS,NGA_2024_DHS_women,women_15_49,severe_anemia_women,ADM1,Bauchi,bauchi,2.573355177,2.573355177,0.900221041,4.246489314,392,3,2024 DHS
Nigeria,2018,DHS,NGA_2018_DHS_women,women_15_49,severe_anemia_women,ADM1,Bayelsa,bayelsa,1.381884152,1.381884152,0.114005435,2.649762869,309,2,2018 DHS
Nigeria,2024,DHS,NGA_2024_DHS_women,women_15_49,severe_anemia_women,ADM1,Bayelsa,bayelsa,0,0,0,0,290,3,2024 DHS
Nigeria,2018,DHS,NGA_2018_DHS_women,women_15_49,severe_anemia_women,ADM1,Benue,benue,0.344446448,0.344446448,-0.133803322,0.822696217,468,2,2018 DHS
Nigeria,2024,DHS,NGA_2024_DHS_women,women_15_49,severe_anemia_women,ADM1,Benue,benue,0.357204584,0.357204584,-0.339145799,1.053554966,338,3,2024 DHS
Nigeria,2018,DHS,NGA_2018_DHS_women,women_15_49,severe_anemia_women,ADM1,Borno,borno,1.86973536,1.86973536,-0.556820223,4.296290943,444,2,2018 DHS
Nigeria,2024,DHS,NGA_2024_DHS_women,women_15_49,severe_anemia_women,ADM1,Borno,borno,1.135781208,1.135781208,-0.133446362,2.405008777,307,3,2024 DHS
Nigeria,2018,DHS,NGA_2018_DHS_women,women_15_49,severe_anemia_women,ADM1,Cross River,cross river,0.473783611,0.473783611,-0.195139165,1.142706387,291,2,2018 DHS
Nigeria,2024,DHS,NGA_2024_DHS_women,women_15_49,severe_anemia_women,ADM1,Cross River,cross river,0,0,0,0,316,3,2024 DHS
Nigeria,2018,DHS,NGA_2018_DHS_women,women_15_49,severe_anemia_women,ADM1,Delta,delta,3.011469381,3.011469381,0.994795059,5.028143703,283,2,2018 DHS
Nigeria,2024,DHS,NGA_2024_DHS_women,women_15_49,severe_anemia_women,ADM1,Delta,delta,1.160927294,1.160927294,-0.470612221,2.792466809,301,3,2024 DHS
Nigeria,2018,DHS,NGA_2018_DHS_women,women_15_49,severe_anemia_women,ADM1,Ebonyi,ebonyi,3.196939499,3.196939499,1.688964589,4.70491441,451,2,2018 DHS
Nigeria,2024,DHS,NGA_2024_DHS_women,women_15_49,severe_anemia_women,ADM1,Ebonyi,ebonyi,0.148328421,0.148328421,-0.150030469,0.44668731,570,3,2024 DHS
Nigeria,2018,DHS,NGA_2018_DHS_women,women_15_49,severe_anemia_women,ADM1,Edo,edo,0.643269002,0.643269002,-0.267321843,1.553859848,211,2,2018 DHS
Nigeria,2024,DHS,NGA_2024_DHS_women,women_15_49,severe_anemia_women,ADM1,Edo,edo,1.354078851,1.354078851,0.072186224,2.635971478,341,3,2024 DHS
Nigeria,2018,DHS,NGA_2018_DHS_women,women_15_49,severe_anemia_women,ADM1,Ekiti,ekiti,1.079054882,1.079054882,0.02489956,2.133210203,336,2,2018 DHS
Nigeria,2024,DHS,NGA_2024_DHS_women,women_15_49,severe_anemia_women,ADM1,Ekiti,ekiti,0,0,0,0,208,3,2024 DHS
Nigeria,2018,DHS,NGA_2018_DHS_women,women_15_49,severe_anemia_women,ADM1,Enugu,enugu,1.128128421,1.128128421,0.027027209,2.229229634,399,2,2018 DHS
Nigeria,2024,DHS,NGA_2024_DHS_women,women_15_49,severe_anemia_women,ADM1,Enugu,enugu,1.544346482,1.544346482,0.361351241,2.727341723,349,3,2024 DHS
Nigeria,2024,DHS,NGA_2024_DHS_women,women_15_49,severe_anemia_women,ADM1,FCT Abuja,fct abuja,0.319759109,0.319759109,-0.307405459,0.946923677,331,3,2024 DHS
Nigeria,2018,DHS,NGA_2018_DHS_women,women_15_49,severe_anemia_women,ADM1,FCT Abuja,fct abuja,0.54698064,0.54698064,-0.523581966,1.617543245,405,2,2018 DHS
Nigeria,2018,DHS,NGA_2018_DHS_women,women_15_49,severe_anemia_women,ADM1,Gombe,gombe,1.625972637,1.625972637,0.180098059,3.071847214,454,2,2018 DHS
Nigeria,2024,DHS,NGA_2024_DHS_women,women_15_49,severe_anemia_women,ADM1,Gombe,gombe,0.981722105,0.981722105,0.032623448,1.930820762,393,3,2024 DHS
Nigeria,2018,DHS,NGA_2018_DHS_women,women_15_49,severe_anemia_women,ADM1,Imo,imo,1.698771084,1.698771084,0.461115612,2.936426556,436,2,2018 DHS
Nigeria,2024,DHS,NGA_2024_DHS_women,women_15_49,severe_anemia_women,ADM1,Imo,imo,0.398306405,0.398306405,-0.156869782,0.953482591,425,3,2024 DHS
Nigeria,2018,DHS,NGA_2018_DHS_women,women_15_49,severe_anemia_women,ADM1,Jigawa,jigawa,4.151941253,4.151941253,1.846711561,6.457170945,453,2,2018 DHS
Nigeria,2024,DHS,NGA_2024_DHS_women,women_15_49,severe_anemia_women,ADM1,Jigawa,jigawa,1.234721056,1.234721056,-0.131164248,2.600606359,424,3,2024 DHS
Nigeria,2018,DHS,NGA_2018_DHS_women,women_15_49,severe_anemia_women,ADM1,Kaduna,kaduna,1.433224935,1.433224935,-0.049093972,2.915543842,550,2,2018 DHS
Nigeria,2024,DHS,NGA_2024_DHS_women,women_15_49,severe_anemia_women,ADM1,Kaduna,kaduna,0.341600293,0.341600293,-0.13679651,0.819997095,503,3,2024 DHS
Nigeria,2018,DHS,NGA_2018_DHS_women,women_15_49,severe_anemia_women,ADM1,Kano,kano,3.497353372,3.497353372,1.594203113,5.400503631,580,2,2018 DHS
Nigeria,2024,DHS,NGA_2024_DHS_women,women_15_49,severe_anemia_women,ADM1,Kano,kano,0.389571065,0.389571065,-0.18390451,0.963046639,642,3,2024 DHS
Nigeria,2018,DHS,NGA_2018_DHS_women,women_15_49,severe_anemia_women,ADM1,Katsina,katsina,0.904557458,0.904557458,-0.198608978,2.007723894,509,2,2018 DHS
Nigeria,2024,DHS,NGA_2024_DHS_women,women_15_49,severe_anemia_women,ADM1,Katsina,katsina,1.553032571,1.553032571,-0.127260176,3.233325318,393,3,2024 DHS
Nigeria,2018,DHS,NGA_2018_DHS_women,women_15_49,severe_anemia_women,ADM1,Kebbi,kebbi,1.183636603,1.183636603,0.184979983,2.182293223,450,2,2018 DHS
Nigeria,2024,DHS,NGA_2024_DHS_women,women_15_49,severe_anemia_women,ADM1,Kebbi,kebbi,0.281178379,0.281178379,-0.111286776,0.673643535,456,3,2024 DHS
Nigeria,2018,DHS,NGA_2018_DHS_women,women_15_49,severe_anemia_women,ADM1,Kogi,kogi,0.597806116,0.597806116,-0.248373264,1.443985496,312,2,2018 DHS
Nigeria,2024,DHS,NGA_2024_DHS_women,women_15_49,severe_anemia_women,ADM1,Kogi,kogi,0.324691119,0.324691119,-0.29610635,0.945488588,379,3,2024 DHS
Nigeria,2018,DHS,NGA_2018_DHS_women,women_15_49,severe_anemia_women,ADM1,Kwara,kwara,1.750011006,1.750011006,0.062152302,3.43786971,339,2,2018 DHS
Nigeria,2024,DHS,NGA_2024_DHS_women,women_15_49,severe_anemia_women,ADM1,Kwara,kwara,0.950323366,0.950323366,-0.095731329,1.99637806,368,3,2024 DHS
Nigeria,2018,DHS,NGA_2018_DHS_women,women_15_49,severe_anemia_women,ADM1,Lagos,lagos,0.168631546,0.168631546,-0.165559415,0.502822507,513,2,2018 DHS
Nigeria,2024,DHS,NGA_2024_DHS_women,women_15_49,severe_anemia_women,ADM1,Lagos,lagos,0.893150389,0.893150389,-0.196802589,1.983103367,349,3,2024 DHS
Nigeria,2018,DHS,NGA_2018_DHS_women,women_15_49,severe_anemia_women,ADM1,Nasarawa,nasarawa,3.611381605,3.611381605,1.762237332,5.460525878,397,2,2018 DHS
Nigeria,2024,DHS,NGA_2024_DHS_women,women_15_49,severe_anemia_women,ADM1,Nasarawa,nasarawa,0.469200286,0.469200286,-0.197606115,1.136006687,451,3,2024 DHS
Nigeria,2018,DHS,NGA_2018_DHS_women,women_15_49,severe_anemia_women,ADM1,Niger,niger,0.235847872,0.235847872,-0.221610898,0.693306642,447,2,2018 DHS
Nigeria,2024,DHS,NGA_2024_DHS_women,women_15_49,severe_anemia_women,ADM1,Niger,niger,1.691487131,1.691487131,0.60122742,2.781746843,469,3,2024 DHS
Nigeria,2018,DHS,NGA_2018_DHS_women,women_15_49,severe_anemia_women,ADM1,Ogun,ogun,1.304674329,1.304674329,0.111445122,2.497903537,320,2,2018 DHS
Nigeria,2024,DHS,NGA_2024_DHS_women,women_15_49,severe_anemia_women,ADM1,Ogun,ogun,0,0,0,0,351,3,2024 DHS
Nigeria,2018,DHS,NGA_2018_DHS_women,women_15_49,severe_anemia_women,ADM1,Ondo,ondo,0.504400517,0.504400517,-0.214102584,1.222903617,331,2,2018 DHS
Nigeria,2024,DHS,NGA_2024_DHS_women,women_15_49,severe_anemia_women,ADM1,Ondo,ondo,0.633301629,0.633301629,-0.569651979,1.836255237,271,3,2024 DHS
Nigeria,2018,DHS,NGA_2018_DHS_women,women_15_49,severe_anemia_women,ADM1,Osun,osun,0.702916426,0.702916426,-0.276057072,1.681889925,319,2,2018 DHS
Nigeria,2024,DHS,NGA_2024_DHS_women,women_15_49,severe_anemia_women,ADM1,Osun,osun,0,0,0,0,251,3,2024 DHS
Nigeria,2018,DHS,NGA_2018_DHS_women,women_15_49,severe_anemia_women,ADM1,Oyo,oyo,0.436849116,0.436849116,-0.242273792,1.115972023,394,2,2018 DHS
Nigeria,2024,DHS,NGA_2024_DHS_women,women_15_49,severe_anemia_women,ADM1,Oyo,oyo,0.228271428,0.228271428,-0.224879271,0.681422127,365,3,2024 DHS
Nigeria,2018,DHS,NGA_2018_DHS_women,women_15_49,severe_anemia_women,ADM1,Plateau,plateau,2.258702603,2.258702603,0.38650965,4.130895556,381,2,2018 DHS
Nigeria,2024,DHS,NGA_2024_DHS_women,women_15_49,severe_anemia_women,ADM1,Plateau,plateau,0.505882633,0.505882633,-0.196606699,1.208371964,466,3,2024 DHS
Nigeria,2018,DHS,NGA_2018_DHS_women,women_15_49,severe_anemia_women,ADM1,Rivers,rivers,2.081755726,2.081755726,0.61440828,3.549103173,467,2,2018 DHS
Nigeria,2024,DHS,NGA_2024_DHS_women,women_15_49,severe_anemia_women,ADM1,Rivers,rivers,0.953642852,0.953642852,0.053116976,1.854168727,470,3,2024 DHS
Nigeria,2018,DHS,NGA_2018_DHS_women,women_15_49,severe_anemia_women,ADM1,Sokoto,sokoto,0.97899115,0.97899115,-0.353727288,2.311709588,280,2,2018 DHS
Nigeria,2024,DHS,NGA_2024_DHS_women,women_15_49,severe_anemia_women,ADM1,Sokoto,sokoto,1.1707353,1.1707353,0.12803093,2.213439669,462,3,2024 DHS
Nigeria,2018,DHS,NGA_2018_DHS_women,women_15_49,severe_anemia_women,ADM1,Taraba,taraba,0.907095182,0.907095182,0.040930755,1.773259608,431,2,2018 DHS
Nigeria,2024,DHS,NGA_2024_DHS_women,women_15_49,severe_anemia_women,ADM1,Taraba,taraba,0.882157144,0.882157144,-0.183637159,1.947951447,347,3,2024 DHS
Nigeria,2018,DHS,NGA_2018_DHS_women,women_15_49,severe_anemia_women,ADM1,Yobe,yobe,0.832747343,0.832747343,-0.110482018,1.775976703,434,2,2018 DHS
Nigeria,2024,DHS,NGA_2024_DHS_women,women_15_49,severe_anemia_women,ADM1,Yobe,yobe,0.428451096,0.428451096,-0.414600632,1.271502823,402,3,2024 DHS
Nigeria,2018,DHS,NGA_2018_DHS_women,women_15_49,severe_anemia_women,ADM1,Zamfara,zamfara,3.882543796,3.882543796,1.872934353,5.89215324,407,2,2018 DHS
Nigeria,2024,DHS,NGA_2024_DHS_women,women_15_49,severe_anemia_women,ADM1,Zamfara,zamfara,1.078519562,1.078519562,-0.141587911,2.298627034,298,3,2024 DHS
Ethiopia,2005,DHS,ETH_2005_DHS_women,women_15_49,anemia_women,ADM1,Addis Ababa,addis abeba,14.60536943,1.623829927,11.42272126,17.7880176,676,1,2005 DHS
Ethiopia,2005,DHS,ETH_2005_DHS_women,women_15_49,anemia_women,ADM1,Afar,afar,40.44234973,3.778915226,33.03581198,47.84888747,283,1,2005 DHS
Ethiopia,2005,DHS,ETH_2005_DHS_women,women_15_49,anemia_women,ADM1,Amhara,amhara,31.00178011,2.268254646,26.5560827,35.44747752,827,1,2005 DHS
Ethiopia,2005,DHS,ETH_2005_DHS_women,women_15_49,anemia_women,ADM1,Benishangul,benishangul,31.34265695,3.664537326,24.16029577,38.52501813,398,1,2005 DHS
Ethiopia,2005,DHS,ETH_2005_DHS_women,women_15_49,anemia_women,ADM1,Dire Dawa,dire dawa,25.79776646,3.128947213,19.66514261,31.9303903,298,1,2005 DHS
Ethiopia,2005,DHS,ETH_2005_DHS_women,women_15_49,anemia_women,ADM1,Gambela,gambela,42.0159031,4.249845809,33.68635838,50.34544783,339,1,2005 DHS
Ethiopia,2005,DHS,ETH_2005_DHS_women,women_15_49,anemia_women,ADM1,Harari,harari,22.42857601,2.71292184,17.11134691,27.74580511,345,1,2005 DHS
Ethiopia,2005,DHS,ETH_2005_DHS_women,women_15_49,anemia_women,ADM1,Oromia,oromia,24.87912208,1.46206338,22.01353051,27.74471364,971,1,2005 DHS
Ethiopia,2005,DHS,ETH_2005_DHS_women,women_15_49,anemia_women,ADM1,SNNPR,snnpr,23.46017853,1.836604239,19.86050037,27.05985669,1003,1,2005 DHS
Ethiopia,2005,DHS,ETH_2005_DHS_women,women_15_49,anemia_women,ADM1,Somali,somali,39.82627461,4.222222709,31.55087016,48.10167905,257,1,2005 DHS
Ethiopia,2005,DHS,ETH_2005_DHS_women,women_15_49,anemia_women,ADM1,Tigray,tigray,29.28901952,2.062171511,25.24723763,33.33080141,566,1,2005 DHS
Ethiopia,2005,DHS,ETH_2005_DHS_women,women_15_49,severe_anemia_women,ADM1,Addis Ababa,addis abeba,0.837238995,0.837238995,0.030788991,1.643688998,676,1,2005 DHS
Ethiopia,2005,DHS,ETH_2005_DHS_women,women_15_49,severe_anemia_women,ADM1,Afar,afar,3.357777465,3.357777465,1.602059298,5.113495633,283,1,2005 DHS
Ethiopia,2005,DHS,ETH_2005_DHS_women,women_15_49,severe_anemia_women,ADM1,Amhara,amhara,1.51175964,1.51175964,0.646874712,2.376644567,827,1,2005 DHS
Ethiopia,2005,DHS,ETH_2005_DHS_women,women_15_49,severe_anemia_women,ADM1,Benishangul,benishangul,0.802446513,0.802446513,-0.037687448,1.642580474,398,1,2005 DHS
Ethiopia,2005,DHS,ETH_2005_DHS_women,women_15_49,severe_anemia_women,ADM1,Dire Dawa,dire dawa,2.475978761,2.475978761,-0.293199843,5.245157365,298,1,2005 DHS
Ethiopia,2005,DHS,ETH_2005_DHS_women,women_15_49,severe_anemia_women,ADM1,Gambela,gambela,1.719078176,1.719078176,0.478444239,2.959712113,339,1,2005 DHS
Ethiopia,2005,DHS,ETH_2005_DHS_women,women_15_49,severe_anemia_women,ADM1,Harari,harari,0.468721682,0.468721682,-0.195812439,1.133255803,345,1,2005 DHS
Ethiopia,2005,DHS,ETH_2005_DHS_women,women_15_49,severe_anemia_women,ADM1,Oromia,oromia,1.18835371,1.18835371,0.52576442,1.850943,971,1,2005 DHS
Ethiopia,2005,DHS,ETH_2005_DHS_women,women_15_49,severe_anemia_women,ADM1,SNNPR,snnpr,1.032078554,1.032078554,0.498957793,1.565199314,1003,1,2005 DHS
Ethiopia,2005,DHS,ETH_2005_DHS_women,women_15_49,severe_anemia_women,ADM1,Somali,somali,4.831710061,4.831710061,1.385307653,8.278112469,257,1,2005 DHS
Ethiopia,2005,DHS,ETH_2005_DHS_women,women_15_49,severe_anemia_women,ADM1,Tigray,tigray,0.556981015,0.556981015,-0.070961599,1.184923628,566,1,2005 DHS
DRC,2013,DHS,DRC_2013_DHS_zd,children_12_23_months,zero_dose,ADM1,Bas-Uele,bas uele,45.2201910865668,5.68236544467671,34.0829594680055,56.357422705128,93,1,2013 DHS
DRC,2024,DHS,DRC_2024_DHS_zd,children_12_23_months,zero_dose,ADM1,Bas-Uele,bas uele,62.1785380939168,8.07244896937409,46.3568288469061,78.0002473409275,115,2,2024 DHS
DRC,2013,DHS,DRC_2013_DHS_zd,children_12_23_months,zero_dose,ADM1,Equateur,equateur,20.1613479860665,3.44734067236759,13.4046844257859,26.9180115463471,114,1,2013 DHS
DRC,2024,DHS,DRC_2024_DHS_zd,children_12_23_months,zero_dose,ADM1,Equateur,equateur,46.4477601434335,7.73935006502908,31.2789127522288,61.6166075346383,150,2,2024 DHS
DRC,2013,DHS,DRC_2013_DHS_zd,children_12_23_months,zero_dose,ADM1,Haut-Katanga,haut katanga,17.4239140248698,5.53334677909845,6.57875362386612,28.2690744258735,118,1,2013 DHS
DRC,2024,DHS,DRC_2024_DHS_zd,children_12_23_months,zero_dose,ADM1,Haut-Katanga,haut katanga,25.7285757164366,3.43911986354963,18.988024645363,32.4691267875102,202,2,2024 DHS
DRC,2013,DHS,DRC_2013_DHS_zd,children_12_23_months,zero_dose,ADM1,Haut-Lomami,haut lomami,33.9692953765074,5.71802549806614,22.7621713376161,45.1764194153987,121,1,2013 DHS
DRC,2024,DHS,DRC_2024_DHS_zd,children_12_23_months,zero_dose,ADM1,Haut-Lomami,haut lomami,46.9292806941676,6.1162707424915,34.9416103191882,58.916951069147,220,2,2024 DHS
DRC,2013,DHS,DRC_2013_DHS_zd,children_12_23_months,zero_dose,ADM1,Haut-Uele,haut uele,37.8538261981917,13.7222589323296,10.9586929042928,64.7489594920907,70,1,2013 DHS
DRC,2024,DHS,DRC_2024_DHS_zd,children_12_23_months,zero_dose,ADM1,Haut-Uele,haut uele,45.7114391150926,5.98720397181108,33.9767349622477,57.4461432679375,93,2,2024 DHS
DRC,2013,DHS,DRC_2013_DHS_zd,children_12_23_months,zero_dose,ADM1,Ituri,ituri,8.52706665751789,3.50281737221538,1.6616707635545,15.3924625514813,100,1,2013 DHS
DRC,2024,DHS,DRC_2024_DHS_zd,children_12_23_months,zero_dose,ADM1,Ituri,ituri,21.2231573565536,5.21485847549975,11.0022225601006,31.4440921530065,176,2,2024 DHS
DRC,2013,DHS,DRC_2013_DHS_zd,children_12_23_months,zero_dose,ADM1,Kasai,kasai,28.7648829000998,5.63809254633515,17.7144245677792,39.8153412324204,148,1,2013 DHS
DRC,2024,DHS,DRC_2024_DHS_zd,children_12_23_months,zero_dose,ADM1,Kasai,kasai,51.8329339580569,8.59439460293868,34.9882300673716,68.6776378487421,182,2,2024 DHS
DRC,2013,DHS,DRC_2013_DHS_zd,children_12_23_months,zero_dose,ADM1,Kasai-Central,kasai central,10.156759148743,3.14228024485142,3.99800303950251,16.3155152579835,148,1,2013 DHS
DRC,2024,DHS,DRC_2024_DHS_zd,children_12_23_months,zero_dose,ADM1,Kasai-Central,kasai central,10.3290011447279,2.95084627164203,4.54544872839526,16.1125535610606,222,2,2024 DHS
DRC,2013,DHS,DRC_2013_DHS_zd,children_12_23_months,zero_dose,ADM1,Kasai-Oriental,kasai oriental,15.4812706935422,5.14390602379367,5.39940014704794,25.5631412400364,133,1,2013 DHS
DRC,2024,DHS,DRC_2024_DHS_zd,children_12_23_months,zero_dose,ADM1,Kasai-Oriental,kasai oriental,18.1291936669828,4.096690028051,10.0998287561784,26.1585585777872,148,2,2024 DHS
DRC,2013,DHS,DRC_2013_DHS_zd,children_12_23_months,zero_dose,ADM1,Kinshasa,kinshasa,2.16829353632835,1.68488848979669,-1.13402722163924,5.47061429429593,200,1,2013 DHS
DRC,2024,DHS,DRC_2024_DHS_zd,children_12_23_months,zero_dose,ADM1,Kinshasa,kinshasa,0.753249149853526,0.749648988948341,-0.716035869532087,2.22253416923914,116,2,2024 DHS
DRC,2013,DHS,DRC_2013_DHS_zd,children_12_23_months,zero_dose,ADM1,Kongo Central,kongo central,6.47819065801106,2.02065841793966,2.51777293379164,10.4386083822305,182,1,2013 DHS
DRC,2024,DHS,DRC_2024_DHS_zd,children_12_23_months,zero_dose,ADM1,Kongo Central,kongo central,42.5250177285588,7.94616298383083,26.9508244649651,58.0992109921526,99,2,2024 DHS
DRC,2013,DHS,DRC_2013_DHS_zd,children_12_23_months,zero_dose,ADM1,Kwango,kwango,17.1042532288439,5.08132919778346,7.14503100759655,27.0634754500913,147,1,2013 DHS
DRC,2024,DHS,DRC_2024_DHS_zd,children_12_23_months,zero_dose,ADM1,Kwango,kwango,29.0100537406742,7.27837220401857,14.7447063547204,43.275401126628,150,2,2024 DHS
DRC,2013,DHS,DRC_2013_DHS_zd,children_12_23_months,zero_dose,ADM1,Kwilu,kwilu,8.80816134193905,4.79120828012172,-0.582434329529612,18.1987570134077,177,1,2013 DHS
DRC,2024,DHS,DRC_2024_DHS_zd,children_12_23_months,zero_dose,ADM1,Kwilu,kwilu,21.3042840743879,5.79896720114222,9.9385172126201,32.6700509361557,175,2,2024 DHS
DRC,2013,DHS,DRC_2013_DHS_zd,children_12_23_months,zero_dose,ADM1,Lomami,lomami,21.854667097343,5.11208268544148,11.8351691478869,31.8741650467991,145,1,2013 DHS
DRC,2024,DHS,DRC_2024_DHS_zd,children_12_23_months,zero_dose,ADM1,Lomami,lomami,34.6492603797997,5.8547109778856,23.1742377232527,46.1242830363468,166,2,2024 DHS
DRC,2013,DHS,DRC_2013_DHS_zd,children_12_23_months,zero_dose,ADM1,Lualaba,lualaba,40.5235347490589,7.18786498721909,26.4355782483731,54.6114912497448,84,1,2013 DHS
DRC,2024,DHS,DRC_2024_DHS_zd,children_12_23_months,zero_dose,ADM1,Lualaba,lualaba,33.9425992046583,7.99841675743503,18.265990426744,49.6192079825726,215,2,2024 DHS
DRC,2013,DHS,DRC_2013_DHS_zd,children_12_23_months,zero_dose,ADM1,Mai-Ndombe,mai ndombe,13.4271072576509,5.12324961954772,3.38572251952882,23.468491995773,136,1,2013 DHS
DRC,2024,DHS,DRC_2024_DHS_zd,children_12_23_months,zero_dose,ADM1,Mai-Ndombe,mai ndombe,47.8005759638768,8.26825271599601,31.5950984254491,64.0060535023045,97,2,2024 DHS
DRC,2013,DHS,DRC_2013_DHS_zd,children_12_23_months,zero_dose,ADM1,Maniema,maniema,26.1697565410133,7.25739394695425,11.945525783364,40.3939872986626,159,1,2013 DHS
DRC,2024,DHS,DRC_2024_DHS_zd,children_12_23_months,zero_dose,ADM1,Maniema,maniema,78.346382124351,3.84115311349821,70.8178603627906,85.8749038859114,207,2,2024 DHS
DRC,2013,DHS,DRC_2013_DHS_zd,children_12_23_months,zero_dose,ADM1,Mongala,mongala,58.4491041798357,4.58188165031992,49.4687811637837,67.4294271958876,113,1,2013 DHS
DRC,2024,DHS,DRC_2024_DHS_zd,children_12_23_months,zero_dose,ADM1,Mongala,mongala,76.0945726449459,10.2885240684354,55.929436016739,96.2597092731528,135,2,2024 DHS
DRC,2013,DHS,DRC_2013_DHS_zd,children_12_23_months,zero_dose,ADM1,Nord-Kivu,nord kivu,6.27612270449062,2.07593083639884,2.20737303075278,10.3448723782285,212,1,2013 DHS
DRC,2024,DHS,DRC_2024_DHS_zd,children_12_23_months,zero_dose,ADM1,Nord-Kivu,nord kivu,9.9826046468922,2.70443807654496,4.6820034184453,15.2832058753391,196,2,2024 DHS
DRC,2013,DHS,DRC_2013_DHS_zd,children_12_23_months,zero_dose,ADM1,Nord-Ubangi,nord ubangi,22.7513790818308,4.60045123972268,13.7346603393417,31.7680978243199,109,1,2013 DHS
DRC,2024,DHS,DRC_2024_DHS_zd,children_12_23_months,zero_dose,ADM1,Nord-Ubangi,nord ubangi,38.4032753937544,6.73974256417926,25.1936227028914,51.6129280846174,150,2,2024 DHS
DRC,2013,DHS,DRC_2013_DHS_zd,children_12_23_months,zero_dose,ADM1,Sankuru,sankuru,46.2431542804946,10.3608195414703,25.9363211288941,66.5499874320951,108,1,2013 DHS
DRC,2024,DHS,DRC_2024_DHS_zd,children_12_23_months,zero_dose,ADM1,Sankuru,sankuru,64.8821756262305,7.24125798330272,50.689570776194,79.074780476267,121,2,2024 DHS
DRC,2013,DHS,DRC_2013_DHS_zd,children_12_23_months,zero_dose,ADM1,Sud-Kivu,sud kivu,4.85166427430551,1.54249539909494,1.82842884576068,7.87489970285033,206,1,2013 DHS
DRC,2024,DHS,DRC_2024_DHS_zd,children_12_23_months,zero_dose,ADM1,Sud-Kivu,sud kivu,27.0685127872073,10.9229173118831,5.65998824980735,48.4770373246072,203,2,2024 DHS
DRC,2013,DHS,DRC_2013_DHS_zd,children_12_23_months,zero_dose,ADM1,Sud-Ubangi,sud ubangi,18.3770770974732,4.50348479774278,9.55040908897369,27.2037451059727,106,1,2013 DHS
DRC,2024,DHS,DRC_2024_DHS_zd,children_12_23_months,zero_dose,ADM1,Sud-Ubangi,sud ubangi,60.8281271923587,4.89644724763277,51.2312669347982,70.4249874499192,199,2,2024 DHS
DRC,2013,DHS,DRC_2013_DHS_zd,children_12_23_months,zero_dose,ADM1,Tanganyika,tanganyika,61.2882922450016,13.3266323062378,35.1685728895675,87.4080116004357,106,1,2013 DHS
DRC,2024,DHS,DRC_2024_DHS_zd,children_12_23_months,zero_dose,ADM1,Tanganyika,tanganyika,51.6492389220687,15.3335160561105,21.5960996957254,81.702378148412,168,2,2024 DHS
DRC,2013,DHS,DRC_2013_DHS_zd,children_12_23_months,zero_dose,ADM1,Tshopo,tshopo,32.1500210238082,6.12976537682705,20.1359016515466,44.1641403960699,102,1,2013 DHS
DRC,2024,DHS,DRC_2024_DHS_zd,children_12_23_months,zero_dose,ADM1,Tshopo,tshopo,56.1011764155426,11.4287473495721,33.7012432219736,78.5011096091116,162,2,2024 DHS
DRC,2013,DHS,DRC_2013_DHS_zd,children_12_23_months,zero_dose,ADM1,Tshuapa,tshuapa,44.875080779924,8.39280884052831,28.4254777233591,61.3246838364888,102,1,2013 DHS
DRC,2024,DHS,DRC_2024_DHS_zd,children_12_23_months,zero_dose,ADM1,Tshuapa,tshuapa,65.7918442655262,5.9942605153771,54.0433095414366,77.5403789896158,117,2,2024 DHS
Ethiopia,2011,DHS,ETH_2011_DHS_zd,children_12_23_months,zero_dose,ADM1,Addis Ababa,addis ababa,3.89217153551568,2.10444553509906,-0.232465920704591,8.01680899173596,79,1,2011 DHS
Ethiopia,2016,DHS,ETH_2016_DHS_zd,children_12_23_months,zero_dose,ADM1,Addis Ababa,addis ababa,2.5448620873405,1.81514993862174,-1.01276641889819,6.1024905935792,102,2,2016 DHS
Ethiopia,2019,DHS,ETH_2019_DHS_zd,children_12_23_months,zero_dose,ADM1,Addis Ababa,addis ababa,3.73935704836801,2.42694883967617,-1.01737526971855,8.49608936645457,64,3,2019 DHS
Ethiopia,2024,DHS,ETH_2024_DHS_zd,children_12_23_months,zero_dose,ADM1,Addis Ababa,addis ababa,3.77207471602321,1.75752750674554,0.327384100963471,7.21676533108295,116,4,2024 DHS
Ethiopia,2016,DHS,ETH_2016_DHS_zd,children_12_23_months,zero_dose,ADM1,Afar,afar,52.767817628275,6.89419307090337,39.2554475068389,66.2801877497112,170,2,2016 DHS
Ethiopia,2019,DHS,ETH_2019_DHS_zd,children_12_23_months,zero_dose,ADM1,Afar,afar,53.0041734338401,6.6416261193543,39.9868254411252,66.0215214265551,109,3,2019 DHS
Ethiopia,2024,DHS,ETH_2024_DHS_zd,children_12_23_months,zero_dose,ADM1,Afar,afar,51.4235782086691,5.40625383696447,40.8275153969372,62.0196410204009,216,4,2024 DHS
Ethiopia,2011,DHS,ETH_2011_DHS_zd,children_12_23_months,zero_dose,ADM1,Affar,affar,70.5511909052563,4.77058289885039,61.2010202382468,79.9013615722657,173,1,2011 DHS
Ethiopia,2011,DHS,ETH_2011_DHS_zd,children_12_23_months,zero_dose,ADM1,Amhara,amhara,32.357258327986,4.47118825056794,23.5938903887742,41.1206262671978,221,1,2011 DHS
Ethiopia,2016,DHS,ETH_2016_DHS_zd,children_12_23_months,zero_dose,ADM1,Amhara,amhara,17.7699081695369,3.43758249115689,11.0323702929839,24.5074460460899,175,2,2016 DHS
Ethiopia,2019,DHS,ETH_2019_DHS_zd,children_12_23_months,zero_dose,ADM1,Amhara,amhara,14.1490863008138,4.27794593481412,5.76446634076862,22.533706260859,97,3,2019 DHS
Ethiopia,2024,DHS,ETH_2024_DHS_zd,children_12_23_months,zero_dose,ADM1,Amhara,amhara,12.0940322236331,2.91007113498276,6.3903976066173,17.7976668406489,179,4,2024 DHS
Ethiopia,2011,DHS,ETH_2011_DHS_zd,children_12_23_months,zero_dose,ADM1,Benishangul,benishangul,28.2635324159999,6.80257562576674,14.930729187387,41.5963356446127,170,1,2011 DHS
Ethiopia,2016,DHS,ETH_2016_DHS_zd,children_12_23_months,zero_dose,ADM1,Benishangul,benishangul,18.0887508394524,4.91147428319529,8.46243813339497,27.7150635455099,156,2,2016 DHS
Ethiopia,2019,DHS,ETH_2019_DHS_zd,children_12_23_months,zero_dose,ADM1,Benishangul,benishangul,9.80771091925079,3.6601384694269,2.63397134074452,16.9814504977571,82,3,2019 DHS
Ethiopia,2024,DHS,ETH_2024_DHS_zd,children_12_23_months,zero_dose,ADM1,Benishangul,benishangul,40.8941286972261,7.0147447598127,27.1454816072522,54.6427757872001,150,4,2024 DHS
Ethiopia,2011,DHS,ETH_2011_DHS_zd,children_12_23_months,zero_dose,ADM1,Dire Dawa,dire dawa,8.36481722801137,2.46291515535301,3.5375922265416,13.1920422294811,115,1,2011 DHS
Ethiopia,2016,DHS,ETH_2016_DHS_zd,children_12_23_months,zero_dose,ADM1,Dire Dawa,dire dawa,1.77979016544502,1.22773996226155,-0.626535942968182,4.18611627385821,110,2,2016 DHS
Ethiopia,2019,DHS,ETH_2019_DHS_zd,children_12_23_months,zero_dose,ADM1,Dire Dawa,dire dawa,4.78489312203685,2.18699189487396,0.49846777360289,9.07131847047082,80,3,2019 DHS
Ethiopia,2024,DHS,ETH_2024_DHS_zd,children_12_23_months,zero_dose,ADM1,Dire Dawa,dire dawa,23.5207289587181,4.36854097464599,14.9585459834244,32.0829119340117,115,4,2024 DHS
Ethiopia,2011,DHS,ETH_2011_DHS_zd,children_12_23_months,zero_dose,ADM1,Gambela,gambela,27.7796945475127,4.6910642933815,18.5853774833231,36.9740116117023,150,1,2011 DHS
Ethiopia,2016,DHS,ETH_2016_DHS_zd,children_12_23_months,zero_dose,ADM1,Gambela,gambela,25.9777463222422,6.22414814968761,13.7786401144129,38.1768525300715,136,2,2016 DHS
Ethiopia,2019,DHS,ETH_2019_DHS_zd,children_12_23_months,zero_dose,ADM1,Gambela,gambela,22.4238239982662,7.55063786564734,7.62484572129298,37.2228022752393,75,3,2019 DHS
Ethiopia,2024,DHS,ETH_2024_DHS_zd,children_12_23_months,zero_dose,ADM1,Gambela,gambela,33.005470098539,5.22056640432956,22.7733479671533,43.2375922299247,142,4,2024 DHS
Ethiopia,2011,DHS,ETH_2011_DHS_zd,children_12_23_months,zero_dose,ADM1,Harari,harari,26.1221140849145,5.02453668553641,16.2742031422629,35.9700250275661,115,1,2011 DHS
Ethiopia,2016,DHS,ETH_2016_DHS_zd,children_12_23_months,zero_dose,ADM1,Harari,harari,19.9241449655828,3.62727855921263,12.8148096276318,27.0334803035339,115,2,2016 DHS
Ethiopia,2019,DHS,ETH_2019_DHS_zd,children_12_23_months,zero_dose,ADM1,Harari,harari,33.3443396109163,6.980854510527,19.6621161889695,47.0265630328632,70,3,2019 DHS
Ethiopia,2024,DHS,ETH_2024_DHS_zd,children_12_23_months,zero_dose,ADM1,Harari,harari,16.4589023588454,3.40158856987521,9.79191127166691,23.125893446024,103,4,2024 DHS
Ethiopia,2016,DHS,ETH_2016_DHS_zd,children_12_23_months,zero_dose,ADM1,Oromia,oromia,34.7472357362065,3.5295326787367,27.8294788036254,41.6649926687876,285,2,2016 DHS
Ethiopia,2019,DHS,ETH_2019_DHS_zd,children_12_23_months,zero_dose,ADM1,Oromia,oromia,25.5005610024955,5.14509586568832,15.4163584087405,35.5847635962506,125,3,2019 DHS
Ethiopia,2024,DHS,ETH_2024_DHS_zd,children_12_23_months,zero_dose,ADM1,Oromia,oromia,41.6645727210315,4.84184935624822,32.1747223642165,51.1544230778464,240,4,2024 DHS
Ethiopia,2011,DHS,ETH_2011_DHS_zd,children_12_23_months,zero_dose,ADM1,Oromiya,oromiya,49.3672250547713,4.08676413088004,41.3573145449363,57.3771355646063,287,1,2011 DHS
Ethiopia,2011,DHS,ETH_2011_DHS_zd,children_12_23_months,zero_dose,ADM1,SNNPR,snnpr,25.3061800189846,3.61070637277798,18.2293255695905,32.3830344683786,252,1,2011 DHS
Ethiopia,2016,DHS,ETH_2016_DHS_zd,children_12_23_months,zero_dose,ADM1,SNNPR,snnpr,23.3106111248107,4.03933218492053,15.393665520773,31.2275567288485,231,2,2016 DHS
Ethiopia,2019,DHS,ETH_2019_DHS_zd,children_12_23_months,zero_dose,ADM1,SNNPR,snnpr,26.1386443124355,4.2458629945929,17.816905759742,34.4603828651289,114,3,2019 DHS
Ethiopia,2024,DHS,ETH_2024_DHS_zd,children_12_23_months,zero_dose,ADM1,SNNPR,snnpr,29.270097193579,2.34944320564293,24.6652731267965,33.8749212603614,658,4,2024 DHS
Ethiopia,2011,DHS,ETH_2011_DHS_zd,children_12_23_months,zero_dose,ADM1,Somali,somali,59.0956551744557,6.84945073778737,45.6709784145112,72.5203319344003,150,1,2011 DHS
Ethiopia,2016,DHS,ETH_2016_DHS_zd,children_12_23_months,zero_dose,ADM1,Somali,somali,38.3682746489946,4.834202617437,28.8934116248489,47.8431376731404,223,2,2016 DHS
Ethiopia,2019,DHS,ETH_2019_DHS_zd,children_12_23_months,zero_dose,ADM1,Somali,somali,55.99180169557,7.23225938521406,41.8168337736986,70.1667696174413,85,3,2019 DHS
Ethiopia,2024,DHS,ETH_2024_DHS_zd,children_12_23_months,zero_dose,ADM1,Somali,somali,66.9970311942265,4.58645429059718,58.0077459679168,75.9863164205361,214,4,2024 DHS
Ethiopia,2011,DHS,ETH_2011_DHS_zd,children_12_23_months,zero_dose,ADM1,Tigray,tigray,5.47590089434804,2.27511107996117,1.01676511679613,9.93503667189995,201,1,2011 DHS
Ethiopia,2016,DHS,ETH_2016_DHS_zd,children_12_23_months,zero_dose,ADM1,Tigray,tigray,7.29800878958731,2.66383029387748,2.07699735266069,12.5190202265139,215,2,2016 DHS
Ethiopia,2019,DHS,ETH_2019_DHS_zd,children_12_23_months,zero_dose,ADM1,Tigray,tigray,4.57217153027002,2.32693925371402,0.0114543987780324,9.13288866176201,93,3,2019 DHS
Ethiopia,2024,DHS,ETH_2024_DHS_zd,children_12_23_months,zero_dose,ADM1,Tigray,tigray,10.4386264513633,2.24089342632691,6.04655604257002,14.8306968601566,199,4,2024 DHS
Nigeria,2013,DHS,NGA_2013_DHS_zd,children_12_23_months,zero_dose,ADM1,Abia,abia,6.6303314619931,2.95019106259166,0.848063231801506,12.4125996921847,104,1,2013 DHS
Nigeria,2018,DHS,NGA_2018_DHS_zd,children_12_23_months,zero_dose,ADM1,Abia,abia,6.69275545749224,2.28731031113846,2.20970962619376,11.1758012887907,107,2,2018 DHS
Nigeria,2024,DHS,NGA_2024_DHS_zd,children_12_23_months,zero_dose,ADM1,Abia,abia,5.45723018996137,3.01127007586504,-0.4447507064573,11.35921108638,81,3,2024 DHS
Nigeria,2013,DHS,NGA_2013_DHS_zd,children_12_23_months,zero_dose,ADM1,Adamawa,adamawa,21.0086212606951,4.72621432778186,11.7454113950255,30.2718311263647,180,1,2013 DHS
Nigeria,2018,DHS,NGA_2018_DHS_zd,children_12_23_months,zero_dose,ADM1,Adamawa,adamawa,19.8208069674627,4.3541744464223,11.2867818700703,28.354832064855,177,2,2018 DHS
Nigeria,2024,DHS,NGA_2024_DHS_zd,children_12_23_months,zero_dose,ADM1,Adamawa,adamawa,29.1183166698174,6.54091819139893,16.2983525888526,41.9382807507821,149,3,2024 DHS
Nigeria,2013,DHS,NGA_2013_DHS_zd,children_12_23_months,zero_dose,ADM1,Akwa Ibom,akwa ibom,10.4749542263766,2.87710653856093,4.83592903111248,16.1139794216407,121,1,2013 DHS
Nigeria,2018,DHS,NGA_2018_DHS_zd,children_12_23_months,zero_dose,ADM1,Akwa Ibom,akwa ibom,16.7612909974792,3.53309654722944,9.83654901100666,23.6860329839517,122,2,2018 DHS
Nigeria,2024,DHS,NGA_2024_DHS_zd,children_12_23_months,zero_dose,ADM1,Akwa Ibom,akwa ibom,15.1376526379335,4.50054707976117,6.31674245087473,23.9585628249924,81,3,2024 DHS
Nigeria,2013,DHS,NGA_2013_DHS_zd,children_12_23_months,zero_dose,ADM1,Anambra,anambra,12.0099761243569,5.13638109058486,1.94285417593798,22.0770980727757,111,1,2013 DHS
Nigeria,2018,DHS,NGA_2018_DHS_zd,children_12_23_months,zero_dose,ADM1,Anambra,anambra,9.86915668750189,2.95778229831689,4.07200990869069,15.6663034663131,179,2,2018 DHS
Nigeria,2024,DHS,NGA_2024_DHS_zd,children_12_23_months,zero_dose,ADM1,Anambra,anambra,14.9287765329845,4.85485802637348,5.41342965123724,24.4441234147317,96,3,2024 DHS
Nigeria,2013,DHS,NGA_2013_DHS_zd,children_12_23_months,zero_dose,ADM1,Bauchi,bauchi,74.8951391277251,4.72322386972555,65.6377904521431,84.1524878033071,268,1,2013 DHS
Nigeria,2018,DHS,NGA_2018_DHS_zd,children_12_23_months,zero_dose,ADM1,Bauchi,bauchi,54.3939928070922,4.68402390057633,45.2134746592378,63.5745109549466,266,2,2018 DHS
Nigeria,2024,DHS,NGA_2024_DHS_zd,children_12_23_months,zero_dose,ADM1,Bauchi,bauchi,37.3235779856375,5.4688121949864,26.6049030452507,48.0422529260243,209,3,2024 DHS
Nigeria,2013,DHS,NGA_2013_DHS_zd,children_12_23_months,zero_dose,ADM1,Bayelsa,bayelsa,20.9475247571166,4.11598109027791,12.880350059124,29.0146994551092,160,1,2013 DHS
Nigeria,2018,DHS,NGA_2018_DHS_zd,children_12_23_months,zero_dose,ADM1,Bayelsa,bayelsa,29.2058022753551,4.54138031204668,20.3048604236444,38.1067441270659,122,2,2018 DHS
Nigeria,2024,DHS,NGA_2024_DHS_zd,children_12_23_months,zero_dose,ADM1,Bayelsa,bayelsa,17.2384201209838,5.35866797066323,6.73562389337551,27.741216348592,82,3,2024 DHS
Nigeria,2013,DHS,NGA_2013_DHS_zd,children_12_23_months,zero_dose,ADM1,Benue,benue,44.3774781230294,6.38403738311126,31.864994776174,56.8899614698848,124,1,2013 DHS
Nigeria,2018,DHS,NGA_2018_DHS_zd,children_12_23_months,zero_dose,ADM1,Benue,benue,23.6832124273729,4.40182605212113,15.0557918990054,32.3106329557405,186,2,2018 DHS
Nigeria,2024,DHS,NGA_2024_DHS_zd,children_12_23_months,zero_dose,ADM1,Benue,benue,32.0119504428842,5.51255715406319,21.2075369582018,42.8163639275667,97,3,2024 DHS
Nigeria,2013,DHS,NGA_2013_DHS_zd,children_12_23_months,zero_dose,ADM1,Borno,borno,80.4702893798202,5.03356371524715,70.6046857840482,90.3358929755922,121,1,2013 DHS
Nigeria,2018,DHS,NGA_2018_DHS_zd,children_12_23_months,zero_dose,ADM1,Borno,borno,44.1019482958698,4.11698573761083,36.0328045252875,52.1710920664521,203,2,2018 DHS
Nigeria,2024,DHS,NGA_2024_DHS_zd,children_12_23_months,zero_dose,ADM1,Borno,borno,31.7047594949059,5.25429633111889,21.4065279218119,42.0029910679998,160,3,2024 DHS
Nigeria,2013,DHS,NGA_2013_DHS_zd,children_12_23_months,zero_dose,ADM1,Cross River,cross river,11.7282302786784,6.77115323174485,-1.54298618934348,24.9994467467003,101,1,2013 DHS
Nigeria,2018,DHS,NGA_2018_DHS_zd,children_12_23_months,zero_dose,ADM1,Cross River,cross river,8.11846427145736,3.86504618936919,0.543112941709971,15.6938156012047,75,2,2018 DHS
Nigeria,2024,DHS,NGA_2024_DHS_zd,children_12_23_months,zero_dose,ADM1,Cross River,cross river,2.78850565396358,1.92368417897332,-0.981846054453626,6.55885736238079,69,3,2024 DHS
Nigeria,2013,DHS,NGA_2013_DHS_zd,children_12_23_months,zero_dose,ADM1,Delta,delta,26.8171627931876,6.63375477400694,13.8152423538634,39.8190832325119,126,1,2013 DHS
Nigeria,2018,DHS,NGA_2018_DHS_zd,children_12_23_months,zero_dose,ADM1,Delta,delta,18.6793205916073,4.56032870209979,9.74124057782741,27.6174006053872,99,2,2018 DHS
Nigeria,2024,DHS,NGA_2024_DHS_zd,children_12_23_months,zero_dose,ADM1,Delta,delta,7.59000272889116,2.73480179759475,2.22988970075005,12.9501157570323,112,3,2024 DHS
Nigeria,2013,DHS,NGA_2013_DHS_zd,children_12_23_months,zero_dose,ADM1,Ebonyi,ebonyi,11.3093605260846,4.09682785652846,3.27972547642842,19.3389955757408,133,1,2013 DHS
Nigeria,2018,DHS,NGA_2018_DHS_zd,children_12_23_months,zero_dose,ADM1,Ebonyi,ebonyi,4.89251255199403,1.70691386536347,1.54702285116958,8.23800225281847,181,2,2018 DHS
Nigeria,2024,DHS,NGA_2024_DHS_zd,children_12_23_months,zero_dose,ADM1,Ebonyi,ebonyi,3.00299516187026,1.36179762371719,0.333920865152329,5.67206945858819,176,3,2024 DHS
Nigeria,2013,DHS,NGA_2013_DHS_zd,children_12_23_months,zero_dose,ADM1,Edo,edo,8.77827559712646,3.01066331080957,2.8774839383636,14.6790672558893,122,1,2013 DHS
Nigeria,2018,DHS,NGA_2018_DHS_zd,children_12_23_months,zero_dose,ADM1,Edo,edo,8.66625381151401,3.50429778682493,1.79795635823373,15.5345512647943,90,2,2018 DHS
Nigeria,2024,DHS,NGA_2024_DHS_zd,children_12_23_months,zero_dose,ADM1,Edo,edo,2.09166295912149,2.03411406608381,-1.89512735084911,6.07845326909209,77,3,2024 DHS
Nigeria,2013,DHS,NGA_2013_DHS_zd,children_12_23_months,zero_dose,ADM1,Ekiti,ekiti,2.3983117883228,1.62447064985384,-0.785592179333104,5.58221575597871,89,1,2013 DHS
Nigeria,2018,DHS,NGA_2018_DHS_zd,children_12_23_months,zero_dose,ADM1,Ekiti,ekiti,3.90405462681165,2.34554812612685,-0.693135224402386,8.50124447802569,100,2,2018 DHS
Nigeria,2024,DHS,NGA_2024_DHS_zd,children_12_23_months,zero_dose,ADM1,Ekiti,ekiti,6.01514822846993,3.93010722699787,-1.68772039182648,13.7180168487663,49,3,2024 DHS
Nigeria,2013,DHS,NGA_2013_DHS_zd,children_12_23_months,zero_dose,ADM1,Enugu,enugu,11.669234050965,3.2149026501451,5.36814064287825,17.9703274590518,121,1,2013 DHS
Nigeria,2018,DHS,NGA_2018_DHS_zd,children_12_23_months,zero_dose,ADM1,Enugu,enugu,7.52084730345684,3.53691867521048,0.58861408379719,14.4530805231165,97,2,2018 DHS
Nigeria,2024,DHS,NGA_2024_DHS_zd,children_12_23_months,zero_dose,ADM1,Enugu,enugu,12.8317045134466,3.48063294230675,6.00978930312169,19.6536197237715,74,3,2024 DHS
Nigeria,2024,DHS,NGA_2024_DHS_zd,children_12_23_months,zero_dose,ADM1,FCT Abuja,fct abuja,6.19172019002938,2.53675839207979,1.21976510407325,11.1636752759855,92,3,2024 DHS
Nigeria,2013,DHS,NGA_2013_DHS_zd,children_12_23_months,zero_dose,ADM1,FCT Abuja,fct abuja,16.0523205891744,3.57734489153381,9.04085344148979,23.063787736859,97,1,2013 DHS
Nigeria,2018,DHS,NGA_2018_DHS_zd,children_12_23_months,zero_dose,ADM1,FCT Abuja,fct abuja,13.836499873618,3.09419300177611,7.77199302892093,19.901006718315,140,2,2018 DHS
Nigeria,2013,DHS,NGA_2013_DHS_zd,children_12_23_months,zero_dose,ADM1,Gombe,gombe,56.4857211241143,6.43995562748568,43.8636400322064,69.1078022160223,194,1,2013 DHS
Nigeria,2018,DHS,NGA_2018_DHS_zd,children_12_23_months,zero_dose,ADM1,Gombe,gombe,62.6954173315879,5.75756677077613,51.4107938222821,73.9800408408937,238,2,2018 DHS
Nigeria,2024,DHS,NGA_2024_DHS_zd,children_12_23_months,zero_dose,ADM1,Gombe,gombe,34.0258725524428,4.94117627596553,24.3413450102866,43.710400094599,175,3,2024 DHS
Nigeria,2013,DHS,NGA_2013_DHS_zd,children_12_23_months,zero_dose,ADM1,Imo,imo,8.28777140407196,3.14732843608541,2.11912102182579,14.4564217863181,84,1,2013 DHS
Nigeria,2018,DHS,NGA_2018_DHS_zd,children_12_23_months,zero_dose,ADM1,Imo,imo,9.52059015341363,2.85768431265156,3.91963182143148,15.1215484853958,134,2,2018 DHS
Nigeria,2024,DHS,NGA_2024_DHS_zd,children_12_23_months,zero_dose,ADM1,Imo,imo,6.71903004512018,3.12590144724434,0.592375789299642,12.8456843009407,117,3,2024 DHS
Nigeria,2013,DHS,NGA_2013_DHS_zd,children_12_23_months,zero_dose,ADM1,Jigawa,jigawa,79.0488755472681,4.32492504059233,70.5721782318717,87.5255728626645,281,1,2013 DHS
Nigeria,2018,DHS,NGA_2018_DHS_zd,children_12_23_months,zero_dose,ADM1,Jigawa,jigawa,42.6307357382492,5.28249146625381,32.2772427157515,52.9842287607468,250,2,2018 DHS
Nigeria,2024,DHS,NGA_2024_DHS_zd,children_12_23_months,zero_dose,ADM1,Jigawa,jigawa,34.2930450137434,4.46184672181379,25.5479861344503,43.0381038930365,208,3,2024 DHS
Nigeria,2013,DHS,NGA_2013_DHS_zd,children_12_23_months,zero_dose,ADM1,Kaduna,kaduna,39.4917714590198,8.22756404585062,23.3660422486559,55.6175006693836,138,1,2013 DHS
Nigeria,2018,DHS,NGA_2018_DHS_zd,children_12_23_months,zero_dose,ADM1,Kaduna,kaduna,48.0809258190111,5.87813337665893,36.5599961044368,59.6018555335854,227,2,2018 DHS
Nigeria,2024,DHS,NGA_2024_DHS_zd,children_12_23_months,zero_dose,ADM1,Kaduna,kaduna,45.6071497049894,5.09783950979654,35.6155678668229,55.598731543156,221,3,2024 DHS
Nigeria,2013,DHS,NGA_2013_DHS_zd,children_12_23_months,zero_dose,ADM1,Kano,kano,73.7092354406816,4.08511568039151,65.7025558344344,81.7159150469288,366,1,2013 DHS
Nigeria,2018,DHS,NGA_2018_DHS_zd,children_12_23_months,zero_dose,ADM1,Kano,kano,40.2421297908614,3.68924200797795,33.0113483249724,47.4729112567505,327,2,2018 DHS
Nigeria,2024,DHS,NGA_2024_DHS_zd,children_12_23_months,zero_dose,ADM1,Kano,kano,42.0231641782166,4.26863651561686,33.656790344515,50.3895380119182,269,3,2024 DHS
Nigeria,2013,DHS,NGA_2013_DHS_zd,children_12_23_months,zero_dose,ADM1,Katsina,katsina,76.6069505346669,4.66653786928633,67.4607043783734,85.7531966909604,275,1,2013 DHS
Nigeria,2018,DHS,NGA_2018_DHS_zd,children_12_23_months,zero_dose,ADM1,Katsina,katsina,57.5013111124864,5.38821417066653,46.9406053969916,68.0620168279811,257,2,2018 DHS
Nigeria,2024,DHS,NGA_2024_DHS_zd,children_12_23_months,zero_dose,ADM1,Katsina,katsina,39.8058631034841,4.68577387849998,30.6219150619255,48.9898111450426,202,3,2024 DHS
Nigeria,2013,DHS,NGA_2013_DHS_zd,children_12_23_months,zero_dose,ADM1,Kebbi,kebbi,95.1269719744188,2.3927375940821,90.4372924655629,99.8166514832747,203,1,2013 DHS
Nigeria,2018,DHS,NGA_2018_DHS_zd,children_12_23_months,zero_dose,ADM1,Kebbi,kebbi,69.9778687223207,4.39356473622272,61.3666400755789,78.5890973690624,237,2,2018 DHS
Nigeria,2024,DHS,NGA_2024_DHS_zd,children_12_23_months,zero_dose,ADM1,Kebbi,kebbi,84.0331511062681,2.75578291221555,78.6319158491147,89.4343863634215,226,3,2024 DHS
Nigeria,2013,DHS,NGA_2013_DHS_zd,children_12_23_months,zero_dose,ADM1,Kogi,kogi,12.8672160630863,3.25312856759984,6.49120123351219,19.2432308926603,98,1,2013 DHS
Nigeria,2018,DHS,NGA_2018_DHS_zd,children_12_23_months,zero_dose,ADM1,Kogi,kogi,19.7293401089413,6.17109166373095,7.63422270273323,31.8244575151493,102,2,2018 DHS
Nigeria,2024,DHS,NGA_2024_DHS_zd,children_12_23_months,zero_dose,ADM1,Kogi,kogi,56.9748815312665,9.72152039859866,37.9210516750416,76.0287113874913,119,3,2024 DHS
Nigeria,2013,DHS,NGA_2013_DHS_zd,children_12_23_months,zero_dose,ADM1,Kwara,kwara,26.5185026156251,5.19902524571479,16.3286003793096,36.7084048519405,123,1,2013 DHS
Nigeria,2018,DHS,NGA_2018_DHS_zd,children_12_23_months,zero_dose,ADM1,Kwara,kwara,38.8807331769382,8.08336106787514,23.0376366098697,54.7238297440067,129,2,2018 DHS
Nigeria,2024,DHS,NGA_2024_DHS_zd,children_12_23_months,zero_dose,ADM1,Kwara,kwara,51.7416993481461,9.31083955747125,33.4927891496716,69.9906095466207,105,3,2024 DHS
Nigeria,2013,DHS,NGA_2013_DHS_zd,children_12_23_months,zero_dose,ADM1,Lagos,lagos,8.99253199993385,2.70408245439489,3.6926277780932,14.2924362217745,181,1,2013 DHS
Nigeria,2018,DHS,NGA_2018_DHS_zd,children_12_23_months,zero_dose,ADM1,Lagos,lagos,3.02771227794241,1.28064087553568,0.517702284762641,5.53772227112218,155,2,2018 DHS
Nigeria,2024,DHS,NGA_2024_DHS_zd,children_12_23_months,zero_dose,ADM1,Lagos,lagos,1.09606660390317,1.08998385666183,-1.04026249888409,3.23239570669043,104,3,2024 DHS
Nigeria,2013,DHS,NGA_2013_DHS_zd,children_12_23_months,zero_dose,ADM1,Nasarawa,nasarawa,40.4890100010482,6.04879147894322,28.6335965523267,52.3444234497697,134,1,2013 DHS
Nigeria,2018,DHS,NGA_2018_DHS_zd,children_12_23_months,zero_dose,ADM1,Nasarawa,nasarawa,21.0592687541434,4.63243851196955,11.9798561100868,30.1386813982001,137,2,2018 DHS
Nigeria,2024,DHS,NGA_2024_DHS_zd,children_12_23_months,zero_dose,ADM1,Nasarawa,nasarawa,20.9702066559433,5.2957170988022,10.5907918699781,31.3496214419086,135,3,2024 DHS
Nigeria,2013,DHS,NGA_2013_DHS_zd,children_12_23_months,zero_dose,ADM1,Niger,niger,47.3370816797449,6.37248649007544,34.847237667229,59.8269256922608,168,1,2013 DHS
Nigeria,2018,DHS,NGA_2018_DHS_zd,children_12_23_months,zero_dose,ADM1,Niger,niger,45.562508678199,5.93760149758824,33.9250235883749,57.199993768023,230,2,2018 DHS
Nigeria,2024,DHS,NGA_2024_DHS_zd,children_12_23_months,zero_dose,ADM1,Niger,niger,56.6333576834893,5.79860525728312,45.2683002186498,67.9984151483288,166,3,2024 DHS
Nigeria,2013,DHS,NGA_2013_DHS_zd,children_12_23_months,zero_dose,ADM1,Ogun,ogun,22.4975690639452,4.5510520575063,13.577670939466,31.4174671884245,108,1,2013 DHS
Nigeria,2018,DHS,NGA_2018_DHS_zd,children_12_23_months,zero_dose,ADM1,Ogun,ogun,27.4254512659971,4.97859594425526,17.6675825216796,37.1833200103145,105,2,2018 DHS
Nigeria,2024,DHS,NGA_2024_DHS_zd,children_12_23_months,zero_dose,ADM1,Ogun,ogun,20.1737112644724,3.55787948986218,13.2003956030088,27.147026925936,110,3,2024 DHS
Nigeria,2013,DHS,NGA_2013_DHS_zd,children_12_23_months,zero_dose,ADM1,Ondo,ondo,29.6509571419169,8.1952434844242,13.588575067909,45.7133392159249,101,1,2013 DHS
Nigeria,2018,DHS,NGA_2018_DHS_zd,children_12_23_months,zero_dose,ADM1,Ondo,ondo,17.1849254318225,5.19466284348764,7.0035733467583,27.3662775168867,93,2,2018 DHS
Nigeria,2024,DHS,NGA_2024_DHS_zd,children_12_23_months,zero_dose,ADM1,Ondo,ondo,19.8397756265487,7.06202294077076,5.99846500464232,33.681086248455,57,3,2024 DHS
Nigeria,2013,DHS,NGA_2013_DHS_zd,children_12_23_months,zero_dose,ADM1,Osun,osun,7.8145672096261,2.95698901858705,2.01897523051504,13.6101591887371,112,1,2013 DHS
Nigeria,2018,DHS,NGA_2018_DHS_zd,children_12_23_months,zero_dose,ADM1,Osun,osun,11.1294184528981,3.50911936794775,4.25167087426854,18.0071660315276,92,2,2018 DHS
Nigeria,2024,DHS,NGA_2024_DHS_zd,children_12_23_months,zero_dose,ADM1,Osun,osun,12.938264671378,4.46545593651111,4.18613186126569,21.6903974814904,65,3,2024 DHS
Nigeria,2013,DHS,NGA_2013_DHS_zd,children_12_23_months,zero_dose,ADM1,Oyo,oyo,29.4033108024808,6.83563994363197,16.0057027016788,42.8009189032829,120,1,2013 DHS
Nigeria,2018,DHS,NGA_2018_DHS_zd,children_12_23_months,zero_dose,ADM1,Oyo,oyo,17.2624784239615,4.79849538949219,7.85760028057528,26.6673565673477,117,2,2018 DHS
Nigeria,2024,DHS,NGA_2024_DHS_zd,children_12_23_months,zero_dose,ADM1,Oyo,oyo,29.4341081391072,5.70278068229342,18.2568633900813,40.611352888133,90,3,2024 DHS
Nigeria,2013,DHS,NGA_2013_DHS_zd,children_12_23_months,zero_dose,ADM1,Plateau,plateau,38.0597957038613,7.70269564448415,22.9627896567988,53.1568017509237,119,1,2013 DHS
Nigeria,2018,DHS,NGA_2018_DHS_zd,children_12_23_months,zero_dose,ADM1,Plateau,plateau,14.6030012238797,3.55234121108811,7.64054038934966,21.5654620584098,134,2,2018 DHS
Nigeria,2024,DHS,NGA_2024_DHS_zd,children_12_23_months,zero_dose,ADM1,Plateau,plateau,35.2938735560045,6.26977577181452,23.0053388521062,47.5824082599028,152,3,2024 DHS
Nigeria,2013,DHS,NGA_2013_DHS_zd,children_12_23_months,zero_dose,ADM1,Rivers,rivers,12.0557992395747,3.95528036977114,4.303592166065,19.8080063130844,100,1,2013 DHS
Nigeria,2018,DHS,NGA_2018_DHS_zd,children_12_23_months,zero_dose,ADM1,Rivers,rivers,14.501840716788,3.6150971826642,7.41638043815399,21.5873009954221,123,2,2018 DHS
Nigeria,2024,DHS,NGA_2024_DHS_zd,children_12_23_months,zero_dose,ADM1,Rivers,rivers,22.011505020412,4.8775716379306,12.4516402780539,31.57136976277,102,3,2024 DHS
Nigeria,2013,DHS,NGA_2013_DHS_zd,children_12_23_months,zero_dose,ADM1,Sokoto,sokoto,96.6427689733241,1.3655077752378,93.9664229132486,99.3191150333996,251,1,2013 DHS
Nigeria,2018,DHS,NGA_2018_DHS_zd,children_12_23_months,zero_dose,ADM1,Sokoto,sokoto,74.6087533605013,4.20394413412967,66.3691742645887,82.8483324564139,191,2,2018 DHS
Nigeria,2024,DHS,NGA_2024_DHS_zd,children_12_23_months,zero_dose,ADM1,Sokoto,sokoto,86.2725564876875,3.57411315475517,79.2674234276965,93.2776895476784,205,3,2024 DHS
Nigeria,2013,DHS,NGA_2013_DHS_zd,children_12_23_months,zero_dose,ADM1,Taraba,taraba,56.8065135613666,7.96505590735238,41.195290848108,72.4177362746253,227,1,2013 DHS
Nigeria,2018,DHS,NGA_2018_DHS_zd,children_12_23_months,zero_dose,ADM1,Taraba,taraba,33.0426821275559,4.82536940670245,23.5851318783177,42.5002323767941,203,2,2018 DHS
Nigeria,2024,DHS,NGA_2024_DHS_zd,children_12_23_months,zero_dose,ADM1,Taraba,taraba,40.247273987595,6.28512518583468,27.9286549850335,52.5658929901566,125,3,2024 DHS
Nigeria,2013,DHS,NGA_2013_DHS_zd,children_12_23_months,zero_dose,ADM1,Yobe,yobe,81.1519531941548,4.01293377046319,73.2867475317024,89.0171588566072,189,1,2013 DHS
Nigeria,2018,DHS,NGA_2018_DHS_zd,children_12_23_months,zero_dose,ADM1,Yobe,yobe,49.5822005138119,3.40039960867237,42.9175397477699,56.2468612798538,215,2,2018 DHS
Nigeria,2024,DHS,NGA_2024_DHS_zd,children_12_23_months,zero_dose,ADM1,Yobe,yobe,40.5646522905825,4.45767501428647,31.827769807797,49.3015347733681,212,3,2024 DHS
Nigeria,2013,DHS,NGA_2013_DHS_zd,children_12_23_months,zero_dose,ADM1,Zamfara,zamfara,87.7645078327243,2.4554579425715,82.9518986997314,92.5771169657173,260,1,2013 DHS
Nigeria,2018,DHS,NGA_2018_DHS_zd,children_12_23_months,zero_dose,ADM1,Zamfara,zamfara,82.8626065945436,3.84311199439742,75.3302454969708,90.3949676921164,201,2,2018 DHS
Nigeria,2024,DHS,NGA_2024_DHS_zd,children_12_23_months,zero_dose,ADM1,Zamfara,zamfara,82.6235988633139,3.75185753183354,75.2700932257948,89.9771045008329,145,3,2024 DHS
DRC,2013,DHS,DRC_2013_DHS_malaria,children_6_59_months,malaria_microscopy_positive,ADM1,Bas-Uele,bas uele,54.4746812124293,4.94540907940851,44.7818575279712,64.1675048968873,202,1,2013 DHS
DRC,2013,DHS,DRC_2013_DHS_malaria,children_6_59_months,malaria_microscopy_positive,ADM1,Equateur,equateur,14.5695689468855,7.24291974057866,0.373707112437111,28.7654307813338,239,1,2013 DHS
DRC,2013,DHS,DRC_2013_DHS_malaria,children_6_59_months,malaria_microscopy_positive,ADM1,Haut-Katanga,haut katanga,23.1182540943631,7.15112225636589,9.10231202284315,37.1341961658831,249,1,2013 DHS
DRC,2013,DHS,DRC_2013_DHS_malaria,children_6_59_months,malaria_microscopy_positive,ADM1,Haut-Lomami,haut lomami,28.4439294539349,6.66900500297225,15.3729198353919,41.5149390724779,285,1,2013 DHS
DRC,2013,DHS,DRC_2013_DHS_malaria,children_6_59_months,malaria_microscopy_positive,ADM1,Haut-Uele,haut uele,47.8954510428646,7.50808698831386,33.1798709529756,62.6110311327535,200,1,2013 DHS
DRC,2013,DHS,DRC_2013_DHS_malaria,children_6_59_months,malaria_microscopy_positive,ADM1,Ituri,ituri,34.7980619504755,7.24559519548167,20.5969563207749,48.999167580176,282,1,2013 DHS
DRC,2013,DHS,DRC_2013_DHS_malaria,children_6_59_months,malaria_microscopy_positive,ADM1,Kasai,kasai,25.9559981596482,7.41761912047384,11.4177318324838,40.4942644868126,364,1,2013 DHS
DRC,2013,DHS,DRC_2013_DHS_malaria,children_6_59_months,malaria_microscopy_positive,ADM1,Kasai-Central,kasai central,36.6123102620876,6.55796362864493,23.75893773802,49.4656827861553,356,1,2013 DHS
DRC,2013,DHS,DRC_2013_DHS_malaria,children_6_59_months,malaria_microscopy_positive,ADM1,Kasai-Oriental,kasai oriental,23.4324230270302,3.76193157756651,16.0591726226959,30.8056734313645,301,1,2013 DHS
DRC,2013,DHS,DRC_2013_DHS_malaria,children_6_59_months,malaria_microscopy_positive,ADM1,Kinshasa,kinshasa,18.1422729717936,2.85969362429857,12.5373764613496,23.7471694822376,406,1,2013 DHS
DRC,2013,DHS,DRC_2013_DHS_malaria,children_6_59_months,malaria_microscopy_positive,ADM1,Kongo Central,kongo central,23.6771653417894,5.11929778835346,13.6435260504811,33.7108046330978,376,1,2013 DHS
DRC,2013,DHS,DRC_2013_DHS_malaria,children_6_59_months,malaria_microscopy_positive,ADM1,Kwango,kwango,10.3249080663785,3.42378027092455,3.61442204438763,17.0353940883694,364,1,2013 DHS
DRC,2013,DHS,DRC_2013_DHS_malaria,children_6_59_months,malaria_microscopy_positive,ADM1,Kwilu,kwilu,8.31132850342785,2.2456104346277,3.91001292825022,12.7126440786055,410,1,2013 DHS
DRC,2013,DHS,DRC_2013_DHS_malaria,children_6_59_months,malaria_microscopy_positive,ADM1,Lomami,lomami,37.9878305469592,4.61111110444492,28.9502188535345,47.025442240384,390,1,2013 DHS
DRC,2013,DHS,DRC_2013_DHS_malaria,children_6_59_months,malaria_microscopy_positive,ADM1,Lualaba,lualaba,39.1929547960287,9.65506143922508,20.2693821066261,58.1165274854314,206,1,2013 DHS
DRC,2013,DHS,DRC_2013_DHS_malaria,children_6_59_months,malaria_microscopy_positive,ADM1,Mai-Ndombe,mai ndombe,29.7447422999633,5.74977022430541,18.4753997409439,41.0140848589827,310,1,2013 DHS
DRC,2013,DHS,DRC_2013_DHS_malaria,children_6_59_months,malaria_microscopy_positive,ADM1,Maniema,maniema,34.2135461178877,5.99285639367958,22.4677634217551,45.9593288140203,392,1,2013 DHS
DRC,2013,DHS,DRC_2013_DHS_malaria,children_6_59_months,malaria_microscopy_positive,ADM1,Mongala,mongala,20.7210523234682,5.34689574773816,10.241329228811,31.2007754181253,295,1,2013 DHS
DRC,2013,DHS,DRC_2013_DHS_malaria,children_6_59_months,malaria_microscopy_positive,ADM1,Nord-Kivu,nord kivu,4.97069554730361,1.45792905622579,2.1132071050866,7.82818398952062,478,1,2013 DHS
DRC,2013,DHS,DRC_2013_DHS_malaria,children_6_59_months,malaria_microscopy_positive,ADM1,Nord-Ubangi,nord ubangi,33.1669884154513,5.34749464525917,22.6860915032225,43.6478853276801,252,1,2013 DHS
DRC,2013,DHS,DRC_2013_DHS_malaria,children_6_59_months,malaria_microscopy_positive,ADM1,Sankuru,sankuru,18.8099099181858,6.37630515936298,6.31258145139739,31.3072383849741,233,1,2013 DHS
DRC,2013,DHS,DRC_2013_DHS_malaria,children_6_59_months,malaria_microscopy_positive,ADM1,Sud-Kivu,sud kivu,9.9210547077301,2.38197026047089,5.25247878496166,14.5896306304985,452,1,2013 DHS
DRC,2013,DHS,DRC_2013_DHS_malaria,children_6_59_months,malaria_microscopy_positive,ADM1,Sud-Ubangi,sud ubangi,16.9112867954657,3.1550856281943,10.7274325960649,23.0951409948664,293,1,2013 DHS
DRC,2013,DHS,DRC_2013_DHS_malaria,children_6_59_months,malaria_microscopy_positive,ADM1,Tanganyika,tanganyika,48.5694594276404,7.58047645642995,33.7119985873839,63.4269202678969,276,1,2013 DHS
DRC,2013,DHS,DRC_2013_DHS_malaria,children_6_59_months,malaria_microscopy_positive,ADM1,Tshopo,tshopo,23.1561228349027,4.41033748936711,14.5120201960764,31.8002254737291,258,1,2013 DHS
DRC,2013,DHS,DRC_2013_DHS_malaria,children_6_59_months,malaria_microscopy_positive,ADM1,Tshuapa,tshuapa,17.9593504496425,4.51825547291419,9.10373244977968,26.8149684495053,219,1,2013 DHS
DRC,2013,DHS,DRC_2013_DHS_malaria,children_6_59_months,malaria_rdt_positive,ADM1,Bas-Uele,bas uele,73.0896211869402,3.88916714630216,65.4669936503315,80.7122487235489,197,1,2013 DHS
DRC,2024,DHS,DRC_2024_DHS_malaria,children_6_59_months,malaria_rdt_positive,ADM1,Bas-Uele,bas uele,61.0230203870532,3.21202693185427,54.7275632832462,67.3184774908603,342,2,2024 DHS
DRC,2013,DHS,DRC_2013_DHS_malaria,children_6_59_months,malaria_rdt_positive,ADM1,Equateur,equateur,26.3995254374865,8.16736259026022,10.3917889118967,42.4072619630763,227,1,2013 DHS
DRC,2024,DHS,DRC_2024_DHS_malaria,children_6_59_months,malaria_rdt_positive,ADM1,Equateur,equateur,21.7404956485719,4.87060562149783,12.1942840475378,31.286707249606,385,2,2024 DHS
DRC,2013,DHS,DRC_2013_DHS_malaria,children_6_59_months,malaria_rdt_positive,ADM1,Haut-Katanga,haut katanga,23.3145510757025,7.07701895281411,9.44384881027949,37.1852533411255,252,1,2013 DHS
DRC,2024,DHS,DRC_2024_DHS_malaria,children_6_59_months,malaria_rdt_positive,ADM1,Haut-Katanga,haut katanga,20.4622208808643,5.2795541770512,10.1144848394159,30.8099569223127,465,2,2024 DHS
DRC,2013,DHS,DRC_2013_DHS_malaria,children_6_59_months,malaria_rdt_positive,ADM1,Haut-Lomami,haut lomami,43.2975423623611,6.90075313157156,29.7723147582788,56.8227699664434,283,1,2013 DHS
DRC,2024,DHS,DRC_2024_DHS_malaria,children_6_59_months,malaria_rdt_positive,ADM1,Haut-Lomami,haut lomami,44.1932599849853,5.97652298690528,32.4794901778752,55.9070297920954,493,2,2024 DHS
DRC,2013,DHS,DRC_2013_DHS_malaria,children_6_59_months,malaria_rdt_positive,ADM1,Haut-Uele,haut uele,66.4513328435329,7.31652933380955,52.1111988574354,80.7914668296304,200,1,2013 DHS
DRC,2024,DHS,DRC_2024_DHS_malaria,children_6_59_months,malaria_rdt_positive,ADM1,Haut-Uele,haut uele,20.376568861471,4.83129116629277,10.9074121767107,29.8457255462314,249,2,2024 DHS
DRC,2013,DHS,DRC_2013_DHS_malaria,children_6_59_months,malaria_rdt_positive,ADM1,Ituri,ituri,44.0512277766634,9.5556316266227,25.322533938951,62.7799216143758,282,1,2013 DHS
DRC,2024,DHS,DRC_2024_DHS_malaria,children_6_59_months,malaria_rdt_positive,ADM1,Ituri,ituri,33.6751187803856,5.73655894984341,22.4316698435016,44.9185677172696,446,2,2024 DHS
DRC,2013,DHS,DRC_2013_DHS_malaria,children_6_59_months,malaria_rdt_positive,ADM1,Kasai,kasai,40.3079316645767,6.77200334006957,27.0350490148554,53.580814314298,364,1,2013 DHS
DRC,2024,DHS,DRC_2024_DHS_malaria,children_6_59_months,malaria_rdt_positive,ADM1,Kasai,kasai,37.450565618237,8.5674837462587,20.6586060374377,54.2425251990364,495,2,2024 DHS
DRC,2013,DHS,DRC_2013_DHS_malaria,children_6_59_months,malaria_rdt_positive,ADM1,Kasai-Central,kasai central,47.6862677990864,6.59943548677205,34.7516119267177,60.6209236714552,355,1,2013 DHS
DRC,2024,DHS,DRC_2024_DHS_malaria,children_6_59_months,malaria_rdt_positive,ADM1,Kasai-Central,kasai central,58.3035008530951,4.92915052905852,48.6425433417638,67.9644583644263,522,2,2024 DHS
DRC,2013,DHS,DRC_2013_DHS_malaria,children_6_59_months,malaria_rdt_positive,ADM1,Kasai-Oriental,kasai oriental,37.2212672594795,6.42543492127805,24.6276462287686,49.8148882901904,302,1,2013 DHS
DRC,2024,DHS,DRC_2024_DHS_malaria,children_6_59_months,malaria_rdt_positive,ADM1,Kasai-Oriental,kasai oriental,43.1312763132319,7.24428841683776,28.9327319226092,57.3298207038546,367,2,2024 DHS
DRC,2013,DHS,DRC_2013_DHS_malaria,children_6_59_months,malaria_rdt_positive,ADM1,Kinshasa,kinshasa,17.0944123906324,2.91089648071044,11.3891601257155,22.7996646555492,406,1,2013 DHS
DRC,2024,DHS,DRC_2024_DHS_malaria,children_6_59_months,malaria_rdt_positive,ADM1,Kinshasa,kinshasa,5.11181993165678,1.88367585499759,1.41988309731381,8.80375676599976,270,2,2024 DHS
DRC,2013,DHS,DRC_2013_DHS_malaria,children_6_59_months,malaria_rdt_positive,ADM1,Kongo Central,kongo central,47.104127567885,7.62802384369925,32.1534755610216,62.0547795747483,375,1,2013 DHS
DRC,2024,DHS,DRC_2024_DHS_malaria,children_6_59_months,malaria_rdt_positive,ADM1,Kongo Central,kongo central,50.8385739981526,6.46925654616371,38.1590641609218,63.5180838353835,289,2,2024 DHS
DRC,2013,DHS,DRC_2013_DHS_malaria,children_6_59_months,malaria_rdt_positive,ADM1,Kwango,kwango,19.3310985331302,4.64695777518493,10.2232286560894,28.4389684101711,360,1,2013 DHS
DRC,2024,DHS,DRC_2024_DHS_malaria,children_6_59_months,malaria_rdt_positive,ADM1,Kwango,kwango,50.1896173845489,6.54371033624599,37.3641808002442,63.0150539688535,393,2,2024 DHS
DRC,2013,DHS,DRC_2013_DHS_malaria,children_6_59_months,malaria_rdt_positive,ADM1,Kwilu,kwilu,14.4394735377209,4.12631612054572,6.35204255262427,22.5269045228176,410,1,2013 DHS
DRC,2024,DHS,DRC_2024_DHS_malaria,children_6_59_months,malaria_rdt_positive,ADM1,Kwilu,kwilu,29.585747880283,5.77516531642244,18.2666318553302,40.9048639052359,372,2,2024 DHS
DRC,2013,DHS,DRC_2013_DHS_malaria,children_6_59_months,malaria_rdt_positive,ADM1,Lomami,lomami,66.2041102934609,4.8629900657555,56.6728249074041,75.7353956795178,389,1,2013 DHS
DRC,2024,DHS,DRC_2024_DHS_malaria,children_6_59_months,malaria_rdt_positive,ADM1,Lomami,lomami,52.0857329751498,4.677896716484,42.9172238874429,61.2542420628566,404,2,2024 DHS
DRC,2013,DHS,DRC_2013_DHS_malaria,children_6_59_months,malaria_rdt_positive,ADM1,Lualaba,lualaba,42.5445274632973,7.02932433835654,28.7673049244677,56.321750002127,205,1,2013 DHS
DRC,2024,DHS,DRC_2024_DHS_malaria,children_6_59_months,malaria_rdt_positive,ADM1,Lualaba,lualaba,50.1599719787621,5.98313245855222,38.4332478452672,61.8866961122571,520,2,2024 DHS
DRC,2013,DHS,DRC_2013_DHS_malaria,children_6_59_months,malaria_rdt_positive,ADM1,Mai-Ndombe,mai ndombe,31.1310844284984,11.4029971881964,8.7816206238219,53.4805482331749,311,1,2013 DHS
DRC,2024,DHS,DRC_2024_DHS_malaria,children_6_59_months,malaria_rdt_positive,ADM1,Mai-Ndombe,mai ndombe,15.3626044665316,3.54721529497512,8.41019024297074,22.3150186900925,266,2,2024 DHS
DRC,2013,DHS,DRC_2013_DHS_malaria,children_6_59_months,malaria_rdt_positive,ADM1,Maniema,maniema,44.1098688054728,5.92947866376166,32.4883041774013,55.7314334335444,392,1,2013 DHS
DRC,2024,DHS,DRC_2024_DHS_malaria,children_6_59_months,malaria_rdt_positive,ADM1,Maniema,maniema,57.4007697256749,3.330687315894,50.8727425427583,63.9287969085916,453,2,2024 DHS
DRC,2013,DHS,DRC_2013_DHS_malaria,children_6_59_months,malaria_rdt_positive,ADM1,Mongala,mongala,25.3237005626641,5.33887950900864,14.8596890072083,35.78771211812,295,1,2013 DHS
DRC,2024,DHS,DRC_2024_DHS_malaria,children_6_59_months,malaria_rdt_positive,ADM1,Mongala,mongala,11.9341811665437,4.1413634161774,3.81725802394426,20.0511043091432,431,2,2024 DHS
DRC,2013,DHS,DRC_2013_DHS_malaria,children_6_59_months,malaria_rdt_positive,ADM1,Nord-Kivu,nord kivu,2.91161276666407,1.04485701965632,0.86373063914382,4.95949489418432,477,1,2013 DHS
DRC,2024,DHS,DRC_2024_DHS_malaria,children_6_59_months,malaria_rdt_positive,ADM1,Nord-Kivu,nord kivu,8.53866620795778,3.02418140574664,2.61137956997865,14.4659528459369,444,2,2024 DHS
DRC,2013,DHS,DRC_2013_DHS_malaria,children_6_59_months,malaria_rdt_positive,ADM1,Nord-Ubangi,nord ubangi,47.5458946931615,9.46910519056735,28.9867895538282,66.1049998324948,251,1,2013 DHS
DRC,2024,DHS,DRC_2024_DHS_malaria,children_6_59_months,malaria_rdt_positive,ADM1,Nord-Ubangi,nord ubangi,23.7065627222557,4.05928433290456,15.7505116267551,31.6626138177564,413,2,2024 DHS
DRC,2013,DHS,DRC_2013_DHS_malaria,children_6_59_months,malaria_rdt_positive,ADM1,Sankuru,sankuru,31.4883198335036,8.39824371479042,15.0280646191245,47.9485750478827,274,1,2013 DHS
DRC,2024,DHS,DRC_2024_DHS_malaria,children_6_59_months,malaria_rdt_positive,ADM1,Sankuru,sankuru,41.9269153117559,6.78440659295659,28.6297227330849,55.2241078904269,373,2,2024 DHS
DRC,2013,DHS,DRC_2013_DHS_malaria,children_6_59_months,malaria_rdt_positive,ADM1,Sud-Kivu,sud kivu,11.9510299734723,2.50289393970522,7.04544799452652,16.8566119524181,471,1,2013 DHS
DRC,2024,DHS,DRC_2024_DHS_malaria,children_6_59_months,malaria_rdt_positive,ADM1,Sud-Kivu,sud kivu,22.6186578351789,6.5810845962246,9.71996904736731,35.5173466229904,594,2,2024 DHS
DRC,2013,DHS,DRC_2013_DHS_malaria,children_6_59_months,malaria_rdt_positive,ADM1,Sud-Ubangi,sud ubangi,23.6158055224024,3.55920776354329,16.6398864923622,30.5917245524427,292,1,2013 DHS
DRC,2024,DHS,DRC_2024_DHS_malaria,children_6_59_months,malaria_rdt_positive,ADM1,Sud-Ubangi,sud ubangi,26.1019939926136,3.85741925984518,18.5415911700459,33.6623968151813,503,2,2024 DHS
DRC,2013,DHS,DRC_2013_DHS_malaria,children_6_59_months,malaria_rdt_positive,ADM1,Tanganyika,tanganyika,66.002763678959,8.99545503927856,48.3719957774237,83.6335315804943,275,1,2013 DHS
DRC,2024,DHS,DRC_2024_DHS_malaria,children_6_59_months,malaria_rdt_positive,ADM1,Tanganyika,tanganyika,44.8389607258171,3.86879466207787,37.2562625245636,52.4216589270705,393,2,2024 DHS
DRC,2013,DHS,DRC_2013_DHS_malaria,children_6_59_months,malaria_rdt_positive,ADM1,Tshopo,tshopo,25.9241305174126,4.27384212660799,17.5475538736508,34.3007071611743,259,1,2013 DHS
DRC,2024,DHS,DRC_2024_DHS_malaria,children_6_59_months,malaria_rdt_positive,ADM1,Tshopo,tshopo,43.7884556363081,4.69313522202289,34.5900796265668,52.9868316460493,381,2,2024 DHS
DRC,2013,DHS,DRC_2013_DHS_malaria,children_6_59_months,malaria_rdt_positive,ADM1,Tshuapa,tshuapa,26.632192367385,5.82311482408209,15.2190970343428,38.0452877004272,216,1,2013 DHS
DRC,2024,DHS,DRC_2024_DHS_malaria,children_6_59_months,malaria_rdt_positive,ADM1,Tshuapa,tshuapa,41.9512807062252,3.30524573801355,35.4731180996641,48.4294433127863,360,2,2024 DHS
Nigeria,2010,DHS,NGA_2010_DHS_malaria,children_6_59_months,malaria_microscopy_positive,ADM2,Abia,abia,38.8558810856379,8.73303908973799,21.739438994171,55.9723231771048,98,1,2010 DHS
Nigeria,2018,DHS,NGA_2018_DHS_malaria,children_6_59_months,malaria_microscopy_positive,ADM2,Abia,abia,13.4532145905648,3.57593814761561,6.44450461029533,20.4619245708343,182,2,2018 DHS
Nigeria,2021,DHS,NGA_2021_DHS_malaria,children_6_59_months,malaria_microscopy_positive,ADM2,Abia,abia,14.5086335409961,5.64887653419725,3.43703898085601,25.5802281011361,231,3,2021 DHS
Nigeria,2010,DHS,NGA_2010_DHS_malaria,children_6_59_months,malaria_microscopy_positive,ADM2,Adamawa,adamawa,20.2000549526072,5.50272721720763,9.41490779013196,30.9852021150825,141,1,2010 DHS
Nigeria,2018,DHS,NGA_2018_DHS_malaria,children_6_59_months,malaria_microscopy_positive,ADM2,Adamawa,adamawa,21.1126839629732,4.25536887471376,12.7723142276015,29.4530536983449,215,2,2018 DHS
Nigeria,2021,DHS,NGA_2021_DHS_malaria,children_6_59_months,malaria_microscopy_positive,ADM2,Adamawa,adamawa,10.6977794595111,3.83072153274606,3.18970322052678,18.2058556984955,260,3,2021 DHS
Nigeria,2010,DHS,NGA_2010_DHS_malaria,children_6_59_months,malaria_microscopy_positive,ADM2,Akwa Ibom,akwa ibom,31.7440759690403,6.17466758624786,19.6419498834877,43.846202054593,205,1,2010 DHS
Nigeria,2018,DHS,NGA_2018_DHS_malaria,children_6_59_months,malaria_microscopy_positive,ADM2,Akwa Ibom,akwa ibom,23.2223840606784,4.42393092602218,14.551638775582,31.8931293457748,161,2,2018 DHS
Nigeria,2021,DHS,NGA_2021_DHS_malaria,children_6_59_months,malaria_microscopy_positive,ADM2,Akwa Ibom,akwa ibom,30.1110997822381,7.12310338011606,16.1500736990551,44.0721258654211,155,3,2021 DHS
Nigeria,2010,DHS,NGA_2010_DHS_malaria,children_6_59_months,malaria_microscopy_positive,ADM2,Anambra,anambra,14.1656879443712,5.38341969782271,3.61437922297519,24.7169966657672,133,1,2010 DHS
Nigeria,2018,DHS,NGA_2018_DHS_malaria,children_6_59_months,malaria_microscopy_positive,ADM2,Anambra,anambra,8.84813549595767,2.39321378168697,4.15752267654632,13.538748315369,308,2,2018 DHS
Nigeria,2021,DHS,NGA_2021_DHS_malaria,children_6_59_months,malaria_microscopy_positive,ADM2,Anambra,anambra,5.44730613659941,2.66342041426043,0.227098048960212,10.6675142242386,194,3,2021 DHS
Nigeria,2010,DHS,NGA_2010_DHS_malaria,children_6_59_months,malaria_microscopy_positive,ADM2,Bauchi,bauchi,43.8022714923798,9.91660455354997,24.366083718496,63.2384592662637,250,1,2010 DHS
Nigeria,2018,DHS,NGA_2018_DHS_malaria,children_6_59_months,malaria_microscopy_positive,ADM2,Bauchi,bauchi,30.5684192006742,4.4261303436277,21.893363136284,39.2434752650644,244,2,2018 DHS
Nigeria,2021,DHS,NGA_2021_DHS_malaria,children_6_59_months,malaria_microscopy_positive,ADM2,Bauchi,bauchi,31.7144093365805,3.61266594500986,24.6337141961868,38.7951044769742,416,3,2021 DHS
Nigeria,2010,DHS,NGA_2010_DHS_malaria,children_6_59_months,malaria_microscopy_positive,ADM2,Bayelsa,bayelsa,20.5578670707064,9.61032249591548,1.72198109889695,39.3937530425158,123,1,2010 DHS
Nigeria,2018,DHS,NGA_2018_DHS_malaria,children_6_59_months,malaria_microscopy_positive,ADM2,Bayelsa,bayelsa,12.5262449258722,2.26142981161801,8.09392394153569,16.9585659102087,195,2,2018 DHS
Nigeria,2021,DHS,NGA_2021_DHS_malaria,children_6_59_months,malaria_microscopy_positive,ADM2,Bayelsa,bayelsa,16.7433337323747,3.75516043657163,9.38335452052462,24.1033129442248,243,3,2021 DHS
Nigeria,2010,DHS,NGA_2010_DHS_malaria,children_6_59_months,malaria_microscopy_positive,ADM2,Benue,benue,55.2309136463589,3.25919144131485,48.8430158026606,61.6188114900572,207,1,2010 DHS
Nigeria,2018,DHS,NGA_2018_DHS_malaria,children_6_59_months,malaria_microscopy_positive,ADM2,Benue,benue,12.7135662160896,2.16648877352354,8.46732624707307,16.959806185106,236,2,2018 DHS
Nigeria,2021,DHS,NGA_2021_DHS_malaria,children_6_59_months,malaria_microscopy_positive,ADM2,Benue,benue,17.5690729421955,3.42285485440308,10.8604007032573,24.2777451811336,316,3,2021 DHS
Nigeria,2010,DHS,NGA_2010_DHS_malaria,children_6_59_months,malaria_microscopy_positive,ADM2,Borno,borno,26.2693502418707,6.94845076470996,12.6506369946894,39.8880634890521,146,1,2010 DHS
Nigeria,2018,DHS,NGA_2018_DHS_malaria,children_6_59_months,malaria_microscopy_positive,ADM2,Borno,borno,10.0040683062677,2.28936963750957,5.51698626944945,14.491150343086,238,2,2018 DHS
Nigeria,2021,DHS,NGA_2021_DHS_malaria,children_6_59_months,malaria_microscopy_positive,ADM2,Borno,borno,5.55306183550524,1.21288443742936,3.17585202073457,7.93027165027591,342,3,2021 DHS
Nigeria,2010,DHS,NGA_2010_DHS_malaria,children_6_59_months,malaria_microscopy_positive,ADM2,Cross River,cross river,44.8405925420856,5.03039761307107,34.98119439255,54.6999906916211,121,1,2010 DHS
Nigeria,2018,DHS,NGA_2018_DHS_malaria,children_6_59_months,malaria_microscopy_positive,ADM2,Cross River,cross river,19.4564330591527,6.38523980609854,6.94159300654806,31.9712731117574,97,2,2018 DHS
Nigeria,2021,DHS,NGA_2021_DHS_malaria,children_6_59_months,malaria_microscopy_positive,ADM2,Cross River,cross river,23.6486901844499,7.69720194686404,8.56245158686484,38.7349287820351,237,3,2021 DHS
Nigeria,2010,DHS,NGA_2010_DHS_malaria,children_6_59_months,malaria_microscopy_positive,ADM2,Delta,delta,31.2566192727743,7.21876426566078,17.1081012991944,45.4051372463541,184,1,2010 DHS
Nigeria,2018,DHS,NGA_2018_DHS_malaria,children_6_59_months,malaria_microscopy_positive,ADM2,Delta,delta,17.0386316641002,5.32752634293026,6.59687190526853,27.4803914229319,133,2,2018 DHS
Nigeria,2021,DHS,NGA_2021_DHS_malaria,children_6_59_months,malaria_microscopy_positive,ADM2,Delta,delta,9.99816161719908,3.12658545949965,3.87016672199315,16.126156512405,347,3,2021 DHS
Nigeria,2010,DHS,NGA_2010_DHS_malaria,children_6_59_months,malaria_microscopy_positive,ADM2,Ebonyi,ebonyi,31.9808675735847,6.13828584915843,19.9500483824223,44.011686764747,115,1,2010 DHS
Nigeria,2018,DHS,NGA_2018_DHS_malaria,children_6_59_months,malaria_microscopy_positive,ADM2,Ebonyi,ebonyi,30.5289496522009,4.06536882994816,22.5609731616308,38.4969261427711,350,2,2018 DHS
Nigeria,2021,DHS,NGA_2021_DHS_malaria,children_6_59_months,malaria_microscopy_positive,ADM2,Ebonyi,ebonyi,25.7024793401684,3.95903855115663,17.9429063664958,33.462052313841,301,3,2021 DHS
Nigeria,2010,DHS,NGA_2010_DHS_malaria,children_6_59_months,malaria_microscopy_positive,ADM2,Edo,edo,53.6936754261042,9.95952190771296,34.1733711837492,73.2139796684593,130,1,2010 DHS
Nigeria,2018,DHS,NGA_2018_DHS_malaria,children_6_59_months,malaria_microscopy_positive,ADM2,Edo,edo,14.7423019386849,3.945507385166,7.00924956302274,22.4753543143471,104,2,2018 DHS
Nigeria,2021,DHS,NGA_2021_DHS_malaria,children_6_59_months,malaria_microscopy_positive,ADM2,Edo,edo,22.5889670351106,5.1306883192557,12.533002713469,32.6449313567521,104,3,2021 DHS
Nigeria,2010,DHS,NGA_2010_DHS_malaria,children_6_59_months,malaria_microscopy_positive,ADM2,Ekiti,ekiti,37.6700662872421,16.1607500957455,5.99557813642873,69.3445544380555,64,1,2010 DHS
Nigeria,2018,DHS,NGA_2018_DHS_malaria,children_6_59_months,malaria_microscopy_positive,ADM2,Ekiti,ekiti,32.2945849180796,4.75374898356295,22.9774081187523,41.6117617174069,186,2,2018 DHS
Nigeria,2021,DHS,NGA_2021_DHS_malaria,children_6_59_months,malaria_microscopy_positive,ADM2,Ekiti,ekiti,20.8138872100056,10.4502598225917,0.331754328639866,41.2960200913714,150,3,2021 DHS
Nigeria,2010,DHS,NGA_2010_DHS_malaria,children_6_59_months,malaria_microscopy_positive,ADM2,Enugu,enugu,27.6843139935844,6.63032995830774,14.6891060696842,40.6795219174845,146,1,2010 DHS
Nigeria,2018,DHS,NGA_2018_DHS_malaria,children_6_59_months,malaria_microscopy_positive,ADM2,Enugu,enugu,17.4218822285487,4.4556902216994,8.68888986775055,26.1548745893468,187,2,2018 DHS
Nigeria,2021,DHS,NGA_2021_DHS_malaria,children_6_59_months,malaria_microscopy_positive,ADM2,Enugu,enugu,24.3085166387378,6.65990585462148,11.2553410232522,37.3616922542233,222,3,2021 DHS
Nigeria,2021,DHS,NGA_2021_DHS_malaria,children_6_59_months,malaria_microscopy_positive,ADM2,FCT Abuja,fct abuja,18.7913239182797,4.56167598169196,9.85060328502209,27.7320445515373,243,3,2021 DHS
Nigeria,2010,DHS,NGA_2010_DHS_malaria,children_6_59_months,malaria_microscopy_positive,ADM2,FCT Abuja,fct abuja,41.1965456322883,9.84284773950379,21.9049185575494,60.4881727070273,51,1,2010 DHS
Nigeria,2018,DHS,NGA_2018_DHS_malaria,children_6_59_months,malaria_microscopy_positive,ADM2,FCT Abuja,fct abuja,20.0555245851811,3.48518760155969,13.2246824067586,26.8863667636036,199,2,2018 DHS
Nigeria,2010,DHS,NGA_2010_DHS_malaria,children_6_59_months,malaria_microscopy_positive,ADM2,Gombe,gombe,23.5026594059789,2.06431216131209,19.4566819169591,27.5486368949986,148,1,2010 DHS
Nigeria,2018,DHS,NGA_2018_DHS_malaria,children_6_59_months,malaria_microscopy_positive,ADM2,Gombe,gombe,30.3160084715096,4.41450724965688,21.6637332526911,38.968283690328,261,2,2018 DHS
Nigeria,2021,DHS,NGA_2021_DHS_malaria,children_6_59_months,malaria_microscopy_positive,ADM2,Gombe,gombe,17.7468508854407,5.44677745727739,7.07136323737236,28.422338533509,259,3,2021 DHS
Nigeria,2010,DHS,NGA_2010_DHS_malaria,children_6_59_months,malaria_microscopy_positive,ADM2,Imo,imo,26.6606268273961,4.28005823325573,18.2718668384807,35.0493868163115,142,1,2010 DHS
Nigeria,2018,DHS,NGA_2018_DHS_malaria,children_6_59_months,malaria_microscopy_positive,ADM2,Imo,imo,7.78736876391684,2.69250072871274,2.51016430729201,13.0645732205417,235,2,2018 DHS
Nigeria,2021,DHS,NGA_2021_DHS_malaria,children_6_59_months,malaria_microscopy_positive,ADM2,Imo,imo,15.526602970027,2.79670751885516,10.0451569577785,21.0080489822755,195,3,2021 DHS
Nigeria,2010,DHS,NGA_2010_DHS_malaria,children_6_59_months,malaria_microscopy_positive,ADM2,Jigawa,jigawa,41.1625970909213,14.0062545812825,13.7108425533084,68.6143516285341,104,1,2010 DHS
Nigeria,2018,DHS,NGA_2018_DHS_malaria,children_6_59_months,malaria_microscopy_positive,ADM2,Jigawa,jigawa,35.731599785217,3.42549913673383,29.0177448481457,42.4454547222884,287,2,2018 DHS
Nigeria,2021,DHS,NGA_2021_DHS_malaria,children_6_59_months,malaria_microscopy_positive,ADM2,Jigawa,jigawa,25.3986625165961,4.82184498673569,15.9480200035591,34.849305029633,396,3,2021 DHS
Nigeria,2010,DHS,NGA_2010_DHS_malaria,children_6_59_months,malaria_microscopy_positive,ADM2,Kaduna,kaduna,27.5692745114629,5.09192359716549,17.5892876489889,37.5492613739369,229,1,2010 DHS
Nigeria,2018,DHS,NGA_2018_DHS_malaria,children_6_59_months,malaria_microscopy_positive,ADM2,Kaduna,kaduna,33.0037648368814,4.29638318411438,24.5830085322337,41.4245211415291,280,2,2018 DHS
Nigeria,2021,DHS,NGA_2021_DHS_malaria,children_6_59_months,malaria_microscopy_positive,ADM2,Kaduna,kaduna,16.2029893655973,3.49505787863854,9.35280179958281,23.0531769316118,419,3,2021 DHS
Nigeria,2010,DHS,NGA_2010_DHS_malaria,children_6_59_months,malaria_microscopy_positive,ADM2,Kano,kano,37.4706018137041,6.77842414074903,24.1851346258992,50.7560690015091,287,1,2010 DHS
Nigeria,2018,DHS,NGA_2018_DHS_malaria,children_6_59_months,malaria_microscopy_positive,ADM2,Kano,kano,32.4244359312875,3.78448294152469,25.0069856657929,39.8418861967821,359,2,2018 DHS
Nigeria,2021,DHS,NGA_2021_DHS_malaria,children_6_59_months,malaria_microscopy_positive,ADM2,Kano,kano,25.4848682654811,3.20502123151687,19.2031420820219,31.7665944489404,521,3,2021 DHS
Nigeria,2010,DHS,NGA_2010_DHS_malaria,children_6_59_months,malaria_microscopy_positive,ADM2,Katsina,katsina,56.3574688623784,9.58475526322972,37.5716937458174,75.1432439789394,275,1,2010 DHS
Nigeria,2018,DHS,NGA_2018_DHS_malaria,children_6_59_months,malaria_microscopy_positive,ADM2,Katsina,katsina,25.4527296316937,3.57547268483598,18.4449319417084,32.4605273216789,305,2,2018 DHS
Nigeria,2021,DHS,NGA_2021_DHS_malaria,children_6_59_months,malaria_microscopy_positive,ADM2,Katsina,katsina,29.3052516085334,3.39975658077742,22.6418511540066,35.9686520630602,448,3,2021 DHS
Nigeria,2010,DHS,NGA_2010_DHS_malaria,children_6_59_months,malaria_microscopy_positive,ADM2,Kebbi,kebbi,72.3680538872884,5.26659994025998,62.045707683398,82.6904000911788,93,1,2010 DHS
Nigeria,2018,DHS,NGA_2018_DHS_malaria,children_6_59_months,malaria_microscopy_positive,ADM2,Kebbi,kebbi,52.2137609645318,4.6506904709626,43.0985751382015,61.3289467908621,218,2,2018 DHS
Nigeria,2021,DHS,NGA_2021_DHS_malaria,children_6_59_months,malaria_microscopy_positive,ADM2,Kebbi,kebbi,49.0125191956604,7.0574174925974,35.1802350863066,62.8448033050143,393,3,2021 DHS
Nigeria,2010,DHS,NGA_2010_DHS_malaria,children_6_59_months,malaria_microscopy_positive,ADM2,Kogi,kogi,40.5787509713309,8.5796917001561,23.7628642405677,57.394637702094,124,1,2010 DHS
Nigeria,2018,DHS,NGA_2018_DHS_malaria,children_6_59_months,malaria_microscopy_positive,ADM2,Kogi,kogi,25.3547685704391,4.69545782324238,16.1518403459572,34.557696794921,140,2,2018 DHS
Nigeria,2021,DHS,NGA_2021_DHS_malaria,children_6_59_months,malaria_microscopy_positive,ADM2,Kogi,kogi,15.8904527511494,3.98840160238472,8.07332925459354,23.7075762477053,204,3,2021 DHS
Nigeria,2010,DHS,NGA_2010_DHS_malaria,children_6_59_months,malaria_microscopy_positive,ADM2,Kwara,kwara,46.1860593547284,20.0239008845791,6.93993479095361,85.4321839185031,83,1,2010 DHS
Nigeria,2018,DHS,NGA_2018_DHS_malaria,children_6_59_months,malaria_microscopy_positive,ADM2,Kwara,kwara,20.2303814550752,4.05462044098036,12.2834714197737,28.1772914903766,181,2,2018 DHS
Nigeria,2021,DHS,NGA_2021_DHS_malaria,children_6_59_months,malaria_microscopy_positive,ADM2,Kwara,kwara,5.64439504961125,1.97711391385236,1.76932298512761,9.5194671140949,170,3,2021 DHS
Nigeria,2010,DHS,NGA_2010_DHS_malaria,children_6_59_months,malaria_microscopy_positive,ADM2,Lagos,lagos,11.5275376625219,5.43564629065145,0.873866700146288,22.1812086248975,107,1,2010 DHS
Nigeria,2018,DHS,NGA_2018_DHS_malaria,children_6_59_months,malaria_microscopy_positive,ADM2,Lagos,lagos,1.75094243366006,0.833339514379362,0.117626998582411,3.38425786873771,252,2,2018 DHS
Nigeria,2021,DHS,NGA_2021_DHS_malaria,children_6_59_months,malaria_microscopy_positive,ADM2,Lagos,lagos,2.57668345710539,1.50545989714926,-0.373963721476527,5.5273306356873,179,3,2021 DHS
Nigeria,2010,DHS,NGA_2010_DHS_malaria,children_6_59_months,malaria_microscopy_positive,ADM2,Nasarawa,nasarawa,34.5186615036095,5.3938570031387,23.9468960396985,45.0904269675205,116,1,2010 DHS
Nigeria,2018,DHS,NGA_2018_DHS_malaria,children_6_59_months,malaria_microscopy_positive,ADM2,Nasarawa,nasarawa,13.6215521853712,3.2917000428706,7.16993865343585,20.0731657173065,199,2,2018 DHS
Nigeria,2021,DHS,NGA_2021_DHS_malaria,children_6_59_months,malaria_microscopy_positive,ADM2,Nasarawa,nasarawa,15.2761510982972,2.0270627119387,11.3031811884933,19.2491210081012,452,3,2021 DHS
Nigeria,2010,DHS,NGA_2010_DHS_malaria,children_6_59_months,malaria_microscopy_positive,ADM2,Niger,niger,66.2532191262573,12.2987613674964,42.1480897915117,90.3583484610029,178,1,2010 DHS
Nigeria,2018,DHS,NGA_2018_DHS_malaria,children_6_59_months,malaria_microscopy_positive,ADM2,Niger,niger,31.5776966007579,4.63171472640039,22.4997025503493,40.6556906511664,256,2,2018 DHS
Nigeria,2021,DHS,NGA_2021_DHS_malaria,children_6_59_months,malaria_microscopy_positive,ADM2,Niger,niger,20.7370417233032,3.9960223803372,12.9049817764262,28.5691016701801,363,3,2021 DHS
Nigeria,2010,DHS,NGA_2010_DHS_malaria,children_6_59_months,malaria_microscopy_positive,ADM2,Ogun,ogun,68.6197227875401,9.50762389071431,49.9851223831875,87.2543231918927,45,1,2010 DHS
Nigeria,2018,DHS,NGA_2018_DHS_malaria,children_6_59_months,malaria_microscopy_positive,ADM2,Ogun,ogun,21.5897129935121,3.78627161709694,14.1687569883159,29.0106689987084,202,2,2018 DHS
Nigeria,2021,DHS,NGA_2021_DHS_malaria,children_6_59_months,malaria_microscopy_positive,ADM2,Ogun,ogun,24.8964434227855,8.55972971421748,8.11968146552191,41.6732053800491,172,3,2021 DHS
Nigeria,2010,DHS,NGA_2010_DHS_malaria,children_6_59_months,malaria_microscopy_positive,ADM2,Ondo,ondo,59.3837997361201,8.29942452700944,43.1172265707732,75.650372901467,78,1,2010 DHS
Nigeria,2018,DHS,NGA_2018_DHS_malaria,children_6_59_months,malaria_microscopy_positive,ADM2,Ondo,ondo,33.506271282104,4.81339511940921,24.0721902047011,42.9403523595069,156,2,2018 DHS
Nigeria,2021,DHS,NGA_2021_DHS_malaria,children_6_59_months,malaria_microscopy_positive,ADM2,Ondo,ondo,26.6694646693239,4.37921843929835,18.0863542478654,35.2525750907823,210,3,2021 DHS
Nigeria,2010,DHS,NGA_2010_DHS_malaria,children_6_59_months,malaria_microscopy_positive,ADM2,Osun,osun,61.6623504901381,1.41284102301907,58.89323296914,64.4314680111362,61,1,2010 DHS
Nigeria,2018,DHS,NGA_2018_DHS_malaria,children_6_59_months,malaria_microscopy_positive,ADM2,Osun,osun,27.737061507268,3.59277963204827,20.6953428240644,34.7787801904717,178,2,2018 DHS
Nigeria,2021,DHS,NGA_2021_DHS_malaria,children_6_59_months,malaria_microscopy_positive,ADM2,Osun,osun,19.3305323735931,3.61995064090802,12.2355594916007,26.4255052555855,148,3,2021 DHS
Nigeria,2010,DHS,NGA_2010_DHS_malaria,children_6_59_months,malaria_microscopy_positive,ADM2,Oyo,oyo,48.3573423144695,9.56677411150796,29.6068096076837,67.1078750212552,126,1,2010 DHS
Nigeria,2018,DHS,NGA_2018_DHS_malaria,children_6_59_months,malaria_microscopy_positive,ADM2,Oyo,oyo,23.7697975071431,4.55715988374709,14.8379282632081,32.7016667510781,264,2,2018 DHS
Nigeria,2021,DHS,NGA_2021_DHS_malaria,children_6_59_months,malaria_microscopy_positive,ADM2,Oyo,oyo,20.8873339611786,5.85000905108265,9.42152691182326,32.3531410105339,178,3,2021 DHS
Nigeria,2010,DHS,NGA_2010_DHS_malaria,children_6_59_months,malaria_microscopy_positive,ADM2,Plateau,plateau,26.7834529768598,15.0165335167223,-2.64841188855447,56.2153178422742,121,1,2010 DHS
Nigeria,2018,DHS,NGA_2018_DHS_malaria,children_6_59_months,malaria_microscopy_positive,ADM2,Plateau,plateau,21.4268044023013,4.46047858944305,12.6844270131809,30.1691817914217,206,2,2018 DHS
Nigeria,2021,DHS,NGA_2021_DHS_malaria,children_6_59_months,malaria_microscopy_positive,ADM2,Plateau,plateau,18.8311414664631,4.68265491589329,9.65330647928286,28.0089764536434,325,3,2021 DHS
Nigeria,2010,DHS,NGA_2010_DHS_malaria,children_6_59_months,malaria_microscopy_positive,ADM2,Rivers,rivers,19.4535232691837,5.97516776451034,7.74240964915871,31.1646368892087,191,1,2010 DHS
Nigeria,2018,DHS,NGA_2018_DHS_malaria,children_6_59_months,malaria_microscopy_positive,ADM2,Rivers,rivers,11.1798112365927,3.23006794222419,4.84899440221589,17.5106280709695,208,2,2018 DHS
Nigeria,2021,DHS,NGA_2021_DHS_malaria,children_6_59_months,malaria_microscopy_positive,ADM2,Rivers,rivers,8.64988049239408,3.34864255692795,2.08666168371719,15.213099301071,349,3,2021 DHS
Nigeria,2010,DHS,NGA_2010_DHS_malaria,children_6_59_months,malaria_microscopy_positive,ADM2,Sokoto,sokoto,37.9762751517461,6.46288063454916,25.3092618716484,50.6432884318438,168,1,2010 DHS
Nigeria,2018,DHS,NGA_2018_DHS_malaria,children_6_59_months,malaria_microscopy_positive,ADM2,Sokoto,sokoto,36.3779172813915,4.87737307387224,26.8184417174365,45.9373928453465,186,2,2018 DHS
Nigeria,2021,DHS,NGA_2021_DHS_malaria,children_6_59_months,malaria_microscopy_positive,ADM2,Sokoto,sokoto,35.9315654323393,5.82084721404317,24.5229145333043,47.3402163313742,372,3,2021 DHS
Nigeria,2010,DHS,NGA_2010_DHS_malaria,children_6_59_months,malaria_microscopy_positive,ADM2,Taraba,taraba,16.402814871479,8.32864037215878,0.0789797018615007,32.7266500410965,94,1,2010 DHS
Nigeria,2018,DHS,NGA_2018_DHS_malaria,children_6_59_months,malaria_microscopy_positive,ADM2,Taraba,taraba,20.8237962074547,2.97387403013841,14.9951102138244,26.652482201085,230,2,2018 DHS
Nigeria,2021,DHS,NGA_2021_DHS_malaria,children_6_59_months,malaria_microscopy_positive,ADM2,Taraba,taraba,17.8531489219741,4.66353615280681,8.71278602187232,26.993511822076,388,3,2021 DHS
Nigeria,2010,DHS,NGA_2010_DHS_malaria,children_6_59_months,malaria_microscopy_positive,ADM2,Yobe,yobe,38.6693408897291,11.705600319529,15.7267858460316,61.6118959334266,123,1,2010 DHS
Nigeria,2018,DHS,NGA_2018_DHS_malaria,children_6_59_months,malaria_microscopy_positive,ADM2,Yobe,yobe,13.2994212986515,2.96148573902914,7.49501590942545,19.1038266878776,248,2,2018 DHS
Nigeria,2021,DHS,NGA_2021_DHS_malaria,children_6_59_months,malaria_microscopy_positive,ADM2,Yobe,yobe,20.4815966890954,6.91144880654258,6.9354059472796,34.0277874309112,371,3,2021 DHS
Nigeria,2010,DHS,NGA_2010_DHS_malaria,children_6_59_months,malaria_microscopy_positive,ADM2,Zamfara,zamfara,65.922574424723,10.4700869255984,45.4015811355465,86.4435677138996,101,1,2010 DHS
Nigeria,2018,DHS,NGA_2018_DHS_malaria,children_6_59_months,malaria_microscopy_positive,ADM2,Zamfara,zamfara,35.7267761932518,6.15453931940458,23.6641007857831,47.7894516007204,241,2,2018 DHS
Nigeria,2021,DHS,NGA_2021_DHS_malaria,children_6_59_months,malaria_microscopy_positive,ADM2,Zamfara,zamfara,36.604385034291,5.00426009651727,26.7962154758462,46.4125545927358,358,3,2021 DHS
Nigeria,2010,DHS,NGA_2010_DHS_malaria,children_6_59_months,malaria_rdt_positive,ADM2,Abia,abia,49.5160888501757,7.82777735120298,34.1739271628196,64.8582505375319,97,1,2010 DHS
Nigeria,2018,DHS,NGA_2018_DHS_malaria,children_6_59_months,malaria_rdt_positive,ADM2,Abia,abia,20.6683550156822,3.93535413389049,12.955202646846,28.3815073845184,263,2,2018 DHS
Nigeria,2021,DHS,NGA_2021_DHS_malaria,children_6_59_months,malaria_rdt_positive,ADM2,Abia,abia,26.420456803257,8.47882726920222,9.80226072448454,43.0386528820294,231,3,2021 DHS
Nigeria,2010,DHS,NGA_2010_DHS_malaria,children_6_59_months,malaria_rdt_positive,ADM2,Adamawa,adamawa,29.9162231573133,14.6586081477042,1.18587912432777,58.6465671902989,141,1,2010 DHS
Nigeria,2018,DHS,NGA_2018_DHS_malaria,children_6_59_months,malaria_rdt_positive,ADM2,Adamawa,adamawa,38.8631935191109,5.17406288782587,28.7222166052269,49.0041704329949,281,2,2018 DHS
Nigeria,2021,DHS,NGA_2021_DHS_malaria,children_6_59_months,malaria_rdt_positive,ADM2,Adamawa,adamawa,27.9578965006534,5.92341946654766,16.3482076808965,39.5675853204103,260,3,2021 DHS
Nigeria,2010,DHS,NGA_2010_DHS_malaria,children_6_59_months,malaria_rdt_positive,ADM2,Akwa Ibom,akwa ibom,70.9355753338642,6.80489345468958,57.5982292440402,84.2729214236881,205,1,2010 DHS
Nigeria,2018,DHS,NGA_2018_DHS_malaria,children_6_59_months,malaria_rdt_positive,ADM2,Akwa Ibom,akwa ibom,33.2284698439561,3.61245402671167,26.1481900557946,40.3087496321177,233,2,2018 DHS
Nigeria,2021,DHS,NGA_2021_DHS_malaria,children_6_59_months,malaria_rdt_positive,ADM2,Akwa Ibom,akwa ibom,33.5014773841419,7.28312716918227,19.2268104377195,47.7761443305643,156,3,2021 DHS
Nigeria,2010,DHS,NGA_2010_DHS_malaria,children_6_59_months,malaria_rdt_positive,ADM2,Anambra,anambra,14.88916009145,4.14024611439833,6.77442682009741,23.0038933628026,133,1,2010 DHS
Nigeria,2018,DHS,NGA_2018_DHS_malaria,children_6_59_months,malaria_rdt_positive,ADM2,Anambra,anambra,15.1724244935883,2.6407916926985,9.99656788522668,20.3482811019499,395,2,2018 DHS
Nigeria,2021,DHS,NGA_2021_DHS_malaria,children_6_59_months,malaria_rdt_positive,ADM2,Anambra,anambra,20.1623636718537,4.87965929560633,10.5984071956392,29.7263201480682,196,3,2021 DHS
Nigeria,2010,DHS,NGA_2010_DHS_malaria,children_6_59_months,malaria_rdt_positive,ADM2,Bauchi,bauchi,43.1468923660362,8.88100943082621,25.7404337352562,60.5533509968161,253,1,2010 DHS
Nigeria,2018,DHS,NGA_2018_DHS_malaria,children_6_59_months,malaria_rdt_positive,ADM2,Bauchi,bauchi,48.5793545707363,3.95866685374106,40.8205101106113,56.3381990308612,392,2,2018 DHS
Nigeria,2021,DHS,NGA_2021_DHS_malaria,children_6_59_months,malaria_rdt_positive,ADM2,Bauchi,bauchi,59.6393853220091,4.1738861382204,51.4587188155262,67.8200518284921,416,3,2021 DHS
Nigeria,2010,DHS,NGA_2010_DHS_malaria,children_6_59_months,malaria_rdt_positive,ADM2,Bayelsa,bayelsa,22.8515178240709,9.99672378921592,3.25829923381295,42.4447364143289,124,1,2010 DHS
Nigeria,2018,DHS,NGA_2018_DHS_malaria,children_6_59_months,malaria_rdt_positive,ADM2,Bayelsa,bayelsa,30.1100844159152,3.70681990018214,22.8448509143818,37.3753179174485,259,2,2018 DHS
Nigeria,2021,DHS,NGA_2021_DHS_malaria,children_6_59_months,malaria_rdt_positive,ADM2,Bayelsa,bayelsa,27.0737871831754,5.76690008722709,15.7708707097694,38.3767036565814,243,3,2021 DHS
Nigeria,2010,DHS,NGA_2010_DHS_malaria,children_6_59_months,malaria_rdt_positive,ADM2,Benue,benue,45.6115892989347,4.15357566037016,37.470730597547,53.7524480003224,207,1,2010 DHS
Nigeria,2018,DHS,NGA_2018_DHS_malaria,children_6_59_months,malaria_rdt_positive,ADM2,Benue,benue,26.000255451083,3.4504895911505,19.2374201233977,32.7630907787684,339,2,2018 DHS
Nigeria,2021,DHS,NGA_2021_DHS_malaria,children_6_59_months,malaria_rdt_positive,ADM2,Benue,benue,33.9762087046503,5.81079991142831,22.5872501568822,45.3651672524183,320,3,2021 DHS
Nigeria,2010,DHS,NGA_2010_DHS_malaria,children_6_59_months,malaria_rdt_positive,ADM2,Borno,borno,62.0049337211265,12.1474948095147,38.1962813920905,85.8135860501626,146,1,2010 DHS
Nigeria,2018,DHS,NGA_2018_DHS_malaria,children_6_59_months,malaria_rdt_positive,ADM2,Borno,borno,16.1645025091572,2.86829823773457,10.5427412662778,21.7862637520367,330,2,2018 DHS
Nigeria,2021,DHS,NGA_2021_DHS_malaria,children_6_59_months,malaria_rdt_positive,ADM2,Borno,borno,18.6237367566965,4.39094118411163,10.017650177604,27.2298233357889,343,3,2021 DHS
Nigeria,2010,DHS,NGA_2010_DHS_malaria,children_6_59_months,malaria_rdt_positive,ADM2,Cross River,cross river,52.318249088643,7.7690556672958,37.0911797868564,67.5453183904296,121,1,2010 DHS
Nigeria,2018,DHS,NGA_2018_DHS_malaria,children_6_59_months,malaria_rdt_positive,ADM2,Cross River,cross river,26.386753576379,5.7869339804166,15.0445713938514,37.7289357589065,140,2,2018 DHS
Nigeria,2021,DHS,NGA_2021_DHS_malaria,children_6_59_months,malaria_rdt_positive,ADM2,Cross River,cross river,40.5583512004773,8.54547704111373,23.8095239691805,57.3071784317741,237,3,2021 DHS
Nigeria,2010,DHS,NGA_2010_DHS_malaria,children_6_59_months,malaria_rdt_positive,ADM2,Delta,delta,44.1455343703176,11.2028052492271,22.1884395560162,66.102629184619,185,1,2010 DHS
Nigeria,2018,DHS,NGA_2018_DHS_malaria,children_6_59_months,malaria_rdt_positive,ADM2,Delta,delta,24.939146266452,5.22634634906948,14.6956956515434,35.1825968813606,181,2,2018 DHS
Nigeria,2021,DHS,NGA_2021_DHS_malaria,children_6_59_months,malaria_rdt_positive,ADM2,Delta,delta,18.891351411979,4.94398922817182,9.2013105848082,28.5813922391497,349,3,2021 DHS
Nigeria,2010,DHS,NGA_2010_DHS_malaria,children_6_59_months,malaria_rdt_positive,ADM2,Ebonyi,ebonyi,49.9289327481588,3.88388392558467,42.3166601338788,57.5412053624388,117,1,2010 DHS
Nigeria,2018,DHS,NGA_2018_DHS_malaria,children_6_59_months,malaria_rdt_positive,ADM2,Ebonyi,ebonyi,49.3314630283464,3.94785002707786,41.5938191589083,57.0691068977844,444,2,2018 DHS
Nigeria,2021,DHS,NGA_2021_DHS_malaria,children_6_59_months,malaria_rdt_positive,ADM2,Ebonyi,ebonyi,30.1870185145776,5.68566052604765,19.0433286552031,41.330708373952,303,3,2021 DHS
Nigeria,2010,DHS,NGA_2010_DHS_malaria,children_6_59_months,malaria_rdt_positive,ADM2,Edo,edo,48.2637490016968,11.983991583027,24.7755571079327,71.7519408954609,130,1,2010 DHS
Nigeria,2018,DHS,NGA_2018_DHS_malaria,children_6_59_months,malaria_rdt_positive,ADM2,Edo,edo,19.053659391023,4.36042676425378,10.5073799758611,27.5999388061849,146,2,2018 DHS
Nigeria,2021,DHS,NGA_2021_DHS_malaria,children_6_59_months,malaria_rdt_positive,ADM2,Edo,edo,30.20342428668,5.23055539252062,19.9517240981978,40.4551244751622,104,3,2021 DHS
Nigeria,2010,DHS,NGA_2010_DHS_malaria,children_6_59_months,malaria_rdt_positive,ADM2,Ekiti,ekiti,37.6389018477374,10.0547642819991,17.9319259819794,57.3458777134953,64,1,2010 DHS
Nigeria,2018,DHS,NGA_2018_DHS_malaria,children_6_59_months,malaria_rdt_positive,ADM2,Ekiti,ekiti,46.3407626517259,5.02224976786929,36.4973339853375,56.1841913181144,254,2,2018 DHS
Nigeria,2021,DHS,NGA_2021_DHS_malaria,children_6_59_months,malaria_rdt_positive,ADM2,Ekiti,ekiti,36.5224226513981,7.39646268399714,22.0256221777692,51.0192231250269,150,3,2021 DHS
Nigeria,2010,DHS,NGA_2010_DHS_malaria,children_6_59_months,malaria_rdt_positive,ADM2,Enugu,enugu,36.8788332720681,6.01944529129962,25.0809372942117,48.6767292499246,146,1,2010 DHS
Nigeria,2018,DHS,NGA_2018_DHS_malaria,children_6_59_months,malaria_rdt_positive,ADM2,Enugu,enugu,30.1684374572853,5.0372781112748,20.2955537790748,40.0413211354959,243,2,2018 DHS
Nigeria,2021,DHS,NGA_2021_DHS_malaria,children_6_59_months,malaria_rdt_positive,ADM2,Enugu,enugu,30.2174941297335,7.90214340770026,14.7295776499704,45.7054106094967,223,3,2021 DHS
Nigeria,2021,DHS,NGA_2021_DHS_malaria,children_6_59_months,malaria_rdt_positive,ADM2,FCT Abuja,fct abuja,34.5613966058666,5.11412898359658,24.5378879857249,44.5849052260084,243,3,2021 DHS
Nigeria,2010,DHS,NGA_2010_DHS_malaria,children_6_59_months,malaria_rdt_positive,ADM2,FCT Abuja,fct abuja,23.4025531608091,7.28487432563843,9.12446185065726,37.6806444709609,51,1,2010 DHS
Nigeria,2018,DHS,NGA_2018_DHS_malaria,children_6_59_months,malaria_rdt_positive,ADM2,FCT Abuja,fct abuja,31.304180235985,4.68942420715122,22.1130776817383,40.4952827902316,269,2,2018 DHS
Nigeria,2010,DHS,NGA_2010_DHS_malaria,children_6_59_months,malaria_rdt_positive,ADM2,Gombe,gombe,25.9451225070787,6.09087628235219,14.0072243593791,37.8830206547782,149,1,2010 DHS
Nigeria,2018,DHS,NGA_2018_DHS_malaria,children_6_59_months,malaria_rdt_positive,ADM2,Gombe,gombe,51.9691195241283,4.50988562133768,43.1299061319114,60.8083329163452,372,2,2018 DHS
Nigeria,2021,DHS,NGA_2021_DHS_malaria,children_6_59_months,malaria_rdt_positive,ADM2,Gombe,gombe,33.0798232284539,7.96002797525925,17.4784550810145,48.6811913758933,264,3,2021 DHS
Nigeria,2010,DHS,NGA_2010_DHS_malaria,children_6_59_months,malaria_rdt_positive,ADM2,Imo,imo,29.8360340249993,5.52723582869943,19.002850866689,40.6692171833096,142,1,2010 DHS
Nigeria,2018,DHS,NGA_2018_DHS_malaria,children_6_59_months,malaria_rdt_positive,ADM2,Imo,imo,15.6060293836137,3.10257417617291,9.52509573895078,21.6869630282766,319,2,2018 DHS
Nigeria,2021,DHS,NGA_2021_DHS_malaria,children_6_59_months,malaria_rdt_positive,ADM2,Imo,imo,26.1702187113049,4.417129417081,17.5128041387737,34.827633283836,197,3,2021 DHS
Nigeria,2010,DHS,NGA_2010_DHS_malaria,children_6_59_months,malaria_rdt_positive,ADM2,Jigawa,jigawa,45.4563104740918,8.40830827128603,28.976329091461,61.9362918567227,104,1,2010 DHS
Nigeria,2018,DHS,NGA_2018_DHS_malaria,children_6_59_months,malaria_rdt_positive,ADM2,Jigawa,jigawa,49.4023112782542,3.28922829747098,42.9555422782811,55.8490802782274,380,2,2018 DHS
Nigeria,2021,DHS,NGA_2021_DHS_malaria,children_6_59_months,malaria_rdt_positive,ADM2,Jigawa,jigawa,54.5283739270935,5.73994884108445,43.2782809254656,65.7784669287214,398,3,2021 DHS
Nigeria,2010,DHS,NGA_2010_DHS_malaria,children_6_59_months,malaria_rdt_positive,ADM2,Kaduna,kaduna,36.8072863304626,13.3773825265974,10.5880983709163,63.0264742900089,231,1,2010 DHS
Nigeria,2018,DHS,NGA_2018_DHS_malaria,children_6_59_months,malaria_rdt_positive,ADM2,Kaduna,kaduna,34.3150653795494,3.96544526302125,26.5429354813628,42.087195277736,376,2,2018 DHS
Nigeria,2021,DHS,NGA_2021_DHS_malaria,children_6_59_months,malaria_rdt_positive,ADM2,Kaduna,kaduna,32.2864099505895,5.47746531209226,21.5507752123212,43.0220446888578,420,3,2021 DHS
Nigeria,2010,DHS,NGA_2010_DHS_malaria,children_6_59_months,malaria_rdt_positive,ADM2,Kano,kano,35.8728461025883,7.10775493627868,21.9419024165453,49.8037897886313,286,1,2010 DHS
Nigeria,2018,DHS,NGA_2018_DHS_malaria,children_6_59_months,malaria_rdt_positive,ADM2,Kano,kano,43.0370772914887,3.93297696553383,35.3285840870168,50.7455704959607,510,2,2018 DHS
Nigeria,2021,DHS,NGA_2021_DHS_malaria,children_6_59_months,malaria_rdt_positive,ADM2,Kano,kano,54.0345657124141,4.72450652683781,44.7747030750876,63.2944283497407,531,3,2021 DHS
Nigeria,2010,DHS,NGA_2010_DHS_malaria,children_6_59_months,malaria_rdt_positive,ADM2,Katsina,katsina,68.2751404198077,5.57585219763313,57.3466709293283,79.2036099102872,272,1,2010 DHS
Nigeria,2018,DHS,NGA_2018_DHS_malaria,children_6_59_months,malaria_rdt_positive,ADM2,Katsina,katsina,55.4179330380829,4.03883359423804,47.5019646538259,63.33390142234,439,2,2018 DHS
Nigeria,2021,DHS,NGA_2021_DHS_malaria,children_6_59_months,malaria_rdt_positive,ADM2,Katsina,katsina,49.4754135675412,4.87256367733317,39.9253642475901,59.0254628874922,452,3,2021 DHS
Nigeria,2010,DHS,NGA_2010_DHS_malaria,children_6_59_months,malaria_rdt_positive,ADM2,Kebbi,kebbi,71.9685237281652,2.35973041224351,67.3435371069441,76.5935103493863,93,1,2010 DHS
Nigeria,2018,DHS,NGA_2018_DHS_malaria,children_6_59_months,malaria_rdt_positive,ADM2,Kebbi,kebbi,76.8016765454911,3.42412425572185,70.0905163256862,83.5128367652959,318,2,2018 DHS
Nigeria,2021,DHS,NGA_2021_DHS_malaria,children_6_59_months,malaria_rdt_positive,ADM2,Kebbi,kebbi,75.6071995912066,5.56400427843812,64.7019515956412,86.5124475867721,393,3,2021 DHS
Nigeria,2010,DHS,NGA_2010_DHS_malaria,children_6_59_months,malaria_rdt_positive,ADM2,Kogi,kogi,41.1682450859486,6.37094351311538,28.6814252527033,53.6550649191938,124,1,2010 DHS
Nigeria,2018,DHS,NGA_2018_DHS_malaria,children_6_59_months,malaria_rdt_positive,ADM2,Kogi,kogi,45.9866537176892,5.59267246479931,35.0252171093537,56.9480903260247,194,2,2018 DHS
Nigeria,2021,DHS,NGA_2021_DHS_malaria,children_6_59_months,malaria_rdt_positive,ADM2,Kogi,kogi,27.7335217944166,6.72138530373694,14.5598486728754,40.9071949159578,206,3,2021 DHS
Nigeria,2010,DHS,NGA_2010_DHS_malaria,children_6_59_months,malaria_rdt_positive,ADM2,Kwara,kwara,54.1332818329005,7.41768834301017,39.594879832058,68.6716838337431,81,1,2010 DHS
Nigeria,2018,DHS,NGA_2018_DHS_malaria,children_6_59_months,malaria_rdt_positive,ADM2,Kwara,kwara,43.6681115294847,6.99448395275486,29.9591748916419,57.3770481673276,244,2,2018 DHS
Nigeria,2021,DHS,NGA_2021_DHS_malaria,children_6_59_months,malaria_rdt_positive,ADM2,Kwara,kwara,17.6124674182838,6.20420178141548,5.4524553738902,29.7724794626774,170,3,2021 DHS
Nigeria,2010,DHS,NGA_2010_DHS_malaria,children_6_59_months,malaria_rdt_positive,ADM2,Lagos,lagos,27.0355010432486,11.9840643478543,3.54716653304364,50.5238355534535,106,1,2010 DHS
Nigeria,2018,DHS,NGA_2018_DHS_malaria,children_6_59_months,malaria_rdt_positive,ADM2,Lagos,lagos,3.42272739054684,1.06889093272752,1.32773965899946,5.51771512209421,321,2,2018 DHS
Nigeria,2021,DHS,NGA_2021_DHS_malaria,children_6_59_months,malaria_rdt_positive,ADM2,Lagos,lagos,3.24418280755937,2.09170628147291,-0.855486170363726,7.34385178548248,180,3,2021 DHS
Nigeria,2010,DHS,NGA_2010_DHS_malaria,children_6_59_months,malaria_rdt_positive,ADM2,Nasarawa,nasarawa,45.1432159942986,13.5526253706678,18.5805583718259,71.7058736167711,116,1,2010 DHS
Nigeria,2018,DHS,NGA_2018_DHS_malaria,children_6_59_months,malaria_rdt_positive,ADM2,Nasarawa,nasarawa,32.1206088739478,4.71450689414778,22.8803451565524,41.3608725913432,265,2,2018 DHS
Nigeria,2021,DHS,NGA_2021_DHS_malaria,children_6_59_months,malaria_rdt_positive,ADM2,Nasarawa,nasarawa,29.9390005868955,5.46180994831607,19.2340497977934,40.6439513759975,452,3,2021 DHS
Nigeria,2010,DHS,NGA_2010_DHS_malaria,children_6_59_months,malaria_rdt_positive,ADM2,Niger,niger,45.9628091017552,9.60551399327929,27.1363476219323,64.7892705815781,180,1,2010 DHS
Nigeria,2018,DHS,NGA_2018_DHS_malaria,children_6_59_months,malaria_rdt_positive,ADM2,Niger,niger,43.7679733745162,4.03966234558974,35.8503806674577,51.6855660815747,371,2,2018 DHS
Nigeria,2021,DHS,NGA_2021_DHS_malaria,children_6_59_months,malaria_rdt_positive,ADM2,Niger,niger,42.5528228948759,5.60021432306518,31.5766045159628,53.529041273789,375,3,2021 DHS
Nigeria,2010,DHS,NGA_2010_DHS_malaria,children_6_59_months,malaria_rdt_positive,ADM2,Ogun,ogun,78.0893142206201,10.6921249813286,57.1331343390151,99.0454941022251,45,1,2010 DHS
Nigeria,2018,DHS,NGA_2018_DHS_malaria,children_6_59_months,malaria_rdt_positive,ADM2,Ogun,ogun,32.1835441961762,4.84373545964961,22.6899971446234,41.677091247729,278,2,2018 DHS
Nigeria,2021,DHS,NGA_2021_DHS_malaria,children_6_59_months,malaria_rdt_positive,ADM2,Ogun,ogun,35.6011802931324,10.0507584977018,15.902055620327,55.300304965938,173,3,2021 DHS
Nigeria,2010,DHS,NGA_2010_DHS_malaria,children_6_59_months,malaria_rdt_positive,ADM2,Ondo,ondo,65.6410696602201,7.94597179861518,50.0672511127634,81.2148882076768,78,1,2010 DHS
Nigeria,2018,DHS,NGA_2018_DHS_malaria,children_6_59_months,malaria_rdt_positive,ADM2,Ondo,ondo,41.5934732037063,6.32019045089484,29.2061275445184,53.9808188628941,209,2,2018 DHS
Nigeria,2021,DHS,NGA_2021_DHS_malaria,children_6_59_months,malaria_rdt_positive,ADM2,Ondo,ondo,44.8433026339791,5.50448858551208,34.0547032530636,55.6319020148946,210,3,2021 DHS
Nigeria,2010,DHS,NGA_2010_DHS_malaria,children_6_59_months,malaria_rdt_positive,ADM2,Osun,osun,84.9561373275932,5.59176618374113,73.9964769974915,95.9157976576947,61,1,2010 DHS
Nigeria,2018,DHS,NGA_2018_DHS_malaria,children_6_59_months,malaria_rdt_positive,ADM2,Osun,osun,54.9450952405264,4.34549188082134,46.4280876590054,63.4621028220474,251,2,2018 DHS
Nigeria,2021,DHS,NGA_2021_DHS_malaria,children_6_59_months,malaria_rdt_positive,ADM2,Osun,osun,27.5532013443118,4.56538961241663,18.6052021285819,36.5012005600417,149,3,2021 DHS
Nigeria,2010,DHS,NGA_2010_DHS_malaria,children_6_59_months,malaria_rdt_positive,ADM2,Oyo,oyo,53.9499994998055,13.6157132379479,27.2636919296024,80.6363070700086,126,1,2010 DHS
Nigeria,2018,DHS,NGA_2018_DHS_malaria,children_6_59_months,malaria_rdt_positive,ADM2,Oyo,oyo,33.9203759555311,3.85224866551276,26.3701073116336,41.4706445994286,349,2,2018 DHS
Nigeria,2021,DHS,NGA_2021_DHS_malaria,children_6_59_months,malaria_rdt_positive,ADM2,Oyo,oyo,29.5609876569663,5.58768468310899,18.6093269211065,40.512648392826,178,3,2021 DHS
Nigeria,2010,DHS,NGA_2010_DHS_malaria,children_6_59_months,malaria_rdt_positive,ADM2,Plateau,plateau,37.289288647035,16.0472855977966,5.83718682572544,68.7413904683446,123,1,2010 DHS
Nigeria,2018,DHS,NGA_2018_DHS_malaria,children_6_59_months,malaria_rdt_positive,ADM2,Plateau,plateau,37.1938186401421,5.97023873212892,25.4923657460633,48.8952715342209,291,2,2018 DHS
Nigeria,2021,DHS,NGA_2021_DHS_malaria,children_6_59_months,malaria_rdt_positive,ADM2,Plateau,plateau,26.4344279195974,4.25790424127386,18.0890889570803,34.7797668821145,326,3,2021 DHS
Nigeria,2010,DHS,NGA_2010_DHS_malaria,children_6_59_months,malaria_rdt_positive,ADM2,Rivers,rivers,71.2085534784687,4.62287423674113,62.147886469398,80.2692204875394,195,1,2010 DHS
Nigeria,2018,DHS,NGA_2018_DHS_malaria,children_6_59_months,malaria_rdt_positive,ADM2,Rivers,rivers,22.3429259148142,3.8083193554122,14.8787571365795,29.8070946930489,287,2,2018 DHS
Nigeria,2021,DHS,NGA_2021_DHS_malaria,children_6_59_months,malaria_rdt_positive,ADM2,Rivers,rivers,33.840012385649,5.86611517312534,22.3426379171594,45.3373868541386,349,3,2021 DHS
Nigeria,2010,DHS,NGA_2010_DHS_malaria,children_6_59_months,malaria_rdt_positive,ADM2,Sokoto,sokoto,78.6079782667005,6.53450428017203,65.8005852207405,91.4153713126605,168,1,2010 DHS
Nigeria,2018,DHS,NGA_2018_DHS_malaria,children_6_59_months,malaria_rdt_positive,ADM2,Sokoto,sokoto,54.6912861852338,4.66954783929684,45.5391405961252,63.8434317743425,259,2,2018 DHS
Nigeria,2021,DHS,NGA_2021_DHS_malaria,children_6_59_months,malaria_rdt_positive,ADM2,Sokoto,sokoto,40.3234862461083,6.41801538239991,27.7444072443804,52.9025652478362,376,3,2021 DHS
Nigeria,2010,DHS,NGA_2010_DHS_malaria,children_6_59_months,malaria_rdt_positive,ADM2,Taraba,taraba,25.597332693814,11.1121413853827,3.81793578734694,47.376729600281,94,1,2010 DHS
Nigeria,2018,DHS,NGA_2018_DHS_malaria,children_6_59_months,malaria_rdt_positive,ADM2,Taraba,taraba,35.1799035189791,3.54115459402122,28.2393680510089,42.1204389869492,311,2,2018 DHS
Nigeria,2021,DHS,NGA_2021_DHS_malaria,children_6_59_months,malaria_rdt_positive,ADM2,Taraba,taraba,24.524532126708,4.44593693386753,15.8106558587912,33.2384083946248,389,3,2021 DHS
Nigeria,2010,DHS,NGA_2010_DHS_malaria,children_6_59_months,malaria_rdt_positive,ADM2,Yobe,yobe,71.4168843744057,13.6608638307825,44.6420832683661,98.1916854804453,123,1,2010 DHS
Nigeria,2018,DHS,NGA_2018_DHS_malaria,children_6_59_months,malaria_rdt_positive,ADM2,Yobe,yobe,30.3404355269208,3.48568104938352,23.5086262085353,37.1722448453063,337,2,2018 DHS
Nigeria,2021,DHS,NGA_2021_DHS_malaria,children_6_59_months,malaria_rdt_positive,ADM2,Yobe,yobe,62.5115712942298,4.2464499449552,54.1886823399655,70.8344602484941,373,3,2021 DHS
Nigeria,2010,DHS,NGA_2010_DHS_malaria,children_6_59_months,malaria_rdt_positive,ADM2,Zamfara,zamfara,68.5449811217784,13.5719369698605,41.944473460404,95.1454887831527,101,1,2010 DHS
Nigeria,2018,DHS,NGA_2018_DHS_malaria,children_6_59_months,malaria_rdt_positive,ADM2,Zamfara,zamfara,51.7631424499046,5.69445827267756,40.6022093239904,62.9240755758188,323,2,2018 DHS
Nigeria,2021,DHS,NGA_2021_DHS_malaria,children_6_59_months,malaria_rdt_positive,ADM2,Zamfara,zamfara,59.7368967550116,6.40213703264633,47.1889387469347,72.2848547630885,358,3,2021 DHS
DRC,2013,DHS,DRC_2013_DHS_afb,women_first_birth_ever,first_birth_under20,ADM1,Bas-Uele,bas uele,65.773625343946,2.87371034194162,60.1412565717401,71.4059941161519,359,1,2013 DHS
DRC,2024,DHS,DRC_2024_DHS_afb,women_first_birth_ever,first_birth_under20,ADM1,Bas-Uele,bas uele,61.6205361208251,1.29094637057909,59.0903277285174,64.1507445131328,583,2,2024 DHS
DRC,2013,DHS,DRC_2013_DHS_afb,women_first_birth_ever,first_birth_under20,ADM1,Equateur,equateur,63.740877995332,2.07077740071536,59.6822288699304,67.7995271207336,420,1,2013 DHS
DRC,2024,DHS,DRC_2024_DHS_afb,women_first_birth_ever,first_birth_under20,ADM1,Equateur,equateur,58.0827569925556,2.5437691563903,53.0970610610468,63.0684529240644,750,2,2024 DHS
DRC,2013,DHS,DRC_2013_DHS_afb,women_first_birth_ever,first_birth_under20,ADM1,Haut-Katanga,haut katanga,67.7943633064841,5.08812119228616,57.8218290206283,77.76689759234,433,1,2013 DHS
DRC,2024,DHS,DRC_2024_DHS_afb,women_first_birth_ever,first_birth_under20,ADM1,Haut-Katanga,haut katanga,59.6350635201811,2.13025718947143,55.4598361510096,63.8102908893526,805,2,2024 DHS
DRC,2013,DHS,DRC_2013_DHS_afb,women_first_birth_ever,first_birth_under20,ADM1,Haut-Lomami,haut lomami,63.8256474378465,2.74213811188801,58.4511554979114,69.2001393777817,433,1,2013 DHS
DRC,2024,DHS,DRC_2024_DHS_afb,women_first_birth_ever,first_birth_under20,ADM1,Haut-Lomami,haut lomami,54.3451811747126,1.87485501148164,50.6705328759742,58.0198294734511,894,2,2024 DHS
DRC,2013,DHS,DRC_2013_DHS_afb,women_first_birth_ever,first_birth_under20,ADM1,Haut-Uele,haut uele,63.2499199802154,3.05176109581102,57.2685781430053,69.2312618174255,382,1,2013 DHS
DRC,2024,DHS,DRC_2024_DHS_afb,women_first_birth_ever,first_birth_under20,ADM1,Haut-Uele,haut uele,53.6147762265154,3.19276787708718,47.3570661764281,59.8724862766027,534,2,2024 DHS
DRC,2013,DHS,DRC_2013_DHS_afb,women_first_birth_ever,first_birth_under20,ADM1,Ituri,ituri,65.7204778292414,1.76531637855104,62.2605213059627,69.1804343525201,476,1,2013 DHS
DRC,2024,DHS,DRC_2024_DHS_afb,women_first_birth_ever,first_birth_under20,ADM1,Ituri,ituri,64.0685116105876,1.86250402269375,60.4180708050469,67.7189524161283,929,2,2024 DHS
DRC,2013,DHS,DRC_2013_DHS_afb,women_first_birth_ever,first_birth_under20,ADM1,Kasai,kasai,65.4497163035186,1.81022040524488,61.9017495051592,68.9976831018781,606,1,2013 DHS
DRC,2024,DHS,DRC_2024_DHS_afb,women_first_birth_ever,first_birth_under20,ADM1,Kasai,kasai,58.6287740528026,2.53735915706324,53.6556414891158,63.6019066164895,783,2,2024 DHS
DRC,2013,DHS,DRC_2013_DHS_afb,women_first_birth_ever,first_birth_under20,ADM1,Kasai-Central,kasai central,64.4340484442267,3.7322103663063,57.1190505435393,71.7490463449141,560,1,2013 DHS
DRC,2024,DHS,DRC_2024_DHS_afb,women_first_birth_ever,first_birth_under20,ADM1,Kasai-Central,kasai central,61.8588893009207,3.23700349135973,55.5144790400252,68.2032995618162,886,2,2024 DHS
DRC,2013,DHS,DRC_2013_DHS_afb,women_first_birth_ever,first_birth_under20,ADM1,Kasai-Oriental,kasai oriental,68.6750579457065,2.54536994918585,63.6862245179717,73.6638913734413,519,1,2013 DHS
DRC,2024,DHS,DRC_2024_DHS_afb,women_first_birth_ever,first_birth_under20,ADM1,Kasai-Oriental,kasai oriental,64.3767507881355,2.79998341770473,58.8888841321249,69.8646174441462,609,2,2024 DHS
DRC,2013,DHS,DRC_2013_DHS_afb,women_first_birth_ever,first_birth_under20,ADM1,Kinshasa,kinshasa,45.5164306961124,2.27569578759084,41.0561489126649,49.97671247956,1048,1,2013 DHS
DRC,2024,DHS,DRC_2024_DHS_afb,women_first_birth_ever,first_birth_under20,ADM1,Kinshasa,kinshasa,42.3896691097492,2.83457222514842,36.8340096368807,47.9453285826176,848,2,2024 DHS
DRC,2013,DHS,DRC_2013_DHS_afb,women_first_birth_ever,first_birth_under20,ADM1,Kongo Central,kongo central,59.8397010156379,2.83036720269755,54.2922832353273,65.3871187959485,758,1,2013 DHS
DRC,2024,DHS,DRC_2024_DHS_afb,women_first_birth_ever,first_birth_under20,ADM1,Kongo Central,kongo central,49.3835856810608,3.08644059986612,43.334273264901,55.4328980972206,699,2,2024 DHS
DRC,2013,DHS,DRC_2013_DHS_afb,women_first_birth_ever,first_birth_under20,ADM1,Kwango,kwango,43.2068143896923,2.57310437346802,38.1636224892324,48.2500062901521,622,1,2013 DHS
DRC,2024,DHS,DRC_2024_DHS_afb,women_first_birth_ever,first_birth_under20,ADM1,Kwango,kwango,45.8972666174339,2.01669166185803,41.9446235922699,49.8499096425979,694,2,2024 DHS
DRC,2013,DHS,DRC_2013_DHS_afb,women_first_birth_ever,first_birth_under20,ADM1,Kwilu,kwilu,52.1748659482957,2.52128748366242,47.2332332856457,57.1164986109456,738,1,2013 DHS
DRC,2024,DHS,DRC_2024_DHS_afb,women_first_birth_ever,first_birth_under20,ADM1,Kwilu,kwilu,47.2951655890142,2.66766424776994,42.06663974054,52.5236914374884,811,2,2024 DHS
DRC,2013,DHS,DRC_2013_DHS_afb,women_first_birth_ever,first_birth_under20,ADM1,Lomami,lomami,65.4030674907522,3.12943181617401,59.2694938389774,71.5366411425271,569,1,2013 DHS
DRC,2024,DHS,DRC_2024_DHS_afb,women_first_birth_ever,first_birth_under20,ADM1,Lomami,lomami,51.0833691727536,2.98544463933376,45.2320052018213,56.934733143686,696,2,2024 DHS
DRC,2013,DHS,DRC_2013_DHS_afb,women_first_birth_ever,first_birth_under20,ADM1,Lualaba,lualaba,66.4714633964605,4.32938458004411,57.9860255443509,74.95690124857,351,1,2013 DHS
DRC,2024,DHS,DRC_2024_DHS_afb,women_first_birth_ever,first_birth_under20,ADM1,Lualaba,lualaba,64.704040100239,4.24286995866473,56.3881677901691,73.0199124103088,788,2,2024 DHS
DRC,2013,DHS,DRC_2013_DHS_afb,women_first_birth_ever,first_birth_under20,ADM1,Mai-Ndombe,mai ndombe,63.6054296771561,1.65021898597873,60.3710598980336,66.8397994562786,551,1,2013 DHS
DRC,2024,DHS,DRC_2024_DHS_afb,women_first_birth_ever,first_birth_under20,ADM1,Mai-Ndombe,mai ndombe,53.2142247935571,3.69469401640475,45.9727575875081,60.455691999606,605,2,2024 DHS
DRC,2013,DHS,DRC_2013_DHS_afb,women_first_birth_ever,first_birth_under20,ADM1,Maniema,maniema,60.6447718616919,2.60612481911855,55.5368610770036,65.7526826463802,671,1,2013 DHS
DRC,2024,DHS,DRC_2024_DHS_afb,women_first_birth_ever,first_birth_under20,ADM1,Maniema,maniema,68.597021667105,2.23013893513363,64.2260296737225,72.9680136604874,782,2,2024 DHS
DRC,2013,DHS,DRC_2013_DHS_afb,women_first_birth_ever,first_birth_under20,ADM1,Mongala,mongala,70.5071321999654,2.79752936683037,65.0240753952847,75.990189004646,443,1,2013 DHS
DRC,2024,DHS,DRC_2024_DHS_afb,women_first_birth_ever,first_birth_under20,ADM1,Mongala,mongala,70.6792096108695,3.66458622086891,63.4967525997247,77.8616666220143,746,2,2024 DHS
DRC,2013,DHS,DRC_2013_DHS_afb,women_first_birth_ever,first_birth_under20,ADM1,Nord-Kivu,nord kivu,60.8348016006344,2.8308378566506,55.2864613555267,66.3831418457421,802,1,2013 DHS
DRC,2024,DHS,DRC_2024_DHS_afb,women_first_birth_ever,first_birth_under20,ADM1,Nord-Kivu,nord kivu,56.9217116863746,3.24725866181535,50.5572016607308,63.2862217120184,901,2,2024 DHS
DRC,2013,DHS,DRC_2013_DHS_afb,women_first_birth_ever,first_birth_under20,ADM1,Nord-Ubangi,nord ubangi,57.2702040368856,3.13966560705339,51.1165725235619,63.4238355502093,432,1,2013 DHS
DRC,2024,DHS,DRC_2024_DHS_afb,women_first_birth_ever,first_birth_under20,ADM1,Nord-Ubangi,nord ubangi,52.7301923677126,2.7478068054417,47.3445899925728,58.1157947428524,683,2,2024 DHS
DRC,2013,DHS,DRC_2013_DHS_afb,women_first_birth_ever,first_birth_under20,ADM1,Sankuru,sankuru,59.5355145320096,2.85907144838185,53.9318374639544,65.1391916000648,477,1,2013 DHS
DRC,2024,DHS,DRC_2024_DHS_afb,women_first_birth_ever,first_birth_under20,ADM1,Sankuru,sankuru,55.9617678435595,5.10882517841881,45.9486544905473,65.9748811965718,579,2,2024 DHS
DRC,2013,DHS,DRC_2013_DHS_afb,women_first_birth_ever,first_birth_under20,ADM1,Sud-Kivu,sud kivu,63.3551566086515,3.33243762287941,56.8236988870816,69.8866143302214,751,1,2013 DHS
DRC,2024,DHS,DRC_2024_DHS_afb,women_first_birth_ever,first_birth_under20,ADM1,Sud-Kivu,sud kivu,61.5211408670305,5.23626675483786,51.2582466141038,71.7840351199571,858,2,2024 DHS
DRC,2013,DHS,DRC_2013_DHS_afb,women_first_birth_ever,first_birth_under20,ADM1,Sud-Ubangi,sud ubangi,62.2436927337319,1.44715266641533,59.4073256274267,65.080059840037,448,1,2013 DHS
DRC,2024,DHS,DRC_2024_DHS_afb,women_first_birth_ever,first_birth_under20,ADM1,Sud-Ubangi,sud ubangi,62.291595575014,2.74965344301386,56.9023738567403,67.6808172932878,967,2,2024 DHS
DRC,2013,DHS,DRC_2013_DHS_afb,women_first_birth_ever,first_birth_under20,ADM1,Tanganyika,tanganyika,69.5755195208379,2.90375087904093,63.8842723778412,75.2667666638347,458,1,2013 DHS
DRC,2024,DHS,DRC_2024_DHS_afb,women_first_birth_ever,first_birth_under20,ADM1,Tanganyika,tanganyika,60.9431440528517,4.14216057469377,52.8246585082702,69.0616295974332,755,2,2024 DHS
DRC,2013,DHS,DRC_2013_DHS_afb,women_first_birth_ever,first_birth_under20,ADM1,Tshopo,tshopo,64.9168287331072,3.13489242393735,58.7725524867825,71.0611049794318,449,1,2013 DHS
DRC,2024,DHS,DRC_2024_DHS_afb,women_first_birth_ever,first_birth_under20,ADM1,Tshopo,tshopo,64.7343138562536,3.98740387641981,56.9191458666553,72.5494818458518,714,2,2024 DHS
DRC,2013,DHS,DRC_2013_DHS_afb,women_first_birth_ever,first_birth_under20,ADM1,Tshuapa,tshuapa,60.8933478533963,3.4417847162096,54.147573767085,67.6391219397075,426,1,2013 DHS
DRC,2024,DHS,DRC_2024_DHS_afb,women_first_birth_ever,first_birth_under20,ADM1,Tshuapa,tshuapa,59.5518061798434,2.41626581892527,54.8160121976747,64.2876001620121,657,2,2024 DHS
Ethiopia,2011,DHS,ETH_2011_DHS_afb,women_first_birth_ever,first_birth_under20,ADM1,Addis Ababa,addis ababa,46.1374359628375,2.04704276025318,42.1253058779278,50.1495660477471,746,1,2011 DHS
Ethiopia,2016,DHS,ETH_2016_DHS_afb,women_first_birth_ever,first_birth_under20,ADM1,Addis Ababa,addis ababa,37.0528683494003,1.80807237826201,33.5091116065651,40.5966250922355,760,2,2016 DHS
Ethiopia,2019,DHS,ETH_2019_DHS_afb,women_first_birth_ever,first_birth_under20,ADM1,Addis Ababa,addis ababa,37.5933950634143,3.41777651672609,30.8946761834244,44.2921139434041,374,3,2019 DHS
Ethiopia,2024,DHS,ETH_2024_DHS_afb,women_first_birth_ever,first_birth_under20,ADM1,Addis Ababa,addis ababa,25.0636951843531,2.29541094442333,20.5647724035643,29.5626179651419,827,4,2024 DHS
Ethiopia,2011,DHS,ETH_2011_DHS_afb,women_first_birth_ever,first_birth_under20,ADM1,Afar,afar,66.2950100059741,1.95904356495013,62.4553551745269,70.1346648374213,944,1,2011 DHS
Ethiopia,2016,DHS,ETH_2016_DHS_afb,women_first_birth_ever,first_birth_under20,ADM1,Afar,afar,71.0043644584145,2.20307620449998,66.6864144423973,75.3223144744316,835,2,2016 DHS
Ethiopia,2019,DHS,ETH_2019_DHS_afb,women_first_birth_ever,first_birth_under20,ADM1,Afar,afar,66.4502333507736,2.77854447004108,61.0043862600502,71.8960804414971,500,3,2019 DHS
Ethiopia,2024,DHS,ETH_2024_DHS_afb,women_first_birth_ever,first_birth_under20,ADM1,Afar,afar,61.3802036470239,1.58871302406103,58.2663833380945,64.4940239559532,1045,4,2024 DHS
Ethiopia,2011,DHS,ETH_2011_DHS_afb,women_first_birth_ever,first_birth_under20,ADM1,Amhara,amhara,71.2569186068765,1.35836501238397,68.5945721047447,73.9192651090084,1415,1,2011 DHS
Ethiopia,2016,DHS,ETH_2016_DHS_afb,women_first_birth_ever,first_birth_under20,ADM1,Amhara,amhara,68.7529869087139,1.58954800508651,65.6375300670468,71.8684437503809,1160,2,2016 DHS
Ethiopia,2019,DHS,ETH_2019_DHS_afb,women_first_birth_ever,first_birth_under20,ADM1,Amhara,amhara,66.8049915731741,2.5976600357137,61.7136714590962,71.896311687252,643,3,2019 DHS
Ethiopia,2024,DHS,ETH_2024_DHS_afb,women_first_birth_ever,first_birth_under20,ADM1,Amhara,amhara,52.1416547691368,1.93062567343231,48.3576979815811,55.9256115566926,1170,4,2024 DHS
Ethiopia,2011,DHS,ETH_2011_DHS_afb,women_first_birth_ever,first_birth_under20,ADM1,Benishangul,benishangul,71.3587534159974,1.56853259191897,68.284486027259,74.4330208047359,916,1,2011 DHS
Ethiopia,2016,DHS,ETH_2016_DHS_afb,women_first_birth_ever,first_birth_under20,ADM1,Benishangul,benishangul,71.3291527936713,2.06477899185724,67.2822603335962,75.3760452537464,804,2,2016 DHS
Ethiopia,2019,DHS,ETH_2019_DHS_afb,women_first_birth_ever,first_birth_under20,ADM1,Benishangul,benishangul,69.935621951757,3.66489696251898,62.7525558981696,77.1186880053445,523,3,2019 DHS
Ethiopia,2024,DHS,ETH_2024_DHS_afb,women_first_birth_ever,first_birth_under20,ADM1,Benishangul,benishangul,61.2738850342381,2.28702259094507,56.7914031241563,65.7563669443199,821,4,2024 DHS
Ethiopia,2011,DHS,ETH_2011_DHS_afb,women_first_birth_ever,first_birth_under20,ADM1,Dire Dawa,dire dawa,49.898477585878,1.80586602900766,46.3590452081186,53.4379099636374,670,1,2011 DHS
Ethiopia,2016,DHS,ETH_2016_DHS_afb,women_first_birth_ever,first_birth_under20,ADM1,Dire Dawa,dire dawa,59.7202963225478,2.62136713965678,54.5825111385637,64.8580815065319,654,2,2016 DHS
Ethiopia,2019,DHS,ETH_2019_DHS_afb,women_first_birth_ever,first_birth_under20,ADM1,Dire Dawa,dire dawa,54.2418430727403,3.17392126097764,48.0210717114581,60.4626144340224,469,3,2019 DHS
Ethiopia,2024,DHS,ETH_2024_DHS_afb,women_first_birth_ever,first_birth_under20,ADM1,Dire Dawa,dire dawa,48.0384522983764,2.69361349413914,42.7590668615926,53.3178377351602,657,4,2024 DHS
Ethiopia,2011,DHS,ETH_2011_DHS_afb,women_first_birth_ever,first_birth_under20,ADM1,Gambela,gambela,68.9772480021103,1.9909654793961,65.0750273680314,72.8794686361892,832,1,2011 DHS
Ethiopia,2016,DHS,ETH_2016_DHS_afb,women_first_birth_ever,first_birth_under20,ADM1,Gambela,gambela,66.5213933583858,2.28809521374988,62.0368091462375,71.005977570534,756,2,2016 DHS
Ethiopia,2019,DHS,ETH_2019_DHS_afb,women_first_birth_ever,first_birth_under20,ADM1,Gambela,gambela,82.3392428025944,3.00492599377533,76.4496960785866,88.2287895266023,529,3,2019 DHS
Ethiopia,2024,DHS,ETH_2024_DHS_afb,women_first_birth_ever,first_birth_under20,ADM1,Gambela,gambela,62.9912961130608,2.99759386676305,57.1161200939271,68.8664721321946,886,4,2024 DHS
Ethiopia,2011,DHS,ETH_2011_DHS_afb,women_first_birth_ever,first_birth_under20,ADM1,Harari,harari,59.2881454852364,1.83547471057322,55.6906811579788,62.885609812494,695,1,2011 DHS
Ethiopia,2016,DHS,ETH_2016_DHS_afb,women_first_birth_ever,first_birth_under20,ADM1,Harari,harari,57.0568428562968,2.50575833768012,52.1456467604828,61.9680389521108,605,2,2016 DHS
Ethiopia,2019,DHS,ETH_2019_DHS_afb,women_first_birth_ever,first_birth_under20,ADM1,Harari,harari,61.9665589290833,2.8466555280541,56.3872166177054,67.5459012404612,476,3,2019 DHS
Ethiopia,2024,DHS,ETH_2024_DHS_afb,women_first_birth_ever,first_birth_under20,ADM1,Harari,harari,56.2870911264915,2.7774011086032,50.8434849830076,61.7306972699754,698,4,2024 DHS
Ethiopia,2011,DHS,ETH_2011_DHS_afb,women_first_birth_ever,first_birth_under20,ADM1,Oromia,oromia,66.3117741943962,1.78650540809056,62.8102879363527,69.8132604524398,1469,1,2011 DHS
Ethiopia,2016,DHS,ETH_2016_DHS_afb,women_first_birth_ever,first_birth_under20,ADM1,Oromia,oromia,67.2942294782278,1.81818238871452,63.7306574790224,70.8578014774333,1366,2,2016 DHS
Ethiopia,2019,DHS,ETH_2019_DHS_afb,women_first_birth_ever,first_birth_under20,ADM1,Oromia,oromia,72.6297625104553,1.94095847657261,68.8255538008852,76.4339712200253,708,3,2019 DHS
Ethiopia,2024,DHS,ETH_2024_DHS_afb,women_first_birth_ever,first_birth_under20,ADM1,Oromia,oromia,60.3550342679942,1.84062839425611,56.7474689063304,63.9625996296579,1424,4,2024 DHS
Ethiopia,2011,DHS,ETH_2011_DHS_afb,women_first_birth_ever,first_birth_under20,ADM1,SNNPR,snnpr,57.529727975859,1.89362468085588,53.8182918011453,61.2411641505727,1358,1,2011 DHS
Ethiopia,2016,DHS,ETH_2016_DHS_afb,women_first_birth_ever,first_birth_under20,ADM1,SNNPR,snnpr,61.67042070623,1.85982037479041,58.025239753927,65.315601658533,1225,2,2016 DHS
Ethiopia,2019,DHS,ETH_2019_DHS_afb,women_first_birth_ever,first_birth_under20,ADM1,SNNPR,snnpr,68.3227744008265,3.28935131726262,61.8757642864924,74.7697845151606,690,3,2019 DHS
Ethiopia,2024,DHS,ETH_2024_DHS_afb,women_first_birth_ever,first_birth_under20,ADM1,SNNPR,snnpr,48.8461568815253,0.993757663981832,46.8984276507603,50.7938861122904,4145,4,2024 DHS
Ethiopia,2011,DHS,ETH_2011_DHS_afb,women_first_birth_ever,first_birth_under20,ADM1,Somali,somali,58.0885344952754,2.77659844371287,52.6465015460682,63.5305674444826,678,1,2011 DHS
Ethiopia,2016,DHS,ETH_2016_DHS_afb,women_first_birth_ever,first_birth_under20,ADM1,Somali,somali,58.3620293557923,1.84251366581124,54.7507689297794,61.9732897818052,1002,2,2016 DHS
Ethiopia,2019,DHS,ETH_2019_DHS_afb,women_first_birth_ever,first_birth_under20,ADM1,Somali,somali,60.9596262102065,2.24706949359055,56.5554509320103,65.3638014884026,430,3,2019 DHS
Ethiopia,2024,DHS,ETH_2024_DHS_afb,women_first_birth_ever,first_birth_under20,ADM1,Somali,somali,54.8335276967959,2.17667555012206,50.5673220125277,59.099733381064,992,4,2024 DHS
Ethiopia,2011,DHS,ETH_2011_DHS_afb,women_first_birth_ever,first_birth_under20,ADM1,Tigray,tigray,67.2747578343547,1.83508023191611,63.6780666710577,70.8714489976517,1173,1,2011 DHS
Ethiopia,2016,DHS,ETH_2016_DHS_afb,women_first_birth_ever,first_birth_under20,ADM1,Tigray,tigray,65.7053425714865,1.64607144328604,62.479101826666,68.931583316307,1107,2,2016 DHS
Ethiopia,2019,DHS,ETH_2019_DHS_afb,women_first_birth_ever,first_birth_under20,ADM1,Tigray,tigray,61.5878562842299,2.99118560743402,55.7252402225847,67.4504723458752,504,3,2019 DHS
Ethiopia,2024,DHS,ETH_2024_DHS_afb,women_first_birth_ever,first_birth_under20,ADM1,Tigray,tigray,51.8917780822776,1.93459197106156,48.1000474942166,55.6835086703386,1165,4,2024 DHS
Nigeria,2013,DHS,NGA_2013_DHS_afb,women_first_birth_ever,first_birth_under20,ADM1,Abia,abia,32.848425737946,2.23690463705209,28.4641732124733,37.2326782634188,493,1,2013 DHS
Nigeria,2018,DHS,NGA_2018_DHS_afb,women_first_birth_ever,first_birth_under20,ADM1,Abia,abia,23.1636325705011,2.66692498904884,17.9365556424955,28.3907094985067,644,2,2018 DHS
Nigeria,2024,DHS,NGA_2024_DHS_afb,women_first_birth_ever,first_birth_under20,ADM1,Abia,abia,16.3614800072362,1.88520279391471,12.6665504276091,20.0564095868633,470,3,2024 DHS
Nigeria,2013,DHS,NGA_2013_DHS_afb,women_first_birth_ever,first_birth_under20,ADM1,Adamawa,adamawa,67.5626823324008,2.22482142203745,63.2021124731742,71.9232521916274,823,1,2013 DHS
Nigeria,2018,DHS,NGA_2018_DHS_afb,women_first_birth_ever,first_birth_under20,ADM1,Adamawa,adamawa,59.3409364509743,3.67892813087757,52.130369812743,66.5515030892055,797,2,2018 DHS
Nigeria,2024,DHS,NGA_2024_DHS_afb,women_first_birth_ever,first_birth_under20,ADM1,Adamawa,adamawa,59.3711990622395,3.2609334850767,52.9798868755085,65.7625112489705,789,3,2024 DHS
Nigeria,2013,DHS,NGA_2013_DHS_afb,women_first_birth_ever,first_birth_under20,ADM1,Akwa Ibom,akwa ibom,57.9723721916204,2.74007536941872,52.6019231526345,63.3428212306064,608,1,2013 DHS
Nigeria,2018,DHS,NGA_2018_DHS_afb,women_first_birth_ever,first_birth_under20,ADM1,Akwa Ibom,akwa ibom,47.5544830808059,2.48465317141126,42.6846523507666,52.4243138108452,627,2,2018 DHS
Nigeria,2024,DHS,NGA_2024_DHS_afb,women_first_birth_ever,first_birth_under20,ADM1,Akwa Ibom,akwa ibom,46.9427533595541,2.68307489312967,41.6840232011963,52.2014835179119,494,3,2024 DHS
Nigeria,2013,DHS,NGA_2013_DHS_afb,women_first_birth_ever,first_birth_under20,ADM1,Anambra,anambra,37.4740255430799,4.63669210681835,28.3862760063148,46.561775079845,515,1,2013 DHS
Nigeria,2018,DHS,NGA_2018_DHS_afb,women_first_birth_ever,first_birth_under20,ADM1,Anambra,anambra,29.1973234161726,2.04125448655652,25.196538139241,33.1981086931041,817,2,2018 DHS
Nigeria,2024,DHS,NGA_2024_DHS_afb,women_first_birth_ever,first_birth_under20,ADM1,Anambra,anambra,21.4885275349397,1.93910136977492,17.6879586878086,25.2890963820709,643,3,2024 DHS
Nigeria,2013,DHS,NGA_2013_DHS_afb,women_first_birth_ever,first_birth_under20,ADM1,Bauchi,bauchi,80.8068431328952,1.80150796440895,77.2759524047917,84.3377338609989,1001,1,2013 DHS
Nigeria,2018,DHS,NGA_2018_DHS_afb,women_first_birth_ever,first_birth_under20,ADM1,Bauchi,bauchi,81.6433680013244,1.44509878629313,78.8110264260873,84.4757095765615,1077,2,2018 DHS
Nigeria,2024,DHS,NGA_2024_DHS_afb,women_first_birth_ever,first_birth_under20,ADM1,Bauchi,bauchi,65.5409513830954,2.89833823912544,59.8603128193943,71.2215899467964,884,3,2024 DHS
Nigeria,2013,DHS,NGA_2013_DHS_afb,women_first_birth_ever,first_birth_under20,ADM1,Bayelsa,bayelsa,69.0593860272512,2.15560975244965,64.8344685477266,73.2843035067758,816,1,2013 DHS
Nigeria,2018,DHS,NGA_2018_DHS_afb,women_first_birth_ever,first_birth_under20,ADM1,Bayelsa,bayelsa,53.3562436869342,2.99743567833787,47.4813777114166,59.2311096624519,556,2,2018 DHS
Nigeria,2024,DHS,NGA_2024_DHS_afb,women_first_birth_ever,first_birth_under20,ADM1,Bayelsa,bayelsa,48.087378554831,4.03736483987943,40.174288876219,56.000468233443,513,3,2024 DHS
Nigeria,2013,DHS,NGA_2013_DHS_afb,women_first_birth_ever,first_birth_under20,ADM1,Benue,benue,70.4748898833508,2.61136705905719,65.3567044971845,75.5930752695172,580,1,2013 DHS
Nigeria,2018,DHS,NGA_2018_DHS_afb,women_first_birth_ever,first_birth_under20,ADM1,Benue,benue,55.2878568831835,2.08689312130066,51.1976215258498,59.3780922405172,901,2,2018 DHS
Nigeria,2024,DHS,NGA_2024_DHS_afb,women_first_birth_ever,first_birth_under20,ADM1,Benue,benue,48.9766108550982,2.61578059120794,43.8497751048717,54.1034466053246,631,3,2024 DHS
Nigeria,2013,DHS,NGA_2013_DHS_afb,women_first_birth_ever,first_birth_under20,ADM1,Borno,borno,62.5303620146399,2.23953684188562,58.1409504624935,66.9197735667863,537,1,2013 DHS
Nigeria,2018,DHS,NGA_2018_DHS_afb,women_first_birth_ever,first_birth_under20,ADM1,Borno,borno,66.3496365455496,1.94819081059386,62.5312527217738,70.1680203693255,874,2,2018 DHS
Nigeria,2024,DHS,NGA_2024_DHS_afb,women_first_birth_ever,first_birth_under20,ADM1,Borno,borno,52.5796871719947,2.82183028044888,47.0490014518303,58.1103728921591,671,3,2024 DHS
Nigeria,2013,DHS,NGA_2013_DHS_afb,women_first_birth_ever,first_birth_under20,ADM1,Cross River,cross river,51.1484623021708,3.78364659197502,43.7326512516721,58.5642733526696,533,1,2013 DHS
Nigeria,2018,DHS,NGA_2018_DHS_afb,women_first_birth_ever,first_birth_under20,ADM1,Cross River,cross river,51.6381867614969,3.39343314508685,44.9871800131822,58.2891935098116,545,2,2018 DHS
Nigeria,2024,DHS,NGA_2024_DHS_afb,women_first_birth_ever,first_birth_under20,ADM1,Cross River,cross river,35.7698324130615,2.35962881315547,31.1450449223938,40.3946199037292,549,3,2024 DHS
Nigeria,2013,DHS,NGA_2013_DHS_afb,women_first_birth_ever,first_birth_under20,ADM1,Delta,delta,48.1590195319025,4.37047957467115,39.5930369703791,56.7250020934259,677,1,2013 DHS
Nigeria,2018,DHS,NGA_2018_DHS_afb,women_first_birth_ever,first_birth_under20,ADM1,Delta,delta,36.277131909141,3.73652232101036,28.9536827325307,43.6005810857513,553,2,2018 DHS
Nigeria,2024,DHS,NGA_2024_DHS_afb,women_first_birth_ever,first_birth_under20,ADM1,Delta,delta,31.4426847121348,2.74206402170449,26.0683379862909,36.8170314379786,613,3,2024 DHS
Nigeria,2013,DHS,NGA_2013_DHS_afb,women_first_birth_ever,first_birth_under20,ADM1,Ebonyi,ebonyi,50.4908031718049,2.73065347302613,45.1388207104145,55.8427856331954,661,1,2013 DHS
Nigeria,2018,DHS,NGA_2018_DHS_afb,women_first_birth_ever,first_birth_under20,ADM1,Ebonyi,ebonyi,41.5453510014706,2.85731123191795,35.9451238942897,47.1455781086516,893,2,2018 DHS
Nigeria,2024,DHS,NGA_2024_DHS_afb,women_first_birth_ever,first_birth_under20,ADM1,Ebonyi,ebonyi,39.1251889268816,2.52816123651515,34.1700839562016,44.0802938975615,840,3,2024 DHS
Nigeria,2013,DHS,NGA_2013_DHS_afb,women_first_birth_ever,first_birth_under20,ADM1,Edo,edo,40.7617266312301,3.65025604821557,33.6073562423781,47.9160970200822,606,1,2013 DHS
Nigeria,2018,DHS,NGA_2018_DHS_afb,women_first_birth_ever,first_birth_under20,ADM1,Edo,edo,30.1504807855938,2.51590214886239,25.2194031851966,35.081558385991,479,2,2018 DHS
Nigeria,2024,DHS,NGA_2024_DHS_afb,women_first_birth_ever,first_birth_under20,ADM1,Edo,edo,23.0743037415571,2.47780882497618,18.2178876840283,27.930719799086,541,3,2024 DHS
Nigeria,2013,DHS,NGA_2013_DHS_afb,women_first_birth_ever,first_birth_under20,ADM1,Ekiti,ekiti,34.0570517720379,2.47328966065207,29.2094931138246,38.9046104302513,557,1,2013 DHS
Nigeria,2018,DHS,NGA_2018_DHS_afb,women_first_birth_ever,first_birth_under20,ADM1,Ekiti,ekiti,39.1859489181556,2.61224008258338,34.0660524373203,44.305845398991,567,2,2018 DHS
Nigeria,2024,DHS,NGA_2024_DHS_afb,women_first_birth_ever,first_birth_under20,ADM1,Ekiti,ekiti,31.1305013179017,3.0405554268265,25.171122188324,37.0898804474795,369,3,2024 DHS
Nigeria,2013,DHS,NGA_2013_DHS_afb,women_first_birth_ever,first_birth_under20,ADM1,Enugu,enugu,41.1649790838561,2.32876131786411,36.6006907722524,45.7292673954598,536,1,2013 DHS
Nigeria,2018,DHS,NGA_2018_DHS_afb,women_first_birth_ever,first_birth_under20,ADM1,Enugu,enugu,35.8822088578771,2.72630536704984,30.5387485276012,41.2256691881531,614,2,2018 DHS
Nigeria,2024,DHS,NGA_2024_DHS_afb,women_first_birth_ever,first_birth_under20,ADM1,Enugu,enugu,30.7432961551665,2.61695791728996,25.6141528882212,35.8724394221118,485,3,2024 DHS
Nigeria,2013,DHS,NGA_2013_DHS_afb,women_first_birth_ever,first_birth_under20,ADM1,FCT Abuja,fct abuja,41.8890376473894,3.11097865471193,35.7916315274811,47.9864437672977,452,1,2013 DHS
Nigeria,2018,DHS,NGA_2018_DHS_afb,women_first_birth_ever,first_birth_under20,ADM1,FCT Abuja,fct abuja,47.5405462261531,3.71606554200354,40.2571915996359,54.8239008526704,796,2,2018 DHS
Nigeria,2024,DHS,NGA_2024_DHS_afb,women_first_birth_ever,first_birth_under20,ADM1,FCT Abuja,fct abuja,31.3905349622657,2.99184462774306,25.5266272445497,37.2544426799818,520,3,2024 DHS
Nigeria,2013,DHS,NGA_2013_DHS_afb,women_first_birth_ever,first_birth_under20,ADM1,Gombe,gombe,74.6739018562027,1.97267365052566,70.8075325479212,78.5402711644841,855,1,2013 DHS
Nigeria,2018,DHS,NGA_2018_DHS_afb,women_first_birth_ever,first_birth_under20,ADM1,Gombe,gombe,76.9284541144339,2.90207779566545,71.2404861545962,82.6164220742715,1037,2,2018 DHS
Nigeria,2024,DHS,NGA_2024_DHS_afb,women_first_birth_ever,first_birth_under20,ADM1,Gombe,gombe,68.308569730378,3.46256153777854,61.5220738220784,75.0950656386775,806,3,2024 DHS
Nigeria,2013,DHS,NGA_2013_DHS_afb,women_first_birth_ever,first_birth_under20,ADM1,Imo,imo,30.0455055872582,4.06752135282787,22.0733102293679,38.0177009451484,416,1,2013 DHS
Nigeria,2018,DHS,NGA_2018_DHS_afb,women_first_birth_ever,first_birth_under20,ADM1,Imo,imo,22.4439523249111,2.56508480728409,17.4164784853434,27.4714261644788,649,2,2018 DHS
Nigeria,2024,DHS,NGA_2024_DHS_afb,women_first_birth_ever,first_birth_under20,ADM1,Imo,imo,17.9399905997753,1.81312064661607,14.3863394327818,21.4936417667688,653,3,2024 DHS
Nigeria,2013,DHS,NGA_2013_DHS_afb,women_first_birth_ever,first_birth_under20,ADM1,Jigawa,jigawa,79.4215990638065,2.20487633830818,75.1001208503579,83.7430772772551,1037,1,2013 DHS
Nigeria,2018,DHS,NGA_2018_DHS_afb,women_first_birth_ever,first_birth_under20,ADM1,Jigawa,jigawa,82.1019512005115,1.60183886850362,78.962404709208,85.241497691815,1106,2,2018 DHS
Nigeria,2024,DHS,NGA_2024_DHS_afb,women_first_birth_ever,first_birth_under20,ADM1,Jigawa,jigawa,67.8365552671209,1.8890775033933,64.1340313964652,71.5390791377766,955,3,2024 DHS
Nigeria,2013,DHS,NGA_2013_DHS_afb,women_first_birth_ever,first_birth_under20,ADM1,Kaduna,kaduna,67.1886831772009,2.68786958988021,61.9205555858953,72.4568107685066,900,1,2013 DHS
Nigeria,2018,DHS,NGA_2018_DHS_afb,women_first_birth_ever,first_birth_under20,ADM1,Kaduna,kaduna,67.7859463447061,2.85892808900085,62.1825502558745,73.3893424335377,1202,2,2018 DHS
Nigeria,2024,DHS,NGA_2024_DHS_afb,women_first_birth_ever,first_birth_under20,ADM1,Kaduna,kaduna,67.5076666062421,3.13485200221493,61.3634695850375,73.6518636274466,1080,3,2024 DHS
Nigeria,2013,DHS,NGA_2013_DHS_afb,women_first_birth_ever,first_birth_under20,ADM1,Kano,kano,74.3217252725329,1.61138273473687,71.163473147139,77.4799773979269,1677,1,2013 DHS
Nigeria,2018,DHS,NGA_2018_DHS_afb,women_first_birth_ever,first_birth_under20,ADM1,Kano,kano,76.4774775204646,1.94865253044632,72.658188742407,80.2967662985222,1494,2,2018 DHS
Nigeria,2024,DHS,NGA_2024_DHS_afb,women_first_birth_ever,first_birth_under20,ADM1,Kano,kano,60.6434017302923,2.2846408570308,56.1655879329032,65.1212155276814,1210,3,2024 DHS
Nigeria,2013,DHS,NGA_2013_DHS_afb,women_first_birth_ever,first_birth_under20,ADM1,Katsina,katsina,82.7227627958243,1.3006782378582,80.1734802941473,85.2720452975014,1111,1,2013 DHS
Nigeria,2018,DHS,NGA_2018_DHS_afb,women_first_birth_ever,first_birth_under20,ADM1,Katsina,katsina,80.9219016984417,1.62797545165684,77.7311284454789,84.1126749514044,1106,2,2018 DHS
Nigeria,2024,DHS,NGA_2024_DHS_afb,women_first_birth_ever,first_birth_under20,ADM1,Katsina,katsina,67.0829037441109,1.89159730922139,63.3754411447841,70.7903663434377,914,3,2024 DHS
Nigeria,2013,DHS,NGA_2013_DHS_afb,women_first_birth_ever,first_birth_under20,ADM1,Kebbi,kebbi,74.1945209311237,1.62667559989779,71.0062953407939,77.3827465214534,953,1,2013 DHS
Nigeria,2018,DHS,NGA_2018_DHS_afb,women_first_birth_ever,first_birth_under20,ADM1,Kebbi,kebbi,79.4835148551962,1.24600538322794,77.0413891795264,81.9256405308659,1041,2,2018 DHS
Nigeria,2024,DHS,NGA_2024_DHS_afb,women_first_birth_ever,first_birth_under20,ADM1,Kebbi,kebbi,62.1448273478049,1.92662825437621,58.3687053576303,65.9209493379796,1008,3,2024 DHS
Nigeria,2013,DHS,NGA_2013_DHS_afb,women_first_birth_ever,first_birth_under20,ADM1,Kogi,kogi,50.1258087964843,3.67673523586669,42.9195401534962,57.3320774394724,537,1,2013 DHS
Nigeria,2018,DHS,NGA_2018_DHS_afb,women_first_birth_ever,first_birth_under20,ADM1,Kogi,kogi,56.6677578925552,2.96702952928786,50.8524868740841,62.4830289110262,649,2,2018 DHS
Nigeria,2024,DHS,NGA_2024_DHS_afb,women_first_birth_ever,first_birth_under20,ADM1,Kogi,kogi,46.7375005964548,3.72107477638135,39.4443280509669,54.0306731419427,699,3,2024 DHS
Nigeria,2013,DHS,NGA_2013_DHS_afb,women_first_birth_ever,first_birth_under20,ADM1,Kwara,kwara,31.4528693171465,4.11044411176294,23.3965468976264,39.5091917366666,644,1,2013 DHS
Nigeria,2018,DHS,NGA_2018_DHS_afb,women_first_birth_ever,first_birth_under20,ADM1,Kwara,kwara,43.0766774380698,4.10796829584312,35.0252075285849,51.1281473475547,642,2,2018 DHS
Nigeria,2024,DHS,NGA_2024_DHS_afb,women_first_birth_ever,first_birth_under20,ADM1,Kwara,kwara,32.9379725141752,2.7229067431853,27.6011733642708,38.2747716640797,664,3,2024 DHS
Nigeria,2013,DHS,NGA_2013_DHS_afb,women_first_birth_ever,first_birth_under20,ADM1,Lagos,lagos,23.7567720746734,2.3174441485722,19.2146650072888,28.298879142058,976,1,2013 DHS
Nigeria,2018,DHS,NGA_2018_DHS_afb,women_first_birth_ever,first_birth_under20,ADM1,Lagos,lagos,24.7204723982225,4.03066995955876,16.8205044439198,32.6204403525252,947,2,2018 DHS
Nigeria,2024,DHS,NGA_2024_DHS_afb,women_first_birth_ever,first_birth_under20,ADM1,Lagos,lagos,15.2429162427151,2.10102074248446,11.124991256674,19.3608412287563,631,3,2024 DHS
Nigeria,2013,DHS,NGA_2013_DHS_afb,women_first_birth_ever,first_birth_under20,ADM1,Nasarawa,nasarawa,52.8736989177219,2.25642664701715,48.4511839558118,57.296213879632,604,1,2013 DHS
Nigeria,2018,DHS,NGA_2018_DHS_afb,women_first_birth_ever,first_birth_under20,ADM1,Nasarawa,nasarawa,55.4018186038829,3.96598278987391,47.6286351724243,63.1750020353414,750,2,2018 DHS
Nigeria,2024,DHS,NGA_2024_DHS_afb,women_first_birth_ever,first_birth_under20,ADM1,Nasarawa,nasarawa,49.561481420137,3.14692756943046,43.3936167220972,55.7293461181769,750,3,2024 DHS
Nigeria,2013,DHS,NGA_2013_DHS_afb,women_first_birth_ever,first_birth_under20,ADM1,Niger,niger,61.9749901199304,3.34077803129892,55.4271854982419,68.5227947416189,773,1,2013 DHS
Nigeria,2018,DHS,NGA_2018_DHS_afb,women_first_birth_ever,first_birth_under20,ADM1,Niger,niger,62.695349452667,2.04594340634517,58.6853740618233,66.7053248435107,974,2,2018 DHS
Nigeria,2024,DHS,NGA_2024_DHS_afb,women_first_birth_ever,first_birth_under20,ADM1,Niger,niger,51.0756518991223,2.38020985864239,46.410526300536,55.7407774977085,935,3,2024 DHS
Nigeria,2013,DHS,NGA_2013_DHS_afb,women_first_birth_ever,first_birth_under20,ADM1,Ogun,ogun,41.4046543998382,3.90925716869625,33.7426511428885,49.0666576567878,529,1,2013 DHS
Nigeria,2018,DHS,NGA_2018_DHS_afb,women_first_birth_ever,first_birth_under20,ADM1,Ogun,ogun,31.0002697739041,2.94011481712262,25.2377506219312,36.762788925877,595,2,2018 DHS
Nigeria,2024,DHS,NGA_2024_DHS_afb,women_first_birth_ever,first_birth_under20,ADM1,Ogun,ogun,24.3711037599809,2.19918290210688,20.0607844764351,28.6814230435267,670,3,2024 DHS
Nigeria,2013,DHS,NGA_2013_DHS_afb,women_first_birth_ever,first_birth_under20,ADM1,Ondo,ondo,39.5973821168862,4.16128993117605,31.441403722552,47.7533605112204,623,1,2013 DHS
Nigeria,2018,DHS,NGA_2018_DHS_afb,women_first_birth_ever,first_birth_under20,ADM1,Ondo,ondo,38.4034145305642,2.78156669061464,32.9516439963632,43.8551850647651,620,2,2018 DHS
Nigeria,2024,DHS,NGA_2024_DHS_afb,women_first_birth_ever,first_birth_under20,ADM1,Ondo,ondo,30.9351878379297,2.71274876559957,25.6182979582491,36.2520777176104,483,3,2024 DHS
Nigeria,2013,DHS,NGA_2013_DHS_afb,women_first_birth_ever,first_birth_under20,ADM1,Osun,osun,26.014349427472,1.99468891176692,22.1048310000475,29.9238678548966,627,1,2013 DHS
Nigeria,2018,DHS,NGA_2018_DHS_afb,women_first_birth_ever,first_birth_under20,ADM1,Osun,osun,32.2942647477196,2.68718923319945,27.0274706310048,37.5610588644343,566,2,2018 DHS
Nigeria,2024,DHS,NGA_2024_DHS_afb,women_first_birth_ever,first_birth_under20,ADM1,Osun,osun,22.1231382540344,2.20243557331481,17.8064438520675,26.4398326560012,434,3,2024 DHS
Nigeria,2013,DHS,NGA_2013_DHS_afb,women_first_birth_ever,first_birth_under20,ADM1,Oyo,oyo,43.7779970383886,3.02964304591039,37.840005782392,49.7159882943852,672,1,2013 DHS
Nigeria,2018,DHS,NGA_2018_DHS_afb,women_first_birth_ever,first_birth_under20,ADM1,Oyo,oyo,35.153805348529,3.73278678879107,27.8376776805316,42.4699330165264,688,2,2018 DHS
Nigeria,2024,DHS,NGA_2024_DHS_afb,women_first_birth_ever,first_birth_under20,ADM1,Oyo,oyo,24.2277991454072,1.71504071531363,20.8663811113727,27.5892171794418,745,3,2024 DHS
Nigeria,2013,DHS,NGA_2013_DHS_afb,women_first_birth_ever,first_birth_under20,ADM1,Plateau,plateau,42.0328606404769,2.45153223052105,37.2279457617165,46.8377755192373,600,1,2013 DHS
Nigeria,2018,DHS,NGA_2018_DHS_afb,women_first_birth_ever,first_birth_under20,ADM1,Plateau,plateau,52.5876426749285,3.03837358725515,46.6325398723306,58.5427454775263,740,2,2018 DHS
Nigeria,2024,DHS,NGA_2024_DHS_afb,women_first_birth_ever,first_birth_under20,ADM1,Plateau,plateau,50.3882793781595,2.91604232291126,44.6729414478589,56.1036173084601,876,3,2024 DHS
Nigeria,2013,DHS,NGA_2013_DHS_afb,women_first_birth_ever,first_birth_under20,ADM1,Rivers,rivers,44.9278224974209,4.63075017992544,35.8517189233647,54.0039260714772,590,1,2013 DHS
Nigeria,2018,DHS,NGA_2018_DHS_afb,women_first_birth_ever,first_birth_under20,ADM1,Rivers,rivers,33.4863211170546,2.45393310776832,28.6767006053582,38.2959416287509,741,2,2018 DHS
Nigeria,2024,DHS,NGA_2024_DHS_afb,women_first_birth_ever,first_birth_under20,ADM1,Rivers,rivers,33.2904245224169,2.34918992980027,28.6860968671642,37.8947521776697,720,3,2024 DHS
Nigeria,2013,DHS,NGA_2013_DHS_afb,women_first_birth_ever,first_birth_under20,ADM1,Sokoto,sokoto,83.2619020970798,1.4792706415623,80.3625849162302,86.1612192779294,1057,1,2013 DHS
Nigeria,2018,DHS,NGA_2018_DHS_afb,women_first_birth_ever,first_birth_under20,ADM1,Sokoto,sokoto,75.79265301028,1.57220432800149,72.7111891510591,78.8741168695009,834,2,2018 DHS
Nigeria,2024,DHS,NGA_2024_DHS_afb,women_first_birth_ever,first_birth_under20,ADM1,Sokoto,sokoto,58.7574012522508,2.35116652032845,54.1491995507507,63.3656029537509,1002,3,2024 DHS
Nigeria,2013,DHS,NGA_2013_DHS_afb,women_first_birth_ever,first_birth_under20,ADM1,Taraba,taraba,68.510527263847,2.63701918182607,63.3420646409266,73.6789898867674,1039,1,2013 DHS
Nigeria,2018,DHS,NGA_2018_DHS_afb,women_first_birth_ever,first_birth_under20,ADM1,Taraba,taraba,68.3516801557905,2.59375649497909,63.2680108409646,73.4353494706163,931,2,2018 DHS
Nigeria,2024,DHS,NGA_2024_DHS_afb,women_first_birth_ever,first_birth_under20,ADM1,Taraba,taraba,55.8558913188499,3.46687794588579,49.0609354061176,62.6508472315823,636,3,2024 DHS
Nigeria,2013,DHS,NGA_2013_DHS_afb,women_first_birth_ever,first_birth_under20,ADM1,Yobe,yobe,68.5513536264625,2.73460921157911,63.191618059976,73.911089192949,841,1,2013 DHS
Nigeria,2018,DHS,NGA_2018_DHS_afb,women_first_birth_ever,first_birth_under20,ADM1,Yobe,yobe,75.8927226158394,1.42124371569169,73.1071361198298,78.678309111849,978,2,2018 DHS
Nigeria,2024,DHS,NGA_2024_DHS_afb,women_first_birth_ever,first_birth_under20,ADM1,Yobe,yobe,65.5622488081923,3.86912381218886,57.9789054845759,73.1455921318088,837,3,2024 DHS
Nigeria,2013,DHS,NGA_2013_DHS_afb,women_first_birth_ever,first_birth_under20,ADM1,Zamfara,zamfara,76.761219462819,1.81237137339881,73.209036844346,80.3134020812921,995,1,2013 DHS
Nigeria,2018,DHS,NGA_2018_DHS_afb,women_first_birth_ever,first_birth_under20,ADM1,Zamfara,zamfara,76.5328998782957,2.58667096063448,71.4631179555965,81.6026818009949,962,2,2018 DHS
Nigeria,2024,DHS,NGA_2024_DHS_afb,women_first_birth_ever,first_birth_under20,ADM1,Zamfara,zamfara,69.2262039165461,2.5191189241842,64.2888215523717,74.1635862807204,677,3,2024 DHS
