country,survey_year,survey_source,survey_label,indicator,admin_name,estimate,ci_l,ci_u
DRC,2013,DHS,2013 DHS,anc4plus,Bas-Uele,39.572666,20.038018,59.107315
DRC,2013,DHS,2013 DHS,anc4plus,Equateur,65.346516,53.242376,77.450655
DRC,2013,DHS,2013 DHS,anc4plus,Haut-Katanga,47.46886,38.820519,56.117202
DRC,2013,DHS,2013 DHS,anc4plus,Haut-Lomami,41.79437,28.008749,55.579992
DRC,2013,DHS,2013 DHS,anc4plus,Haut-Uele,48.676925,42.096495,55.257355
DRC,2013,DHS,2013 DHS,anc4plus,Ituri,56.512938,46.132936,66.892941
DRC,2013,DHS,2013 DHS,anc4plus,Kasai,43.521968,37.938841,49.105094
DRC,2013,DHS,2013 DHS,anc4plus,Kasai Central,43.300453,33.386058,53.214847
DRC,2013,DHS,2013 DHS,anc4plus,Kasai Oriental,56.834348,50.006087,63.66261
DRC,2013,DHS,2013 DHS,anc4plus,Kinshasa,74.236269,69.975194,78.497344
DRC,2013,DHS,2013 DHS,anc4plus,Kongo Central,39.058061,29.950413,48.165709
DRC,2013,DHS,2013 DHS,anc4plus,Kwango,27.990395,20.611422,35.369368
DRC,2013,DHS,2013 DHS,anc4plus,Kwilu,51.024096,43.938367,58.109825
DRC,2013,DHS,2013 DHS,anc4plus,Lomami,38.853656,30.090825,47.616487
DRC,2013,DHS,2013 DHS,anc4plus,Lualaba,52.568414,44.953813,60.183016
DRC,2013,DHS,2013 DHS,anc4plus,Mai-Ndombe,61.381791,53.367387,69.396195
DRC,2013,DHS,2013 DHS,anc4plus,Maniema,39.338688,32.007926,46.669451
DRC,2013,DHS,2013 DHS,anc4plus,Mongala,47.278443,37.507365,57.049521
DRC,2013,DHS,2013 DHS,anc4plus,Nord Ubangi,42.813713,33.951387,51.676039
DRC,2013,DHS,2013 DHS,anc4plus,Nord-Kivu,56.771075,46.559283,66.982867
DRC,2013,DHS,2013 DHS,anc4plus,Sankuru,27.727223,11.2989,44.155546
DRC,2013,DHS,2013 DHS,anc4plus,Sud Ubangi,54.590128,41.480357,67.699899
DRC,2013,DHS,2013 DHS,anc4plus,Sud-Kivu,35.260602,27.544103,42.977101
DRC,2013,DHS,2013 DHS,anc4plus,Tanganyika,28.744074,17.918237,39.569911
DRC,2013,DHS,2013 DHS,anc4plus,Tshopo,49.277575,39.760798,58.794352
DRC,2013,DHS,2013 DHS,anc4plus,Tshuapa,35.818544,22.754102,48.882986
DRC,2024,DHS,2023–24 DHS,anc4plus,Bas-Uele,24.25363,12.631273,35.875987
DRC,2024,DHS,2023–24 DHS,anc4plus,Equateur,48.688968,35.984762,61.393173
DRC,2024,DHS,2023–24 DHS,anc4plus,Haut-Katanga,47.965755,37.782334,58.149176
DRC,2024,DHS,2023–24 DHS,anc4plus,Haut-Lomami,34.381983,28.052995,40.71097
DRC,2024,DHS,2023–24 DHS,anc4plus,Haut-Uele,30.473965,22.888267,38.059664
DRC,2024,DHS,2023–24 DHS,anc4plus,Ituri,39.702706,34.136825,45.268588
DRC,2024,DHS,2023–24 DHS,anc4plus,Kasai,26.604883,13.275159,39.934608
DRC,2024,DHS,2023–24 DHS,anc4plus,Kasai Central,43.295979,36.423865,50.168093
DRC,2024,DHS,2023–24 DHS,anc4plus,Kasai Oriental,34.698145,25.788889,43.607401
DRC,2024,DHS,2023–24 DHS,anc4plus,Kinshasa,69.19981,63.140688,75.258932
DRC,2024,DHS,2023–24 DHS,anc4plus,Kongo Central,46.591919,37.75377,55.430069
DRC,2024,DHS,2023–24 DHS,anc4plus,Kwango,28.543366,18.737989,38.348742
DRC,2024,DHS,2023–24 DHS,anc4plus,Kwilu,49.32902,38.649206,60.008835
DRC,2024,DHS,2023–24 DHS,anc4plus,Lomami,31.705168,24.00629,39.404045
DRC,2024,DHS,2023–24 DHS,anc4plus,Lualaba,56.845866,46.531231,67.160501
DRC,2024,DHS,2023–24 DHS,anc4plus,Mai-Ndombe,62.428795,49.770346,75.087243
DRC,2024,DHS,2023–24 DHS,anc4plus,Maniema,29.817499,23.91291,35.722089
DRC,2024,DHS,2023–24 DHS,anc4plus,Mongala,45.638067,37.37177,53.904364
DRC,2024,DHS,2023–24 DHS,anc4plus,Nord Ubangi,40.777702,26.438065,55.117339
DRC,2024,DHS,2023–24 DHS,anc4plus,Nord-Kivu,50.668947,42.464298,58.873597
DRC,2024,DHS,2023–24 DHS,anc4plus,Sankuru,14.184444,7.126292,21.242595
DRC,2024,DHS,2023–24 DHS,anc4plus,Sud Ubangi,39.788027,32.459123,47.116932
DRC,2024,DHS,2023–24 DHS,anc4plus,Sud-Kivu,61.335376,52.121669,70.549083
DRC,2024,DHS,2023–24 DHS,anc4plus,Tanganyika,25.468926,18.861004,32.076849
DRC,2024,DHS,2023–24 DHS,anc4plus,Tshopo,49.27738,36.699069,61.855692
DRC,2024,DHS,2023–24 DHS,anc4plus,Tshuapa,24.070656,15.998668,32.142643
DRC,2013,DHS,2013 DHS,anemia_women,Bas-Uele,48.85419643,43.41530801,54.29308484
DRC,2013,DHS,2013 DHS,anemia_women,Equateur,44.64411038,37.45201591,51.83620486
DRC,2013,DHS,2013 DHS,anemia_women,Haut-Katanga,41.7312191,36.17760936,47.28482884
DRC,2013,DHS,2013 DHS,anemia_women,Haut-Lomami,46.01571189,38.44110409,53.59031969
DRC,2013,DHS,2013 DHS,anemia_women,Haut-Uele,31.63129715,22.74481523,40.51777906
DRC,2013,DHS,2013 DHS,anemia_women,Ituri,30.59619121,22.89738052,38.2950019
DRC,2013,DHS,2013 DHS,anemia_women,Kasai,41.03163378,26.70159483,55.36167273
DRC,2013,DHS,2013 DHS,anemia_women,Kasai-Central,51.55285089,44.21126101,58.89444077
DRC,2013,DHS,2013 DHS,anemia_women,Kasai-Oriental,38.25099538,31.68444279,44.81754797
DRC,2013,DHS,2013 DHS,anemia_women,Kinshasa,46.67994828,43.58744183,49.77245472
DRC,2013,DHS,2013 DHS,anemia_women,Kongo Central,54.71769659,47.38904311,62.04635006
DRC,2013,DHS,2013 DHS,anemia_women,Kwango,28.20319784,22.4604177,33.94597797
DRC,2013,DHS,2013 DHS,anemia_women,Kwilu,35.20088221,28.87850652,41.5232579
DRC,2013,DHS,2013 DHS,anemia_women,Lomami,44.4710144,32.37989064,56.56213817
DRC,2013,DHS,2013 DHS,anemia_women,Lualaba,31.3097673,20.38898084,42.23055376
DRC,2013,DHS,2013 DHS,anemia_women,Mai-Ndombe,51.90657796,36.98617559,66.82698033
DRC,2013,DHS,2013 DHS,anemia_women,Maniema,49.51299106,43.87739783,55.14858429
DRC,2013,DHS,2013 DHS,anemia_women,Mongala,35.4805968,22.55675516,48.40443844
DRC,2013,DHS,2013 DHS,anemia_women,Nord-Kivu,20.68430468,16.80619444,24.56241492
DRC,2013,DHS,2013 DHS,anemia_women,Nord-Ubangi,27.01382202,20.64791953,33.37972452
DRC,2013,DHS,2013 DHS,anemia_women,Sankuru,37.99070554,25.41923925,50.56217183
DRC,2013,DHS,2013 DHS,anemia_women,Sud-Kivu,22.70339914,12.79426296,32.61253532
DRC,2013,DHS,2013 DHS,anemia_women,Sud-Ubangi,27.24583728,21.5979597,32.89371486
DRC,2013,DHS,2013 DHS,anemia_women,Tanganyika,55.32394348,45.37962342,65.26826355
DRC,2013,DHS,2013 DHS,anemia_women,Tshopo,39.64164994,30.83919392,48.44410595
DRC,2013,DHS,2013 DHS,anemia_women,Tshuapa,44.83669291,40.29453052,49.3788553
DRC,2024,DHS,2024 DHS,anemia_women,Bas-Uele,52.19790521,46.17210113,58.2237093
DRC,2024,DHS,2024 DHS,anemia_women,Equateur,46.13368683,39.42085563,52.84651803
DRC,2024,DHS,2024 DHS,anemia_women,Haut-Katanga,47.73422063,44.0115745,51.45686676
DRC,2024,DHS,2024 DHS,anemia_women,Haut-Lomami,50.62036479,44.31846908,56.9222605
DRC,2024,DHS,2024 DHS,anemia_women,Haut-Uele,20.01550384,9.409439994,30.62156769
DRC,2024,DHS,2024 DHS,anemia_women,Ituri,26.65892704,21.06760468,32.2502494
DRC,2024,DHS,2024 DHS,anemia_women,Kasai,39.43153683,32.47377661,46.38929705
DRC,2024,DHS,2024 DHS,anemia_women,Kasai-Central,37.70505018,29.4858056,45.92429475
DRC,2024,DHS,2024 DHS,anemia_women,Kasai-Oriental,38.29265923,33.79908582,42.78623264
DRC,2024,DHS,2024 DHS,anemia_women,Kinshasa,51.37402788,46.64271231,56.10534346
DRC,2024,DHS,2024 DHS,anemia_women,Kongo Central,53.86678421,48.93746996,58.79609846
DRC,2024,DHS,2024 DHS,anemia_women,Kwango,40.80110987,33.06032016,48.54189958
DRC,2024,DHS,2024 DHS,anemia_women,Kwilu,33.72567736,26.21528438,41.23607035
DRC,2024,DHS,2024 DHS,anemia_women,Lomami,34.56479806,29.20358662,39.92600951
DRC,2024,DHS,2024 DHS,anemia_women,Lualaba,41.82974505,35.26068339,48.3988067
DRC,2024,DHS,2024 DHS,anemia_women,Mai-Ndombe,47.23483535,39.75345442,54.71621629
DRC,2024,DHS,2024 DHS,anemia_women,Maniema,50.37001028,43.31371951,57.42630105
DRC,2024,DHS,2024 DHS,anemia_women,Mongala,44.25433334,37.402107,51.10655967
DRC,2024,DHS,2024 DHS,anemia_women,Nord-Kivu,20.05860565,15.80036832,24.31684298
DRC,2024,DHS,2024 DHS,anemia_women,Nord-Ubangi,30.64932186,25.50896234,35.78968137
DRC,2024,DHS,2024 DHS,anemia_women,Sankuru,43.22528283,34.83504581,51.61551986
DRC,2024,DHS,2024 DHS,anemia_women,Sud-Kivu,33.47917132,26.06604218,40.89230046
DRC,2024,DHS,2024 DHS,anemia_women,Sud-Ubangi,43.47286191,37.16723157,49.77849225
DRC,2024,DHS,2024 DHS,anemia_women,Tanganyika,46.04104555,37.18495972,54.89713137
DRC,2024,DHS,2024 DHS,anemia_women,Tshopo,46.39290663,42.25244964,50.53336361
DRC,2024,DHS,2024 DHS,anemia_women,Tshuapa,52.73581191,47.74866704,57.72295678
DRC,2013,DHS,2013 DHS,facility_delivery,Bas-Uele,71.859999,55.576394,88.143603
DRC,2013,DHS,2013 DHS,facility_delivery,Equateur,78.496328,72.659726,84.33293
DRC,2013,DHS,2013 DHS,facility_delivery,Haut-Katanga,86.671791,70.082248,100.0
DRC,2013,DHS,2013 DHS,facility_delivery,Haut-Lomami,44.010904,27.75007,60.271738
DRC,2013,DHS,2013 DHS,facility_delivery,Haut-Uele,88.309932,82.767131,93.852734
DRC,2013,DHS,2013 DHS,facility_delivery,Ituri,91.666267,86.821266,96.511267
DRC,2013,DHS,2013 DHS,facility_delivery,Kasai,81.54915,70.45288,92.645421
DRC,2013,DHS,2013 DHS,facility_delivery,Kasai Central,87.788768,81.03878,94.538755
DRC,2013,DHS,2013 DHS,facility_delivery,Kasai Oriental,90.806308,86.441234,95.171382
DRC,2013,DHS,2013 DHS,facility_delivery,Kinshasa,98.272061,96.894396,99.649726
DRC,2013,DHS,2013 DHS,facility_delivery,Kongo Central,95.517036,91.769895,99.264176
DRC,2013,DHS,2013 DHS,facility_delivery,Kwango,67.208581,46.058242,88.358921
DRC,2013,DHS,2013 DHS,facility_delivery,Kwilu,93.977184,90.649704,97.304664
DRC,2013,DHS,2013 DHS,facility_delivery,Lomami,68.488712,49.68717,87.290255
DRC,2013,DHS,2013 DHS,facility_delivery,Lualaba,71.100491,58.18636,84.014621
DRC,2013,DHS,2013 DHS,facility_delivery,Mai-Ndombe,88.293505,81.632694,94.954316
DRC,2013,DHS,2013 DHS,facility_delivery,Maniema,88.425339,83.219404,93.631273
DRC,2013,DHS,2013 DHS,facility_delivery,Mongala,49.108228,40.61599,57.600465
DRC,2013,DHS,2013 DHS,facility_delivery,Nord Ubangi,48.095354,31.935691,64.255017
DRC,2013,DHS,2013 DHS,facility_delivery,Nord-Kivu,92.066121,87.154511,96.977731
DRC,2013,DHS,2013 DHS,facility_delivery,Sankuru,46.048268,27.950705,64.145831
DRC,2013,DHS,2013 DHS,facility_delivery,Sud Ubangi,71.063324,57.122706,85.003943
DRC,2013,DHS,2013 DHS,facility_delivery,Sud-Kivu,92.638077,88.017024,97.25913
DRC,2013,DHS,2013 DHS,facility_delivery,Tanganyika,16.00799,8.896494,23.119486
DRC,2013,DHS,2013 DHS,facility_delivery,Tshopo,77.03063,66.40446,87.6568
DRC,2013,DHS,2013 DHS,facility_delivery,Tshuapa,41.082896,27.282526,54.883266
DRC,2024,DHS,2023–24 DHS,facility_delivery,Bas-Uele,59.058099,40.181544,77.934654
DRC,2024,DHS,2023–24 DHS,facility_delivery,Equateur,63.416808,51.734441,75.099175
DRC,2024,DHS,2023–24 DHS,facility_delivery,Haut-Katanga,91.594271,86.76886,96.419682
DRC,2024,DHS,2023–24 DHS,facility_delivery,Haut-Lomami,64.487289,52.272019,76.702558
DRC,2024,DHS,2023–24 DHS,facility_delivery,Haut-Uele,73.0025,58.08622,87.91878
DRC,2024,DHS,2023–24 DHS,facility_delivery,Ituri,95.972076,93.265706,98.678447
DRC,2024,DHS,2023–24 DHS,facility_delivery,Kasai,84.275093,76.366491,92.183695
DRC,2024,DHS,2023–24 DHS,facility_delivery,Kasai Central,91.305537,86.159014,96.45206
DRC,2024,DHS,2023–24 DHS,facility_delivery,Kasai Oriental,87.456933,73.849846,100.0
DRC,2024,DHS,2023–24 DHS,facility_delivery,Kinshasa,97.397626,94.822471,99.972781
DRC,2024,DHS,2023–24 DHS,facility_delivery,Kongo Central,94.630055,91.347378,97.912731
DRC,2024,DHS,2023–24 DHS,facility_delivery,Kwango,76.791197,66.298214,87.28418
DRC,2024,DHS,2023–24 DHS,facility_delivery,Kwilu,92.432617,88.226881,96.638352
DRC,2024,DHS,2023–24 DHS,facility_delivery,Lomami,75.645139,64.265712,87.024566
DRC,2024,DHS,2023–24 DHS,facility_delivery,Lualaba,90.362809,82.3517,98.373918
DRC,2024,DHS,2023–24 DHS,facility_delivery,Mai-Ndombe,92.18783,83.854157,100.0
DRC,2024,DHS,2023–24 DHS,facility_delivery,Maniema,71.421659,63.492452,79.350866
DRC,2024,DHS,2023–24 DHS,facility_delivery,Mongala,63.268784,51.056347,75.481221
DRC,2024,DHS,2023–24 DHS,facility_delivery,Nord Ubangi,69.338891,56.704365,81.973418
DRC,2024,DHS,2023–24 DHS,facility_delivery,Nord-Kivu,98.882948,97.680427,100.0
DRC,2024,DHS,2023–24 DHS,facility_delivery,Sankuru,42.439303,27.687616,57.19099
DRC,2024,DHS,2023–24 DHS,facility_delivery,Sud Ubangi,71.124878,62.677225,79.572532
DRC,2024,DHS,2023–24 DHS,facility_delivery,Sud-Kivu,97.41304,94.899155,99.926924
DRC,2024,DHS,2023–24 DHS,facility_delivery,Tanganyika,38.976167,22.489,55.463333
DRC,2024,DHS,2023–24 DHS,facility_delivery,Tshopo,72.553502,59.70462,85.402384
DRC,2024,DHS,2023–24 DHS,facility_delivery,Tshuapa,38.116438,21.944901,54.287975
DRC,2013,DHS,2013 DHS,fever_care_seeking,Bas-Uele,40.13873,28.329698,51.947762
DRC,2013,DHS,2013 DHS,fever_care_seeking,Equateur,62.580605,47.446119,77.715091
DRC,2013,DHS,2013 DHS,fever_care_seeking,Haut-Katanga,47.353038,34.426032,60.280043
DRC,2013,DHS,2013 DHS,fever_care_seeking,Haut-Lomami,54.186097,44.667049,63.705146
DRC,2013,DHS,2013 DHS,fever_care_seeking,Haut-Uele,44.701156,18.218955,71.183357
DRC,2013,DHS,2013 DHS,fever_care_seeking,Ituri,57.363301,42.408687,72.317914
DRC,2013,DHS,2013 DHS,fever_care_seeking,Kasai,67.585177,58.692688,76.477665
DRC,2013,DHS,2013 DHS,fever_care_seeking,Kasai Central,48.655454,38.000929,59.309979
DRC,2013,DHS,2013 DHS,fever_care_seeking,Kasai Oriental,37.413524,28.365251,46.461797
DRC,2013,DHS,2013 DHS,fever_care_seeking,Kinshasa,73.936398,65.477469,82.395327
DRC,2013,DHS,2013 DHS,fever_care_seeking,Kongo Central,55.3837,41.322944,69.444456
DRC,2013,DHS,2013 DHS,fever_care_seeking,Kwango,61.100418,50.389121,71.811715
DRC,2013,DHS,2013 DHS,fever_care_seeking,Kwilu,51.991164,38.741684,65.240644
DRC,2013,DHS,2013 DHS,fever_care_seeking,Lomami,58.64372,46.286679,71.00076
DRC,2013,DHS,2013 DHS,fever_care_seeking,Lualaba,52.614017,41.424544,63.80349
DRC,2013,DHS,2013 DHS,fever_care_seeking,Mai-Ndombe,47.394117,41.057492,53.730741
DRC,2013,DHS,2013 DHS,fever_care_seeking,Maniema,60.083635,50.204355,69.962915
DRC,2013,DHS,2013 DHS,fever_care_seeking,Mongala,58.16275,44.97401,71.35149
DRC,2013,DHS,2013 DHS,fever_care_seeking,Nord Ubangi,52.948557,42.995855,62.901259
DRC,2013,DHS,2013 DHS,fever_care_seeking,Nord-Kivu,67.901624,57.286341,78.516908
DRC,2013,DHS,2013 DHS,fever_care_seeking,Sankuru,46.791249,27.124894,66.457604
DRC,2013,DHS,2013 DHS,fever_care_seeking,Sud Ubangi,48.836668,30.823368,66.849967
DRC,2013,DHS,2013 DHS,fever_care_seeking,Sud-Kivu,62.776258,47.835089,77.717428
DRC,2013,DHS,2013 DHS,fever_care_seeking,Tanganyika,42.486564,29.11994,55.853188
DRC,2013,DHS,2013 DHS,fever_care_seeking,Tshopo,56.942955,44.752689,69.133221
DRC,2013,DHS,2013 DHS,fever_care_seeking,Tshuapa,46.984024,27.648806,66.319242
DRC,2024,DHS,2023–24 DHS,fever_care_seeking,Bas-Uele,40.879176,22.845651,58.9127
DRC,2024,DHS,2023–24 DHS,fever_care_seeking,Equateur,54.88529,46.268152,63.502428
DRC,2024,DHS,2023–24 DHS,fever_care_seeking,Haut-Katanga,45.171391,32.899112,57.44367
DRC,2024,DHS,2023–24 DHS,fever_care_seeking,Haut-Lomami,47.497681,42.733995,52.261368
DRC,2024,DHS,2023–24 DHS,fever_care_seeking,Haut-Uele,69.184773,49.619604,88.749942
DRC,2024,DHS,2023–24 DHS,fever_care_seeking,Ituri,38.558823,21.011627,56.106018
DRC,2024,DHS,2023–24 DHS,fever_care_seeking,Kasai,49.358891,39.442567,59.275215
DRC,2024,DHS,2023–24 DHS,fever_care_seeking,Kasai Central,58.423824,51.894657,64.952991
DRC,2024,DHS,2023–24 DHS,fever_care_seeking,Kasai Oriental,43.683373,34.47148,52.895266
DRC,2024,DHS,2023–24 DHS,fever_care_seeking,Kinshasa,43.454341,32.575002,54.333681
DRC,2024,DHS,2023–24 DHS,fever_care_seeking,Kongo Central,50.162542,35.51936,64.805724
DRC,2024,DHS,2023–24 DHS,fever_care_seeking,Kwango,47.113303,36.838522,57.388083
DRC,2024,DHS,2023–24 DHS,fever_care_seeking,Kwilu,44.415115,34.588103,54.242127
DRC,2024,DHS,2023–24 DHS,fever_care_seeking,Lomami,50.57388,37.093837,64.053923
DRC,2024,DHS,2023–24 DHS,fever_care_seeking,Lualaba,48.374323,44.509774,52.238872
DRC,2024,DHS,2023–24 DHS,fever_care_seeking,Mai-Ndombe,62.046759,47.971012,76.122505
DRC,2024,DHS,2023–24 DHS,fever_care_seeking,Maniema,56.15737,49.438038,62.876701
DRC,2024,DHS,2023–24 DHS,fever_care_seeking,Mongala,45.200093,38.944083,51.456103
DRC,2024,DHS,2023–24 DHS,fever_care_seeking,Nord Ubangi,43.185416,27.584851,58.78598
DRC,2024,DHS,2023–24 DHS,fever_care_seeking,Nord-Kivu,66.437937,56.73444,76.141434
DRC,2024,DHS,2023–24 DHS,fever_care_seeking,Sankuru,29.545519,21.492877,37.59816
DRC,2024,DHS,2023–24 DHS,fever_care_seeking,Sud Ubangi,44.380793,33.372669,55.388917
DRC,2024,DHS,2023–24 DHS,fever_care_seeking,Sud-Kivu,57.531234,46.665265,68.397203
DRC,2024,DHS,2023–24 DHS,fever_care_seeking,Tanganyika,51.231683,36.2167,66.246665
DRC,2024,DHS,2023–24 DHS,fever_care_seeking,Tshopo,47.598405,35.003662,60.193148
DRC,2024,DHS,2023–24 DHS,fever_care_seeking,Tshuapa,41.229332,29.947412,52.511252
DRC,2013,DHS,2013 DHS,first_birth_under20,Bas-Uele,65.773625343946,60.1412565717401,71.4059941161519
DRC,2013,DHS,2013 DHS,first_birth_under20,Equateur,63.740877995332,59.6822288699304,67.7995271207336
DRC,2013,DHS,2013 DHS,first_birth_under20,Haut-Katanga,67.7943633064841,57.8218290206283,77.76689759234
DRC,2013,DHS,2013 DHS,first_birth_under20,Haut-Lomami,63.8256474378465,58.4511554979114,69.2001393777817
DRC,2013,DHS,2013 DHS,first_birth_under20,Haut-Uele,63.2499199802154,57.2685781430053,69.2312618174255
DRC,2013,DHS,2013 DHS,first_birth_under20,Ituri,65.7204778292414,62.2605213059627,69.1804343525201
DRC,2013,DHS,2013 DHS,first_birth_under20,Kasai,65.4497163035186,61.9017495051592,68.9976831018781
DRC,2013,DHS,2013 DHS,first_birth_under20,Kasai-Central,64.4340484442267,57.1190505435393,71.7490463449141
DRC,2013,DHS,2013 DHS,first_birth_under20,Kasai-Oriental,68.6750579457065,63.6862245179717,73.6638913734413
DRC,2013,DHS,2013 DHS,first_birth_under20,Kinshasa,45.5164306961124,41.0561489126649,49.97671247956
DRC,2013,DHS,2013 DHS,first_birth_under20,Kongo Central,59.8397010156379,54.2922832353273,65.3871187959485
DRC,2013,DHS,2013 DHS,first_birth_under20,Kwango,43.2068143896923,38.1636224892324,48.2500062901521
DRC,2013,DHS,2013 DHS,first_birth_under20,Kwilu,52.1748659482957,47.2332332856457,57.1164986109456
DRC,2013,DHS,2013 DHS,first_birth_under20,Lomami,65.4030674907522,59.2694938389774,71.5366411425271
DRC,2013,DHS,2013 DHS,first_birth_under20,Lualaba,66.4714633964605,57.9860255443509,74.95690124857
DRC,2013,DHS,2013 DHS,first_birth_under20,Mai-Ndombe,63.6054296771561,60.3710598980336,66.8397994562786
DRC,2013,DHS,2013 DHS,first_birth_under20,Maniema,60.6447718616919,55.5368610770036,65.7526826463802
DRC,2013,DHS,2013 DHS,first_birth_under20,Mongala,70.5071321999654,65.0240753952847,75.990189004646
DRC,2013,DHS,2013 DHS,first_birth_under20,Nord-Kivu,60.8348016006344,55.2864613555267,66.3831418457421
DRC,2013,DHS,2013 DHS,first_birth_under20,Nord-Ubangi,57.2702040368856,51.1165725235619,63.4238355502093
DRC,2013,DHS,2013 DHS,first_birth_under20,Sankuru,59.5355145320096,53.9318374639544,65.1391916000648
DRC,2013,DHS,2013 DHS,first_birth_under20,Sud-Kivu,63.3551566086515,56.8236988870816,69.8866143302214
DRC,2013,DHS,2013 DHS,first_birth_under20,Sud-Ubangi,62.2436927337319,59.4073256274267,65.080059840037
DRC,2013,DHS,2013 DHS,first_birth_under20,Tanganyika,69.5755195208379,63.8842723778412,75.2667666638347
DRC,2013,DHS,2013 DHS,first_birth_under20,Tshopo,64.9168287331072,58.7725524867825,71.0611049794318
DRC,2013,DHS,2013 DHS,first_birth_under20,Tshuapa,60.8933478533963,54.147573767085,67.6391219397075
DRC,2024,DHS,2024 DHS,first_birth_under20,Bas-Uele,61.6205361208251,59.0903277285174,64.1507445131328
DRC,2024,DHS,2024 DHS,first_birth_under20,Equateur,58.0827569925556,53.0970610610468,63.0684529240644
DRC,2024,DHS,2024 DHS,first_birth_under20,Haut-Katanga,59.6350635201811,55.4598361510096,63.8102908893526
DRC,2024,DHS,2024 DHS,first_birth_under20,Haut-Lomami,54.3451811747126,50.6705328759742,58.0198294734511
DRC,2024,DHS,2024 DHS,first_birth_under20,Haut-Uele,53.6147762265154,47.3570661764281,59.8724862766027
DRC,2024,DHS,2024 DHS,first_birth_under20,Ituri,64.0685116105876,60.4180708050469,67.7189524161283
DRC,2024,DHS,2024 DHS,first_birth_under20,Kasai,58.6287740528026,53.6556414891158,63.6019066164895
DRC,2024,DHS,2024 DHS,first_birth_under20,Kasai-Central,61.8588893009207,55.5144790400252,68.2032995618162
DRC,2024,DHS,2024 DHS,first_birth_under20,Kasai-Oriental,64.3767507881355,58.8888841321249,69.8646174441462
DRC,2024,DHS,2024 DHS,first_birth_under20,Kinshasa,42.3896691097492,36.8340096368807,47.9453285826176
DRC,2024,DHS,2024 DHS,first_birth_under20,Kongo Central,49.3835856810608,43.334273264901,55.4328980972206
DRC,2024,DHS,2024 DHS,first_birth_under20,Kwango,45.8972666174339,41.9446235922699,49.8499096425979
DRC,2024,DHS,2024 DHS,first_birth_under20,Kwilu,47.2951655890142,42.06663974054,52.5236914374884
DRC,2024,DHS,2024 DHS,first_birth_under20,Lomami,51.0833691727536,45.2320052018213,56.934733143686
DRC,2024,DHS,2024 DHS,first_birth_under20,Lualaba,64.704040100239,56.3881677901691,73.0199124103088
DRC,2024,DHS,2024 DHS,first_birth_under20,Mai-Ndombe,53.2142247935571,45.9727575875081,60.455691999606
DRC,2024,DHS,2024 DHS,first_birth_under20,Maniema,68.597021667105,64.2260296737225,72.9680136604874
DRC,2024,DHS,2024 DHS,first_birth_under20,Mongala,70.6792096108695,63.4967525997247,77.8616666220143
DRC,2024,DHS,2024 DHS,first_birth_under20,Nord-Kivu,56.9217116863746,50.5572016607308,63.2862217120184
DRC,2024,DHS,2024 DHS,first_birth_under20,Nord-Ubangi,52.7301923677126,47.3445899925728,58.1157947428524
DRC,2024,DHS,2024 DHS,first_birth_under20,Sankuru,55.9617678435595,45.9486544905473,65.9748811965718
DRC,2024,DHS,2024 DHS,first_birth_under20,Sud-Kivu,61.5211408670305,51.2582466141038,71.7840351199571
DRC,2024,DHS,2024 DHS,first_birth_under20,Sud-Ubangi,62.291595575014,56.9023738567403,67.6808172932878
DRC,2024,DHS,2024 DHS,first_birth_under20,Tanganyika,60.9431440528517,52.8246585082702,69.0616295974332
DRC,2024,DHS,2024 DHS,first_birth_under20,Tshopo,64.7343138562536,56.9191458666553,72.5494818458518
DRC,2024,DHS,2024 DHS,first_birth_under20,Tshuapa,59.5518061798434,54.8160121976747,64.2876001620121
DRC,2013,DHS,2013 DHS,malaria_rdt_positive,Bas-Uele,73.0896211869402,65.4669936503315,80.7122487235489
DRC,2013,DHS,2013 DHS,malaria_rdt_positive,Equateur,26.3995254374865,10.3917889118967,42.4072619630763
DRC,2013,DHS,2013 DHS,malaria_rdt_positive,Haut-Katanga,23.3145510757025,9.44384881027949,37.1852533411255
DRC,2013,DHS,2013 DHS,malaria_rdt_positive,Haut-Lomami,43.2975423623611,29.7723147582788,56.8227699664434
DRC,2013,DHS,2013 DHS,malaria_rdt_positive,Haut-Uele,66.4513328435329,52.1111988574354,80.7914668296304
DRC,2013,DHS,2013 DHS,malaria_rdt_positive,Ituri,44.0512277766634,25.322533938951,62.7799216143758
DRC,2013,DHS,2013 DHS,malaria_rdt_positive,Kasai,40.3079316645767,27.0350490148554,53.580814314298
DRC,2013,DHS,2013 DHS,malaria_rdt_positive,Kasai-Central,47.6862677990864,34.7516119267177,60.6209236714552
DRC,2013,DHS,2013 DHS,malaria_rdt_positive,Kasai-Oriental,37.2212672594795,24.6276462287686,49.8148882901904
DRC,2013,DHS,2013 DHS,malaria_rdt_positive,Kinshasa,17.0944123906324,11.3891601257155,22.7996646555492
DRC,2013,DHS,2013 DHS,malaria_rdt_positive,Kongo Central,47.104127567885,32.1534755610216,62.0547795747483
DRC,2013,DHS,2013 DHS,malaria_rdt_positive,Kwango,19.3310985331302,10.2232286560894,28.4389684101711
DRC,2013,DHS,2013 DHS,malaria_rdt_positive,Kwilu,14.4394735377209,6.35204255262427,22.5269045228176
DRC,2013,DHS,2013 DHS,malaria_rdt_positive,Lomami,66.2041102934609,56.6728249074041,75.7353956795178
DRC,2013,DHS,2013 DHS,malaria_rdt_positive,Lualaba,42.5445274632973,28.7673049244677,56.321750002127
DRC,2013,DHS,2013 DHS,malaria_rdt_positive,Mai-Ndombe,31.1310844284984,8.7816206238219,53.4805482331749
DRC,2013,DHS,2013 DHS,malaria_rdt_positive,Maniema,44.1098688054728,32.4883041774013,55.7314334335444
DRC,2013,DHS,2013 DHS,malaria_rdt_positive,Mongala,25.3237005626641,14.8596890072083,35.78771211812
DRC,2013,DHS,2013 DHS,malaria_rdt_positive,Nord-Kivu,2.91161276666407,0.86373063914382,4.95949489418432
DRC,2013,DHS,2013 DHS,malaria_rdt_positive,Nord-Ubangi,47.5458946931615,28.9867895538282,66.1049998324948
DRC,2013,DHS,2013 DHS,malaria_rdt_positive,Sankuru,31.4883198335036,15.0280646191245,47.9485750478827
DRC,2013,DHS,2013 DHS,malaria_rdt_positive,Sud-Kivu,11.9510299734723,7.04544799452652,16.8566119524181
DRC,2013,DHS,2013 DHS,malaria_rdt_positive,Sud-Ubangi,23.6158055224024,16.6398864923622,30.5917245524427
DRC,2013,DHS,2013 DHS,malaria_rdt_positive,Tanganyika,66.002763678959,48.3719957774237,83.6335315804943
DRC,2013,DHS,2013 DHS,malaria_rdt_positive,Tshopo,25.9241305174126,17.5475538736508,34.3007071611743
DRC,2013,DHS,2013 DHS,malaria_rdt_positive,Tshuapa,26.632192367385,15.2190970343428,38.0452877004272
DRC,2024,DHS,2024 DHS,malaria_rdt_positive,Bas-Uele,61.0230203870532,54.7275632832462,67.3184774908603
DRC,2024,DHS,2024 DHS,malaria_rdt_positive,Equateur,21.7404956485719,12.1942840475378,31.286707249606
DRC,2024,DHS,2024 DHS,malaria_rdt_positive,Haut-Katanga,20.4622208808643,10.1144848394159,30.8099569223127
DRC,2024,DHS,2024 DHS,malaria_rdt_positive,Haut-Lomami,44.1932599849853,32.4794901778752,55.9070297920954
DRC,2024,DHS,2024 DHS,malaria_rdt_positive,Haut-Uele,20.376568861471,10.9074121767107,29.8457255462314
DRC,2024,DHS,2024 DHS,malaria_rdt_positive,Ituri,33.6751187803856,22.4316698435016,44.9185677172696
DRC,2024,DHS,2024 DHS,malaria_rdt_positive,Kasai,37.450565618237,20.6586060374377,54.2425251990364
DRC,2024,DHS,2024 DHS,malaria_rdt_positive,Kasai-Central,58.3035008530951,48.6425433417638,67.9644583644263
DRC,2024,DHS,2024 DHS,malaria_rdt_positive,Kasai-Oriental,43.1312763132319,28.9327319226092,57.3298207038546
DRC,2024,DHS,2024 DHS,malaria_rdt_positive,Kinshasa,5.11181993165678,1.41988309731381,8.80375676599976
DRC,2024,DHS,2024 DHS,malaria_rdt_positive,Kongo Central,50.8385739981526,38.1590641609218,63.5180838353835
DRC,2024,DHS,2024 DHS,malaria_rdt_positive,Kwango,50.1896173845489,37.3641808002442,63.0150539688535
DRC,2024,DHS,2024 DHS,malaria_rdt_positive,Kwilu,29.585747880283,18.2666318553302,40.9048639052359
DRC,2024,DHS,2024 DHS,malaria_rdt_positive,Lomami,52.0857329751498,42.9172238874429,61.2542420628566
DRC,2024,DHS,2024 DHS,malaria_rdt_positive,Lualaba,50.1599719787621,38.4332478452672,61.8866961122571
DRC,2024,DHS,2024 DHS,malaria_rdt_positive,Mai-Ndombe,15.3626044665316,8.41019024297074,22.3150186900925
DRC,2024,DHS,2024 DHS,malaria_rdt_positive,Maniema,57.4007697256749,50.8727425427583,63.9287969085916
DRC,2024,DHS,2024 DHS,malaria_rdt_positive,Mongala,11.9341811665437,3.81725802394426,20.0511043091432
DRC,2024,DHS,2024 DHS,malaria_rdt_positive,Nord-Kivu,8.53866620795778,2.61137956997865,14.4659528459369
DRC,2024,DHS,2024 DHS,malaria_rdt_positive,Nord-Ubangi,23.7065627222557,15.7505116267551,31.6626138177564
DRC,2024,DHS,2024 DHS,malaria_rdt_positive,Sankuru,41.9269153117559,28.6297227330849,55.2241078904269
DRC,2024,DHS,2024 DHS,malaria_rdt_positive,Sud-Kivu,22.6186578351789,9.71996904736731,35.5173466229904
DRC,2024,DHS,2024 DHS,malaria_rdt_positive,Sud-Ubangi,26.1019939926136,18.5415911700459,33.6623968151813
DRC,2024,DHS,2024 DHS,malaria_rdt_positive,Tanganyika,44.8389607258171,37.2562625245636,52.4216589270705
DRC,2024,DHS,2024 DHS,malaria_rdt_positive,Tshopo,43.7884556363081,34.5900796265668,52.9868316460493
DRC,2024,DHS,2024 DHS,malaria_rdt_positive,Tshuapa,41.9512807062252,35.4731180996641,48.4294433127863
DRC,2013,DHS,2013 DHS,wasting,Bas-Uele,6.110987695,1.96092069,10.2610547
DRC,2013,DHS,2013 DHS,wasting,Equateur,4.527261501,0.092931111,8.96159189
DRC,2013,DHS,2013 DHS,wasting,Haut-Katanga,5.920754654,2.835485285,9.006024023
DRC,2013,DHS,2013 DHS,wasting,Haut-Lomami,9.896619583,5.679421612,14.11381755
DRC,2013,DHS,2013 DHS,wasting,Haut-Uele,7.553601321,1.776566574,13.33063607
DRC,2013,DHS,2013 DHS,wasting,Ituri,8.482751649,3.826595651,13.13890765
DRC,2013,DHS,2013 DHS,wasting,Kasai,8.636914592,3.144605816,14.12922337
DRC,2013,DHS,2013 DHS,wasting,Kasai-Central,6.133666634,3.011146677,9.25618659
DRC,2013,DHS,2013 DHS,wasting,Kasai-Oriental,7.927471625,4.402322506,11.45262074
DRC,2013,DHS,2013 DHS,wasting,Kinshasa,3.530280591,1.859541892,5.20101929
DRC,2013,DHS,2013 DHS,wasting,Kongo Central,11.11326599,6.592404489,15.6341275
DRC,2013,DHS,2013 DHS,wasting,Kwango,11.59338761,8.3843292,14.80244603
DRC,2013,DHS,2013 DHS,wasting,Kwilu,6.107492584,3.989477725,8.225507443
DRC,2013,DHS,2013 DHS,wasting,Lomami,6.481452191,2.347650877,10.61525351
DRC,2013,DHS,2013 DHS,wasting,Lualaba,9.625761805,3.143789531,16.10773408
DRC,2013,DHS,2013 DHS,wasting,Mai-Ndombe,13.9846506,9.074411141,18.89489006
DRC,2013,DHS,2013 DHS,wasting,Maniema,22.66338709,13.53299004,31.79378415
DRC,2013,DHS,2013 DHS,wasting,Mongala,5.476223908,0.421545093,10.53090272
DRC,2013,DHS,2013 DHS,wasting,Nord-Kivu,4.734132719,2.100527406,7.367738032
DRC,2013,DHS,2013 DHS,wasting,Nord-Ubangi,4.440080841,0.955155804,7.925005879
DRC,2013,DHS,2013 DHS,wasting,Sankuru,9.628882177,4.70693761,14.55082674
DRC,2013,DHS,2013 DHS,wasting,Sud-Kivu,7.169483672,4.080266995,10.25870035
DRC,2013,DHS,2013 DHS,wasting,Sud-Ubangi,6.336006715,3.147015072,9.524998358
DRC,2013,DHS,2013 DHS,wasting,Tanganyika,10.58050606,6.374421304,14.78659082
DRC,2013,DHS,2013 DHS,wasting,Tshopo,6.272858526,1.585883944,10.95983311
DRC,2013,DHS,2013 DHS,wasting,Tshuapa,9.225335341,5.496113717,12.95455696
DRC,2024,DHS,2024 DHS,wasting,Bas-Uele,13.33877398,8.884489081,17.79305889
DRC,2024,DHS,2024 DHS,wasting,Equateur,7.356872998,3.32349778,11.39024822
DRC,2024,DHS,2024 DHS,wasting,Haut-Katanga,5.320855323,2.230053204,8.411657441
DRC,2024,DHS,2024 DHS,wasting,Haut-Lomami,8.39330609,6.369251972,10.41736021
DRC,2024,DHS,2024 DHS,wasting,Haut-Uele,4.999207201,-0.141932768,10.14034717
DRC,2024,DHS,2024 DHS,wasting,Ituri,3.832645285,1.102034003,6.563256566
DRC,2024,DHS,2024 DHS,wasting,Kasai,14.52925549,9.300522066,19.75798892
DRC,2024,DHS,2024 DHS,wasting,Kasai-Central,5.250054819,2.802172848,7.697936791
DRC,2024,DHS,2024 DHS,wasting,Kasai-Oriental,8.527883032,3.725780996,13.32998507
DRC,2024,DHS,2024 DHS,wasting,Kinshasa,5.054251357,1.817882516,8.290620197
DRC,2024,DHS,2024 DHS,wasting,Kongo Central,8.82370853,4.797944769,12.84947229
DRC,2024,DHS,2024 DHS,wasting,Kwango,14.6696228,11.44835723,17.89088837
DRC,2024,DHS,2024 DHS,wasting,Kwilu,10.04908018,5.835583929,14.26257643
DRC,2024,DHS,2024 DHS,wasting,Lomami,8.39511332,5.472687928,11.31753871
DRC,2024,DHS,2024 DHS,wasting,Lualaba,6.537129322,3.114667207,9.959591437
DRC,2024,DHS,2024 DHS,wasting,Mai-Ndombe,16.05166661,12.39351411,19.70981911
DRC,2024,DHS,2024 DHS,wasting,Maniema,8.76312653,6.206355512,11.31989755
DRC,2024,DHS,2024 DHS,wasting,Mongala,6.002141898,3.391941229,8.612342567
DRC,2024,DHS,2024 DHS,wasting,Nord-Kivu,2.266849853,0.491684467,4.04201524
DRC,2024,DHS,2024 DHS,wasting,Nord-Ubangi,4.761222179,1.900919215,7.621525143
DRC,2024,DHS,2024 DHS,wasting,Sankuru,6.3361994,2.988200499,9.684198301
DRC,2024,DHS,2024 DHS,wasting,Sud-Kivu,6.711761749,4.325172934,9.098350564
DRC,2024,DHS,2024 DHS,wasting,Sud-Ubangi,2.320354371,0.731268081,3.909440661
DRC,2024,DHS,2024 DHS,wasting,Tanganyika,5.372098747,2.315561793,8.428635701
DRC,2024,DHS,2024 DHS,wasting,Tshopo,8.954720928,4.544416205,13.36502565
DRC,2024,DHS,2024 DHS,wasting,Tshuapa,8.08918282,5.387524502,10.79084114
DRC,2013,DHS,2013 DHS,zero_dose,Bas-Uele,45.2201910865668,34.0829594680055,56.357422705128
DRC,2013,DHS,2013 DHS,zero_dose,Equateur,20.1613479860665,13.4046844257859,26.9180115463471
DRC,2013,DHS,2013 DHS,zero_dose,Haut-Katanga,17.4239140248698,6.57875362386612,28.2690744258735
DRC,2013,DHS,2013 DHS,zero_dose,Haut-Lomami,33.9692953765074,22.7621713376161,45.1764194153987
DRC,2013,DHS,2013 DHS,zero_dose,Haut-Uele,37.8538261981917,10.9586929042928,64.7489594920907
DRC,2013,DHS,2013 DHS,zero_dose,Ituri,8.52706665751789,1.6616707635545,15.3924625514813
DRC,2013,DHS,2013 DHS,zero_dose,Kasai,28.7648829000998,17.7144245677792,39.8153412324204
DRC,2013,DHS,2013 DHS,zero_dose,Kasai-Central,10.156759148743,3.99800303950251,16.3155152579835
DRC,2013,DHS,2013 DHS,zero_dose,Kasai-Oriental,15.4812706935422,5.39940014704794,25.5631412400364
DRC,2013,DHS,2013 DHS,zero_dose,Kinshasa,2.16829353632835,-1.13402722163924,5.47061429429593
DRC,2013,DHS,2013 DHS,zero_dose,Kongo Central,6.47819065801106,2.51777293379164,10.4386083822305
DRC,2013,DHS,2013 DHS,zero_dose,Kwango,17.1042532288439,7.14503100759655,27.0634754500913
DRC,2013,DHS,2013 DHS,zero_dose,Kwilu,8.80816134193905,-0.582434329529612,18.1987570134077
DRC,2013,DHS,2013 DHS,zero_dose,Lomami,21.854667097343,11.8351691478869,31.8741650467991
DRC,2013,DHS,2013 DHS,zero_dose,Lualaba,40.5235347490589,26.4355782483731,54.6114912497448
DRC,2013,DHS,2013 DHS,zero_dose,Mai-Ndombe,13.4271072576509,3.38572251952882,23.468491995773
DRC,2013,DHS,2013 DHS,zero_dose,Maniema,26.1697565410133,11.945525783364,40.3939872986626
DRC,2013,DHS,2013 DHS,zero_dose,Mongala,58.4491041798357,49.4687811637837,67.4294271958876
DRC,2013,DHS,2013 DHS,zero_dose,Nord-Kivu,6.27612270449062,2.20737303075278,10.3448723782285
DRC,2013,DHS,2013 DHS,zero_dose,Nord-Ubangi,22.7513790818308,13.7346603393417,31.7680978243199
DRC,2013,DHS,2013 DHS,zero_dose,Sankuru,46.2431542804946,25.9363211288941,66.5499874320951
DRC,2013,DHS,2013 DHS,zero_dose,Sud-Kivu,4.85166427430551,1.82842884576068,7.87489970285033
DRC,2013,DHS,2013 DHS,zero_dose,Sud-Ubangi,18.3770770974732,9.55040908897369,27.2037451059727
DRC,2013,DHS,2013 DHS,zero_dose,Tanganyika,61.2882922450016,35.1685728895675,87.4080116004357
DRC,2013,DHS,2013 DHS,zero_dose,Tshopo,32.1500210238082,20.1359016515466,44.1641403960699
DRC,2013,DHS,2013 DHS,zero_dose,Tshuapa,44.875080779924,28.4254777233591,61.3246838364888
DRC,2024,DHS,2024 DHS,zero_dose,Bas-Uele,62.1785380939168,46.3568288469061,78.0002473409275
DRC,2024,DHS,2024 DHS,zero_dose,Equateur,46.4477601434335,31.2789127522288,61.6166075346383
DRC,2024,DHS,2024 DHS,zero_dose,Haut-Katanga,25.7285757164366,18.988024645363,32.4691267875102
DRC,2024,DHS,2024 DHS,zero_dose,Haut-Lomami,46.9292806941676,34.9416103191882,58.916951069147
DRC,2024,DHS,2024 DHS,zero_dose,Haut-Uele,45.7114391150926,33.9767349622477,57.4461432679375
DRC,2024,DHS,2024 DHS,zero_dose,Ituri,21.2231573565536,11.0022225601006,31.4440921530065
DRC,2024,DHS,2024 DHS,zero_dose,Kasai,51.8329339580569,34.9882300673716,68.6776378487421
DRC,2024,DHS,2024 DHS,zero_dose,Kasai-Central,10.3290011447279,4.54544872839526,16.1125535610606
DRC,2024,DHS,2024 DHS,zero_dose,Kasai-Oriental,18.1291936669828,10.0998287561784,26.1585585777872
DRC,2024,DHS,2024 DHS,zero_dose,Kinshasa,0.753249149853526,-0.716035869532087,2.22253416923914
DRC,2024,DHS,2024 DHS,zero_dose,Kongo Central,42.5250177285588,26.9508244649651,58.0992109921526
DRC,2024,DHS,2024 DHS,zero_dose,Kwango,29.0100537406742,14.7447063547204,43.275401126628
DRC,2024,DHS,2024 DHS,zero_dose,Kwilu,21.3042840743879,9.9385172126201,32.6700509361557
DRC,2024,DHS,2024 DHS,zero_dose,Lomami,34.6492603797997,23.1742377232527,46.1242830363468
DRC,2024,DHS,2024 DHS,zero_dose,Lualaba,33.9425992046583,18.265990426744,49.6192079825726
DRC,2024,DHS,2024 DHS,zero_dose,Mai-Ndombe,47.8005759638768,31.5950984254491,64.0060535023045
DRC,2024,DHS,2024 DHS,zero_dose,Maniema,78.346382124351,70.8178603627906,85.8749038859114
DRC,2024,DHS,2024 DHS,zero_dose,Mongala,76.0945726449459,55.929436016739,96.2597092731528
DRC,2024,DHS,2024 DHS,zero_dose,Nord-Kivu,9.9826046468922,4.6820034184453,15.2832058753391
DRC,2024,DHS,2024 DHS,zero_dose,Nord-Ubangi,38.4032753937544,25.1936227028914,51.6129280846174
DRC,2024,DHS,2024 DHS,zero_dose,Sankuru,64.8821756262305,50.689570776194,79.074780476267
DRC,2024,DHS,2024 DHS,zero_dose,Sud-Kivu,27.0685127872073,5.65998824980735,48.4770373246072
DRC,2024,DHS,2024 DHS,zero_dose,Sud-Ubangi,60.8281271923587,51.2312669347982,70.4249874499192
DRC,2024,DHS,2024 DHS,zero_dose,Tanganyika,51.6492389220687,21.5960996957254,81.702378148412
DRC,2024,DHS,2024 DHS,zero_dose,Tshopo,56.1011764155426,33.7012432219736,78.5011096091116
DRC,2024,DHS,2024 DHS,zero_dose,Tshuapa,65.7918442655262,54.0433095414366,77.5403789896158
Ethiopia,2016,DHS,2016 DHS,anc4plus,Addis Ababa,89.0830413819593,85.4133517945572,92.7527309693614
Ethiopia,2016,DHS,2016 DHS,anc4plus,Afar,20.5893706001434,16.0503058775208,25.1284353227661
Ethiopia,2016,DHS,2016 DHS,anc4plus,Amhara,31.4694965028357,26.5234822883273,36.4155107173442
Ethiopia,2016,DHS,2016 DHS,anc4plus,Benishangul-Gumuz,42.0270908461804,34.8982780033428,49.1559036890181
Ethiopia,2016,DHS,2016 DHS,anc4plus,Dire Dawa,65.9846891192506,59.8897043384566,72.0796739000447
Ethiopia,2016,DHS,2016 DHS,anc4plus,Gambela,43.3533789005836,37.8841615426717,48.8225962584954
Ethiopia,2016,DHS,2016 DHS,anc4plus,Harari,34.9387785484008,28.1843257911846,41.693231305617
Ethiopia,2016,DHS,2016 DHS,anc4plus,Oromia,22.1182823127706,18.7732668625401,25.4632977630011
Ethiopia,2016,DHS,2016 DHS,anc4plus,SNNPR,38.1774443329179,32.5347376142688,43.8201510515669
Ethiopia,2016,DHS,2016 DHS,anc4plus,Somali,11.7801234469649,7.96352753209304,15.5967193618369
Ethiopia,2016,DHS,2016 DHS,anc4plus,Tigray,56.5466773787028,51.2662955414192,61.8270592159865
Ethiopia,2019,DHS,2019 DHS,anc4plus,Addis Ababa,81.8186958432459,76.5751567151514,87.0622349713405
Ethiopia,2019,DHS,2019 DHS,anc4plus,Afar,31.1155903604107,22.1368535163654,40.0943272044559
Ethiopia,2019,DHS,2019 DHS,anc4plus,Amhara,50.7684905705379,43.8604511681194,57.6765299729563
Ethiopia,2019,DHS,2019 DHS,anc4plus,Benishangul-Gumuz,55.878420118406,46.7510180951229,65.0058221416891
Ethiopia,2019,DHS,2019 DHS,anc4plus,Dire Dawa,61.5342906394726,52.7491353109487,70.3194459679966
Ethiopia,2019,DHS,2019 DHS,anc4plus,Gambela,31.8265513733471,21.6671126585021,41.985990088192
Ethiopia,2019,DHS,2019 DHS,anc4plus,Harari,38.8218447989118,33.0184388808028,44.6252507170208
Ethiopia,2019,DHS,2019 DHS,anc4plus,Oromia,40.6224763882062,34.1982573953347,47.0466953810777
Ethiopia,2019,DHS,2019 DHS,anc4plus,SNNPR,34.1389462752964,28.0411308925147,40.236761658078
Ethiopia,2019,DHS,2019 DHS,anc4plus,Somali,11.0612140553195,5.42101759619245,16.7014105144465
Ethiopia,2019,DHS,2019 DHS,anc4plus,Tigray,63.8851260761119,55.5418661032386,72.2283860489852
Ethiopia,2024,DHS,2024 DHS,anc4plus,Addis Ababa,94.777966616822,90.6469225590927,98.9090106745514
Ethiopia,2024,DHS,2024 DHS,anc4plus,Afar,46.1771649701767,37.9782549910611,54.3760749492923
Ethiopia,2024,DHS,2024 DHS,anc4plus,Amhara,62.0280243726502,55.3803377720103,68.6757109732901
Ethiopia,2024,DHS,2024 DHS,anc4plus,Benishangul-Gumuz,57.1513670707644,47.7379580884365,66.5647760530923
Ethiopia,2024,DHS,2024 DHS,anc4plus,Dire Dawa,69.1466719984166,61.9072243230105,76.3861196738226
Ethiopia,2024,DHS,2024 DHS,anc4plus,Gambela,49.1721433127265,40.5954300790574,57.7488565463955
Ethiopia,2024,DHS,2024 DHS,anc4plus,Harari,46.526136466134,37.6984467386846,55.3538261935834
Ethiopia,2024,DHS,2024 DHS,anc4plus,Oromia,48.4482470546643,41.5696184437145,55.326875665614
Ethiopia,2024,DHS,2024 DHS,anc4plus,SNNPR,48.9137361070571,44.1522404766908,53.6752317374234
Ethiopia,2024,DHS,2024 DHS,anc4plus,Somali,12.7228879656821,6.28704203491612,19.158733896448
Ethiopia,2024,DHS,2024 DHS,anc4plus,Tigray,57.1395572379225,50.9416700362091,63.3374444396359
Ethiopia,2005,DHS,2005 DHS,anemia_women,Addis Ababa,14.60536943,11.42272126,17.7880176
Ethiopia,2005,DHS,2005 DHS,anemia_women,Afar,40.44234973,33.03581198,47.84888747
Ethiopia,2005,DHS,2005 DHS,anemia_women,Amhara,31.00178011,26.5560827,35.44747752
Ethiopia,2005,DHS,2005 DHS,anemia_women,Benishangul,31.34265695,24.16029577,38.52501813
Ethiopia,2005,DHS,2005 DHS,anemia_women,Dire Dawa,25.79776646,19.66514261,31.9303903
Ethiopia,2005,DHS,2005 DHS,anemia_women,Gambela,42.0159031,33.68635838,50.34544783
Ethiopia,2005,DHS,2005 DHS,anemia_women,Harari,22.42857601,17.11134691,27.74580511
Ethiopia,2005,DHS,2005 DHS,anemia_women,Oromia,24.87912208,22.01353051,27.74471364
Ethiopia,2005,DHS,2005 DHS,anemia_women,SNNPR,23.46017853,19.86050037,27.05985669
Ethiopia,2005,DHS,2005 DHS,anemia_women,Somali,39.82627461,31.55087016,48.10167905
Ethiopia,2005,DHS,2005 DHS,anemia_women,Tigray,29.28901952,25.24723763,33.33080141
Ethiopia,2011,DHS,2011 DHS,anemia_women,Addis Ababa,9.317881061,7.3513986,11.28436352
Ethiopia,2011,DHS,2011 DHS,anemia_women,Afar,34.75445674,30.2526041,39.25630938
Ethiopia,2011,DHS,2011 DHS,anemia_women,Amhara,16.56097059,14.1029632,19.01897799
Ethiopia,2011,DHS,2011 DHS,anemia_women,Benishangul,19.0711282,15.99082965,22.15142675
Ethiopia,2011,DHS,2011 DHS,anemia_women,Dire Dawa,28.80267702,25.08007698,32.52527706
Ethiopia,2011,DHS,2011 DHS,anemia_women,Gambela,19.42025094,14.89489131,23.94561057
Ethiopia,2011,DHS,2011 DHS,anemia_women,Harari,19.35309751,16.15588671,22.55030832
Ethiopia,2011,DHS,2011 DHS,anemia_women,Oromia,19.15133858,16.52855836,21.7741188
Ethiopia,2011,DHS,2011 DHS,anemia_women,SNNPR,11.26254308,9.477750849,13.04733531
Ethiopia,2011,DHS,2011 DHS,anemia_women,Somali,44.0376423,37.14032093,50.93496368
Ethiopia,2011,DHS,2011 DHS,anemia_women,Tigray,12.40353392,10.21223486,14.59483299
Ethiopia,2016,DHS,2016 DHS,anemia_women,Addis Ababa,15.96796288,13.33278428,18.60314147
Ethiopia,2016,DHS,2016 DHS,anemia_women,Afar,44.69838377,39.86916815,49.52759939
Ethiopia,2016,DHS,2016 DHS,anemia_women,Amhara,17.18962792,14.8157733,19.56348253
Ethiopia,2016,DHS,2016 DHS,anemia_women,Benishangul,19.22993609,15.93896853,22.52090364
Ethiopia,2016,DHS,2016 DHS,anemia_women,Dire Dawa,30.11001267,25.57026719,34.64975815
Ethiopia,2016,DHS,2016 DHS,anemia_women,Gambela,26.10307417,21.02896857,31.17717977
Ethiopia,2016,DHS,2016 DHS,anemia_women,Harari,27.69211022,23.50344776,31.88077269
Ethiopia,2016,DHS,2016 DHS,anemia_women,Oromia,27.29235308,23.62421108,30.96049508
Ethiopia,2016,DHS,2016 DHS,anemia_women,SNNPR,22.54381813,19.26511107,25.8225252
Ethiopia,2016,DHS,2016 DHS,anemia_women,Somali,59.54086719,55.3013067,63.78042768
Ethiopia,2016,DHS,2016 DHS,anemia_women,Tigray,19.7412697,16.63843955,22.84409985
Ethiopia,2016,DHS,2016 DHS,facility_delivery,Addis Ababa,96.6176427141778,95.0004457803704,98.2348396479853
Ethiopia,2016,DHS,2016 DHS,facility_delivery,Afar,14.6998665083033,10.5980382091087,18.8016948074978
Ethiopia,2016,DHS,2016 DHS,facility_delivery,Amhara,27.1200345037013,22.6829294141309,31.5571395932717
Ethiopia,2016,DHS,2016 DHS,facility_delivery,Benishangul-Gumuz,25.685356482544,18.7090491144705,32.6616638506176
Ethiopia,2016,DHS,2016 DHS,facility_delivery,Dire Dawa,56.2269168648045,46.255973048644,66.197860680965
Ethiopia,2016,DHS,2016 DHS,facility_delivery,Gambela,44.9740879155638,36.7357883946867,53.2123874364408
Ethiopia,2016,DHS,2016 DHS,facility_delivery,Harari,50.2497495651607,41.104106993417,59.3953921369045
Ethiopia,2016,DHS,2016 DHS,facility_delivery,Oromia,18.7552302682108,13.8515322554477,23.6589282809738
Ethiopia,2016,DHS,2016 DHS,facility_delivery,SNNPR,25.5266006069393,20.9617531988915,30.0914480149872
Ethiopia,2016,DHS,2016 DHS,facility_delivery,Somali,17.9246002659358,12.5898143257619,23.2593862061097
Ethiopia,2016,DHS,2016 DHS,facility_delivery,Tigray,56.9410491544378,49.5688247054966,64.313273603379
Ethiopia,2019,DHS,2019 DHS,facility_delivery,Addis Ababa,94.8485348306783,92.6729448612997,97.024124800057
Ethiopia,2019,DHS,2019 DHS,facility_delivery,Afar,28.2653418819376,19.7635488629464,36.7671349009289
Ethiopia,2019,DHS,2019 DHS,facility_delivery,Amhara,54.1991193450984,45.0901437664608,63.3080949237359
Ethiopia,2019,DHS,2019 DHS,facility_delivery,Benishangul-Gumuz,63.6812165989043,48.1083546435433,79.2540785542653
Ethiopia,2019,DHS,2019 DHS,facility_delivery,Dire Dawa,69.1670588664307,57.9924568864545,80.341660846407
Ethiopia,2019,DHS,2019 DHS,facility_delivery,Gambela,70.2749455501564,62.8482687057064,77.7016223946063
Ethiopia,2019,DHS,2019 DHS,facility_delivery,Harari,63.8462984066592,50.2322398168541,77.4603569964642
Ethiopia,2019,DHS,2019 DHS,facility_delivery,Oromia,40.9606876227164,29.7532228535168,52.1681523919159
Ethiopia,2019,DHS,2019 DHS,facility_delivery,SNNPR,47.5009915621717,35.997612215439,59.0043709089045
Ethiopia,2019,DHS,2019 DHS,facility_delivery,Somali,23.274654434182,12.3880498205242,34.1612590478399
Ethiopia,2019,DHS,2019 DHS,facility_delivery,Tigray,72.3908273163742,62.6412787557467,82.1403758770016
Ethiopia,2024,DHS,2024 DHS,facility_delivery,Addis Ababa,97.9416405799212,95.5436503394317,100.0
Ethiopia,2024,DHS,2024 DHS,facility_delivery,Afar,33.2626823278194,25.6172466401262,40.9081180155126
Ethiopia,2024,DHS,2024 DHS,facility_delivery,Amhara,72.7674788005083,66.2099624598705,79.3249951411461
Ethiopia,2024,DHS,2024 DHS,facility_delivery,Benishangul-Gumuz,61.4920220602003,50.3126628074602,72.6713813129405
Ethiopia,2024,DHS,2024 DHS,facility_delivery,Dire Dawa,82.4382949816844,74.6580416749689,90.2185482883998
Ethiopia,2024,DHS,2024 DHS,facility_delivery,Gambela,71.8199499981991,64.7075006348932,78.9323993615051
Ethiopia,2024,DHS,2024 DHS,facility_delivery,Harari,78.6870782393419,67.2643748451864,90.1097816334975
Ethiopia,2024,DHS,2024 DHS,facility_delivery,Oromia,53.7375831650415,45.0025997078844,62.4725666221986
Ethiopia,2024,DHS,2024 DHS,facility_delivery,SNNPR,59.4510568687614,54.1385572320644,64.7635565054584
Ethiopia,2024,DHS,2024 DHS,facility_delivery,Somali,34.220268922719,24.8205612804491,43.6199765649889
Ethiopia,2024,DHS,2024 DHS,facility_delivery,Tigray,68.2572836924451,61.4712096126993,75.043357772191
Ethiopia,2016,DHS,2016 DHS,fever_care_seeking,Addis Ababa,64.148229,53.337677,74.958782
Ethiopia,2016,DHS,2016 DHS,fever_care_seeking,Afar,41.296283,31.783306,50.809261
Ethiopia,2016,DHS,2016 DHS,fever_care_seeking,Amhara,31.392766,24.007842,38.77769
Ethiopia,2016,DHS,2016 DHS,fever_care_seeking,Benishangul-Gumuz,44.200167,31.824894,56.57544
Ethiopia,2016,DHS,2016 DHS,fever_care_seeking,Dire Dawa,51.185917,35.480059,66.891775
Ethiopia,2016,DHS,2016 DHS,fever_care_seeking,Gambela,46.933203,32.867909,60.998496
Ethiopia,2016,DHS,2016 DHS,fever_care_seeking,Harari,53.78857,41.522479,66.05466
Ethiopia,2016,DHS,2016 DHS,fever_care_seeking,Oromia,35.384339,28.607495,42.161183
Ethiopia,2016,DHS,2016 DHS,fever_care_seeking,SNNPR,37.234842,29.837583,44.632101
Ethiopia,2016,DHS,2016 DHS,fever_care_seeking,Somali,29.108309,19.114999,39.101618
Ethiopia,2016,DHS,2016 DHS,fever_care_seeking,Tigray,34.090533,27.17901,41.002055
Ethiopia,2024,DHS,2024 DHS,fever_care_seeking,Addis Ababa,46.286052,31.277154,61.29495
Ethiopia,2024,DHS,2024 DHS,fever_care_seeking,Afar,39.623656,30.988864,48.258449
Ethiopia,2024,DHS,2024 DHS,fever_care_seeking,Amhara,34.182334,22.488078,45.87659
Ethiopia,2024,DHS,2024 DHS,fever_care_seeking,Benishangul-Gumuz,67.678,58.965078,76.390922
Ethiopia,2024,DHS,2024 DHS,fever_care_seeking,Dire Dawa,39.807431,26.776174,52.838688
Ethiopia,2024,DHS,2024 DHS,fever_care_seeking,Gambela,63.533277,55.040878,72.025676
Ethiopia,2024,DHS,2024 DHS,fever_care_seeking,Harari,48.786803,30.189231,67.384374
Ethiopia,2024,DHS,2024 DHS,fever_care_seeking,Oromia,42.475027,28.640991,56.309062
Ethiopia,2024,DHS,2024 DHS,fever_care_seeking,SNNPR,42.708545,36.610271,48.806819
Ethiopia,2024,DHS,2024 DHS,fever_care_seeking,Somali,28.283234,13.756564,42.809904
Ethiopia,2024,DHS,2024 DHS,fever_care_seeking,Tigray,34.32616,27.834191,40.818128
Ethiopia,2011,DHS,2011 DHS,first_birth_under20,Addis Ababa,46.1374359628375,42.1253058779278,50.1495660477471
Ethiopia,2011,DHS,2011 DHS,first_birth_under20,Afar,66.2950100059741,62.4553551745269,70.1346648374213
Ethiopia,2011,DHS,2011 DHS,first_birth_under20,Amhara,71.2569186068765,68.5945721047447,73.9192651090084
Ethiopia,2011,DHS,2011 DHS,first_birth_under20,Benishangul,71.3587534159974,68.284486027259,74.4330208047359
Ethiopia,2011,DHS,2011 DHS,first_birth_under20,Dire Dawa,49.898477585878,46.3590452081186,53.4379099636374
Ethiopia,2011,DHS,2011 DHS,first_birth_under20,Gambela,68.9772480021103,65.0750273680314,72.8794686361892
Ethiopia,2011,DHS,2011 DHS,first_birth_under20,Harari,59.2881454852364,55.6906811579788,62.885609812494
Ethiopia,2011,DHS,2011 DHS,first_birth_under20,Oromia,66.3117741943962,62.8102879363527,69.8132604524398
Ethiopia,2011,DHS,2011 DHS,first_birth_under20,SNNPR,57.529727975859,53.8182918011453,61.2411641505727
Ethiopia,2011,DHS,2011 DHS,first_birth_under20,Somali,58.0885344952754,52.6465015460682,63.5305674444826
Ethiopia,2011,DHS,2011 DHS,first_birth_under20,Tigray,67.2747578343547,63.6780666710577,70.8714489976517
Ethiopia,2016,DHS,2016 DHS,first_birth_under20,Addis Ababa,37.0528683494003,33.5091116065651,40.5966250922355
Ethiopia,2016,DHS,2016 DHS,first_birth_under20,Afar,71.0043644584145,66.6864144423973,75.3223144744316
Ethiopia,2016,DHS,2016 DHS,first_birth_under20,Amhara,68.7529869087139,65.6375300670468,71.8684437503809
Ethiopia,2016,DHS,2016 DHS,first_birth_under20,Benishangul,71.3291527936713,67.2822603335962,75.3760452537464
Ethiopia,2016,DHS,2016 DHS,first_birth_under20,Dire Dawa,59.7202963225478,54.5825111385637,64.8580815065319
Ethiopia,2016,DHS,2016 DHS,first_birth_under20,Gambela,66.5213933583858,62.0368091462375,71.005977570534
Ethiopia,2016,DHS,2016 DHS,first_birth_under20,Harari,57.0568428562968,52.1456467604828,61.9680389521108
Ethiopia,2016,DHS,2016 DHS,first_birth_under20,Oromia,67.2942294782278,63.7306574790224,70.8578014774333
Ethiopia,2016,DHS,2016 DHS,first_birth_under20,SNNPR,61.67042070623,58.025239753927,65.315601658533
Ethiopia,2016,DHS,2016 DHS,first_birth_under20,Somali,58.3620293557923,54.7507689297794,61.9732897818052
Ethiopia,2016,DHS,2016 DHS,first_birth_under20,Tigray,65.7053425714865,62.479101826666,68.931583316307
Ethiopia,2019,DHS,2019 DHS,first_birth_under20,Addis Ababa,37.5933950634143,30.8946761834244,44.2921139434041
Ethiopia,2019,DHS,2019 DHS,first_birth_under20,Afar,66.4502333507736,61.0043862600502,71.8960804414971
Ethiopia,2019,DHS,2019 DHS,first_birth_under20,Amhara,66.8049915731741,61.7136714590962,71.896311687252
Ethiopia,2019,DHS,2019 DHS,first_birth_under20,Benishangul,69.935621951757,62.7525558981696,77.1186880053445
Ethiopia,2019,DHS,2019 DHS,first_birth_under20,Dire Dawa,54.2418430727403,48.0210717114581,60.4626144340224
Ethiopia,2019,DHS,2019 DHS,first_birth_under20,Gambela,82.3392428025944,76.4496960785866,88.2287895266023
Ethiopia,2019,DHS,2019 DHS,first_birth_under20,Harari,61.9665589290833,56.3872166177054,67.5459012404612
Ethiopia,2019,DHS,2019 DHS,first_birth_under20,Oromia,72.6297625104553,68.8255538008852,76.4339712200253
Ethiopia,2019,DHS,2019 DHS,first_birth_under20,SNNPR,68.3227744008265,61.8757642864924,74.7697845151606
Ethiopia,2019,DHS,2019 DHS,first_birth_under20,Somali,60.9596262102065,56.5554509320103,65.3638014884026
Ethiopia,2019,DHS,2019 DHS,first_birth_under20,Tigray,61.5878562842299,55.7252402225847,67.4504723458752
Ethiopia,2024,DHS,2024 DHS,first_birth_under20,Addis Ababa,25.0636951843531,20.5647724035643,29.5626179651419
Ethiopia,2024,DHS,2024 DHS,first_birth_under20,Afar,61.3802036470239,58.2663833380945,64.4940239559532
Ethiopia,2024,DHS,2024 DHS,first_birth_under20,Amhara,52.1416547691368,48.3576979815811,55.9256115566926
Ethiopia,2024,DHS,2024 DHS,first_birth_under20,Benishangul,61.2738850342381,56.7914031241563,65.7563669443199
Ethiopia,2024,DHS,2024 DHS,first_birth_under20,Dire Dawa,48.0384522983764,42.7590668615926,53.3178377351602
Ethiopia,2024,DHS,2024 DHS,first_birth_under20,Gambela,62.9912961130608,57.1161200939271,68.8664721321946
Ethiopia,2024,DHS,2024 DHS,first_birth_under20,Harari,56.2870911264915,50.8434849830076,61.7306972699754
Ethiopia,2024,DHS,2024 DHS,first_birth_under20,Oromia,60.3550342679942,56.7474689063304,63.9625996296579
Ethiopia,2024,DHS,2024 DHS,first_birth_under20,SNNPR,48.8461568815253,46.8984276507603,50.7938861122904
Ethiopia,2024,DHS,2024 DHS,first_birth_under20,Somali,54.8335276967959,50.5673220125277,59.099733381064
Ethiopia,2024,DHS,2024 DHS,first_birth_under20,Tigray,51.8917780822776,48.1000474942166,55.6835086703386
Ethiopia,2011,DHS,2011 DHS,wasting,Addis Ababa,4.570675622,2.254358509,6.886992735
Ethiopia,2011,DHS,2011 DHS,wasting,Afar,19.51885569,16.95984237,22.077869
Ethiopia,2011,DHS,2011 DHS,wasting,Amhara,9.895237704,7.770402277,12.02007313
Ethiopia,2011,DHS,2011 DHS,wasting,Benishangul,9.884139476,7.694547107,12.07373184
Ethiopia,2011,DHS,2011 DHS,wasting,Dire Dawa,12.25091183,9.049266353,15.45255731
Ethiopia,2011,DHS,2011 DHS,wasting,Gambela,12.54352587,8.462634756,16.62441697
Ethiopia,2011,DHS,2011 DHS,wasting,Harari,9.066736477,6.006223728,12.12724923
Ethiopia,2011,DHS,2011 DHS,wasting,Oromia,9.669316703,7.916856307,11.4217771
Ethiopia,2011,DHS,2011 DHS,wasting,SNNPR,7.641845562,6.096634707,9.187056417
Ethiopia,2011,DHS,2011 DHS,wasting,Somali,22.15212502,18.35801558,25.94623446
Ethiopia,2011,DHS,2011 DHS,wasting,Tigray,10.26506424,8.292142403,12.23798608
Ethiopia,2016,DHS,2016 DHS,wasting,Addis Ababa,3.472332598,1.844647507,5.100017689
Ethiopia,2016,DHS,2016 DHS,wasting,Afar,17.70385912,14.05401976,21.35369848
Ethiopia,2016,DHS,2016 DHS,wasting,Amhara,9.754061917,7.86461532,11.64350851
Ethiopia,2016,DHS,2016 DHS,wasting,Benishangul,11.46307081,8.024481925,14.90165969
Ethiopia,2016,DHS,2016 DHS,wasting,Dire Dawa,9.748419474,6.40444356,13.09239539
Ethiopia,2016,DHS,2016 DHS,wasting,Gambela,14.0986079,10.34618754,17.85102825
Ethiopia,2016,DHS,2016 DHS,wasting,Harari,10.65156225,7.14691604,14.15620845
Ethiopia,2016,DHS,2016 DHS,wasting,Oromia,10.58827435,8.923507617,12.25304109
Ethiopia,2016,DHS,2016 DHS,wasting,SNNPR,6.008460746,4.592617787,7.424303704
Ethiopia,2016,DHS,2016 DHS,wasting,Somali,22.6944446,17.93027806,27.45861114
Ethiopia,2016,DHS,2016 DHS,wasting,Tigray,11.0944552,9.002906864,13.18600353
Ethiopia,2019,DHS,2019 DHS,wasting,Addis Ababa,2.233086154,0.640118121,3.826054187
Ethiopia,2019,DHS,2019 DHS,wasting,Afar,13.53578189,9.298474836,17.77308895
Ethiopia,2019,DHS,2019 DHS,wasting,Amhara,7.592830441,5.275631511,9.910029371
Ethiopia,2019,DHS,2019 DHS,wasting,Benishangul,6.43135621,3.694658399,9.16805402
Ethiopia,2019,DHS,2019 DHS,wasting,Dire Dawa,5.926377749,3.343166,8.509589498
Ethiopia,2019,DHS,2019 DHS,wasting,Gambela,13.13788357,10.13666049,16.13910666
Ethiopia,2019,DHS,2019 DHS,wasting,Harari,4.087940802,2.112768387,6.063113217
Ethiopia,2019,DHS,2019 DHS,wasting,Oromia,4.312727237,2.661172012,5.964282463
Ethiopia,2019,DHS,2019 DHS,wasting,SNNPR,6.315048396,2.989656929,9.640439863
Ethiopia,2019,DHS,2019 DHS,wasting,Somali,21.43897733,17.87809774,24.99985692
Ethiopia,2019,DHS,2019 DHS,wasting,Tigray,9.104502719,5.844432531,12.36457291
Ethiopia,2024,DHS,2024 DHS,wasting,Addis Ababa,2.354158264,-0.003666379,4.711982906
Ethiopia,2024,DHS,2024 DHS,wasting,Afar,10.5138072,7.843374587,13.18423981
Ethiopia,2024,DHS,2024 DHS,wasting,Amhara,4.535431126,2.741181573,6.32968068
Ethiopia,2024,DHS,2024 DHS,wasting,Benishangul,4.157369547,2.301030348,6.013708747
Ethiopia,2024,DHS,2024 DHS,wasting,Dire Dawa,6.842042901,3.298666761,10.38541904
Ethiopia,2024,DHS,2024 DHS,wasting,Gambela,12.91561315,8.951937518,16.87928877
Ethiopia,2024,DHS,2024 DHS,wasting,Harari,2.649625748,0.42177154,4.877479957
Ethiopia,2024,DHS,2024 DHS,wasting,Oromia,3.860214346,2.059115177,5.661313515
Ethiopia,2024,DHS,2024 DHS,wasting,SNNPR,4.174819533,2.857525627,5.49211344
Ethiopia,2024,DHS,2024 DHS,wasting,Somali,13.72103265,10.93738428,16.50468102
Ethiopia,2024,DHS,2024 DHS,wasting,Tigray,5.183301796,2.881878056,7.484725537
Ethiopia,2011,DHS,2011 DHS,zero_dose,Addis Ababa,3.89217153551568,-0.232465920704591,8.01680899173596
Ethiopia,2011,DHS,2011 DHS,zero_dose,Affar,70.5511909052563,61.2010202382468,79.9013615722657
Ethiopia,2011,DHS,2011 DHS,zero_dose,Amhara,32.357258327986,23.5938903887742,41.1206262671978
Ethiopia,2011,DHS,2011 DHS,zero_dose,Benishangul,28.2635324159999,14.930729187387,41.5963356446127
Ethiopia,2011,DHS,2011 DHS,zero_dose,Dire Dawa,8.36481722801137,3.5375922265416,13.1920422294811
Ethiopia,2011,DHS,2011 DHS,zero_dose,Gambela,27.7796945475127,18.5853774833231,36.9740116117023
Ethiopia,2011,DHS,2011 DHS,zero_dose,Harari,26.1221140849145,16.2742031422629,35.9700250275661
Ethiopia,2011,DHS,2011 DHS,zero_dose,Oromiya,49.3672250547713,41.3573145449363,57.3771355646063
Ethiopia,2011,DHS,2011 DHS,zero_dose,SNNPR,25.3061800189846,18.2293255695905,32.3830344683786
Ethiopia,2011,DHS,2011 DHS,zero_dose,Somali,59.0956551744557,45.6709784145112,72.5203319344003
Ethiopia,2011,DHS,2011 DHS,zero_dose,Tigray,5.47590089434804,1.01676511679613,9.93503667189995
Ethiopia,2016,DHS,2016 DHS,zero_dose,Addis Ababa,2.5448620873405,-1.01276641889819,6.1024905935792
Ethiopia,2016,DHS,2016 DHS,zero_dose,Afar,52.767817628275,39.2554475068389,66.2801877497112
Ethiopia,2016,DHS,2016 DHS,zero_dose,Amhara,17.7699081695369,11.0323702929839,24.5074460460899
Ethiopia,2016,DHS,2016 DHS,zero_dose,Benishangul,18.0887508394524,8.46243813339497,27.7150635455099
Ethiopia,2016,DHS,2016 DHS,zero_dose,Dire Dawa,1.77979016544502,-0.626535942968182,4.18611627385821
Ethiopia,2016,DHS,2016 DHS,zero_dose,Gambela,25.9777463222422,13.7786401144129,38.1768525300715
Ethiopia,2016,DHS,2016 DHS,zero_dose,Harari,19.9241449655828,12.8148096276318,27.0334803035339
Ethiopia,2016,DHS,2016 DHS,zero_dose,Oromia,34.7472357362065,27.8294788036254,41.6649926687876
Ethiopia,2016,DHS,2016 DHS,zero_dose,SNNPR,23.3106111248107,15.393665520773,31.2275567288485
Ethiopia,2016,DHS,2016 DHS,zero_dose,Somali,38.3682746489946,28.8934116248489,47.8431376731404
Ethiopia,2016,DHS,2016 DHS,zero_dose,Tigray,7.29800878958731,2.07699735266069,12.5190202265139
Ethiopia,2019,DHS,2019 DHS,zero_dose,Addis Ababa,3.73935704836801,-1.01737526971855,8.49608936645457
Ethiopia,2019,DHS,2019 DHS,zero_dose,Afar,53.0041734338401,39.9868254411252,66.0215214265551
Ethiopia,2019,DHS,2019 DHS,zero_dose,Amhara,14.1490863008138,5.76446634076862,22.533706260859
Ethiopia,2019,DHS,2019 DHS,zero_dose,Benishangul,9.80771091925079,2.63397134074452,16.9814504977571
Ethiopia,2019,DHS,2019 DHS,zero_dose,Dire Dawa,4.78489312203685,0.49846777360289,9.07131847047082
Ethiopia,2019,DHS,2019 DHS,zero_dose,Gambela,22.4238239982662,7.62484572129298,37.2228022752393
Ethiopia,2019,DHS,2019 DHS,zero_dose,Harari,33.3443396109163,19.6621161889695,47.0265630328632
Ethiopia,2019,DHS,2019 DHS,zero_dose,Oromia,25.5005610024955,15.4163584087405,35.5847635962506
Ethiopia,2019,DHS,2019 DHS,zero_dose,SNNPR,26.1386443124355,17.816905759742,34.4603828651289
Ethiopia,2019,DHS,2019 DHS,zero_dose,Somali,55.99180169557,41.8168337736986,70.1667696174413
Ethiopia,2019,DHS,2019 DHS,zero_dose,Tigray,4.57217153027002,0.0114543987780324,9.13288866176201
Ethiopia,2024,DHS,2024 DHS,zero_dose,Addis Ababa,3.77207471602321,0.327384100963471,7.21676533108295
Ethiopia,2024,DHS,2024 DHS,zero_dose,Afar,51.4235782086691,40.8275153969372,62.0196410204009
Ethiopia,2024,DHS,2024 DHS,zero_dose,Amhara,12.0940322236331,6.3903976066173,17.7976668406489
Ethiopia,2024,DHS,2024 DHS,zero_dose,Benishangul,40.8941286972261,27.1454816072522,54.6427757872001
Ethiopia,2024,DHS,2024 DHS,zero_dose,Dire Dawa,23.5207289587181,14.9585459834244,32.0829119340117
Ethiopia,2024,DHS,2024 DHS,zero_dose,Gambela,33.005470098539,22.7733479671533,43.2375922299247
Ethiopia,2024,DHS,2024 DHS,zero_dose,Harari,16.4589023588454,9.79191127166691,23.125893446024
Ethiopia,2024,DHS,2024 DHS,zero_dose,Oromia,41.6645727210315,32.1747223642165,51.1544230778464
Ethiopia,2024,DHS,2024 DHS,zero_dose,SNNPR,29.270097193579,24.6652731267965,33.8749212603614
Ethiopia,2024,DHS,2024 DHS,zero_dose,Somali,66.9970311942265,58.0077459679168,75.9863164205361
Ethiopia,2024,DHS,2024 DHS,zero_dose,Tigray,10.4386264513633,6.04655604257002,14.8306968601566
Nigeria,2013,DHS,2013 DHS,anc4plus,Abia,85.459158,79.840625,91.07769
Nigeria,2013,DHS,2013 DHS,anc4plus,Adamawa,64.720338,57.052064,72.388612
Nigeria,2013,DHS,2013 DHS,anc4plus,Akwa Ibom,55.234927,48.703896,61.765958
Nigeria,2013,DHS,2013 DHS,anc4plus,Anambra,76.839839,65.164546,88.515131
Nigeria,2013,DHS,2013 DHS,anc4plus,Bauchi,42.174099,33.98422,50.363978
Nigeria,2013,DHS,2013 DHS,anc4plus,Bayelsa,33.825571,23.036776,44.614365
Nigeria,2013,DHS,2013 DHS,anc4plus,Benue,36.6205,27.184231,46.056769
Nigeria,2013,DHS,2013 DHS,anc4plus,Borno,26.002759,14.450309,37.555209
Nigeria,2013,DHS,2013 DHS,anc4plus,Cross River,75.840652,69.902463,81.778841
Nigeria,2013,DHS,2013 DHS,anc4plus,Delta,74.163519,66.346666,81.980372
Nigeria,2013,DHS,2013 DHS,anc4plus,Ebonyi,75.84746,68.681314,83.013605
Nigeria,2013,DHS,2013 DHS,anc4plus,Edo,69.738842,62.442186,77.035497
Nigeria,2013,DHS,2013 DHS,anc4plus,Ekiti,84.233275,80.605967,87.860583
Nigeria,2013,DHS,2013 DHS,anc4plus,Enugu,92.229792,88.426084,96.0335
Nigeria,2013,DHS,2013 DHS,anc4plus,FCT,85.805242,79.485985,92.124499
Nigeria,2013,DHS,2013 DHS,anc4plus,Gombe,53.472647,43.032526,63.912767
Nigeria,2013,DHS,2013 DHS,anc4plus,Imo,88.456753,84.8669,92.046606
Nigeria,2013,DHS,2013 DHS,anc4plus,Jigawa,34.440171,25.993439,42.886904
Nigeria,2013,DHS,2013 DHS,anc4plus,Kaduna,44.173917,30.142664,58.20517
Nigeria,2013,DHS,2013 DHS,anc4plus,Kano,41.198446,34.865137,47.531754
Nigeria,2013,DHS,2013 DHS,anc4plus,Katsina,23.138545,15.796682,30.480408
Nigeria,2013,DHS,2013 DHS,anc4plus,Kebbi,18.058802,8.916163,27.20144
Nigeria,2013,DHS,2013 DHS,anc4plus,Kogi,85.15473,79.767174,90.542286
Nigeria,2013,DHS,2013 DHS,anc4plus,Kwara,84.763662,80.831477,88.695848
Nigeria,2013,DHS,2013 DHS,anc4plus,Lagos,92.027614,88.988765,95.066462
Nigeria,2013,DHS,2013 DHS,anc4plus,Nasarawa,58.189215,49.792069,66.586361
Nigeria,2013,DHS,2013 DHS,anc4plus,Niger,50.070031,37.947345,62.192717
Nigeria,2013,DHS,2013 DHS,anc4plus,Ogun,90.610002,86.991755,94.22825
Nigeria,2013,DHS,2013 DHS,anc4plus,Ondo,79.835558,69.686241,89.984875
Nigeria,2013,DHS,2013 DHS,anc4plus,Osun,94.711027,91.748419,97.673636
Nigeria,2013,DHS,2013 DHS,anc4plus,Oyo,79.879594,66.987268,92.771919
Nigeria,2013,DHS,2013 DHS,anc4plus,Plateau,40.587517,30.788144,50.386889
Nigeria,2013,DHS,2013 DHS,anc4plus,Rivers,52.970342,46.323433,59.617251
Nigeria,2013,DHS,2013 DHS,anc4plus,Sokoto,16.412769,11.164347,21.661192
Nigeria,2013,DHS,2013 DHS,anc4plus,Taraba,40.165727,31.393727,48.937727
Nigeria,2013,DHS,2013 DHS,anc4plus,Yobe,19.564892,10.056332,29.073452
Nigeria,2013,DHS,2013 DHS,anc4plus,Zamfara,17.796082,12.958535,22.633629
Nigeria,2018,DHS,2018 DHS,anc4plus,Abia,89.242374,85.941411,92.543336
Nigeria,2018,DHS,2018 DHS,anc4plus,Adamawa,66.531708,59.319877,73.743539
Nigeria,2018,DHS,2018 DHS,anc4plus,Akwa Ibom,65.118974,58.519654,71.718295
Nigeria,2018,DHS,2018 DHS,anc4plus,Anambra,82.476279,78.272377,86.680182
Nigeria,2018,DHS,2018 DHS,anc4plus,Bauchi,42.303203,34.71146,49.894947
Nigeria,2018,DHS,2018 DHS,anc4plus,Bayelsa,25.859331,17.361427,34.357236
Nigeria,2018,DHS,2018 DHS,anc4plus,Benue,56.27521,51.112386,61.438033
Nigeria,2018,DHS,2018 DHS,anc4plus,Borno,34.383291,27.12399,41.642591
Nigeria,2018,DHS,2018 DHS,anc4plus,Cross River,65.681392,57.826228,73.536556
Nigeria,2018,DHS,2018 DHS,anc4plus,Delta,71.7288,64.392628,79.064971
Nigeria,2018,DHS,2018 DHS,anc4plus,Ebonyi,74.211399,68.236659,80.186138
Nigeria,2018,DHS,2018 DHS,anc4plus,Edo,71.927006,64.276927,79.577085
Nigeria,2018,DHS,2018 DHS,anc4plus,Ekiti,86.376819,79.560551,93.193087
Nigeria,2018,DHS,2018 DHS,anc4plus,Enugu,88.056099,84.012113,92.100086
Nigeria,2018,DHS,2018 DHS,anc4plus,FCT,71.560969,64.472684,78.649253
Nigeria,2018,DHS,2018 DHS,anc4plus,Gombe,44.358451,36.280822,52.43608
Nigeria,2018,DHS,2018 DHS,anc4plus,Imo,86.18965,83.569026,88.810275
Nigeria,2018,DHS,2018 DHS,anc4plus,Jigawa,47.886445,40.497668,55.275222
Nigeria,2018,DHS,2018 DHS,anc4plus,Kaduna,54.086781,43.738018,64.435543
Nigeria,2018,DHS,2018 DHS,anc4plus,Kano,51.027264,45.730832,56.323696
Nigeria,2018,DHS,2018 DHS,anc4plus,Katsina,38.380578,31.546199,45.214958
Nigeria,2018,DHS,2018 DHS,anc4plus,Kebbi,27.413778,19.439525,35.388031
Nigeria,2018,DHS,2018 DHS,anc4plus,Kogi,71.199388,63.317355,79.081421
Nigeria,2018,DHS,2018 DHS,anc4plus,Kwara,65.966071,52.145123,79.787019
Nigeria,2018,DHS,2018 DHS,anc4plus,Lagos,80.228524,76.515969,83.941079
Nigeria,2018,DHS,2018 DHS,anc4plus,Nasarawa,67.256711,60.323053,74.190369
Nigeria,2018,DHS,2018 DHS,anc4plus,Niger,33.028908,26.737887,39.319928
Nigeria,2018,DHS,2018 DHS,anc4plus,Ogun,90.855193,86.453646,95.25674
Nigeria,2018,DHS,2018 DHS,anc4plus,Ondo,84.302509,78.144314,90.460704
Nigeria,2018,DHS,2018 DHS,anc4plus,Osun,95.555913,93.427235,97.684591
Nigeria,2018,DHS,2018 DHS,anc4plus,Oyo,79.49615,73.008643,85.983656
Nigeria,2018,DHS,2018 DHS,anc4plus,Plateau,55.084399,48.409039,61.75976
Nigeria,2018,DHS,2018 DHS,anc4plus,Rivers,81.240682,75.530216,86.951148
Nigeria,2018,DHS,2018 DHS,anc4plus,Sokoto,30.699358,23.289647,38.109068
Nigeria,2018,DHS,2018 DHS,anc4plus,Taraba,49.866012,43.271398,56.460625
Nigeria,2018,DHS,2018 DHS,anc4plus,Yobe,35.762376,28.302628,43.222124
Nigeria,2018,DHS,2018 DHS,anc4plus,Zamfara,25.936868,16.059447,35.814288
Nigeria,2024,DHS,2024 DHS,anc4plus,Abia,79.05641,71.584606,86.528213
Nigeria,2024,DHS,2024 DHS,anc4plus,Adamawa,56.421333,46.995462,65.847205
Nigeria,2024,DHS,2024 DHS,anc4plus,Akwa Ibom,65.724152,57.74243,73.705874
Nigeria,2024,DHS,2024 DHS,anc4plus,Anambra,84.858744,77.621574,92.095914
Nigeria,2024,DHS,2024 DHS,anc4plus,Bauchi,46.602332,37.007856,56.196807
Nigeria,2024,DHS,2024 DHS,anc4plus,Bayelsa,48.615939,34.929871,62.302006
Nigeria,2024,DHS,2024 DHS,anc4plus,Benue,49.128425,40.155137,58.101713
Nigeria,2024,DHS,2024 DHS,anc4plus,Borno,61.103373,53.044692,69.162053
Nigeria,2024,DHS,2024 DHS,anc4plus,Cross River,79.987405,73.797954,86.176856
Nigeria,2024,DHS,2024 DHS,anc4plus,Delta,60.458586,52.088888,68.828285
Nigeria,2024,DHS,2024 DHS,anc4plus,Ebonyi,61.727962,52.530483,70.925442
Nigeria,2024,DHS,2024 DHS,anc4plus,Edo,62.99775,54.608003,71.387497
Nigeria,2024,DHS,2024 DHS,anc4plus,Ekiti,68.589093,56.705047,80.473138
Nigeria,2024,DHS,2024 DHS,anc4plus,Enugu,61.907756,52.592162,71.22335
Nigeria,2024,DHS,2024 DHS,anc4plus,FCT,79.905067,73.253934,86.5562
Nigeria,2024,DHS,2024 DHS,anc4plus,Gombe,39.103663,29.055141,49.152186
Nigeria,2024,DHS,2024 DHS,anc4plus,Imo,84.932995,80.929604,88.936385
Nigeria,2024,DHS,2024 DHS,anc4plus,Jigawa,37.660619,32.119945,43.201293
Nigeria,2024,DHS,2024 DHS,anc4plus,Kaduna,59.432276,50.929374,67.935177
Nigeria,2024,DHS,2024 DHS,anc4plus,Kano,51.261443,44.733493,57.789394
Nigeria,2024,DHS,2024 DHS,anc4plus,Katsina,37.178724,28.381776,45.975671
Nigeria,2024,DHS,2024 DHS,anc4plus,Kebbi,14.031834,9.86082,18.202848
Nigeria,2024,DHS,2024 DHS,anc4plus,Kogi,54.10791,44.083002,64.132818
Nigeria,2024,DHS,2024 DHS,anc4plus,Kwara,51.302839,35.853592,66.752086
Nigeria,2024,DHS,2024 DHS,anc4plus,Lagos,95.432872,91.706223,99.159521
Nigeria,2024,DHS,2024 DHS,anc4plus,Nasarawa,65.953382,59.302439,72.604325
Nigeria,2024,DHS,2024 DHS,anc4plus,Niger,34.69295,25.443904,43.941995
Nigeria,2024,DHS,2024 DHS,anc4plus,Ogun,73.656235,66.54581,80.76666
Nigeria,2024,DHS,2024 DHS,anc4plus,Ondo,66.281513,57.190623,75.372403
Nigeria,2024,DHS,2024 DHS,anc4plus,Osun,91.974982,86.770016,97.179948
Nigeria,2024,DHS,2024 DHS,anc4plus,Oyo,73.775034,65.871176,81.678892
Nigeria,2024,DHS,2024 DHS,anc4plus,Plateau,46.436564,37.627778,55.245349
Nigeria,2024,DHS,2024 DHS,anc4plus,Rivers,76.477595,69.062955,83.892234
Nigeria,2024,DHS,2024 DHS,anc4plus,Sokoto,22.747631,14.346268,31.148993
Nigeria,2024,DHS,2024 DHS,anc4plus,Taraba,50.546595,40.354934,60.738257
Nigeria,2024,DHS,2024 DHS,anc4plus,Yobe,48.495499,42.825577,54.165422
Nigeria,2024,DHS,2024 DHS,anc4plus,Zamfara,21.457577,12.387266,30.527888
Nigeria,2018,DHS,2018 DHS,anemia_women,Abia,58.45048253,51.24717296,65.65379211
Nigeria,2018,DHS,2018 DHS,anemia_women,Adamawa,35.89171025,30.57317709,41.21024341
Nigeria,2018,DHS,2018 DHS,anemia_women,Akwa Ibom,57.73545654,51.87875901,63.59215408
Nigeria,2018,DHS,2018 DHS,anemia_women,Anambra,70.20763828,64.48087472,75.93440184
Nigeria,2018,DHS,2018 DHS,anemia_women,Bauchi,68.60801404,63.8087493,73.40727878
Nigeria,2018,DHS,2018 DHS,anemia_women,Bayelsa,58.37548445,50.97389991,65.77706899
Nigeria,2018,DHS,2018 DHS,anemia_women,Benue,48.81832423,43.46198983,54.17465864
Nigeria,2018,DHS,2018 DHS,anemia_women,Borno,53.91371187,47.93724414,59.8901796
Nigeria,2018,DHS,2018 DHS,anemia_women,Cross River,46.06983379,38.63446901,53.50519856
Nigeria,2018,DHS,2018 DHS,anemia_women,Delta,64.14087752,59.13141154,69.1503435
Nigeria,2018,DHS,2018 DHS,anemia_women,Ebonyi,71.65931424,66.81415029,76.50447819
Nigeria,2018,DHS,2018 DHS,anemia_women,Edo,55.21303143,45.80144606,64.6246168
Nigeria,2018,DHS,2018 DHS,anemia_women,Ekiti,50.52876788,43.53974731,57.51778844
Nigeria,2018,DHS,2018 DHS,anemia_women,Enugu,60.24660124,55.63020641,64.86299608
Nigeria,2018,DHS,2018 DHS,anemia_women,FCT Abuja,50.33274247,45.3122892,55.35319574
Nigeria,2018,DHS,2018 DHS,anemia_women,Gombe,63.61109543,55.97982677,71.24236408
Nigeria,2018,DHS,2018 DHS,anemia_women,Imo,64.63614092,57.38392607,71.88835576
Nigeria,2018,DHS,2018 DHS,anemia_women,Jigawa,65.43534796,59.45004684,71.42064908
Nigeria,2018,DHS,2018 DHS,anemia_women,Kaduna,43.97574824,37.61001707,50.34147941
Nigeria,2018,DHS,2018 DHS,anemia_women,Kano,46.55731175,40.92986017,52.18476333
Nigeria,2018,DHS,2018 DHS,anemia_women,Katsina,71.17213522,65.29408011,77.05019032
Nigeria,2018,DHS,2018 DHS,anemia_women,Kebbi,60.39381822,53.42314031,67.36449613
Nigeria,2018,DHS,2018 DHS,anemia_women,Kogi,58.21614516,50.60450241,65.82778792
Nigeria,2018,DHS,2018 DHS,anemia_women,Kwara,54.9014994,48.01363441,61.78936439
Nigeria,2018,DHS,2018 DHS,anemia_women,Lagos,49.5486805,44.06551984,55.03184117
Nigeria,2018,DHS,2018 DHS,anemia_women,Nasarawa,65.1279326,57.92595405,72.32991116
Nigeria,2018,DHS,2018 DHS,anemia_women,Niger,64.19342651,57.8534522,70.53340083
Nigeria,2018,DHS,2018 DHS,anemia_women,Ogun,48.99497187,43.58310573,54.40683801
Nigeria,2018,DHS,2018 DHS,anemia_women,Ondo,55.15180425,48.81096484,61.49264365
Nigeria,2018,DHS,2018 DHS,anemia_women,Osun,57.16442847,51.96551866,62.36333829
Nigeria,2018,DHS,2018 DHS,anemia_women,Oyo,49.65007942,42.88706522,56.41309362
Nigeria,2018,DHS,2018 DHS,anemia_women,Plateau,43.69597886,38.2816098,49.11034793
Nigeria,2018,DHS,2018 DHS,anemia_women,Rivers,66.09316478,58.99908979,73.18723977
Nigeria,2018,DHS,2018 DHS,anemia_women,Sokoto,73.71410673,66.73379371,80.69441974
Nigeria,2018,DHS,2018 DHS,anemia_women,Taraba,53.96998969,47.23194622,60.70803316
Nigeria,2018,DHS,2018 DHS,anemia_women,Yobe,67.8157592,60.73388369,74.8976347
Nigeria,2018,DHS,2018 DHS,anemia_women,Zamfara,71.29361959,65.85676967,76.73046952
Nigeria,2024,DHS,2024 DHS,anemia_women,Abia,64.03379026,56.90147856,71.16610197
Nigeria,2024,DHS,2024 DHS,anemia_women,Adamawa,44.23647588,37.55973579,50.91321597
Nigeria,2024,DHS,2024 DHS,anemia_women,Akwa Ibom,55.52269926,49.60972604,61.43567248
Nigeria,2024,DHS,2024 DHS,anemia_women,Anambra,52.27675929,44.18508872,60.36842987
Nigeria,2024,DHS,2024 DHS,anemia_women,Bauchi,46.67997221,36.70100058,56.65894384
Nigeria,2024,DHS,2024 DHS,anemia_women,Bayelsa,47.70077996,41.94494254,53.45661738
Nigeria,2024,DHS,2024 DHS,anemia_women,Benue,26.74018447,21.89996422,31.58040472
Nigeria,2024,DHS,2024 DHS,anemia_women,Borno,39.09120376,33.88593752,44.29647001
Nigeria,2024,DHS,2024 DHS,anemia_women,Cross River,38.5152347,31.53287736,45.49759205
Nigeria,2024,DHS,2024 DHS,anemia_women,Delta,35.82449551,30.34500807,41.30398294
Nigeria,2024,DHS,2024 DHS,anemia_women,Ebonyi,71.68532422,66.74636104,76.6242874
Nigeria,2024,DHS,2024 DHS,anemia_women,Edo,50.81819356,44.93689909,56.69948804
Nigeria,2024,DHS,2024 DHS,anemia_women,Ekiti,40.40354179,31.96680275,48.84028084
Nigeria,2024,DHS,2024 DHS,anemia_women,Enugu,47.76113895,42.31873004,53.20354785
Nigeria,2024,DHS,2024 DHS,anemia_women,FCT Abuja,29.82901728,24.07506182,35.58297274
Nigeria,2024,DHS,2024 DHS,anemia_women,Gombe,38.6254518,32.7708924,44.48001121
Nigeria,2024,DHS,2024 DHS,anemia_women,Imo,40.12632595,33.96983128,46.28282062
Nigeria,2024,DHS,2024 DHS,anemia_women,Jigawa,48.83952536,43.20209879,54.47695192
Nigeria,2024,DHS,2024 DHS,anemia_women,Kaduna,26.11484997,21.86225455,30.36744539
Nigeria,2024,DHS,2024 DHS,anemia_women,Kano,33.46541688,28.6865883,38.24424545
Nigeria,2024,DHS,2024 DHS,anemia_women,Katsina,52.36303215,44.88911621,59.83694808
Nigeria,2024,DHS,2024 DHS,anemia_women,Kebbi,20.08032564,16.0775032,24.08314808
Nigeria,2024,DHS,2024 DHS,anemia_women,Kogi,43.47425178,36.91655304,50.03195051
Nigeria,2024,DHS,2024 DHS,anemia_women,Kwara,55.82042091,49.62554025,62.01530157
Nigeria,2024,DHS,2024 DHS,anemia_women,Lagos,46.30045303,39.07461092,53.52629514
Nigeria,2024,DHS,2024 DHS,anemia_women,Nasarawa,31.06414698,25.15266549,36.97562846
Nigeria,2024,DHS,2024 DHS,anemia_women,Niger,40.03126674,32.70636625,47.35616723
Nigeria,2024,DHS,2024 DHS,anemia_women,Ogun,41.67780639,35.29056577,48.06504701
Nigeria,2024,DHS,2024 DHS,anemia_women,Ondo,45.22823992,36.26158074,54.1948991
Nigeria,2024,DHS,2024 DHS,anemia_women,Osun,37.61204694,30.98226017,44.24183371
Nigeria,2024,DHS,2024 DHS,anemia_women,Oyo,38.2913686,33.32343017,43.25930702
Nigeria,2024,DHS,2024 DHS,anemia_women,Plateau,23.72343165,18.03805432,29.40880898
Nigeria,2024,DHS,2024 DHS,anemia_women,Rivers,49.74679356,44.99704369,54.49654343
Nigeria,2024,DHS,2024 DHS,anemia_women,Sokoto,64.27788137,59.54790318,69.00785957
Nigeria,2024,DHS,2024 DHS,anemia_women,Taraba,40.33693676,32.60867669,48.06519683
Nigeria,2024,DHS,2024 DHS,anemia_women,Yobe,37.25458425,31.44948034,43.05968815
Nigeria,2024,DHS,2024 DHS,anemia_women,Zamfara,39.06831555,30.85590892,47.28072219
Nigeria,2013,DHS,2013 DHS,facility_delivery,Abia,72.833546,63.258054,82.409037
Nigeria,2013,DHS,2013 DHS,facility_delivery,Adamawa,33.392323,23.351556,43.43309
Nigeria,2013,DHS,2013 DHS,facility_delivery,Akwa Ibom,43.177927,34.818265,51.537588
Nigeria,2013,DHS,2013 DHS,facility_delivery,Anambra,84.648975,76.191073,93.106877
Nigeria,2013,DHS,2013 DHS,facility_delivery,Bauchi,16.92742,11.233881,22.620959
Nigeria,2013,DHS,2013 DHS,facility_delivery,Bayelsa,28.418101,17.693017,39.143185
Nigeria,2013,DHS,2013 DHS,facility_delivery,Benue,50.922638,40.26507,61.580207
Nigeria,2013,DHS,2013 DHS,facility_delivery,Borno,16.978657,9.460904,24.49641
Nigeria,2013,DHS,2013 DHS,facility_delivery,Cross River,40.380358,30.945251,49.815465
Nigeria,2013,DHS,2013 DHS,facility_delivery,Delta,57.649006,44.137777,71.160236
Nigeria,2013,DHS,2013 DHS,facility_delivery,Ebonyi,59.608168,50.074824,69.141511
Nigeria,2013,DHS,2013 DHS,facility_delivery,Edo,74.736379,65.997786,83.474972
Nigeria,2013,DHS,2013 DHS,facility_delivery,Ekiti,86.312793,81.788909,90.836677
Nigeria,2013,DHS,2013 DHS,facility_delivery,Enugu,85.507148,80.580394,90.433902
Nigeria,2013,DHS,2013 DHS,facility_delivery,FCT,69.093866,57.552043,80.635689
Nigeria,2013,DHS,2013 DHS,facility_delivery,Gombe,27.560512,19.142443,35.978581
Nigeria,2013,DHS,2013 DHS,facility_delivery,Imo,90.895962,85.569239,96.222685
Nigeria,2013,DHS,2013 DHS,facility_delivery,Jigawa,6.713779,3.650256,9.777302
Nigeria,2013,DHS,2013 DHS,facility_delivery,Kaduna,32.351368,19.28363,45.419107
Nigeria,2013,DHS,2013 DHS,facility_delivery,Kano,12.868179,9.69824,16.038118
Nigeria,2013,DHS,2013 DHS,facility_delivery,Katsina,8.989977,5.473433,12.506521
Nigeria,2013,DHS,2013 DHS,facility_delivery,Kebbi,8.468434,5.670969,11.265899
Nigeria,2013,DHS,2013 DHS,facility_delivery,Kogi,78.919837,69.790752,88.048922
Nigeria,2013,DHS,2013 DHS,facility_delivery,Kwara,76.732331,68.400806,85.063856
Nigeria,2013,DHS,2013 DHS,facility_delivery,Lagos,77.193485,69.911181,84.47579
Nigeria,2013,DHS,2013 DHS,facility_delivery,Nasarawa,40.113291,33.167907,47.058676
Nigeria,2013,DHS,2013 DHS,facility_delivery,Niger,25.314307,18.511881,32.116734
Nigeria,2013,DHS,2013 DHS,facility_delivery,Ogun,74.673787,67.966131,81.381443
Nigeria,2013,DHS,2013 DHS,facility_delivery,Ondo,56.244774,41.691216,70.798332
Nigeria,2013,DHS,2013 DHS,facility_delivery,Osun,89.138656,82.764066,95.513246
Nigeria,2013,DHS,2013 DHS,facility_delivery,Oyo,74.717133,62.033929,87.400336
Nigeria,2013,DHS,2013 DHS,facility_delivery,Plateau,35.820378,24.153997,47.48676
Nigeria,2013,DHS,2013 DHS,facility_delivery,Rivers,48.969261,39.238394,58.700127
Nigeria,2013,DHS,2013 DHS,facility_delivery,Sokoto,4.712325,3.445776,5.978874
Nigeria,2013,DHS,2013 DHS,facility_delivery,Taraba,23.350998,14.086221,32.615775
Nigeria,2013,DHS,2013 DHS,facility_delivery,Yobe,7.564842,1.363224,13.76646
Nigeria,2013,DHS,2013 DHS,facility_delivery,Zamfara,4.99821,2.306889,7.689532
Nigeria,2018,DHS,2018 DHS,facility_delivery,Abia,92.017202,88.020434,96.013969
Nigeria,2018,DHS,2018 DHS,facility_delivery,Adamawa,38.890102,29.989529,47.790675
Nigeria,2018,DHS,2018 DHS,facility_delivery,Akwa Ibom,34.727876,25.836698,43.619054
Nigeria,2018,DHS,2018 DHS,facility_delivery,Anambra,90.446341,85.226523,95.66616
Nigeria,2018,DHS,2018 DHS,facility_delivery,Bauchi,21.79494,17.150677,26.439202
Nigeria,2018,DHS,2018 DHS,facility_delivery,Bayelsa,22.856678,12.314763,33.398593
Nigeria,2018,DHS,2018 DHS,facility_delivery,Benue,67.092036,60.555892,73.62818
Nigeria,2018,DHS,2018 DHS,facility_delivery,Borno,26.170253,19.471218,32.869289
Nigeria,2018,DHS,2018 DHS,facility_delivery,Cross River,52.572896,41.407447,63.738346
Nigeria,2018,DHS,2018 DHS,facility_delivery,Delta,54.871552,45.989473,63.75363
Nigeria,2018,DHS,2018 DHS,facility_delivery,Ebonyi,56.517215,49.057489,63.97694
Nigeria,2018,DHS,2018 DHS,facility_delivery,Edo,80.054612,73.102288,87.006936
Nigeria,2018,DHS,2018 DHS,facility_delivery,Ekiti,71.782095,66.73126,76.832931
Nigeria,2018,DHS,2018 DHS,facility_delivery,Enugu,79.538578,72.880712,86.196444
Nigeria,2018,DHS,2018 DHS,facility_delivery,FCT,63.168635,53.159456,73.177814
Nigeria,2018,DHS,2018 DHS,facility_delivery,Gombe,27.717943,19.703951,35.731936
Nigeria,2018,DHS,2018 DHS,facility_delivery,Imo,94.459594,92.08873,96.830459
Nigeria,2018,DHS,2018 DHS,facility_delivery,Jigawa,20.122489,14.215078,26.0299
Nigeria,2018,DHS,2018 DHS,facility_delivery,Kaduna,17.581642,11.569579,23.593706
Nigeria,2018,DHS,2018 DHS,facility_delivery,Kano,19.191735,14.779048,23.604421
Nigeria,2018,DHS,2018 DHS,facility_delivery,Katsina,16.456689,11.400775,21.512603
Nigeria,2018,DHS,2018 DHS,facility_delivery,Kebbi,7.437533,4.823172,10.051894
Nigeria,2018,DHS,2018 DHS,facility_delivery,Kogi,72.366577,65.939108,78.794046
Nigeria,2018,DHS,2018 DHS,facility_delivery,Kwara,55.134712,42.539784,67.72964
Nigeria,2018,DHS,2018 DHS,facility_delivery,Lagos,75.740474,70.009116,81.471832
Nigeria,2018,DHS,2018 DHS,facility_delivery,Nasarawa,49.829554,38.003701,61.655408
Nigeria,2018,DHS,2018 DHS,facility_delivery,Niger,25.829424,20.695936,30.962912
Nigeria,2018,DHS,2018 DHS,facility_delivery,Ogun,73.356879,64.838444,81.875313
Nigeria,2018,DHS,2018 DHS,facility_delivery,Ondo,80.702306,74.132437,87.272176
Nigeria,2018,DHS,2018 DHS,facility_delivery,Osun,91.554185,88.614353,94.494016
Nigeria,2018,DHS,2018 DHS,facility_delivery,Oyo,70.077914,63.482284,76.673545
Nigeria,2018,DHS,2018 DHS,facility_delivery,Plateau,43.856573,35.227731,52.485416
Nigeria,2018,DHS,2018 DHS,facility_delivery,Rivers,48.186182,39.308398,57.063966
Nigeria,2018,DHS,2018 DHS,facility_delivery,Sokoto,7.785467,4.554342,11.016592
Nigeria,2018,DHS,2018 DHS,facility_delivery,Taraba,29.985144,23.190621,36.779667
Nigeria,2018,DHS,2018 DHS,facility_delivery,Yobe,16.216258,7.100969,25.331546
Nigeria,2018,DHS,2018 DHS,facility_delivery,Zamfara,10.769576,3.264178,18.274973
Nigeria,2024,DHS,2024 DHS,facility_delivery,Abia,85.956188,78.695276,93.2171
Nigeria,2024,DHS,2024 DHS,facility_delivery,Adamawa,41.579381,31.285308,51.873453
Nigeria,2024,DHS,2024 DHS,facility_delivery,Akwa Ibom,38.588981,28.572812,48.605151
Nigeria,2024,DHS,2024 DHS,facility_delivery,Anambra,83.24692,76.489215,90.004624
Nigeria,2024,DHS,2024 DHS,facility_delivery,Bauchi,31.142297,24.793303,37.491291
Nigeria,2024,DHS,2024 DHS,facility_delivery,Bayelsa,46.117097,30.868384,61.365811
Nigeria,2024,DHS,2024 DHS,facility_delivery,Benue,59.046486,48.399041,69.69393
Nigeria,2024,DHS,2024 DHS,facility_delivery,Borno,45.915765,34.636595,57.194935
Nigeria,2024,DHS,2024 DHS,facility_delivery,Cross River,58.834953,47.905039,69.764868
Nigeria,2024,DHS,2024 DHS,facility_delivery,Delta,82.982899,72.840416,93.125383
Nigeria,2024,DHS,2024 DHS,facility_delivery,Ebonyi,79.367592,72.564016,86.171167
Nigeria,2024,DHS,2024 DHS,facility_delivery,Edo,90.920718,86.362094,95.479343
Nigeria,2024,DHS,2024 DHS,facility_delivery,Ekiti,81.658578,76.171992,87.145164
Nigeria,2024,DHS,2024 DHS,facility_delivery,Enugu,92.587143,88.205609,96.968676
Nigeria,2024,DHS,2024 DHS,facility_delivery,FCT,81.334621,70.608356,92.060886
Nigeria,2024,DHS,2024 DHS,facility_delivery,Gombe,48.530973,38.065063,58.996882
Nigeria,2024,DHS,2024 DHS,facility_delivery,Imo,97.026071,94.983679,99.068463
Nigeria,2024,DHS,2024 DHS,facility_delivery,Jigawa,21.405216,16.378548,26.431884
Nigeria,2024,DHS,2024 DHS,facility_delivery,Kaduna,25.859501,17.435841,34.283161
Nigeria,2024,DHS,2024 DHS,facility_delivery,Kano,32.673853,27.006549,38.341156
Nigeria,2024,DHS,2024 DHS,facility_delivery,Katsina,15.80346,10.991767,20.615152
Nigeria,2024,DHS,2024 DHS,facility_delivery,Kebbi,8.843813,6.07091,11.616717
Nigeria,2024,DHS,2024 DHS,facility_delivery,Kogi,62.161529,52.855769,71.467288
Nigeria,2024,DHS,2024 DHS,facility_delivery,Kwara,51.497966,35.433368,67.562564
Nigeria,2024,DHS,2024 DHS,facility_delivery,Lagos,85.844276,76.071767,95.616786
Nigeria,2024,DHS,2024 DHS,facility_delivery,Nasarawa,55.708749,45.843122,65.574375
Nigeria,2024,DHS,2024 DHS,facility_delivery,Niger,30.184659,22.063223,38.306095
Nigeria,2024,DHS,2024 DHS,facility_delivery,Ogun,83.329697,77.061931,89.597463
Nigeria,2024,DHS,2024 DHS,facility_delivery,Ondo,83.187846,74.59896,91.776731
Nigeria,2024,DHS,2024 DHS,facility_delivery,Osun,86.672552,80.444434,92.90067
Nigeria,2024,DHS,2024 DHS,facility_delivery,Oyo,75.027198,67.384318,82.670078
Nigeria,2024,DHS,2024 DHS,facility_delivery,Plateau,45.687297,34.561873,56.812721
Nigeria,2024,DHS,2024 DHS,facility_delivery,Rivers,56.884896,45.883393,67.886399
Nigeria,2024,DHS,2024 DHS,facility_delivery,Sokoto,12.456265,6.423795,18.488736
Nigeria,2024,DHS,2024 DHS,facility_delivery,Taraba,33.001944,22.133348,43.870539
Nigeria,2024,DHS,2024 DHS,facility_delivery,Yobe,32.082441,25.784874,38.380008
Nigeria,2024,DHS,2024 DHS,facility_delivery,Zamfara,15.314362,7.130393,23.49833
Nigeria,2013,DHS,2013 DHS,fever_care_seeking,Abia,69.192846,52.676777,85.708916
Nigeria,2013,DHS,2013 DHS,fever_care_seeking,Adamawa,81.083005,72.929857,89.236153
Nigeria,2013,DHS,2013 DHS,fever_care_seeking,Akwa Ibom,81.895648,72.547695,91.2436
Nigeria,2013,DHS,2013 DHS,fever_care_seeking,Anambra,54.576446,31.647759,77.505133
Nigeria,2013,DHS,2013 DHS,fever_care_seeking,Bauchi,75.631995,67.791773,83.472218
Nigeria,2013,DHS,2013 DHS,fever_care_seeking,Bayelsa,78.064671,58.705061,97.42428
Nigeria,2013,DHS,2013 DHS,fever_care_seeking,Benue,31.379373,1.769885,60.98886
Nigeria,2013,DHS,2013 DHS,fever_care_seeking,Borno,62.709472,48.987416,76.431528
Nigeria,2013,DHS,2013 DHS,fever_care_seeking,Cross River,79.850242,73.95679,85.743695
Nigeria,2013,DHS,2013 DHS,fever_care_seeking,Delta,46.179619,30.55673,61.802509
Nigeria,2013,DHS,2013 DHS,fever_care_seeking,Ebonyi,75.792704,67.931277,83.654131
Nigeria,2013,DHS,2013 DHS,fever_care_seeking,Edo,77.425839,60.326547,94.525131
Nigeria,2013,DHS,2013 DHS,fever_care_seeking,Ekiti,62.69489,46.983887,78.405893
Nigeria,2013,DHS,2013 DHS,fever_care_seeking,Enugu,69.379952,54.933758,83.826145
Nigeria,2013,DHS,2013 DHS,fever_care_seeking,FCT,73.694003,57.595333,89.792672
Nigeria,2013,DHS,2013 DHS,fever_care_seeking,Gombe,83.939852,76.0718,91.807904
Nigeria,2013,DHS,2013 DHS,fever_care_seeking,Imo,76.985653,57.884998,96.086307
Nigeria,2013,DHS,2013 DHS,fever_care_seeking,Jigawa,65.665041,56.769129,74.560953
Nigeria,2013,DHS,2013 DHS,fever_care_seeking,Kaduna,48.661006,29.905079,67.416933
Nigeria,2013,DHS,2013 DHS,fever_care_seeking,Kano,70.346846,62.383933,78.309758
Nigeria,2013,DHS,2013 DHS,fever_care_seeking,Katsina,53.345125,32.835939,73.854312
Nigeria,2013,DHS,2013 DHS,fever_care_seeking,Kebbi,70.476227,62.570101,78.382354
Nigeria,2013,DHS,2013 DHS,fever_care_seeking,Kogi,87.862001,72.911214,100.0
Nigeria,2013,DHS,2013 DHS,fever_care_seeking,Kwara,78.15427,65.973171,90.335368
Nigeria,2013,DHS,2013 DHS,fever_care_seeking,Lagos,69.799499,61.732863,77.866135
Nigeria,2013,DHS,2013 DHS,fever_care_seeking,Nasarawa,83.859326,71.370408,96.348244
Nigeria,2013,DHS,2013 DHS,fever_care_seeking,Niger,66.259238,51.407081,81.111396
Nigeria,2013,DHS,2013 DHS,fever_care_seeking,Ogun,20.366513,0.264549,40.468478
Nigeria,2013,DHS,2013 DHS,fever_care_seeking,Ondo,73.251323,58.842353,87.660294
Nigeria,2013,DHS,2013 DHS,fever_care_seeking,Osun,72.74827,47.588779,97.907761
Nigeria,2013,DHS,2013 DHS,fever_care_seeking,Oyo,76.134625,65.086311,87.182938
Nigeria,2013,DHS,2013 DHS,fever_care_seeking,Plateau,58.101844,47.532538,68.671149
Nigeria,2013,DHS,2013 DHS,fever_care_seeking,Rivers,81.118465,73.901082,88.335847
Nigeria,2013,DHS,2013 DHS,fever_care_seeking,Sokoto,62.649382,52.804483,72.49428
Nigeria,2013,DHS,2013 DHS,fever_care_seeking,Taraba,69.555058,60.940564,78.169552
Nigeria,2013,DHS,2013 DHS,fever_care_seeking,Yobe,73.397034,64.488222,82.305847
Nigeria,2013,DHS,2013 DHS,fever_care_seeking,Zamfara,70.751408,61.759515,79.7433
Nigeria,2018,DHS,2018 DHS,fever_care_seeking,Abia,86.593475,78.188621,94.99833
Nigeria,2018,DHS,2018 DHS,fever_care_seeking,Adamawa,49.341637,38.166043,60.517232
Nigeria,2018,DHS,2018 DHS,fever_care_seeking,Akwa Ibom,69.49101,60.719314,78.262706
Nigeria,2018,DHS,2018 DHS,fever_care_seeking,Anambra,97.405252,93.537598,100.0
Nigeria,2018,DHS,2018 DHS,fever_care_seeking,Bauchi,71.207647,65.046356,77.368939
Nigeria,2018,DHS,2018 DHS,fever_care_seeking,Bayelsa,71.815196,58.314513,85.315879
Nigeria,2018,DHS,2018 DHS,fever_care_seeking,Benue,92.269628,87.677769,96.861486
Nigeria,2018,DHS,2018 DHS,fever_care_seeking,Borno,77.456969,68.690945,86.222993
Nigeria,2018,DHS,2018 DHS,fever_care_seeking,Cross River,83.460911,74.395565,92.526256
Nigeria,2018,DHS,2018 DHS,fever_care_seeking,Delta,65.366807,45.262454,85.47116
Nigeria,2018,DHS,2018 DHS,fever_care_seeking,Ebonyi,64.293275,59.307885,69.278664
Nigeria,2018,DHS,2018 DHS,fever_care_seeking,Edo,78.306938,67.523544,89.090331
Nigeria,2018,DHS,2018 DHS,fever_care_seeking,Ekiti,61.795348,52.004762,71.585934
Nigeria,2018,DHS,2018 DHS,fever_care_seeking,Enugu,81.634994,72.840346,90.429641
Nigeria,2018,DHS,2018 DHS,fever_care_seeking,FCT,79.218111,69.577696,88.858526
Nigeria,2018,DHS,2018 DHS,fever_care_seeking,Gombe,84.364919,80.05615,88.673687
Nigeria,2018,DHS,2018 DHS,fever_care_seeking,Imo,51.345783,44.420964,58.270603
Nigeria,2018,DHS,2018 DHS,fever_care_seeking,Jigawa,83.168842,78.196202,88.141483
Nigeria,2018,DHS,2018 DHS,fever_care_seeking,Kaduna,64.353128,54.423791,74.282466
Nigeria,2018,DHS,2018 DHS,fever_care_seeking,Kano,84.010604,79.577364,88.443844
Nigeria,2018,DHS,2018 DHS,fever_care_seeking,Katsina,79.108954,72.213004,86.004904
Nigeria,2018,DHS,2018 DHS,fever_care_seeking,Kebbi,73.120987,66.289359,79.952615
Nigeria,2018,DHS,2018 DHS,fever_care_seeking,Kogi,51.900204,42.320364,61.480044
Nigeria,2018,DHS,2018 DHS,fever_care_seeking,Kwara,53.467777,38.153749,68.781805
Nigeria,2018,DHS,2018 DHS,fever_care_seeking,Lagos,78.380537,65.202071,91.559003
Nigeria,2018,DHS,2018 DHS,fever_care_seeking,Nasarawa,48.414996,30.200977,66.629016
Nigeria,2018,DHS,2018 DHS,fever_care_seeking,Niger,50.634758,42.52035,58.749166
Nigeria,2018,DHS,2018 DHS,fever_care_seeking,Ogun,93.360819,84.884656,100.0
Nigeria,2018,DHS,2018 DHS,fever_care_seeking,Ondo,60.995302,43.819707,78.170896
Nigeria,2018,DHS,2018 DHS,fever_care_seeking,Osun,65.803631,52.51845,79.088812
Nigeria,2018,DHS,2018 DHS,fever_care_seeking,Oyo,80.784293,69.765327,91.80326
Nigeria,2018,DHS,2018 DHS,fever_care_seeking,Plateau,49.757702,39.710537,59.804867
Nigeria,2018,DHS,2018 DHS,fever_care_seeking,Rivers,89.941888,85.437044,94.446732
Nigeria,2018,DHS,2018 DHS,fever_care_seeking,Sokoto,73.543108,68.509828,78.576388
Nigeria,2018,DHS,2018 DHS,fever_care_seeking,Taraba,52.537619,45.490187,59.585052
Nigeria,2018,DHS,2018 DHS,fever_care_seeking,Yobe,84.304962,79.353158,89.256765
Nigeria,2018,DHS,2018 DHS,fever_care_seeking,Zamfara,42.287059,28.024588,56.549529
Nigeria,2024,DHS,2024 DHS,fever_care_seeking,Abia,60.588801,49.939473,71.238129
Nigeria,2024,DHS,2024 DHS,fever_care_seeking,Adamawa,70.305299,58.922425,81.688173
Nigeria,2024,DHS,2024 DHS,fever_care_seeking,Akwa Ibom,70.056854,58.470488,81.643219
Nigeria,2024,DHS,2024 DHS,fever_care_seeking,Anambra,88.41948,81.118814,95.720146
Nigeria,2024,DHS,2024 DHS,fever_care_seeking,Bauchi,38.603106,26.700768,50.505445
Nigeria,2024,DHS,2024 DHS,fever_care_seeking,Bayelsa,71.31183,61.891509,80.732152
Nigeria,2024,DHS,2024 DHS,fever_care_seeking,Benue,67.178773,43.687677,90.66987
Nigeria,2024,DHS,2024 DHS,fever_care_seeking,Borno,69.901994,58.279545,81.524444
Nigeria,2024,DHS,2024 DHS,fever_care_seeking,Cross River,83.384644,72.141216,94.628072
Nigeria,2024,DHS,2024 DHS,fever_care_seeking,Delta,65.252366,49.6159,80.888832
Nigeria,2024,DHS,2024 DHS,fever_care_seeking,Ebonyi,39.666647,28.550875,50.78242
Nigeria,2024,DHS,2024 DHS,fever_care_seeking,Edo,59.138604,45.657896,72.619311
Nigeria,2024,DHS,2024 DHS,fever_care_seeking,Ekiti,61.840265,42.052333,81.628198
Nigeria,2024,DHS,2024 DHS,fever_care_seeking,Enugu,52.717287,34.752503,70.682072
Nigeria,2024,DHS,2024 DHS,fever_care_seeking,FCT,88.242503,81.013664,95.471343
Nigeria,2024,DHS,2024 DHS,fever_care_seeking,Gombe,83.810327,78.765116,88.855538
Nigeria,2024,DHS,2024 DHS,fever_care_seeking,Imo,91.521115,87.584379,95.457851
Nigeria,2024,DHS,2024 DHS,fever_care_seeking,Jigawa,69.456826,59.78311,79.130541
Nigeria,2024,DHS,2024 DHS,fever_care_seeking,Kaduna,58.035336,51.171579,64.899093
Nigeria,2024,DHS,2024 DHS,fever_care_seeking,Kano,45.078199,39.18386,50.972538
Nigeria,2024,DHS,2024 DHS,fever_care_seeking,Katsina,56.315834,47.172549,65.459119
Nigeria,2024,DHS,2024 DHS,fever_care_seeking,Kebbi,41.447545,29.278215,53.616874
Nigeria,2024,DHS,2024 DHS,fever_care_seeking,Kogi,66.707402,57.22178,76.193024
Nigeria,2024,DHS,2024 DHS,fever_care_seeking,Kwara,68.005494,44.41892,91.592069
Nigeria,2024,DHS,2024 DHS,fever_care_seeking,Lagos,81.480825,67.160159,95.80149
Nigeria,2024,DHS,2024 DHS,fever_care_seeking,Nasarawa,72.818953,63.363336,82.27457
Nigeria,2024,DHS,2024 DHS,fever_care_seeking,Niger,64.979575,53.084945,76.874206
Nigeria,2024,DHS,2024 DHS,fever_care_seeking,Ogun,79.949113,69.341472,90.556755
Nigeria,2024,DHS,2024 DHS,fever_care_seeking,Ondo,65.15844,42.733748,87.583133
Nigeria,2024,DHS,2024 DHS,fever_care_seeking,Osun,69.141468,50.006297,88.27664
Nigeria,2024,DHS,2024 DHS,fever_care_seeking,Oyo,63.467586,45.769733,81.165439
Nigeria,2024,DHS,2024 DHS,fever_care_seeking,Plateau,54.335655,42.346153,66.325157
Nigeria,2024,DHS,2024 DHS,fever_care_seeking,Rivers,58.384398,43.279575,73.489222
Nigeria,2024,DHS,2024 DHS,fever_care_seeking,Sokoto,59.118744,40.028803,78.208686
Nigeria,2024,DHS,2024 DHS,fever_care_seeking,Taraba,56.12855,43.5264,68.7307
Nigeria,2024,DHS,2024 DHS,fever_care_seeking,Yobe,62.122155,53.348655,70.895655
Nigeria,2024,DHS,2024 DHS,fever_care_seeking,Zamfara,67.853352,51.006374,84.700329
Nigeria,2013,DHS,2013 DHS,first_birth_under20,Abia,32.848425737946,28.4641732124733,37.2326782634188
Nigeria,2013,DHS,2013 DHS,first_birth_under20,Adamawa,67.5626823324008,63.2021124731742,71.9232521916274
Nigeria,2013,DHS,2013 DHS,first_birth_under20,Akwa Ibom,57.9723721916204,52.6019231526345,63.3428212306064
Nigeria,2013,DHS,2013 DHS,first_birth_under20,Anambra,37.4740255430799,28.3862760063148,46.561775079845
Nigeria,2013,DHS,2013 DHS,first_birth_under20,Bauchi,80.8068431328952,77.2759524047917,84.3377338609989
Nigeria,2013,DHS,2013 DHS,first_birth_under20,Bayelsa,69.0593860272512,64.8344685477266,73.2843035067758
Nigeria,2013,DHS,2013 DHS,first_birth_under20,Benue,70.4748898833508,65.3567044971845,75.5930752695172
Nigeria,2013,DHS,2013 DHS,first_birth_under20,Borno,62.5303620146399,58.1409504624935,66.9197735667863
Nigeria,2013,DHS,2013 DHS,first_birth_under20,Cross River,51.1484623021708,43.7326512516721,58.5642733526696
Nigeria,2013,DHS,2013 DHS,first_birth_under20,Delta,48.1590195319025,39.5930369703791,56.7250020934259
Nigeria,2013,DHS,2013 DHS,first_birth_under20,Ebonyi,50.4908031718049,45.1388207104145,55.8427856331954
Nigeria,2013,DHS,2013 DHS,first_birth_under20,Edo,40.7617266312301,33.6073562423781,47.9160970200822
Nigeria,2013,DHS,2013 DHS,first_birth_under20,Ekiti,34.0570517720379,29.2094931138246,38.9046104302513
Nigeria,2013,DHS,2013 DHS,first_birth_under20,Enugu,41.1649790838561,36.6006907722524,45.7292673954598
Nigeria,2013,DHS,2013 DHS,first_birth_under20,FCT Abuja,41.8890376473894,35.7916315274811,47.9864437672977
Nigeria,2013,DHS,2013 DHS,first_birth_under20,Gombe,74.6739018562027,70.8075325479212,78.5402711644841
Nigeria,2013,DHS,2013 DHS,first_birth_under20,Imo,30.0455055872582,22.0733102293679,38.0177009451484
Nigeria,2013,DHS,2013 DHS,first_birth_under20,Jigawa,79.4215990638065,75.1001208503579,83.7430772772551
Nigeria,2013,DHS,2013 DHS,first_birth_under20,Kaduna,67.1886831772009,61.9205555858953,72.4568107685066
Nigeria,2013,DHS,2013 DHS,first_birth_under20,Kano,74.3217252725329,71.163473147139,77.4799773979269
Nigeria,2013,DHS,2013 DHS,first_birth_under20,Katsina,82.7227627958243,80.1734802941473,85.2720452975014
Nigeria,2013,DHS,2013 DHS,first_birth_under20,Kebbi,74.1945209311237,71.0062953407939,77.3827465214534
Nigeria,2013,DHS,2013 DHS,first_birth_under20,Kogi,50.1258087964843,42.9195401534962,57.3320774394724
Nigeria,2013,DHS,2013 DHS,first_birth_under20,Kwara,31.4528693171465,23.3965468976264,39.5091917366666
Nigeria,2013,DHS,2013 DHS,first_birth_under20,Lagos,23.7567720746734,19.2146650072888,28.298879142058
Nigeria,2013,DHS,2013 DHS,first_birth_under20,Nasarawa,52.8736989177219,48.4511839558118,57.296213879632
Nigeria,2013,DHS,2013 DHS,first_birth_under20,Niger,61.9749901199304,55.4271854982419,68.5227947416189
Nigeria,2013,DHS,2013 DHS,first_birth_under20,Ogun,41.4046543998382,33.7426511428885,49.0666576567878
Nigeria,2013,DHS,2013 DHS,first_birth_under20,Ondo,39.5973821168862,31.441403722552,47.7533605112204
Nigeria,2013,DHS,2013 DHS,first_birth_under20,Osun,26.014349427472,22.1048310000475,29.9238678548966
Nigeria,2013,DHS,2013 DHS,first_birth_under20,Oyo,43.7779970383886,37.840005782392,49.7159882943852
Nigeria,2013,DHS,2013 DHS,first_birth_under20,Plateau,42.0328606404769,37.2279457617165,46.8377755192373
Nigeria,2013,DHS,2013 DHS,first_birth_under20,Rivers,44.9278224974209,35.8517189233647,54.0039260714772
Nigeria,2013,DHS,2013 DHS,first_birth_under20,Sokoto,83.2619020970798,80.3625849162302,86.1612192779294
Nigeria,2013,DHS,2013 DHS,first_birth_under20,Taraba,68.510527263847,63.3420646409266,73.6789898867674
Nigeria,2013,DHS,2013 DHS,first_birth_under20,Yobe,68.5513536264625,63.191618059976,73.911089192949
Nigeria,2013,DHS,2013 DHS,first_birth_under20,Zamfara,76.761219462819,73.209036844346,80.3134020812921
Nigeria,2018,DHS,2018 DHS,first_birth_under20,Abia,23.1636325705011,17.9365556424955,28.3907094985067
Nigeria,2018,DHS,2018 DHS,first_birth_under20,Adamawa,59.3409364509743,52.130369812743,66.5515030892055
Nigeria,2018,DHS,2018 DHS,first_birth_under20,Akwa Ibom,47.5544830808059,42.6846523507666,52.4243138108452
Nigeria,2018,DHS,2018 DHS,first_birth_under20,Anambra,29.1973234161726,25.196538139241,33.1981086931041
Nigeria,2018,DHS,2018 DHS,first_birth_under20,Bauchi,81.6433680013244,78.8110264260873,84.4757095765615
Nigeria,2018,DHS,2018 DHS,first_birth_under20,Bayelsa,53.3562436869342,47.4813777114166,59.2311096624519
Nigeria,2018,DHS,2018 DHS,first_birth_under20,Benue,55.2878568831835,51.1976215258498,59.3780922405172
Nigeria,2018,DHS,2018 DHS,first_birth_under20,Borno,66.3496365455496,62.5312527217738,70.1680203693255
Nigeria,2018,DHS,2018 DHS,first_birth_under20,Cross River,51.6381867614969,44.9871800131822,58.2891935098116
Nigeria,2018,DHS,2018 DHS,first_birth_under20,Delta,36.277131909141,28.9536827325307,43.6005810857513
Nigeria,2018,DHS,2018 DHS,first_birth_under20,Ebonyi,41.5453510014706,35.9451238942897,47.1455781086516
Nigeria,2018,DHS,2018 DHS,first_birth_under20,Edo,30.1504807855938,25.2194031851966,35.081558385991
Nigeria,2018,DHS,2018 DHS,first_birth_under20,Ekiti,39.1859489181556,34.0660524373203,44.305845398991
Nigeria,2018,DHS,2018 DHS,first_birth_under20,Enugu,35.8822088578771,30.5387485276012,41.2256691881531
Nigeria,2018,DHS,2018 DHS,first_birth_under20,FCT Abuja,47.5405462261531,40.2571915996359,54.8239008526704
Nigeria,2018,DHS,2018 DHS,first_birth_under20,Gombe,76.9284541144339,71.2404861545962,82.6164220742715
Nigeria,2018,DHS,2018 DHS,first_birth_under20,Imo,22.4439523249111,17.4164784853434,27.4714261644788
Nigeria,2018,DHS,2018 DHS,first_birth_under20,Jigawa,82.1019512005115,78.962404709208,85.241497691815
Nigeria,2018,DHS,2018 DHS,first_birth_under20,Kaduna,67.7859463447061,62.1825502558745,73.3893424335377
Nigeria,2018,DHS,2018 DHS,first_birth_under20,Kano,76.4774775204646,72.658188742407,80.2967662985222
Nigeria,2018,DHS,2018 DHS,first_birth_under20,Katsina,80.9219016984417,77.7311284454789,84.1126749514044
Nigeria,2018,DHS,2018 DHS,first_birth_under20,Kebbi,79.4835148551962,77.0413891795264,81.9256405308659
Nigeria,2018,DHS,2018 DHS,first_birth_under20,Kogi,56.6677578925552,50.8524868740841,62.4830289110262
Nigeria,2018,DHS,2018 DHS,first_birth_under20,Kwara,43.0766774380698,35.0252075285849,51.1281473475547
Nigeria,2018,DHS,2018 DHS,first_birth_under20,Lagos,24.7204723982225,16.8205044439198,32.6204403525252
Nigeria,2018,DHS,2018 DHS,first_birth_under20,Nasarawa,55.4018186038829,47.6286351724243,63.1750020353414
Nigeria,2018,DHS,2018 DHS,first_birth_under20,Niger,62.695349452667,58.6853740618233,66.7053248435107
Nigeria,2018,DHS,2018 DHS,first_birth_under20,Ogun,31.0002697739041,25.2377506219312,36.762788925877
Nigeria,2018,DHS,2018 DHS,first_birth_under20,Ondo,38.4034145305642,32.9516439963632,43.8551850647651
Nigeria,2018,DHS,2018 DHS,first_birth_under20,Osun,32.2942647477196,27.0274706310048,37.5610588644343
Nigeria,2018,DHS,2018 DHS,first_birth_under20,Oyo,35.153805348529,27.8376776805316,42.4699330165264
Nigeria,2018,DHS,2018 DHS,first_birth_under20,Plateau,52.5876426749285,46.6325398723306,58.5427454775263
Nigeria,2018,DHS,2018 DHS,first_birth_under20,Rivers,33.4863211170546,28.6767006053582,38.2959416287509
Nigeria,2018,DHS,2018 DHS,first_birth_under20,Sokoto,75.79265301028,72.7111891510591,78.8741168695009
Nigeria,2018,DHS,2018 DHS,first_birth_under20,Taraba,68.3516801557905,63.2680108409646,73.4353494706163
Nigeria,2018,DHS,2018 DHS,first_birth_under20,Yobe,75.8927226158394,73.1071361198298,78.678309111849
Nigeria,2018,DHS,2018 DHS,first_birth_under20,Zamfara,76.5328998782957,71.4631179555965,81.6026818009949
Nigeria,2024,DHS,2024 DHS,first_birth_under20,Abia,16.3614800072362,12.6665504276091,20.0564095868633
Nigeria,2024,DHS,2024 DHS,first_birth_under20,Adamawa,59.3711990622395,52.9798868755085,65.7625112489705
Nigeria,2024,DHS,2024 DHS,first_birth_under20,Akwa Ibom,46.9427533595541,41.6840232011963,52.2014835179119
Nigeria,2024,DHS,2024 DHS,first_birth_under20,Anambra,21.4885275349397,17.6879586878086,25.2890963820709
Nigeria,2024,DHS,2024 DHS,first_birth_under20,Bauchi,65.5409513830954,59.8603128193943,71.2215899467964
Nigeria,2024,DHS,2024 DHS,first_birth_under20,Bayelsa,48.087378554831,40.174288876219,56.000468233443
Nigeria,2024,DHS,2024 DHS,first_birth_under20,Benue,48.9766108550982,43.8497751048717,54.1034466053246
Nigeria,2024,DHS,2024 DHS,first_birth_under20,Borno,52.5796871719947,47.0490014518303,58.1103728921591
Nigeria,2024,DHS,2024 DHS,first_birth_under20,Cross River,35.7698324130615,31.1450449223938,40.3946199037292
Nigeria,2024,DHS,2024 DHS,first_birth_under20,Delta,31.4426847121348,26.0683379862909,36.8170314379786
Nigeria,2024,DHS,2024 DHS,first_birth_under20,Ebonyi,39.1251889268816,34.1700839562016,44.0802938975615
Nigeria,2024,DHS,2024 DHS,first_birth_under20,Edo,23.0743037415571,18.2178876840283,27.930719799086
Nigeria,2024,DHS,2024 DHS,first_birth_under20,Ekiti,31.1305013179017,25.171122188324,37.0898804474795
Nigeria,2024,DHS,2024 DHS,first_birth_under20,Enugu,30.7432961551665,25.6141528882212,35.8724394221118
Nigeria,2024,DHS,2024 DHS,first_birth_under20,FCT Abuja,31.3905349622657,25.5266272445497,37.2544426799818
Nigeria,2024,DHS,2024 DHS,first_birth_under20,Gombe,68.308569730378,61.5220738220784,75.0950656386775
Nigeria,2024,DHS,2024 DHS,first_birth_under20,Imo,17.9399905997753,14.3863394327818,21.4936417667688
Nigeria,2024,DHS,2024 DHS,first_birth_under20,Jigawa,67.8365552671209,64.1340313964652,71.5390791377766
Nigeria,2024,DHS,2024 DHS,first_birth_under20,Kaduna,67.5076666062421,61.3634695850375,73.6518636274466
Nigeria,2024,DHS,2024 DHS,first_birth_under20,Kano,60.6434017302923,56.1655879329032,65.1212155276814
Nigeria,2024,DHS,2024 DHS,first_birth_under20,Katsina,67.0829037441109,63.3754411447841,70.7903663434377
Nigeria,2024,DHS,2024 DHS,first_birth_under20,Kebbi,62.1448273478049,58.3687053576303,65.9209493379796
Nigeria,2024,DHS,2024 DHS,first_birth_under20,Kogi,46.7375005964548,39.4443280509669,54.0306731419427
Nigeria,2024,DHS,2024 DHS,first_birth_under20,Kwara,32.9379725141752,27.6011733642708,38.2747716640797
Nigeria,2024,DHS,2024 DHS,first_birth_under20,Lagos,15.2429162427151,11.124991256674,19.3608412287563
Nigeria,2024,DHS,2024 DHS,first_birth_under20,Nasarawa,49.561481420137,43.3936167220972,55.7293461181769
Nigeria,2024,DHS,2024 DHS,first_birth_under20,Niger,51.0756518991223,46.410526300536,55.7407774977085
Nigeria,2024,DHS,2024 DHS,first_birth_under20,Ogun,24.3711037599809,20.0607844764351,28.6814230435267
Nigeria,2024,DHS,2024 DHS,first_birth_under20,Ondo,30.9351878379297,25.6182979582491,36.2520777176104
Nigeria,2024,DHS,2024 DHS,first_birth_under20,Osun,22.1231382540344,17.8064438520675,26.4398326560012
Nigeria,2024,DHS,2024 DHS,first_birth_under20,Oyo,24.2277991454072,20.8663811113727,27.5892171794418
Nigeria,2024,DHS,2024 DHS,first_birth_under20,Plateau,50.3882793781595,44.6729414478589,56.1036173084601
Nigeria,2024,DHS,2024 DHS,first_birth_under20,Rivers,33.2904245224169,28.6860968671642,37.8947521776697
Nigeria,2024,DHS,2024 DHS,first_birth_under20,Sokoto,58.7574012522508,54.1491995507507,63.3656029537509
Nigeria,2024,DHS,2024 DHS,first_birth_under20,Taraba,55.8558913188499,49.0609354061176,62.6508472315823
Nigeria,2024,DHS,2024 DHS,first_birth_under20,Yobe,65.5622488081923,57.9789054845759,73.1455921318088
Nigeria,2024,DHS,2024 DHS,first_birth_under20,Zamfara,69.2262039165461,64.2888215523717,74.1635862807204
Nigeria,2010,DHS,2010 DHS,malaria_rdt_positive,Abia,49.5160888501757,34.1739271628196,64.8582505375319
Nigeria,2010,DHS,2010 DHS,malaria_rdt_positive,Adamawa,29.9162231573133,1.18587912432777,58.6465671902989
Nigeria,2010,DHS,2010 DHS,malaria_rdt_positive,Akwa Ibom,70.9355753338642,57.5982292440402,84.2729214236881
Nigeria,2010,DHS,2010 DHS,malaria_rdt_positive,Anambra,14.88916009145,6.77442682009741,23.0038933628026
Nigeria,2010,DHS,2010 DHS,malaria_rdt_positive,Bauchi,43.1468923660362,25.7404337352562,60.5533509968161
Nigeria,2010,DHS,2010 DHS,malaria_rdt_positive,Bayelsa,22.8515178240709,3.25829923381295,42.4447364143289
Nigeria,2010,DHS,2010 DHS,malaria_rdt_positive,Benue,45.6115892989347,37.470730597547,53.7524480003224
Nigeria,2010,DHS,2010 DHS,malaria_rdt_positive,Borno,62.0049337211265,38.1962813920905,85.8135860501626
Nigeria,2010,DHS,2010 DHS,malaria_rdt_positive,Cross River,52.318249088643,37.0911797868564,67.5453183904296
Nigeria,2010,DHS,2010 DHS,malaria_rdt_positive,Delta,44.1455343703176,22.1884395560162,66.102629184619
Nigeria,2010,DHS,2010 DHS,malaria_rdt_positive,Ebonyi,49.9289327481588,42.3166601338788,57.5412053624388
Nigeria,2010,DHS,2010 DHS,malaria_rdt_positive,Edo,48.2637490016968,24.7755571079327,71.7519408954609
Nigeria,2010,DHS,2010 DHS,malaria_rdt_positive,Ekiti,37.6389018477374,17.9319259819794,57.3458777134953
Nigeria,2010,DHS,2010 DHS,malaria_rdt_positive,Enugu,36.8788332720681,25.0809372942117,48.6767292499246
Nigeria,2010,DHS,2010 DHS,malaria_rdt_positive,FCT Abuja,23.4025531608091,9.12446185065726,37.6806444709609
Nigeria,2010,DHS,2010 DHS,malaria_rdt_positive,Gombe,25.9451225070787,14.0072243593791,37.8830206547782
Nigeria,2010,DHS,2010 DHS,malaria_rdt_positive,Imo,29.8360340249993,19.002850866689,40.6692171833096
Nigeria,2010,DHS,2010 DHS,malaria_rdt_positive,Jigawa,45.4563104740918,28.976329091461,61.9362918567227
Nigeria,2010,DHS,2010 DHS,malaria_rdt_positive,Kaduna,36.8072863304626,10.5880983709163,63.0264742900089
Nigeria,2010,DHS,2010 DHS,malaria_rdt_positive,Kano,35.8728461025883,21.9419024165453,49.8037897886313
Nigeria,2010,DHS,2010 DHS,malaria_rdt_positive,Katsina,68.2751404198077,57.3466709293283,79.2036099102872
Nigeria,2010,DHS,2010 DHS,malaria_rdt_positive,Kebbi,71.9685237281652,67.3435371069441,76.5935103493863
Nigeria,2010,DHS,2010 DHS,malaria_rdt_positive,Kogi,41.1682450859486,28.6814252527033,53.6550649191938
Nigeria,2010,DHS,2010 DHS,malaria_rdt_positive,Kwara,54.1332818329005,39.594879832058,68.6716838337431
Nigeria,2010,DHS,2010 DHS,malaria_rdt_positive,Lagos,27.0355010432486,3.54716653304364,50.5238355534535
Nigeria,2010,DHS,2010 DHS,malaria_rdt_positive,Nasarawa,45.1432159942986,18.5805583718259,71.7058736167711
Nigeria,2010,DHS,2010 DHS,malaria_rdt_positive,Niger,45.9628091017552,27.1363476219323,64.7892705815781
Nigeria,2010,DHS,2010 DHS,malaria_rdt_positive,Ogun,78.0893142206201,57.1331343390151,99.0454941022251
Nigeria,2010,DHS,2010 DHS,malaria_rdt_positive,Ondo,65.6410696602201,50.0672511127634,81.2148882076768
Nigeria,2010,DHS,2010 DHS,malaria_rdt_positive,Osun,84.9561373275932,73.9964769974915,95.9157976576947
Nigeria,2010,DHS,2010 DHS,malaria_rdt_positive,Oyo,53.9499994998055,27.2636919296024,80.6363070700086
Nigeria,2010,DHS,2010 DHS,malaria_rdt_positive,Plateau,37.289288647035,5.83718682572544,68.7413904683446
Nigeria,2010,DHS,2010 DHS,malaria_rdt_positive,Rivers,71.2085534784687,62.147886469398,80.2692204875394
Nigeria,2010,DHS,2010 DHS,malaria_rdt_positive,Sokoto,78.6079782667005,65.8005852207405,91.4153713126605
Nigeria,2010,DHS,2010 DHS,malaria_rdt_positive,Taraba,25.597332693814,3.81793578734694,47.376729600281
Nigeria,2010,DHS,2010 DHS,malaria_rdt_positive,Yobe,71.4168843744057,44.6420832683661,98.1916854804453
Nigeria,2010,DHS,2010 DHS,malaria_rdt_positive,Zamfara,68.5449811217784,41.944473460404,95.1454887831527
Nigeria,2018,DHS,2018 DHS,malaria_rdt_positive,Abia,20.6683550156822,12.955202646846,28.3815073845184
Nigeria,2018,DHS,2018 DHS,malaria_rdt_positive,Adamawa,38.8631935191109,28.7222166052269,49.0041704329949
Nigeria,2018,DHS,2018 DHS,malaria_rdt_positive,Akwa Ibom,33.2284698439561,26.1481900557946,40.3087496321177
Nigeria,2018,DHS,2018 DHS,malaria_rdt_positive,Anambra,15.1724244935883,9.99656788522668,20.3482811019499
Nigeria,2018,DHS,2018 DHS,malaria_rdt_positive,Bauchi,48.5793545707363,40.8205101106113,56.3381990308612
Nigeria,2018,DHS,2018 DHS,malaria_rdt_positive,Bayelsa,30.1100844159152,22.8448509143818,37.3753179174485
Nigeria,2018,DHS,2018 DHS,malaria_rdt_positive,Benue,26.000255451083,19.2374201233977,32.7630907787684
Nigeria,2018,DHS,2018 DHS,malaria_rdt_positive,Borno,16.1645025091572,10.5427412662778,21.7862637520367
Nigeria,2018,DHS,2018 DHS,malaria_rdt_positive,Cross River,26.386753576379,15.0445713938514,37.7289357589065
Nigeria,2018,DHS,2018 DHS,malaria_rdt_positive,Delta,24.939146266452,14.6956956515434,35.1825968813606
Nigeria,2018,DHS,2018 DHS,malaria_rdt_positive,Ebonyi,49.3314630283464,41.5938191589083,57.0691068977844
Nigeria,2018,DHS,2018 DHS,malaria_rdt_positive,Edo,19.053659391023,10.5073799758611,27.5999388061849
Nigeria,2018,DHS,2018 DHS,malaria_rdt_positive,Ekiti,46.3407626517259,36.4973339853375,56.1841913181144
Nigeria,2018,DHS,2018 DHS,malaria_rdt_positive,Enugu,30.1684374572853,20.2955537790748,40.0413211354959
Nigeria,2018,DHS,2018 DHS,malaria_rdt_positive,FCT Abuja,31.304180235985,22.1130776817383,40.4952827902316
Nigeria,2018,DHS,2018 DHS,malaria_rdt_positive,Gombe,51.9691195241283,43.1299061319114,60.8083329163452
Nigeria,2018,DHS,2018 DHS,malaria_rdt_positive,Imo,15.6060293836137,9.52509573895078,21.6869630282766
Nigeria,2018,DHS,2018 DHS,malaria_rdt_positive,Jigawa,49.4023112782542,42.9555422782811,55.8490802782274
Nigeria,2018,DHS,2018 DHS,malaria_rdt_positive,Kaduna,34.3150653795494,26.5429354813628,42.087195277736
Nigeria,2018,DHS,2018 DHS,malaria_rdt_positive,Kano,43.0370772914887,35.3285840870168,50.7455704959607
Nigeria,2018,DHS,2018 DHS,malaria_rdt_positive,Katsina,55.4179330380829,47.5019646538259,63.33390142234
Nigeria,2018,DHS,2018 DHS,malaria_rdt_positive,Kebbi,76.8016765454911,70.0905163256862,83.5128367652959
Nigeria,2018,DHS,2018 DHS,malaria_rdt_positive,Kogi,45.9866537176892,35.0252171093537,56.9480903260247
Nigeria,2018,DHS,2018 DHS,malaria_rdt_positive,Kwara,43.6681115294847,29.9591748916419,57.3770481673276
Nigeria,2018,DHS,2018 DHS,malaria_rdt_positive,Lagos,3.42272739054684,1.32773965899946,5.51771512209421
Nigeria,2018,DHS,2018 DHS,malaria_rdt_positive,Nasarawa,32.1206088739478,22.8803451565524,41.3608725913432
Nigeria,2018,DHS,2018 DHS,malaria_rdt_positive,Niger,43.7679733745162,35.8503806674577,51.6855660815747
Nigeria,2018,DHS,2018 DHS,malaria_rdt_positive,Ogun,32.1835441961762,22.6899971446234,41.677091247729
Nigeria,2018,DHS,2018 DHS,malaria_rdt_positive,Ondo,41.5934732037063,29.2061275445184,53.9808188628941
Nigeria,2018,DHS,2018 DHS,malaria_rdt_positive,Osun,54.9450952405264,46.4280876590054,63.4621028220474
Nigeria,2018,DHS,2018 DHS,malaria_rdt_positive,Oyo,33.9203759555311,26.3701073116336,41.4706445994286
Nigeria,2018,DHS,2018 DHS,malaria_rdt_positive,Plateau,37.1938186401421,25.4923657460633,48.8952715342209
Nigeria,2018,DHS,2018 DHS,malaria_rdt_positive,Rivers,22.3429259148142,14.8787571365795,29.8070946930489
Nigeria,2018,DHS,2018 DHS,malaria_rdt_positive,Sokoto,54.6912861852338,45.5391405961252,63.8434317743425
Nigeria,2018,DHS,2018 DHS,malaria_rdt_positive,Taraba,35.1799035189791,28.2393680510089,42.1204389869492
Nigeria,2018,DHS,2018 DHS,malaria_rdt_positive,Yobe,30.3404355269208,23.5086262085353,37.1722448453063
Nigeria,2018,DHS,2018 DHS,malaria_rdt_positive,Zamfara,51.7631424499046,40.6022093239904,62.9240755758188
Nigeria,2021,DHS,2021 DHS,malaria_rdt_positive,Abia,26.420456803257,9.80226072448454,43.0386528820294
Nigeria,2021,DHS,2021 DHS,malaria_rdt_positive,Adamawa,27.9578965006534,16.3482076808965,39.5675853204103
Nigeria,2021,DHS,2021 DHS,malaria_rdt_positive,Akwa Ibom,33.5014773841419,19.2268104377195,47.7761443305643
Nigeria,2021,DHS,2021 DHS,malaria_rdt_positive,Anambra,20.1623636718537,10.5984071956392,29.7263201480682
Nigeria,2021,DHS,2021 DHS,malaria_rdt_positive,Bauchi,59.6393853220091,51.4587188155262,67.8200518284921
Nigeria,2021,DHS,2021 DHS,malaria_rdt_positive,Bayelsa,27.0737871831754,15.7708707097694,38.3767036565814
Nigeria,2021,DHS,2021 DHS,malaria_rdt_positive,Benue,33.9762087046503,22.5872501568822,45.3651672524183
Nigeria,2021,DHS,2021 DHS,malaria_rdt_positive,Borno,18.6237367566965,10.017650177604,27.2298233357889
Nigeria,2021,DHS,2021 DHS,malaria_rdt_positive,Cross River,40.5583512004773,23.8095239691805,57.3071784317741
Nigeria,2021,DHS,2021 DHS,malaria_rdt_positive,Delta,18.891351411979,9.2013105848082,28.5813922391497
Nigeria,2021,DHS,2021 DHS,malaria_rdt_positive,Ebonyi,30.1870185145776,19.0433286552031,41.330708373952
Nigeria,2021,DHS,2021 DHS,malaria_rdt_positive,Edo,30.20342428668,19.9517240981978,40.4551244751622
Nigeria,2021,DHS,2021 DHS,malaria_rdt_positive,Ekiti,36.5224226513981,22.0256221777692,51.0192231250269
Nigeria,2021,DHS,2021 DHS,malaria_rdt_positive,Enugu,30.2174941297335,14.7295776499704,45.7054106094967
Nigeria,2021,DHS,2021 DHS,malaria_rdt_positive,FCT Abuja,34.5613966058666,24.5378879857249,44.5849052260084
Nigeria,2021,DHS,2021 DHS,malaria_rdt_positive,Gombe,33.0798232284539,17.4784550810145,48.6811913758933
Nigeria,2021,DHS,2021 DHS,malaria_rdt_positive,Imo,26.1702187113049,17.5128041387737,34.827633283836
Nigeria,2021,DHS,2021 DHS,malaria_rdt_positive,Jigawa,54.5283739270935,43.2782809254656,65.7784669287214
Nigeria,2021,DHS,2021 DHS,malaria_rdt_positive,Kaduna,32.2864099505895,21.5507752123212,43.0220446888578
Nigeria,2021,DHS,2021 DHS,malaria_rdt_positive,Kano,54.0345657124141,44.7747030750876,63.2944283497407
Nigeria,2021,DHS,2021 DHS,malaria_rdt_positive,Katsina,49.4754135675412,39.9253642475901,59.0254628874922
Nigeria,2021,DHS,2021 DHS,malaria_rdt_positive,Kebbi,75.6071995912066,64.7019515956412,86.5124475867721
Nigeria,2021,DHS,2021 DHS,malaria_rdt_positive,Kogi,27.7335217944166,14.5598486728754,40.9071949159578
Nigeria,2021,DHS,2021 DHS,malaria_rdt_positive,Kwara,17.6124674182838,5.4524553738902,29.7724794626774
Nigeria,2021,DHS,2021 DHS,malaria_rdt_positive,Lagos,3.24418280755937,-0.855486170363726,7.34385178548248
Nigeria,2021,DHS,2021 DHS,malaria_rdt_positive,Nasarawa,29.9390005868955,19.2340497977934,40.6439513759975
Nigeria,2021,DHS,2021 DHS,malaria_rdt_positive,Niger,42.5528228948759,31.5766045159628,53.529041273789
Nigeria,2021,DHS,2021 DHS,malaria_rdt_positive,Ogun,35.6011802931324,15.902055620327,55.300304965938
Nigeria,2021,DHS,2021 DHS,malaria_rdt_positive,Ondo,44.8433026339791,34.0547032530636,55.6319020148946
Nigeria,2021,DHS,2021 DHS,malaria_rdt_positive,Osun,27.5532013443118,18.6052021285819,36.5012005600417
Nigeria,2021,DHS,2021 DHS,malaria_rdt_positive,Oyo,29.5609876569663,18.6093269211065,40.512648392826
Nigeria,2021,DHS,2021 DHS,malaria_rdt_positive,Plateau,26.4344279195974,18.0890889570803,34.7797668821145
Nigeria,2021,DHS,2021 DHS,malaria_rdt_positive,Rivers,33.840012385649,22.3426379171594,45.3373868541386
Nigeria,2021,DHS,2021 DHS,malaria_rdt_positive,Sokoto,40.3234862461083,27.7444072443804,52.9025652478362
Nigeria,2021,DHS,2021 DHS,malaria_rdt_positive,Taraba,24.524532126708,15.8106558587912,33.2384083946248
Nigeria,2021,DHS,2021 DHS,malaria_rdt_positive,Yobe,62.5115712942298,54.1886823399655,70.8344602484941
Nigeria,2021,DHS,2021 DHS,malaria_rdt_positive,Zamfara,59.7368967550116,47.1889387469347,72.2848547630885
Nigeria,2013,DHS,2013 DHS,wasting,Abia,10.96428101,8.271713768,13.65684826
Nigeria,2013,DHS,2013 DHS,wasting,Adamawa,14.53142628,12.5173044,16.54554816
Nigeria,2013,DHS,2013 DHS,wasting,Akwa Ibom,10.52881554,7.747715794,13.30991528
Nigeria,2013,DHS,2013 DHS,wasting,Anambra,17.33737019,12.52145855,22.15328182
Nigeria,2013,DHS,2013 DHS,wasting,Bauchi,23.29950575,18.69994669,27.8990648
Nigeria,2013,DHS,2013 DHS,wasting,Bayelsa,5.210666153,3.494963046,6.926369259
Nigeria,2013,DHS,2013 DHS,wasting,Benue,7.820853666,5.72134767,9.920359661
Nigeria,2013,DHS,2013 DHS,wasting,Borno,28.1825478,18.03388155,38.33121404
Nigeria,2013,DHS,2013 DHS,wasting,Cross River,9.769136337,6.456002516,13.08227016
Nigeria,2013,DHS,2013 DHS,wasting,Delta,16.96656328,12.00035945,21.93276712
Nigeria,2013,DHS,2013 DHS,wasting,Ebonyi,10.45856093,8.033789053,12.88333281
Nigeria,2013,DHS,2013 DHS,wasting,Edo,10.54862361,6.66476696,14.43248026
Nigeria,2013,DHS,2013 DHS,wasting,Ekiti,8.285642328,5.521712646,11.04957201
Nigeria,2013,DHS,2013 DHS,wasting,Enugu,8.919443169,5.470516773,12.36836956
Nigeria,2013,DHS,2013 DHS,wasting,FCT Abuja,13.77451779,8.824922342,18.72411325
Nigeria,2013,DHS,2013 DHS,wasting,Gombe,14.15515729,10.60001907,17.7102955
Nigeria,2013,DHS,2013 DHS,wasting,Imo,11.78448761,7.643630699,15.92534451
Nigeria,2013,DHS,2013 DHS,wasting,Jigawa,16.95974667,14.75218966,19.16730368
Nigeria,2013,DHS,2013 DHS,wasting,Kaduna,41.73982619,33.18776439,50.29188799
Nigeria,2013,DHS,2013 DHS,wasting,Kano,39.72538551,34.29321921,45.15755181
Nigeria,2013,DHS,2013 DHS,wasting,Katsina,24.25379931,20.36512757,28.14247105
Nigeria,2013,DHS,2013 DHS,wasting,Kebbi,18.12805747,15.46810713,20.7880078
Nigeria,2013,DHS,2013 DHS,wasting,Kogi,9.452907982,6.084205913,12.82161005
Nigeria,2013,DHS,2013 DHS,wasting,Kwara,6.486013631,4.864517135,8.107510127
Nigeria,2013,DHS,2013 DHS,wasting,Lagos,11.32858813,9.151889755,13.50528651
Nigeria,2013,DHS,2013 DHS,wasting,Nasarawa,9.819564531,7.755549477,11.88357959
Nigeria,2013,DHS,2013 DHS,wasting,Niger,17.67623141,14.03447566,21.31798716
Nigeria,2013,DHS,2013 DHS,wasting,Ogun,10.02250944,7.731203029,12.31381584
Nigeria,2013,DHS,2013 DHS,wasting,Ondo,6.578781763,4.212395602,8.945167925
Nigeria,2013,DHS,2013 DHS,wasting,Osun,11.07269418,6.492487758,15.65290059
Nigeria,2013,DHS,2013 DHS,wasting,Oyo,10.05820493,6.450588857,13.665821
Nigeria,2013,DHS,2013 DHS,wasting,Plateau,10.50642376,8.021683659,12.99116385
Nigeria,2013,DHS,2013 DHS,wasting,Rivers,10.45580824,7.180861595,13.73075489
Nigeria,2013,DHS,2013 DHS,wasting,Sokoto,19.31997979,16.4476728,22.19228678
Nigeria,2013,DHS,2013 DHS,wasting,Taraba,7.889209326,6.39859469,9.379823963
Nigeria,2013,DHS,2013 DHS,wasting,Yobe,23.57368227,19.09706125,28.05030328
Nigeria,2013,DHS,2013 DHS,wasting,Zamfara,16.16516882,13.17113913,19.15919852
Nigeria,2018,DHS,2018 DHS,wasting,Abia,8.968443338,5.151223274,12.7856634
Nigeria,2018,DHS,2018 DHS,wasting,Adamawa,4.221755448,1.469833844,6.973677052
Nigeria,2018,DHS,2018 DHS,wasting,Akwa Ibom,4.227163463,1.84538861,6.608938315
Nigeria,2018,DHS,2018 DHS,wasting,Anambra,2.254443206,0.978593289,3.530293123
Nigeria,2018,DHS,2018 DHS,wasting,Bauchi,8.482019456,6.076820964,10.88721795
Nigeria,2018,DHS,2018 DHS,wasting,Bayelsa,1.307949477,-0.153931079,2.769830033
Nigeria,2018,DHS,2018 DHS,wasting,Benue,8.932848038,5.617063644,12.24863243
Nigeria,2018,DHS,2018 DHS,wasting,Borno,16.02609057,11.65655233,20.39562881
Nigeria,2018,DHS,2018 DHS,wasting,Cross River,4.965407835,0.836289844,9.094525826
Nigeria,2018,DHS,2018 DHS,wasting,Delta,1.977559198,0.129708218,3.825410178
Nigeria,2018,DHS,2018 DHS,wasting,Ebonyi,4.547590261,2.770949893,6.324230629
Nigeria,2018,DHS,2018 DHS,wasting,Edo,3.345668878,0.342400444,6.348937312
Nigeria,2018,DHS,2018 DHS,wasting,Ekiti,3.292006364,1.386332225,5.197680502
Nigeria,2018,DHS,2018 DHS,wasting,Enugu,2.221602458,0.534955364,3.908249553
Nigeria,2018,DHS,2018 DHS,wasting,FCT Abuja,2.974825518,0.643006441,5.306644596
Nigeria,2018,DHS,2018 DHS,wasting,Gombe,7.796044974,4.388916923,11.20317302
Nigeria,2018,DHS,2018 DHS,wasting,Imo,6.890381386,4.360407204,9.420355569
Nigeria,2018,DHS,2018 DHS,wasting,Jigawa,9.550543708,6.203057685,12.89802973
Nigeria,2018,DHS,2018 DHS,wasting,Kaduna,4.835307445,2.545444533,7.125170358
Nigeria,2018,DHS,2018 DHS,wasting,Kano,6.389508947,4.213773875,8.565244018
Nigeria,2018,DHS,2018 DHS,wasting,Katsina,10.52188956,6.968464535,14.07531458
Nigeria,2018,DHS,2018 DHS,wasting,Kebbi,12.29176086,8.163068885,16.42045284
Nigeria,2018,DHS,2018 DHS,wasting,Kogi,3.850208269,1.286479344,6.413937194
Nigeria,2018,DHS,2018 DHS,wasting,Kwara,7.33403343,1.514001914,13.15406495
Nigeria,2018,DHS,2018 DHS,wasting,Lagos,6.43286477,3.039096237,9.826633303
Nigeria,2018,DHS,2018 DHS,wasting,Nasarawa,5.565103307,3.156377195,7.97382942
Nigeria,2018,DHS,2018 DHS,wasting,Niger,4.738811883,2.931379632,6.546244134
Nigeria,2018,DHS,2018 DHS,wasting,Ogun,5.730932768,3.074175,8.387690537
Nigeria,2018,DHS,2018 DHS,wasting,Ondo,3.256169956,0.301015603,6.21132431
Nigeria,2018,DHS,2018 DHS,wasting,Osun,4.530138551,1.972989478,7.087287625
Nigeria,2018,DHS,2018 DHS,wasting,Oyo,3.857723439,2.002090686,5.713356193
Nigeria,2018,DHS,2018 DHS,wasting,Plateau,2.375930205,0.686854137,4.065006274
Nigeria,2018,DHS,2018 DHS,wasting,Rivers,6.35549113,3.723333687,8.987648573
Nigeria,2018,DHS,2018 DHS,wasting,Sokoto,17.93430917,11.38724645,24.48137189
Nigeria,2018,DHS,2018 DHS,wasting,Taraba,5.291190857,2.733012862,7.849368853
Nigeria,2018,DHS,2018 DHS,wasting,Yobe,12.40166917,8.965002153,15.83833619
Nigeria,2018,DHS,2018 DHS,wasting,Zamfara,9.141675766,6.570024328,11.7133272
Nigeria,2024,DHS,2024 DHS,wasting,Abia,8.22455821,4.708150928,11.74096549
Nigeria,2024,DHS,2024 DHS,wasting,Adamawa,6.959847223,3.656261271,10.26343317
Nigeria,2024,DHS,2024 DHS,wasting,Akwa Ibom,11.7771064,5.621696753,17.93251604
Nigeria,2024,DHS,2024 DHS,wasting,Anambra,9.789366528,6.771744734,12.80698832
Nigeria,2024,DHS,2024 DHS,wasting,Bauchi,5.24001237,2.781702129,7.698322611
Nigeria,2024,DHS,2024 DHS,wasting,Bayelsa,8.895952244,5.396247344,12.39565714
Nigeria,2024,DHS,2024 DHS,wasting,Benue,6.740900604,3.046641013,10.4351602
Nigeria,2024,DHS,2024 DHS,wasting,Borno,10.33049408,5.635327426,15.02566074
Nigeria,2024,DHS,2024 DHS,wasting,Cross River,5.623908292,2.352829751,8.894986833
Nigeria,2024,DHS,2024 DHS,wasting,Delta,15.13267289,10.27485963,19.99048615
Nigeria,2024,DHS,2024 DHS,wasting,Ebonyi,6.53616366,4.725686201,8.346641119
Nigeria,2024,DHS,2024 DHS,wasting,Edo,8.001086275,4.904047208,11.09812534
Nigeria,2024,DHS,2024 DHS,wasting,Ekiti,4.97736177,1.193775167,8.760948374
Nigeria,2024,DHS,2024 DHS,wasting,Enugu,3.885584696,1.819371572,5.951797819
Nigeria,2024,DHS,2024 DHS,wasting,FCT Abuja,6.972642657,1.557559303,12.38772601
Nigeria,2024,DHS,2024 DHS,wasting,Gombe,8.822882214,6.268494348,11.37727008
Nigeria,2024,DHS,2024 DHS,wasting,Imo,7.13242604,3.276587535,10.98826454
Nigeria,2024,DHS,2024 DHS,wasting,Jigawa,13.19888173,9.970142171,16.42762128
Nigeria,2024,DHS,2024 DHS,wasting,Kaduna,5.896358091,3.328777788,8.463938393
Nigeria,2024,DHS,2024 DHS,wasting,Kano,10.39470898,6.666472174,14.12294579
Nigeria,2024,DHS,2024 DHS,wasting,Katsina,6.721186552,3.135850363,10.30652274
Nigeria,2024,DHS,2024 DHS,wasting,Kebbi,9.552864695,6.430058922,12.67567047
Nigeria,2024,DHS,2024 DHS,wasting,Kogi,5.858815758,1.989533341,9.728098176
Nigeria,2024,DHS,2024 DHS,wasting,Kwara,6.147213268,2.803740673,9.490685863
Nigeria,2024,DHS,2024 DHS,wasting,Lagos,5.968777471,1.648103251,10.28945169
Nigeria,2024,DHS,2024 DHS,wasting,Nasarawa,9.567999943,6.27347026,12.86252963
Nigeria,2024,DHS,2024 DHS,wasting,Niger,5.794032154,3.210493665,8.377570642
Nigeria,2024,DHS,2024 DHS,wasting,Ogun,13.41720692,7.772111253,19.06230259
Nigeria,2024,DHS,2024 DHS,wasting,Ondo,10.20967123,5.180822191,15.23852026
Nigeria,2024,DHS,2024 DHS,wasting,Osun,11.83325332,5.755586235,17.91092041
Nigeria,2024,DHS,2024 DHS,wasting,Oyo,14.42265584,9.11432786,19.73098383
Nigeria,2024,DHS,2024 DHS,wasting,Plateau,4.771686141,1.681656186,7.861716096
Nigeria,2024,DHS,2024 DHS,wasting,Rivers,12.70018555,7.977958567,17.42241253
Nigeria,2024,DHS,2024 DHS,wasting,Sokoto,6.035052676,3.269604766,8.800500586
Nigeria,2024,DHS,2024 DHS,wasting,Taraba,9.488313678,4.149229111,14.82739825
Nigeria,2024,DHS,2024 DHS,wasting,Yobe,10.09131788,5.623287103,14.55934866
Nigeria,2024,DHS,2024 DHS,wasting,Zamfara,5.275815423,2.334656347,8.216974499
Nigeria,2013,DHS,2013 DHS,zero_dose,Abia,6.6303314619931,0.848063231801506,12.4125996921847
Nigeria,2013,DHS,2013 DHS,zero_dose,Adamawa,21.0086212606951,11.7454113950255,30.2718311263647
Nigeria,2013,DHS,2013 DHS,zero_dose,Akwa Ibom,10.4749542263766,4.83592903111248,16.1139794216407
Nigeria,2013,DHS,2013 DHS,zero_dose,Anambra,12.0099761243569,1.94285417593798,22.0770980727757
Nigeria,2013,DHS,2013 DHS,zero_dose,Bauchi,74.8951391277251,65.6377904521431,84.1524878033071
Nigeria,2013,DHS,2013 DHS,zero_dose,Bayelsa,20.9475247571166,12.880350059124,29.0146994551092
Nigeria,2013,DHS,2013 DHS,zero_dose,Benue,44.3774781230294,31.864994776174,56.8899614698848
Nigeria,2013,DHS,2013 DHS,zero_dose,Borno,80.4702893798202,70.6046857840482,90.3358929755922
Nigeria,2013,DHS,2013 DHS,zero_dose,Cross River,11.7282302786784,-1.54298618934348,24.9994467467003
Nigeria,2013,DHS,2013 DHS,zero_dose,Delta,26.8171627931876,13.8152423538634,39.8190832325119
Nigeria,2013,DHS,2013 DHS,zero_dose,Ebonyi,11.3093605260846,3.27972547642842,19.3389955757408
Nigeria,2013,DHS,2013 DHS,zero_dose,Edo,8.77827559712646,2.8774839383636,14.6790672558893
Nigeria,2013,DHS,2013 DHS,zero_dose,Ekiti,2.3983117883228,-0.785592179333104,5.58221575597871
Nigeria,2013,DHS,2013 DHS,zero_dose,Enugu,11.669234050965,5.36814064287825,17.9703274590518
Nigeria,2013,DHS,2013 DHS,zero_dose,FCT Abuja,16.0523205891744,9.04085344148979,23.063787736859
Nigeria,2013,DHS,2013 DHS,zero_dose,Gombe,56.4857211241143,43.8636400322064,69.1078022160223
Nigeria,2013,DHS,2013 DHS,zero_dose,Imo,8.28777140407196,2.11912102182579,14.4564217863181
Nigeria,2013,DHS,2013 DHS,zero_dose,Jigawa,79.0488755472681,70.5721782318717,87.5255728626645
Nigeria,2013,DHS,2013 DHS,zero_dose,Kaduna,39.4917714590198,23.3660422486559,55.6175006693836
Nigeria,2013,DHS,2013 DHS,zero_dose,Kano,73.7092354406816,65.7025558344344,81.7159150469288
Nigeria,2013,DHS,2013 DHS,zero_dose,Katsina,76.6069505346669,67.4607043783734,85.7531966909604
Nigeria,2013,DHS,2013 DHS,zero_dose,Kebbi,95.1269719744188,90.4372924655629,99.8166514832747
Nigeria,2013,DHS,2013 DHS,zero_dose,Kogi,12.8672160630863,6.49120123351219,19.2432308926603
Nigeria,2013,DHS,2013 DHS,zero_dose,Kwara,26.5185026156251,16.3286003793096,36.7084048519405
Nigeria,2013,DHS,2013 DHS,zero_dose,Lagos,8.99253199993385,3.6926277780932,14.2924362217745
Nigeria,2013,DHS,2013 DHS,zero_dose,Nasarawa,40.4890100010482,28.6335965523267,52.3444234497697
Nigeria,2013,DHS,2013 DHS,zero_dose,Niger,47.3370816797449,34.847237667229,59.8269256922608
Nigeria,2013,DHS,2013 DHS,zero_dose,Ogun,22.4975690639452,13.577670939466,31.4174671884245
Nigeria,2013,DHS,2013 DHS,zero_dose,Ondo,29.6509571419169,13.588575067909,45.7133392159249
Nigeria,2013,DHS,2013 DHS,zero_dose,Osun,7.8145672096261,2.01897523051504,13.6101591887371
Nigeria,2013,DHS,2013 DHS,zero_dose,Oyo,29.4033108024808,16.0057027016788,42.8009189032829
Nigeria,2013,DHS,2013 DHS,zero_dose,Plateau,38.0597957038613,22.9627896567988,53.1568017509237
Nigeria,2013,DHS,2013 DHS,zero_dose,Rivers,12.0557992395747,4.303592166065,19.8080063130844
Nigeria,2013,DHS,2013 DHS,zero_dose,Sokoto,96.6427689733241,93.9664229132486,99.3191150333996
Nigeria,2013,DHS,2013 DHS,zero_dose,Taraba,56.8065135613666,41.195290848108,72.4177362746253
Nigeria,2013,DHS,2013 DHS,zero_dose,Yobe,81.1519531941548,73.2867475317024,89.0171588566072
Nigeria,2013,DHS,2013 DHS,zero_dose,Zamfara,87.7645078327243,82.9518986997314,92.5771169657173
Nigeria,2018,DHS,2018 DHS,zero_dose,Abia,6.69275545749224,2.20970962619376,11.1758012887907
Nigeria,2018,DHS,2018 DHS,zero_dose,Adamawa,19.8208069674627,11.2867818700703,28.354832064855
Nigeria,2018,DHS,2018 DHS,zero_dose,Akwa Ibom,16.7612909974792,9.83654901100666,23.6860329839517
Nigeria,2018,DHS,2018 DHS,zero_dose,Anambra,9.86915668750189,4.07200990869069,15.6663034663131
Nigeria,2018,DHS,2018 DHS,zero_dose,Bauchi,54.3939928070922,45.2134746592378,63.5745109549466
Nigeria,2018,DHS,2018 DHS,zero_dose,Bayelsa,29.2058022753551,20.3048604236444,38.1067441270659
Nigeria,2018,DHS,2018 DHS,zero_dose,Benue,23.6832124273729,15.0557918990054,32.3106329557405
Nigeria,2018,DHS,2018 DHS,zero_dose,Borno,44.1019482958698,36.0328045252875,52.1710920664521
Nigeria,2018,DHS,2018 DHS,zero_dose,Cross River,8.11846427145736,0.543112941709971,15.6938156012047
Nigeria,2018,DHS,2018 DHS,zero_dose,Delta,18.6793205916073,9.74124057782741,27.6174006053872
Nigeria,2018,DHS,2018 DHS,zero_dose,Ebonyi,4.89251255199403,1.54702285116958,8.23800225281847
Nigeria,2018,DHS,2018 DHS,zero_dose,Edo,8.66625381151401,1.79795635823373,15.5345512647943
Nigeria,2018,DHS,2018 DHS,zero_dose,Ekiti,3.90405462681165,-0.693135224402386,8.50124447802569
Nigeria,2018,DHS,2018 DHS,zero_dose,Enugu,7.52084730345684,0.58861408379719,14.4530805231165
Nigeria,2018,DHS,2018 DHS,zero_dose,FCT Abuja,13.836499873618,7.77199302892093,19.901006718315
Nigeria,2018,DHS,2018 DHS,zero_dose,Gombe,62.6954173315879,51.4107938222821,73.9800408408937
Nigeria,2018,DHS,2018 DHS,zero_dose,Imo,9.52059015341363,3.91963182143148,15.1215484853958
Nigeria,2018,DHS,2018 DHS,zero_dose,Jigawa,42.6307357382492,32.2772427157515,52.9842287607468
Nigeria,2018,DHS,2018 DHS,zero_dose,Kaduna,48.0809258190111,36.5599961044368,59.6018555335854
Nigeria,2018,DHS,2018 DHS,zero_dose,Kano,40.2421297908614,33.0113483249724,47.4729112567505
Nigeria,2018,DHS,2018 DHS,zero_dose,Katsina,57.5013111124864,46.9406053969916,68.0620168279811
Nigeria,2018,DHS,2018 DHS,zero_dose,Kebbi,69.9778687223207,61.3666400755789,78.5890973690624
Nigeria,2018,DHS,2018 DHS,zero_dose,Kogi,19.7293401089413,7.63422270273323,31.8244575151493
Nigeria,2018,DHS,2018 DHS,zero_dose,Kwara,38.8807331769382,23.0376366098697,54.7238297440067
Nigeria,2018,DHS,2018 DHS,zero_dose,Lagos,3.02771227794241,0.517702284762641,5.53772227112218
Nigeria,2018,DHS,2018 DHS,zero_dose,Nasarawa,21.0592687541434,11.9798561100868,30.1386813982001
Nigeria,2018,DHS,2018 DHS,zero_dose,Niger,45.562508678199,33.9250235883749,57.199993768023
Nigeria,2018,DHS,2018 DHS,zero_dose,Ogun,27.4254512659971,17.6675825216796,37.1833200103145
Nigeria,2018,DHS,2018 DHS,zero_dose,Ondo,17.1849254318225,7.0035733467583,27.3662775168867
Nigeria,2018,DHS,2018 DHS,zero_dose,Osun,11.1294184528981,4.25167087426854,18.0071660315276
Nigeria,2018,DHS,2018 DHS,zero_dose,Oyo,17.2624784239615,7.85760028057528,26.6673565673477
Nigeria,2018,DHS,2018 DHS,zero_dose,Plateau,14.6030012238797,7.64054038934966,21.5654620584098
Nigeria,2018,DHS,2018 DHS,zero_dose,Rivers,14.501840716788,7.41638043815399,21.5873009954221
Nigeria,2018,DHS,2018 DHS,zero_dose,Sokoto,74.6087533605013,66.3691742645887,82.8483324564139
Nigeria,2018,DHS,2018 DHS,zero_dose,Taraba,33.0426821275559,23.5851318783177,42.5002323767941
Nigeria,2018,DHS,2018 DHS,zero_dose,Yobe,49.5822005138119,42.9175397477699,56.2468612798538
Nigeria,2018,DHS,2018 DHS,zero_dose,Zamfara,82.8626065945436,75.3302454969708,90.3949676921164
Nigeria,2024,DHS,2024 DHS,zero_dose,Abia,5.45723018996137,-0.4447507064573,11.35921108638
Nigeria,2024,DHS,2024 DHS,zero_dose,Adamawa,29.1183166698174,16.2983525888526,41.9382807507821
Nigeria,2024,DHS,2024 DHS,zero_dose,Akwa Ibom,15.1376526379335,6.31674245087473,23.9585628249924
Nigeria,2024,DHS,2024 DHS,zero_dose,Anambra,14.9287765329845,5.41342965123724,24.4441234147317
Nigeria,2024,DHS,2024 DHS,zero_dose,Bauchi,37.3235779856375,26.6049030452507,48.0422529260243
Nigeria,2024,DHS,2024 DHS,zero_dose,Bayelsa,17.2384201209838,6.73562389337551,27.741216348592
Nigeria,2024,DHS,2024 DHS,zero_dose,Benue,32.0119504428842,21.2075369582018,42.8163639275667
Nigeria,2024,DHS,2024 DHS,zero_dose,Borno,31.7047594949059,21.4065279218119,42.0029910679998
Nigeria,2024,DHS,2024 DHS,zero_dose,Cross River,2.78850565396358,-0.981846054453626,6.55885736238079
Nigeria,2024,DHS,2024 DHS,zero_dose,Delta,7.59000272889116,2.22988970075005,12.9501157570323
Nigeria,2024,DHS,2024 DHS,zero_dose,Ebonyi,3.00299516187026,0.333920865152329,5.67206945858819
Nigeria,2024,DHS,2024 DHS,zero_dose,Edo,2.09166295912149,-1.89512735084911,6.07845326909209
Nigeria,2024,DHS,2024 DHS,zero_dose,Ekiti,6.01514822846993,-1.68772039182648,13.7180168487663
Nigeria,2024,DHS,2024 DHS,zero_dose,Enugu,12.8317045134466,6.00978930312169,19.6536197237715
Nigeria,2024,DHS,2024 DHS,zero_dose,FCT Abuja,6.19172019002938,1.21976510407325,11.1636752759855
Nigeria,2024,DHS,2024 DHS,zero_dose,Gombe,34.0258725524428,24.3413450102866,43.710400094599
Nigeria,2024,DHS,2024 DHS,zero_dose,Imo,6.71903004512018,0.592375789299642,12.8456843009407
Nigeria,2024,DHS,2024 DHS,zero_dose,Jigawa,34.2930450137434,25.5479861344503,43.0381038930365
Nigeria,2024,DHS,2024 DHS,zero_dose,Kaduna,45.6071497049894,35.6155678668229,55.598731543156
Nigeria,2024,DHS,2024 DHS,zero_dose,Kano,42.0231641782166,33.656790344515,50.3895380119182
Nigeria,2024,DHS,2024 DHS,zero_dose,Katsina,39.8058631034841,30.6219150619255,48.9898111450426
Nigeria,2024,DHS,2024 DHS,zero_dose,Kebbi,84.0331511062681,78.6319158491147,89.4343863634215
Nigeria,2024,DHS,2024 DHS,zero_dose,Kogi,56.9748815312665,37.9210516750416,76.0287113874913
Nigeria,2024,DHS,2024 DHS,zero_dose,Kwara,51.7416993481461,33.4927891496716,69.9906095466207
Nigeria,2024,DHS,2024 DHS,zero_dose,Lagos,1.09606660390317,-1.04026249888409,3.23239570669043
Nigeria,2024,DHS,2024 DHS,zero_dose,Nasarawa,20.9702066559433,10.5907918699781,31.3496214419086
Nigeria,2024,DHS,2024 DHS,zero_dose,Niger,56.6333576834893,45.2683002186498,67.9984151483288
Nigeria,2024,DHS,2024 DHS,zero_dose,Ogun,20.1737112644724,13.2003956030088,27.147026925936
Nigeria,2024,DHS,2024 DHS,zero_dose,Ondo,19.8397756265487,5.99846500464232,33.681086248455
Nigeria,2024,DHS,2024 DHS,zero_dose,Osun,12.938264671378,4.18613186126569,21.6903974814904
Nigeria,2024,DHS,2024 DHS,zero_dose,Oyo,29.4341081391072,18.2568633900813,40.611352888133
Nigeria,2024,DHS,2024 DHS,zero_dose,Plateau,35.2938735560045,23.0053388521062,47.5824082599028
Nigeria,2024,DHS,2024 DHS,zero_dose,Rivers,22.011505020412,12.4516402780539,31.57136976277
Nigeria,2024,DHS,2024 DHS,zero_dose,Sokoto,86.2725564876875,79.2674234276965,93.2776895476784
Nigeria,2024,DHS,2024 DHS,zero_dose,Taraba,40.247273987595,27.9286549850335,52.5658929901566
Nigeria,2024,DHS,2024 DHS,zero_dose,Yobe,40.5646522905825,31.827769807797,49.3015347733681
Nigeria,2024,DHS,2024 DHS,zero_dose,Zamfara,82.6235988633139,75.2700932257948,89.9771045008329
