"country","admin_level","indicator","indicator_label","direction","distribution_order_improving_to_worsening","absolute_change_distribution_rank","areas_in_country_indicator_distribution","admin_name","latest_year","observed_latest_estimate","prevalence_rank","change_rank","risk_aligned_change_pp","absolute_risk_aligned_change_pp","threshold_percentile","quantile_type","threshold_t_pp","improving_cutoff_pp","worsening_cutoff_pp","classification","classification_label","improving_count_contribution","non_significant_count_contribution","worsening_count_contribution","risk_alignment_note"
"DRC","ADM1","wasting","Wasting","adverse",1,26,26,"Maniema",2024,8.76312653,19,1,-13.90026056,13.90026056,0.25,7,1.227942764,-1.227942764,1.227942764,"improving","Improving",1,0,0,"Positive means worsening; signs for beneficial coverage indicators are reversed"
"DRC","ADM1","wasting","Wasting","adverse",2,23,26,"Tanganyika",2024,5.372098747,9,2,-5.208407313,5.208407313,0.25,7,1.227942764,-1.227942764,1.227942764,"improving","Improving",1,0,0,"Positive means worsening; signs for beneficial coverage indicators are reversed"
"DRC","ADM1","wasting","Wasting","adverse",3,22,26,"Ituri",2024,3.832645285,3,3,-4.650106364,4.650106364,0.25,7,1.227942764,-1.227942764,1.227942764,"improving","Improving",1,0,0,"Positive means worsening; signs for beneficial coverage indicators are reversed"
"DRC","ADM1","wasting","Wasting","adverse",4,21,26,"Sud-Ubangi",2024,2.320354371,2,4,-4.015652344,4.015652344,0.25,7,1.227942764,-1.227942764,1.227942764,"improving","Improving",1,0,0,"Positive means worsening; signs for beneficial coverage indicators are reversed"
"DRC","ADM1","wasting","Wasting","adverse",5,19,26,"Sankuru",2024,6.3361994,11,5,-3.292682777,3.292682777,0.25,7,1.227942764,-1.227942764,1.227942764,"improving","Improving",1,0,0,"Positive means worsening; signs for beneficial coverage indicators are reversed"
"DRC","ADM1","wasting","Wasting","adverse",6,18,26,"Lualaba",2024,6.537129322,12,6,-3.088632483,3.088632483,0.25,7,1.227942764,-1.227942764,1.227942764,"improving","Improving",1,0,0,"Positive means worsening; signs for beneficial coverage indicators are reversed"
"DRC","ADM1","wasting","Wasting","adverse",7,14,26,"Haut-Uele",2024,4.999207201,5,7,-2.55439412,2.55439412,0.25,7,1.227942764,-1.227942764,1.227942764,"improving","Improving",1,0,0,"Positive means worsening; signs for beneficial coverage indicators are reversed"
"DRC","ADM1","wasting","Wasting","adverse",8,13,26,"Nord-Kivu",2024,2.266849853,1,8,-2.467282866,2.467282866,0.25,7,1.227942764,-1.227942764,1.227942764,"improving","Improving",1,0,0,"Positive means worsening; signs for beneficial coverage indicators are reversed"
"DRC","ADM1","wasting","Wasting","adverse",9,12,26,"Kongo Central",2024,8.82370853,20,9,-2.28955746,2.28955746,0.25,7,1.227942764,-1.227942764,1.227942764,"improving","Improving",1,0,0,"Positive means worsening; signs for beneficial coverage indicators are reversed"
"DRC","ADM1","wasting","Wasting","adverse",10,8,26,"Haut-Lomami",2024,8.39330609,16,10,-1.503313493,1.503313493,0.25,7,1.227942764,-1.227942764,1.227942764,"improving","Improving",1,0,0,"Positive means worsening; signs for beneficial coverage indicators are reversed"
"DRC","ADM1","wasting","Wasting","adverse",11,7,26,"Tshuapa",2024,8.08918282,15,11,-1.136152521,1.136152521,0.25,7,1.227942764,-1.227942764,1.227942764,"inside_threshold","Non-significant change",0,1,0,"Positive means worsening; signs for beneficial coverage indicators are reversed"
"DRC","ADM1","wasting","Wasting","adverse",12,6,26,"Kasai-Central",2024,5.250054819,7,12,-0.883611815,0.883611815,0.25,7,1.227942764,-1.227942764,1.227942764,"inside_threshold","Non-significant change",0,1,0,"Positive means worsening; signs for beneficial coverage indicators are reversed"
"DRC","ADM1","wasting","Wasting","adverse",13,4,26,"Haut-Katanga",2024,5.320855323,8,13,-0.599899331,0.599899331,0.25,7,1.227942764,-1.227942764,1.227942764,"inside_threshold","Non-significant change",0,1,0,"Positive means worsening; signs for beneficial coverage indicators are reversed"
"DRC","ADM1","wasting","Wasting","adverse",14,2,26,"Sud-Kivu",2024,6.711761749,13,14,-0.457721923,0.457721923,0.25,7,1.227942764,-1.227942764,1.227942764,"inside_threshold","Non-significant change",0,1,0,"Positive means worsening; signs for beneficial coverage indicators are reversed"
"DRC","ADM1","wasting","Wasting","adverse",15,1,26,"Nord-Ubangi",2024,4.761222179,4,15,0.321141338,0.321141338,0.25,7,1.227942764,-1.227942764,1.227942764,"inside_threshold","Non-significant change",0,1,0,"Positive means worsening; signs for beneficial coverage indicators are reversed"
"DRC","ADM1","wasting","Wasting","adverse",16,3,26,"Mongala",2024,6.002141898,10,16,0.52591799,0.52591799,0.25,7,1.227942764,-1.227942764,1.227942764,"inside_threshold","Non-significant change",0,1,0,"Positive means worsening; signs for beneficial coverage indicators are reversed"
"DRC","ADM1","wasting","Wasting","adverse",17,5,26,"Kasai-Oriental",2024,8.527883032,18,17,0.600411407,0.600411407,0.25,7,1.227942764,-1.227942764,1.227942764,"inside_threshold","Non-significant change",0,1,0,"Positive means worsening; signs for beneficial coverage indicators are reversed"
"DRC","ADM1","wasting","Wasting","adverse",18,9,26,"Kinshasa",2024,5.054251357,6,18,1.523970766,1.523970766,0.25,7,1.227942764,-1.227942764,1.227942764,"worsening","Worsening",0,0,1,"Positive means worsening; signs for beneficial coverage indicators are reversed"
"DRC","ADM1","wasting","Wasting","adverse",19,10,26,"Lomami",2024,8.39511332,17,19,1.913661129,1.913661129,0.25,7,1.227942764,-1.227942764,1.227942764,"worsening","Worsening",0,0,1,"Positive means worsening; signs for beneficial coverage indicators are reversed"
"DRC","ADM1","wasting","Wasting","adverse",20,11,26,"Mai-Ndombe",2024,16.05166661,26,20,2.06701601,2.06701601,0.25,7,1.227942764,-1.227942764,1.227942764,"worsening","Worsening",0,0,1,"Positive means worsening; signs for beneficial coverage indicators are reversed"
"DRC","ADM1","wasting","Wasting","adverse",21,15,26,"Tshopo",2024,8.954720928,21,21,2.681862402,2.681862402,0.25,7,1.227942764,-1.227942764,1.227942764,"worsening","Worsening",0,0,1,"Positive means worsening; signs for beneficial coverage indicators are reversed"
"DRC","ADM1","wasting","Wasting","adverse",22,16,26,"Equateur",2024,7.356872998,14,22,2.829611497,2.829611497,0.25,7,1.227942764,-1.227942764,1.227942764,"worsening","Worsening",0,0,1,"Positive means worsening; signs for beneficial coverage indicators are reversed"
"DRC","ADM1","wasting","Wasting","adverse",23,17,26,"Kwango",2024,14.6696228,25,23,3.07623519,3.07623519,0.25,7,1.227942764,-1.227942764,1.227942764,"worsening","Worsening",0,0,1,"Positive means worsening; signs for beneficial coverage indicators are reversed"
"DRC","ADM1","wasting","Wasting","adverse",24,20,26,"Kwilu",2024,10.04908018,22,24,3.941587596,3.941587596,0.25,7,1.227942764,-1.227942764,1.227942764,"worsening","Worsening",0,0,1,"Positive means worsening; signs for beneficial coverage indicators are reversed"
"DRC","ADM1","wasting","Wasting","adverse",25,24,26,"Kasai",2024,14.52925549,24,25,5.892340898,5.892340898,0.25,7,1.227942764,-1.227942764,1.227942764,"worsening","Worsening",0,0,1,"Positive means worsening; signs for beneficial coverage indicators are reversed"
"DRC","ADM1","wasting","Wasting","adverse",26,25,26,"Bas-Uele",2024,13.33877398,23,26,7.227786285,7.227786285,0.25,7,1.227942764,-1.227942764,1.227942764,"worsening","Worsening",0,0,1,"Positive means worsening; signs for beneficial coverage indicators are reversed"
"DRC","ADM1","anemia_women","Anemia (women)","adverse",1,25,26,"Kasai-Central",2024,37.70505018,8,1,-13.84780071,13.84780071,0.25,7,2.0359999075,-2.0359999075,2.0359999075,"improving","Improving",1,0,0,"Positive means worsening; signs for beneficial coverage indicators are reversed"
"DRC","ADM1","anemia_women","Anemia (women)","adverse",2,23,26,"Haut-Uele",2024,20.01550384,1,2,-11.61579331,11.61579331,0.25,7,2.0359999075,-2.0359999075,2.0359999075,"improving","Improving",1,0,0,"Positive means worsening; signs for beneficial coverage indicators are reversed"
"DRC","ADM1","anemia_women","Anemia (women)","adverse",3,20,26,"Lomami",2024,34.56479806,7,3,-9.90621634,9.90621634,0.25,7,2.0359999075,-2.0359999075,2.0359999075,"improving","Improving",1,0,0,"Positive means worsening; signs for beneficial coverage indicators are reversed"
"DRC","ADM1","anemia_women","Anemia (women)","adverse",4,19,26,"Tanganyika",2024,46.04104555,16,4,-9.28289793,9.28289793,0.25,7,2.0359999075,-2.0359999075,2.0359999075,"improving","Improving",1,0,0,"Positive means worsening; signs for beneficial coverage indicators are reversed"
"DRC","ADM1","anemia_women","Anemia (women)","adverse",5,12,26,"Mai-Ndombe",2024,47.23483535,19,5,-4.67174261,4.67174261,0.25,7,2.0359999075,-2.0359999075,2.0359999075,"improving","Improving",1,0,0,"Positive means worsening; signs for beneficial coverage indicators are reversed"
"DRC","ADM1","anemia_women","Anemia (women)","adverse",6,10,26,"Ituri",2024,26.65892704,3,6,-3.93726417,3.93726417,0.25,7,2.0359999075,-2.0359999075,2.0359999075,"improving","Improving",1,0,0,"Positive means worsening; signs for beneficial coverage indicators are reversed"
"DRC","ADM1","anemia_women","Anemia (women)","adverse",7,7,26,"Kasai",2024,39.43153683,10,7,-1.60009695,1.60009695,0.25,7,2.0359999075,-2.0359999075,2.0359999075,"inside_threshold","Non-significant change",0,1,0,"Positive means worsening; signs for beneficial coverage indicators are reversed"
"DRC","ADM1","anemia_women","Anemia (women)","adverse",8,5,26,"Kwilu",2024,33.72567736,6,8,-1.47520485,1.47520485,0.25,7,2.0359999075,-2.0359999075,2.0359999075,"inside_threshold","Non-significant change",0,1,0,"Positive means worsening; signs for beneficial coverage indicators are reversed"
"DRC","ADM1","anemia_women","Anemia (women)","adverse",9,3,26,"Kongo Central",2024,53.86678421,26,9,-0.85091238,0.85091238,0.25,7,2.0359999075,-2.0359999075,2.0359999075,"inside_threshold","Non-significant change",0,1,0,"Positive means worsening; signs for beneficial coverage indicators are reversed"
"DRC","ADM1","anemia_women","Anemia (women)","adverse",10,2,26,"Nord-Kivu",2024,20.05860565,2,10,-0.62569903,0.62569903,0.25,7,2.0359999075,-2.0359999075,2.0359999075,"inside_threshold","Non-significant change",0,1,0,"Positive means worsening; signs for beneficial coverage indicators are reversed"
"DRC","ADM1","anemia_women","Anemia (women)","adverse",11,1,26,"Kasai-Oriental",2024,38.29265923,9,11,0.04166385,0.04166385,0.25,7,2.0359999075,-2.0359999075,2.0359999075,"inside_threshold","Non-significant change",0,1,0,"Positive means worsening; signs for beneficial coverage indicators are reversed"
"DRC","ADM1","anemia_women","Anemia (women)","adverse",12,4,26,"Maniema",2024,50.37001028,21,12,0.85701922,0.85701922,0.25,7,2.0359999075,-2.0359999075,2.0359999075,"inside_threshold","Non-significant change",0,1,0,"Positive means worsening; signs for beneficial coverage indicators are reversed"
"DRC","ADM1","anemia_women","Anemia (women)","adverse",13,6,26,"Equateur",2024,46.13368683,17,13,1.48957645,1.48957645,0.25,7,2.0359999075,-2.0359999075,2.0359999075,"inside_threshold","Non-significant change",0,1,0,"Positive means worsening; signs for beneficial coverage indicators are reversed"
"DRC","ADM1","anemia_women","Anemia (women)","adverse",14,8,26,"Bas-Uele",2024,52.19790521,24,14,3.34370878,3.34370878,0.25,7,2.0359999075,-2.0359999075,2.0359999075,"worsening","Worsening",0,0,1,"Positive means worsening; signs for beneficial coverage indicators are reversed"
"DRC","ADM1","anemia_women","Anemia (women)","adverse",15,9,26,"Nord-Ubangi",2024,30.64932186,4,15,3.63549984,3.63549984,0.25,7,2.0359999075,-2.0359999075,2.0359999075,"worsening","Worsening",0,0,1,"Positive means worsening; signs for beneficial coverage indicators are reversed"
"DRC","ADM1","anemia_women","Anemia (women)","adverse",16,11,26,"Haut-Lomami",2024,50.62036479,22,16,4.6046529,4.6046529,0.25,7,2.0359999075,-2.0359999075,2.0359999075,"worsening","Worsening",0,0,1,"Positive means worsening; signs for beneficial coverage indicators are reversed"
"DRC","ADM1","anemia_women","Anemia (women)","adverse",17,13,26,"Kinshasa",2024,51.37402788,23,17,4.6940796,4.6940796,0.25,7,2.0359999075,-2.0359999075,2.0359999075,"worsening","Worsening",0,0,1,"Positive means worsening; signs for beneficial coverage indicators are reversed"
"DRC","ADM1","anemia_women","Anemia (women)","adverse",18,14,26,"Sankuru",2024,43.22528283,13,18,5.23457729,5.23457729,0.25,7,2.0359999075,-2.0359999075,2.0359999075,"worsening","Worsening",0,0,1,"Positive means worsening; signs for beneficial coverage indicators are reversed"
"DRC","ADM1","anemia_women","Anemia (women)","adverse",19,15,26,"Haut-Katanga",2024,47.73422063,20,19,6.00300153,6.00300153,0.25,7,2.0359999075,-2.0359999075,2.0359999075,"worsening","Worsening",0,0,1,"Positive means worsening; signs for beneficial coverage indicators are reversed"
"DRC","ADM1","anemia_women","Anemia (women)","adverse",20,16,26,"Tshopo",2024,46.39290663,18,20,6.75125669,6.75125669,0.25,7,2.0359999075,-2.0359999075,2.0359999075,"worsening","Worsening",0,0,1,"Positive means worsening; signs for beneficial coverage indicators are reversed"
"DRC","ADM1","anemia_women","Anemia (women)","adverse",21,17,26,"Tshuapa",2024,52.73581191,25,21,7.899119,7.899119,0.25,7,2.0359999075,-2.0359999075,2.0359999075,"worsening","Worsening",0,0,1,"Positive means worsening; signs for beneficial coverage indicators are reversed"
"DRC","ADM1","anemia_women","Anemia (women)","adverse",22,18,26,"Mongala",2024,44.25433334,15,22,8.77373654,8.77373654,0.25,7,2.0359999075,-2.0359999075,2.0359999075,"worsening","Worsening",0,0,1,"Positive means worsening; signs for beneficial coverage indicators are reversed"
"DRC","ADM1","anemia_women","Anemia (women)","adverse",23,21,26,"Lualaba",2024,41.82974505,12,23,10.51997775,10.51997775,0.25,7,2.0359999075,-2.0359999075,2.0359999075,"worsening","Worsening",0,0,1,"Positive means worsening; signs for beneficial coverage indicators are reversed"
"DRC","ADM1","anemia_women","Anemia (women)","adverse",24,22,26,"Sud-Kivu",2024,33.47917132,5,24,10.77577218,10.77577218,0.25,7,2.0359999075,-2.0359999075,2.0359999075,"worsening","Worsening",0,0,1,"Positive means worsening; signs for beneficial coverage indicators are reversed"
"DRC","ADM1","anemia_women","Anemia (women)","adverse",25,24,26,"Kwango",2024,40.80110987,11,25,12.59791203,12.59791203,0.25,7,2.0359999075,-2.0359999075,2.0359999075,"worsening","Worsening",0,0,1,"Positive means worsening; signs for beneficial coverage indicators are reversed"
"DRC","ADM1","anemia_women","Anemia (women)","adverse",26,26,26,"Sud-Ubangi",2024,43.47286191,14,26,16.22702463,16.22702463,0.25,7,2.0359999075,-2.0359999075,2.0359999075,"worsening","Worsening",0,0,1,"Positive means worsening; signs for beneficial coverage indicators are reversed"
"DRC","ADM1","malaria_rdt_positive","Malaria RDT+","adverse",1,26,26,"Haut-Uele",2024,20.37656886,5,1,-46.07476398,46.07476398,0.25,7,5.69779234325,-5.69779234325,5.69779234325,"improving","Improving",1,0,0,"Positive means worsening; signs for beneficial coverage indicators are reversed"
"DRC","ADM1","malaria_rdt_positive","Malaria RDT+","adverse",2,24,26,"Nord-Ubangi",2024,23.70656272,9,2,-23.83933197,23.83933197,0.25,7,5.69779234325,-5.69779234325,5.69779234325,"improving","Improving",1,0,0,"Positive means worsening; signs for beneficial coverage indicators are reversed"
"DRC","ADM1","malaria_rdt_positive","Malaria RDT+","adverse",3,23,26,"Tanganyika",2024,44.83896073,19,3,-21.16380295,21.16380295,0.25,7,5.69779234325,-5.69779234325,5.69779234325,"improving","Improving",1,0,0,"Positive means worsening; signs for beneficial coverage indicators are reversed"
"DRC","ADM1","malaria_rdt_positive","Malaria RDT+","adverse",4,21,26,"Mai-Ndombe",2024,15.36260447,4,4,-15.76847996,15.76847996,0.25,7,5.69779234325,-5.69779234325,5.69779234325,"improving","Improving",1,0,0,"Positive means worsening; signs for beneficial coverage indicators are reversed"
"DRC","ADM1","malaria_rdt_positive","Malaria RDT+","adverse",5,18,26,"Lomami",2024,52.08573298,23,5,-14.11837731,14.11837731,0.25,7,5.69779234325,-5.69779234325,5.69779234325,"improving","Improving",1,0,0,"Positive means worsening; signs for beneficial coverage indicators are reversed"
"DRC","ADM1","malaria_rdt_positive","Malaria RDT+","adverse",6,17,26,"Mongala",2024,11.93418117,3,6,-13.38951939,13.38951939,0.25,7,5.69779234325,-5.69779234325,5.69779234325,"improving","Improving",1,0,0,"Positive means worsening; signs for beneficial coverage indicators are reversed"
"DRC","ADM1","malaria_rdt_positive","Malaria RDT+","adverse",7,15,26,"Bas-Uele",2024,61.02302039,26,7,-12.0666008,12.0666008,0.25,7,5.69779234325,-5.69779234325,5.69779234325,"improving","Improving",1,0,0,"Positive means worsening; signs for beneficial coverage indicators are reversed"
"DRC","ADM1","malaria_rdt_positive","Malaria RDT+","adverse",8,14,26,"Kinshasa",2024,5.111819932,1,8,-11.98259246,11.98259246,0.25,7,5.69779234325,-5.69779234325,5.69779234325,"improving","Improving",1,0,0,"Positive means worsening; signs for beneficial coverage indicators are reversed"
"DRC","ADM1","malaria_rdt_positive","Malaria RDT+","adverse",9,10,26,"Ituri",2024,33.67511878,12,9,-10.376109,10.376109,0.25,7,5.69779234325,-5.69779234325,5.69779234325,"improving","Improving",1,0,0,"Positive means worsening; signs for beneficial coverage indicators are reversed"
"DRC","ADM1","malaria_rdt_positive","Malaria RDT+","adverse",10,6,26,"Equateur",2024,21.74049565,7,10,-4.65902979,4.65902979,0.25,7,5.69779234325,-5.69779234325,5.69779234325,"inside_threshold","Non-significant change",0,1,0,"Positive means worsening; signs for beneficial coverage indicators are reversed"
"DRC","ADM1","malaria_rdt_positive","Malaria RDT+","adverse",11,4,26,"Kasai",2024,37.45056562,13,11,-2.85736604,2.85736604,0.25,7,5.69779234325,-5.69779234325,5.69779234325,"inside_threshold","Non-significant change",0,1,0,"Positive means worsening; signs for beneficial coverage indicators are reversed"
"DRC","ADM1","malaria_rdt_positive","Malaria RDT+","adverse",12,3,26,"Haut-Katanga",2024,20.46222088,6,12,-2.8523302,2.8523302,0.25,7,5.69779234325,-5.69779234325,5.69779234325,"inside_threshold","Non-significant change",0,1,0,"Positive means worsening; signs for beneficial coverage indicators are reversed"
"DRC","ADM1","malaria_rdt_positive","Malaria RDT+","adverse",13,1,26,"Haut-Lomami",2024,44.19325998,18,13,0.89571762,0.89571762,0.25,7,5.69779234325,-5.69779234325,5.69779234325,"inside_threshold","Non-significant change",0,1,0,"Positive means worsening; signs for beneficial coverage indicators are reversed"
"DRC","ADM1","malaria_rdt_positive","Malaria RDT+","adverse",14,2,26,"Sud-Ubangi",2024,26.10199399,10,14,2.48618847,2.48618847,0.25,7,5.69779234325,-5.69779234325,5.69779234325,"inside_threshold","Non-significant change",0,1,0,"Positive means worsening; signs for beneficial coverage indicators are reversed"
"DRC","ADM1","malaria_rdt_positive","Malaria RDT+","adverse",15,5,26,"Kongo Central",2024,50.838574,22,15,3.73444643,3.73444643,0.25,7,5.69779234325,-5.69779234325,5.69779234325,"inside_threshold","Non-significant change",0,1,0,"Positive means worsening; signs for beneficial coverage indicators are reversed"
"DRC","ADM1","malaria_rdt_positive","Malaria RDT+","adverse",16,7,26,"Nord-Kivu",2024,8.538666208,2,16,5.627053441,5.627053441,0.25,7,5.69779234325,-5.69779234325,5.69779234325,"inside_threshold","Non-significant change",0,1,0,"Positive means worsening; signs for beneficial coverage indicators are reversed"
"DRC","ADM1","malaria_rdt_positive","Malaria RDT+","adverse",17,8,26,"Kasai-Oriental",2024,43.13127631,16,17,5.91000905,5.91000905,0.25,7,5.69779234325,-5.69779234325,5.69779234325,"worsening","Worsening",0,0,1,"Positive means worsening; signs for beneficial coverage indicators are reversed"
"DRC","ADM1","malaria_rdt_positive","Malaria RDT+","adverse",18,9,26,"Lualaba",2024,50.15997198,20,18,7.61544452,7.61544452,0.25,7,5.69779234325,-5.69779234325,5.69779234325,"worsening","Worsening",0,0,1,"Positive means worsening; signs for beneficial coverage indicators are reversed"
"DRC","ADM1","malaria_rdt_positive","Malaria RDT+","adverse",19,11,26,"Sankuru",2024,41.92691531,14,19,10.43859548,10.43859548,0.25,7,5.69779234325,-5.69779234325,5.69779234325,"worsening","Worsening",0,0,1,"Positive means worsening; signs for beneficial coverage indicators are reversed"
"DRC","ADM1","malaria_rdt_positive","Malaria RDT+","adverse",20,12,26,"Kasai-Central",2024,58.30350085,25,20,10.61723305,10.61723305,0.25,7,5.69779234325,-5.69779234325,5.69779234325,"worsening","Worsening",0,0,1,"Positive means worsening; signs for beneficial coverage indicators are reversed"
"DRC","ADM1","malaria_rdt_positive","Malaria RDT+","adverse",21,13,26,"Sud-Kivu",2024,22.61865784,8,21,10.66762787,10.66762787,0.25,7,5.69779234325,-5.69779234325,5.69779234325,"worsening","Worsening",0,0,1,"Positive means worsening; signs for beneficial coverage indicators are reversed"
"DRC","ADM1","malaria_rdt_positive","Malaria RDT+","adverse",22,16,26,"Maniema",2024,57.40076973,24,22,13.29090092,13.29090092,0.25,7,5.69779234325,-5.69779234325,5.69779234325,"worsening","Worsening",0,0,1,"Positive means worsening; signs for beneficial coverage indicators are reversed"
"DRC","ADM1","malaria_rdt_positive","Malaria RDT+","adverse",23,19,26,"Kwilu",2024,29.58574788,11,23,15.14627434,15.14627434,0.25,7,5.69779234325,-5.69779234325,5.69779234325,"worsening","Worsening",0,0,1,"Positive means worsening; signs for beneficial coverage indicators are reversed"
"DRC","ADM1","malaria_rdt_positive","Malaria RDT+","adverse",24,20,26,"Tshuapa",2024,41.95128071,15,24,15.31908834,15.31908834,0.25,7,5.69779234325,-5.69779234325,5.69779234325,"worsening","Worsening",0,0,1,"Positive means worsening; signs for beneficial coverage indicators are reversed"
"DRC","ADM1","malaria_rdt_positive","Malaria RDT+","adverse",25,22,26,"Tshopo",2024,43.78845564,17,25,17.86432512,17.86432512,0.25,7,5.69779234325,-5.69779234325,5.69779234325,"worsening","Worsening",0,0,1,"Positive means worsening; signs for beneficial coverage indicators are reversed"
"DRC","ADM1","malaria_rdt_positive","Malaria RDT+","adverse",26,25,26,"Kwango",2024,50.18961738,21,26,30.85851885,30.85851885,0.25,7,5.69779234325,-5.69779234325,5.69779234325,"worsening","Worsening",0,0,1,"Positive means worsening; signs for beneficial coverage indicators are reversed"
"DRC","ADM1","zero_dose","Zero-dose","adverse",1,8,26,"Tanganyika",2024,51.64923892,18,1,-9.63905333,9.63905333,0.25,7,8.6382596075,-8.6382596075,8.6382596075,"improving","Improving",1,0,0,"Positive means worsening; signs for beneficial coverage indicators are reversed"
"DRC","ADM1","zero_dose","Zero-dose","adverse",2,5,26,"Lualaba",2024,33.9425992,10,2,-6.58093555,6.58093555,0.25,7,8.6382596075,-8.6382596075,8.6382596075,"inside_threshold","Non-significant change",0,1,0,"Positive means worsening; signs for beneficial coverage indicators are reversed"
"DRC","ADM1","zero_dose","Zero-dose","adverse",3,2,26,"Kinshasa",2024,0.75324915,1,3,-1.415044386,1.415044386,0.25,7,8.6382596075,-8.6382596075,8.6382596075,"inside_threshold","Non-significant change",0,1,0,"Positive means worsening; signs for beneficial coverage indicators are reversed"
"DRC","ADM1","zero_dose","Zero-dose","adverse",4,1,26,"Kasai-Central",2024,10.32900114,3,4,0.17224199,0.17224199,0.25,7,8.6382596075,-8.6382596075,8.6382596075,"inside_threshold","Non-significant change",0,1,0,"Positive means worsening; signs for beneficial coverage indicators are reversed"
"DRC","ADM1","zero_dose","Zero-dose","adverse",5,3,26,"Kasai-Oriental",2024,18.12919367,4,5,2.64792298,2.64792298,0.25,7,8.6382596075,-8.6382596075,8.6382596075,"inside_threshold","Non-significant change",0,1,0,"Positive means worsening; signs for beneficial coverage indicators are reversed"
"DRC","ADM1","zero_dose","Zero-dose","adverse",6,4,26,"Nord-Kivu",2024,9.982604647,2,6,3.706481943,3.706481943,0.25,7,8.6382596075,-8.6382596075,8.6382596075,"inside_threshold","Non-significant change",0,1,0,"Positive means worsening; signs for beneficial coverage indicators are reversed"
"DRC","ADM1","zero_dose","Zero-dose","adverse",7,6,26,"Haut-Uele",2024,45.71143912,14,7,7.85761292,7.85761292,0.25,7,8.6382596075,-8.6382596075,8.6382596075,"inside_threshold","Non-significant change",0,1,0,"Positive means worsening; signs for beneficial coverage indicators are reversed"
"DRC","ADM1","zero_dose","Zero-dose","adverse",8,7,26,"Haut-Katanga",2024,25.72857572,7,8,8.3046617,8.3046617,0.25,7,8.6382596075,-8.6382596075,8.6382596075,"inside_threshold","Non-significant change",0,1,0,"Positive means worsening; signs for beneficial coverage indicators are reversed"
"DRC","ADM1","zero_dose","Zero-dose","adverse",9,9,26,"Kwango",2024,29.01005374,9,9,11.90580051,11.90580051,0.25,7,8.6382596075,-8.6382596075,8.6382596075,"worsening","Worsening",0,0,1,"Positive means worsening; signs for beneficial coverage indicators are reversed"
"DRC","ADM1","zero_dose","Zero-dose","adverse",10,10,26,"Kwilu",2024,21.30428407,6,10,12.49612273,12.49612273,0.25,7,8.6382596075,-8.6382596075,8.6382596075,"worsening","Worsening",0,0,1,"Positive means worsening; signs for beneficial coverage indicators are reversed"
"DRC","ADM1","zero_dose","Zero-dose","adverse",11,11,26,"Ituri",2024,21.22315736,5,11,12.6960907,12.6960907,0.25,7,8.6382596075,-8.6382596075,8.6382596075,"worsening","Worsening",0,0,1,"Positive means worsening; signs for beneficial coverage indicators are reversed"
"DRC","ADM1","zero_dose","Zero-dose","adverse",12,12,26,"Lomami",2024,34.64926038,11,12,12.79459328,12.79459328,0.25,7,8.6382596075,-8.6382596075,8.6382596075,"worsening","Worsening",0,0,1,"Positive means worsening; signs for beneficial coverage indicators are reversed"
"DRC","ADM1","zero_dose","Zero-dose","adverse",13,13,26,"Haut-Lomami",2024,46.92928069,16,13,12.95998531,12.95998531,0.25,7,8.6382596075,-8.6382596075,8.6382596075,"worsening","Worsening",0,0,1,"Positive means worsening; signs for beneficial coverage indicators are reversed"
"DRC","ADM1","zero_dose","Zero-dose","adverse",14,14,26,"Nord-Ubangi",2024,38.40327539,12,14,15.65189631,15.65189631,0.25,7,8.6382596075,-8.6382596075,8.6382596075,"worsening","Worsening",0,0,1,"Positive means worsening; signs for beneficial coverage indicators are reversed"
"DRC","ADM1","zero_dose","Zero-dose","adverse",15,15,26,"Bas-Uele",2024,62.17853809,22,15,16.958347,16.958347,0.25,7,8.6382596075,-8.6382596075,8.6382596075,"worsening","Worsening",0,0,1,"Positive means worsening; signs for beneficial coverage indicators are reversed"
"DRC","ADM1","zero_dose","Zero-dose","adverse",16,16,26,"Mongala",2024,76.09457264,25,16,17.64546846,17.64546846,0.25,7,8.6382596075,-8.6382596075,8.6382596075,"worsening","Worsening",0,0,1,"Positive means worsening; signs for beneficial coverage indicators are reversed"
"DRC","ADM1","zero_dose","Zero-dose","adverse",17,17,26,"Sankuru",2024,64.88217563,23,17,18.63902135,18.63902135,0.25,7,8.6382596075,-8.6382596075,8.6382596075,"worsening","Worsening",0,0,1,"Positive means worsening; signs for beneficial coverage indicators are reversed"
"DRC","ADM1","zero_dose","Zero-dose","adverse",18,18,26,"Tshuapa",2024,65.79184427,24,18,20.91676349,20.91676349,0.25,7,8.6382596075,-8.6382596075,8.6382596075,"worsening","Worsening",0,0,1,"Positive means worsening; signs for beneficial coverage indicators are reversed"
"DRC","ADM1","zero_dose","Zero-dose","adverse",19,19,26,"Sud-Kivu",2024,27.06851279,8,19,22.21684852,22.21684852,0.25,7,8.6382596075,-8.6382596075,8.6382596075,"worsening","Worsening",0,0,1,"Positive means worsening; signs for beneficial coverage indicators are reversed"
"DRC","ADM1","zero_dose","Zero-dose","adverse",20,20,26,"Kasai",2024,51.83293396,19,20,23.06805106,23.06805106,0.25,7,8.6382596075,-8.6382596075,8.6382596075,"worsening","Worsening",0,0,1,"Positive means worsening; signs for beneficial coverage indicators are reversed"
"DRC","ADM1","zero_dose","Zero-dose","adverse",21,21,26,"Tshopo",2024,56.10117642,20,21,23.9511554,23.9511554,0.25,7,8.6382596075,-8.6382596075,8.6382596075,"worsening","Worsening",0,0,1,"Positive means worsening; signs for beneficial coverage indicators are reversed"
"DRC","ADM1","zero_dose","Zero-dose","adverse",22,22,26,"Equateur",2024,46.44776014,15,22,26.28641215,26.28641215,0.25,7,8.6382596075,-8.6382596075,8.6382596075,"worsening","Worsening",0,0,1,"Positive means worsening; signs for beneficial coverage indicators are reversed"
"DRC","ADM1","zero_dose","Zero-dose","adverse",23,23,26,"Mai-Ndombe",2024,47.80057596,17,23,34.3734687,34.3734687,0.25,7,8.6382596075,-8.6382596075,8.6382596075,"worsening","Worsening",0,0,1,"Positive means worsening; signs for beneficial coverage indicators are reversed"
"DRC","ADM1","zero_dose","Zero-dose","adverse",24,24,26,"Kongo Central",2024,42.52501773,13,24,36.04682707,36.04682707,0.25,7,8.6382596075,-8.6382596075,8.6382596075,"worsening","Worsening",0,0,1,"Positive means worsening; signs for beneficial coverage indicators are reversed"
"DRC","ADM1","zero_dose","Zero-dose","adverse",25,25,26,"Sud-Ubangi",2024,60.82812719,21,25,42.45105009,42.45105009,0.25,7,8.6382596075,-8.6382596075,8.6382596075,"worsening","Worsening",0,0,1,"Positive means worsening; signs for beneficial coverage indicators are reversed"
"DRC","ADM1","zero_dose","Zero-dose","adverse",26,26,26,"Maniema",2024,78.34638212,26,26,52.17662558,52.17662558,0.25,7,8.6382596075,-8.6382596075,8.6382596075,"worsening","Worsening",0,0,1,"Positive means worsening; signs for beneficial coverage indicators are reversed"
"DRC","ADM1","first_birth_under20","First birth < 20","adverse",1,26,26,"Lomami",2024,51.08336917,5,1,-14.31969832,14.31969832,0.25,7,2.01930159,-2.01930159,2.01930159,"improving","Improving",1,0,0,"Positive means worsening; signs for beneficial coverage indicators are reversed"
"DRC","ADM1","first_birth_under20","First birth < 20","adverse",2,25,26,"Kongo Central",2024,49.38358568,4,2,-10.45611534,10.45611534,0.25,7,2.01930159,-2.01930159,2.01930159,"improving","Improving",1,0,0,"Positive means worsening; signs for beneficial coverage indicators are reversed"
"DRC","ADM1","first_birth_under20","First birth < 20","adverse",3,24,26,"Mai-Ndombe",2024,53.21422479,7,3,-10.39120489,10.39120489,0.25,7,2.01930159,-2.01930159,2.01930159,"improving","Improving",1,0,0,"Positive means worsening; signs for beneficial coverage indicators are reversed"
"DRC","ADM1","first_birth_under20","First birth < 20","adverse",4,23,26,"Haut-Uele",2024,53.61477623,8,4,-9.63514375,9.63514375,0.25,7,2.01930159,-2.01930159,2.01930159,"improving","Improving",1,0,0,"Positive means worsening; signs for beneficial coverage indicators are reversed"
"DRC","ADM1","first_birth_under20","First birth < 20","adverse",5,22,26,"Haut-Lomami",2024,54.34518117,9,5,-9.48046627,9.48046627,0.25,7,2.01930159,-2.01930159,2.01930159,"improving","Improving",1,0,0,"Positive means worsening; signs for beneficial coverage indicators are reversed"
"DRC","ADM1","first_birth_under20","First birth < 20","adverse",6,21,26,"Tanganyika",2024,60.94314405,16,6,-8.63237547,8.63237547,0.25,7,2.01930159,-2.01930159,2.01930159,"improving","Improving",1,0,0,"Positive means worsening; signs for beneficial coverage indicators are reversed"
"DRC","ADM1","first_birth_under20","First birth < 20","adverse",7,20,26,"Haut-Katanga",2024,59.63506352,15,7,-8.15929979,8.15929979,0.25,7,2.01930159,-2.01930159,2.01930159,"improving","Improving",1,0,0,"Positive means worsening; signs for beneficial coverage indicators are reversed"
"DRC","ADM1","first_birth_under20","First birth < 20","adverse",8,18,26,"Kasai",2024,58.62877405,13,8,-6.82094225,6.82094225,0.25,7,2.01930159,-2.01930159,2.01930159,"improving","Improving",1,0,0,"Positive means worsening; signs for beneficial coverage indicators are reversed"
"DRC","ADM1","first_birth_under20","First birth < 20","adverse",9,17,26,"Equateur",2024,58.08275699,12,9,-5.65812101,5.65812101,0.25,7,2.01930159,-2.01930159,2.01930159,"improving","Improving",1,0,0,"Positive means worsening; signs for beneficial coverage indicators are reversed"
"DRC","ADM1","first_birth_under20","First birth < 20","adverse",10,16,26,"Kwilu",2024,47.29516559,3,10,-4.87970036,4.87970036,0.25,7,2.01930159,-2.01930159,2.01930159,"improving","Improving",1,0,0,"Positive means worsening; signs for beneficial coverage indicators are reversed"
"DRC","ADM1","first_birth_under20","First birth < 20","adverse",11,15,26,"Nord-Ubangi",2024,52.73019237,6,11,-4.54001167,4.54001167,0.25,7,2.01930159,-2.01930159,2.01930159,"improving","Improving",1,0,0,"Positive means worsening; signs for beneficial coverage indicators are reversed"
"DRC","ADM1","first_birth_under20","First birth < 20","adverse",12,14,26,"Kasai-Oriental",2024,64.37675079,22,12,-4.29830716,4.29830716,0.25,7,2.01930159,-2.01930159,2.01930159,"improving","Improving",1,0,0,"Positive means worsening; signs for beneficial coverage indicators are reversed"
"DRC","ADM1","first_birth_under20","First birth < 20","adverse",13,13,26,"Bas-Uele",2024,61.62053612,18,13,-4.15308922,4.15308922,0.25,7,2.01930159,-2.01930159,2.01930159,"improving","Improving",1,0,0,"Positive means worsening; signs for beneficial coverage indicators are reversed"
"DRC","ADM1","first_birth_under20","First birth < 20","adverse",14,12,26,"Nord-Kivu",2024,56.92171169,11,14,-3.91308991,3.91308991,0.25,7,2.01930159,-2.01930159,2.01930159,"improving","Improving",1,0,0,"Positive means worsening; signs for beneficial coverage indicators are reversed"
"DRC","ADM1","first_birth_under20","First birth < 20","adverse",15,11,26,"Sankuru",2024,55.96176784,10,15,-3.57374669,3.57374669,0.25,7,2.01930159,-2.01930159,2.01930159,"improving","Improving",1,0,0,"Positive means worsening; signs for beneficial coverage indicators are reversed"
"DRC","ADM1","first_birth_under20","First birth < 20","adverse",16,10,26,"Kinshasa",2024,42.38966911,1,16,-3.12676159,3.12676159,0.25,7,2.01930159,-2.01930159,2.01930159,"improving","Improving",1,0,0,"Positive means worsening; signs for beneficial coverage indicators are reversed"
"DRC","ADM1","first_birth_under20","First birth < 20","adverse",17,8,26,"Kasai-Central",2024,61.8588893,19,17,-2.57515914,2.57515914,0.25,7,2.01930159,-2.01930159,2.01930159,"improving","Improving",1,0,0,"Positive means worsening; signs for beneficial coverage indicators are reversed"
"DRC","ADM1","first_birth_under20","First birth < 20","adverse",18,7,26,"Sud-Kivu",2024,61.52114087,17,18,-1.83401574,1.83401574,0.25,7,2.01930159,-2.01930159,2.01930159,"inside_threshold","Non-significant change",0,1,0,"Positive means worsening; signs for beneficial coverage indicators are reversed"
"DRC","ADM1","first_birth_under20","First birth < 20","adverse",19,6,26,"Lualaba",2024,64.7040401,23,19,-1.7674233,1.7674233,0.25,7,2.01930159,-2.01930159,2.01930159,"inside_threshold","Non-significant change",0,1,0,"Positive means worsening; signs for beneficial coverage indicators are reversed"
"DRC","ADM1","first_birth_under20","First birth < 20","adverse",20,5,26,"Ituri",2024,64.06851161,21,20,-1.65196622,1.65196622,0.25,7,2.01930159,-2.01930159,2.01930159,"inside_threshold","Non-significant change",0,1,0,"Positive means worsening; signs for beneficial coverage indicators are reversed"
"DRC","ADM1","first_birth_under20","First birth < 20","adverse",21,4,26,"Tshuapa",2024,59.55180618,14,21,-1.34154167,1.34154167,0.25,7,2.01930159,-2.01930159,2.01930159,"inside_threshold","Non-significant change",0,1,0,"Positive means worsening; signs for beneficial coverage indicators are reversed"
"DRC","ADM1","first_birth_under20","First birth < 20","adverse",22,3,26,"Tshopo",2024,64.73431386,24,22,-0.18251487,0.18251487,0.25,7,2.01930159,-2.01930159,2.01930159,"inside_threshold","Non-significant change",0,1,0,"Positive means worsening; signs for beneficial coverage indicators are reversed"
"DRC","ADM1","first_birth_under20","First birth < 20","adverse",23,1,26,"Sud-Ubangi",2024,62.29159558,20,23,0.04790285,0.04790285,0.25,7,2.01930159,-2.01930159,2.01930159,"inside_threshold","Non-significant change",0,1,0,"Positive means worsening; signs for beneficial coverage indicators are reversed"
"DRC","ADM1","first_birth_under20","First birth < 20","adverse",24,2,26,"Mongala",2024,70.67920961,26,24,0.17207741,0.17207741,0.25,7,2.01930159,-2.01930159,2.01930159,"inside_threshold","Non-significant change",0,1,0,"Positive means worsening; signs for beneficial coverage indicators are reversed"
"DRC","ADM1","first_birth_under20","First birth < 20","adverse",25,9,26,"Kwango",2024,45.89726662,2,25,2.69045223,2.69045223,0.25,7,2.01930159,-2.01930159,2.01930159,"worsening","Worsening",0,0,1,"Positive means worsening; signs for beneficial coverage indicators are reversed"
"DRC","ADM1","first_birth_under20","First birth < 20","adverse",26,19,26,"Maniema",2024,68.59702167,25,26,7.95224981,7.95224981,0.25,7,2.01930159,-2.01930159,2.01930159,"worsening","Worsening",0,0,1,"Positive means worsening; signs for beneficial coverage indicators are reversed"
"DRC","ADM1","facility_delivery","Facility delivery","beneficial",1,26,26,"Tanganyika",2024,38.976167,25,1,-22.968177,22.968177,0.25,7,3.3912235,-3.3912235,3.3912235,"improving","Improving",1,0,0,"Positive means worsening; signs for beneficial coverage indicators are reversed"
"DRC","ADM1","facility_delivery","Facility delivery","beneficial",2,25,26,"Nord-Ubangi",2024,69.338891,19,2,-21.243537,21.243537,0.25,7,3.3912235,-3.3912235,3.3912235,"improving","Improving",1,0,0,"Positive means worsening; signs for beneficial coverage indicators are reversed"
"DRC","ADM1","facility_delivery","Facility delivery","beneficial",3,24,26,"Haut-Lomami",2024,64.487289,20,3,-20.476385,20.476385,0.25,7,3.3912235,-3.3912235,3.3912235,"improving","Improving",1,0,0,"Positive means worsening; signs for beneficial coverage indicators are reversed"
"DRC","ADM1","facility_delivery","Facility delivery","beneficial",4,23,26,"Lualaba",2024,90.362809,10,4,-19.262318,19.262318,0.25,7,3.3912235,-3.3912235,3.3912235,"improving","Improving",1,0,0,"Positive means worsening; signs for beneficial coverage indicators are reversed"
"DRC","ADM1","facility_delivery","Facility delivery","beneficial",5,19,26,"Mongala",2024,63.268784,22,5,-14.160556,14.160556,0.25,7,3.3912235,-3.3912235,3.3912235,"improving","Improving",1,0,0,"Positive means worsening; signs for beneficial coverage indicators are reversed"
"DRC","ADM1","facility_delivery","Facility delivery","beneficial",6,17,26,"Kwango",2024,76.791197,13,6,-9.582616,9.582616,0.25,7,3.3912235,-3.3912235,3.3912235,"improving","Improving",1,0,0,"Positive means worsening; signs for beneficial coverage indicators are reversed"
"DRC","ADM1","facility_delivery","Facility delivery","beneficial",7,16,26,"Lomami",2024,75.645139,14,7,-7.156427,7.156427,0.25,7,3.3912235,-3.3912235,3.3912235,"improving","Improving",1,0,0,"Positive means worsening; signs for beneficial coverage indicators are reversed"
"DRC","ADM1","facility_delivery","Facility delivery","beneficial",8,15,26,"Nord-Kivu",2024,98.882948,1,8,-6.816827,6.816827,0.25,7,3.3912235,-3.3912235,3.3912235,"improving","Improving",1,0,0,"Positive means worsening; signs for beneficial coverage indicators are reversed"
"DRC","ADM1","facility_delivery","Facility delivery","beneficial",9,14,26,"Haut-Katanga",2024,91.594271,8,9,-4.92248,4.92248,0.25,7,3.3912235,-3.3912235,3.3912235,"improving","Improving",1,0,0,"Positive means worsening; signs for beneficial coverage indicators are reversed"
"DRC","ADM1","facility_delivery","Facility delivery","beneficial",10,13,26,"Sud-Kivu",2024,97.41304,2,10,-4.774963,4.774963,0.25,7,3.3912235,-3.3912235,3.3912235,"improving","Improving",1,0,0,"Positive means worsening; signs for beneficial coverage indicators are reversed"
"DRC","ADM1","facility_delivery","Facility delivery","beneficial",11,11,26,"Ituri",2024,95.972076,4,11,-4.305809,4.305809,0.25,7,3.3912235,-3.3912235,3.3912235,"improving","Improving",1,0,0,"Positive means worsening; signs for beneficial coverage indicators are reversed"
"DRC","ADM1","facility_delivery","Facility delivery","beneficial",12,10,26,"Mai-Ndombe",2024,92.18783,7,12,-3.894325,3.894325,0.25,7,3.3912235,-3.3912235,3.3912235,"improving","Improving",1,0,0,"Positive means worsening; signs for beneficial coverage indicators are reversed"
"DRC","ADM1","facility_delivery","Facility delivery","beneficial",13,8,26,"Kasai-Central",2024,91.305537,9,13,-3.516769,3.516769,0.25,7,3.3912235,-3.3912235,3.3912235,"improving","Improving",1,0,0,"Positive means worsening; signs for beneficial coverage indicators are reversed"
"DRC","ADM1","facility_delivery","Facility delivery","beneficial",14,5,26,"Kasai",2024,84.275093,12,14,-2.725943,2.725943,0.25,7,3.3912235,-3.3912235,3.3912235,"inside_threshold","Non-significant change",0,1,0,"Positive means worsening; signs for beneficial coverage indicators are reversed"
"DRC","ADM1","facility_delivery","Facility delivery","beneficial",15,1,26,"Sud-Ubangi",2024,71.124878,18,15,-0.061554,0.061554,0.25,7,3.3912235,-3.3912235,3.3912235,"inside_threshold","Non-significant change",0,1,0,"Positive means worsening; signs for beneficial coverage indicators are reversed"
"DRC","ADM1","facility_delivery","Facility delivery","beneficial",16,2,26,"Kinshasa",2024,97.397626,3,16,0.874435,0.874435,0.25,7,3.3912235,-3.3912235,3.3912235,"inside_threshold","Non-significant change",0,1,0,"Positive means worsening; signs for beneficial coverage indicators are reversed"
"DRC","ADM1","facility_delivery","Facility delivery","beneficial",17,3,26,"Kongo Central",2024,94.630055,5,17,0.886981,0.886981,0.25,7,3.3912235,-3.3912235,3.3912235,"inside_threshold","Non-significant change",0,1,0,"Positive means worsening; signs for beneficial coverage indicators are reversed"
"DRC","ADM1","facility_delivery","Facility delivery","beneficial",18,4,26,"Kwilu",2024,92.432617,6,18,1.544567,1.544567,0.25,7,3.3912235,-3.3912235,3.3912235,"inside_threshold","Non-significant change",0,1,0,"Positive means worsening; signs for beneficial coverage indicators are reversed"
"DRC","ADM1","facility_delivery","Facility delivery","beneficial",19,6,26,"Tshuapa",2024,38.116438,26,19,2.966458,2.966458,0.25,7,3.3912235,-3.3912235,3.3912235,"inside_threshold","Non-significant change",0,1,0,"Positive means worsening; signs for beneficial coverage indicators are reversed"
"DRC","ADM1","facility_delivery","Facility delivery","beneficial",20,7,26,"Kasai-Oriental",2024,87.456933,11,20,3.349375,3.349375,0.25,7,3.3912235,-3.3912235,3.3912235,"inside_threshold","Non-significant change",0,1,0,"Positive means worsening; signs for beneficial coverage indicators are reversed"
"DRC","ADM1","facility_delivery","Facility delivery","beneficial",21,9,26,"Sankuru",2024,42.439303,24,21,3.608965,3.608965,0.25,7,3.3912235,-3.3912235,3.3912235,"worsening","Worsening",0,0,1,"Positive means worsening; signs for beneficial coverage indicators are reversed"
"DRC","ADM1","facility_delivery","Facility delivery","beneficial",22,12,26,"Tshopo",2024,72.553502,16,22,4.477128,4.477128,0.25,7,3.3912235,-3.3912235,3.3912235,"worsening","Worsening",0,0,1,"Positive means worsening; signs for beneficial coverage indicators are reversed"
"DRC","ADM1","facility_delivery","Facility delivery","beneficial",23,18,26,"Bas-Uele",2024,59.058099,23,23,12.8019,12.8019,0.25,7,3.3912235,-3.3912235,3.3912235,"worsening","Worsening",0,0,1,"Positive means worsening; signs for beneficial coverage indicators are reversed"
"DRC","ADM1","facility_delivery","Facility delivery","beneficial",24,20,26,"Equateur",2024,63.416808,21,24,15.07952,15.07952,0.25,7,3.3912235,-3.3912235,3.3912235,"worsening","Worsening",0,0,1,"Positive means worsening; signs for beneficial coverage indicators are reversed"
"DRC","ADM1","facility_delivery","Facility delivery","beneficial",25,21,26,"Haut-Uele",2024,73.0025,15,25,15.307432,15.307432,0.25,7,3.3912235,-3.3912235,3.3912235,"worsening","Worsening",0,0,1,"Positive means worsening; signs for beneficial coverage indicators are reversed"
"DRC","ADM1","facility_delivery","Facility delivery","beneficial",26,22,26,"Maniema",2024,71.421659,17,26,17.00368,17.00368,0.25,7,3.3912235,-3.3912235,3.3912235,"worsening","Worsening",0,0,1,"Positive means worsening; signs for beneficial coverage indicators are reversed"
"DRC","ADM1","fever_care_seeking","Fever care seeking","beneficial",1,25,26,"Haut-Uele",2024,69.184773,1,1,-24.483617,24.483617,0.25,7,5.2271245,-5.2271245,5.2271245,"improving","Improving",1,0,0,"Positive means worsening; signs for beneficial coverage indicators are reversed"
"DRC","ADM1","fever_care_seeking","Fever care seeking","beneficial",2,21,26,"Mai-Ndombe",2024,62.046759,3,2,-14.652642,14.652642,0.25,7,5.2271245,-5.2271245,5.2271245,"improving","Improving",1,0,0,"Positive means worsening; signs for beneficial coverage indicators are reversed"
"DRC","ADM1","fever_care_seeking","Fever care seeking","beneficial",3,18,26,"Kasai-Central",2024,58.423824,4,3,-9.76837,9.76837,0.25,7,5.2271245,-5.2271245,5.2271245,"improving","Improving",1,0,0,"Positive means worsening; signs for beneficial coverage indicators are reversed"
"DRC","ADM1","fever_care_seeking","Fever care seeking","beneficial",4,15,26,"Tanganyika",2024,51.231683,8,4,-8.745119,8.745119,0.25,7,5.2271245,-5.2271245,5.2271245,"improving","Improving",1,0,0,"Positive means worsening; signs for beneficial coverage indicators are reversed"
"DRC","ADM1","fever_care_seeking","Fever care seeking","beneficial",5,10,26,"Kasai-Oriental",2024,43.683373,20,5,-6.269849,6.269849,0.25,7,5.2271245,-5.2271245,5.2271245,"improving","Improving",1,0,0,"Positive means worsening; signs for beneficial coverage indicators are reversed"
"DRC","ADM1","fever_care_seeking","Fever care seeking","beneficial",6,1,26,"Bas-Uele",2024,40.879176,24,6,-0.740446,0.740446,0.25,7,5.2271245,-5.2271245,5.2271245,"inside_threshold","Non-significant change",0,1,0,"Positive means worsening; signs for beneficial coverage indicators are reversed"
"DRC","ADM1","fever_care_seeking","Fever care seeking","beneficial",7,2,26,"Nord-Kivu",2024,66.437937,2,7,1.463687,1.463687,0.25,7,5.2271245,-5.2271245,5.2271245,"inside_threshold","Non-significant change",0,1,0,"Positive means worsening; signs for beneficial coverage indicators are reversed"
"DRC","ADM1","fever_care_seeking","Fever care seeking","beneficial",8,3,26,"Haut-Katanga",2024,45.171391,17,8,2.181647,2.181647,0.25,7,5.2271245,-5.2271245,5.2271245,"inside_threshold","Non-significant change",0,1,0,"Positive means worsening; signs for beneficial coverage indicators are reversed"
"DRC","ADM1","fever_care_seeking","Fever care seeking","beneficial",9,4,26,"Maniema",2024,56.15737,6,9,3.926265,3.926265,0.25,7,5.2271245,-5.2271245,5.2271245,"inside_threshold","Non-significant change",0,1,0,"Positive means worsening; signs for beneficial coverage indicators are reversed"
"DRC","ADM1","fever_care_seeking","Fever care seeking","beneficial",10,5,26,"Lualaba",2024,48.374323,12,10,4.239694,4.239694,0.25,7,5.2271245,-5.2271245,5.2271245,"inside_threshold","Non-significant change",0,1,0,"Positive means worsening; signs for beneficial coverage indicators are reversed"
"DRC","ADM1","fever_care_seeking","Fever care seeking","beneficial",11,6,26,"Sud-Ubangi",2024,44.380793,19,11,4.455875,4.455875,0.25,7,5.2271245,-5.2271245,5.2271245,"inside_threshold","Non-significant change",0,1,0,"Positive means worsening; signs for beneficial coverage indicators are reversed"
"DRC","ADM1","fever_care_seeking","Fever care seeking","beneficial",12,7,26,"Kongo Central",2024,50.162542,10,12,5.221158,5.221158,0.25,7,5.2271245,-5.2271245,5.2271245,"inside_threshold","Non-significant change",0,1,0,"Positive means worsening; signs for beneficial coverage indicators are reversed"
"DRC","ADM1","fever_care_seeking","Fever care seeking","beneficial",13,8,26,"Sud-Kivu",2024,57.531234,5,13,5.245024,5.245024,0.25,7,5.2271245,-5.2271245,5.2271245,"worsening","Worsening",0,0,1,"Positive means worsening; signs for beneficial coverage indicators are reversed"
"DRC","ADM1","fever_care_seeking","Fever care seeking","beneficial",14,9,26,"Tshuapa",2024,41.229332,23,14,5.754692,5.754692,0.25,7,5.2271245,-5.2271245,5.2271245,"worsening","Worsening",0,0,1,"Positive means worsening; signs for beneficial coverage indicators are reversed"
"DRC","ADM1","fever_care_seeking","Fever care seeking","beneficial",15,11,26,"Haut-Lomami",2024,47.497681,14,15,6.688416,6.688416,0.25,7,5.2271245,-5.2271245,5.2271245,"worsening","Worsening",0,0,1,"Positive means worsening; signs for beneficial coverage indicators are reversed"
"DRC","ADM1","fever_care_seeking","Fever care seeking","beneficial",16,12,26,"Kwilu",2024,44.415115,18,16,7.576049,7.576049,0.25,7,5.2271245,-5.2271245,5.2271245,"worsening","Worsening",0,0,1,"Positive means worsening; signs for beneficial coverage indicators are reversed"
"DRC","ADM1","fever_care_seeking","Fever care seeking","beneficial",17,13,26,"Equateur",2024,54.88529,7,17,7.695315,7.695315,0.25,7,5.2271245,-5.2271245,5.2271245,"worsening","Worsening",0,0,1,"Positive means worsening; signs for beneficial coverage indicators are reversed"
"DRC","ADM1","fever_care_seeking","Fever care seeking","beneficial",18,14,26,"Lomami",2024,50.57388,9,18,8.06984,8.06984,0.25,7,5.2271245,-5.2271245,5.2271245,"worsening","Worsening",0,0,1,"Positive means worsening; signs for beneficial coverage indicators are reversed"
"DRC","ADM1","fever_care_seeking","Fever care seeking","beneficial",19,16,26,"Tshopo",2024,47.598405,13,19,9.34455,9.34455,0.25,7,5.2271245,-5.2271245,5.2271245,"worsening","Worsening",0,0,1,"Positive means worsening; signs for beneficial coverage indicators are reversed"
"DRC","ADM1","fever_care_seeking","Fever care seeking","beneficial",20,17,26,"Nord-Ubangi",2024,43.185416,22,20,9.763141,9.763141,0.25,7,5.2271245,-5.2271245,5.2271245,"worsening","Worsening",0,0,1,"Positive means worsening; signs for beneficial coverage indicators are reversed"
"DRC","ADM1","fever_care_seeking","Fever care seeking","beneficial",21,19,26,"Mongala",2024,45.200093,16,21,12.962657,12.962657,0.25,7,5.2271245,-5.2271245,5.2271245,"worsening","Worsening",0,0,1,"Positive means worsening; signs for beneficial coverage indicators are reversed"
"DRC","ADM1","fever_care_seeking","Fever care seeking","beneficial",22,20,26,"Kwango",2024,47.113303,15,22,13.987115,13.987115,0.25,7,5.2271245,-5.2271245,5.2271245,"worsening","Worsening",0,0,1,"Positive means worsening; signs for beneficial coverage indicators are reversed"
"DRC","ADM1","fever_care_seeking","Fever care seeking","beneficial",23,22,26,"Sankuru",2024,29.545519,26,23,17.24573,17.24573,0.25,7,5.2271245,-5.2271245,5.2271245,"worsening","Worsening",0,0,1,"Positive means worsening; signs for beneficial coverage indicators are reversed"
"DRC","ADM1","fever_care_seeking","Fever care seeking","beneficial",24,23,26,"Kasai",2024,49.358891,11,24,18.226286,18.226286,0.25,7,5.2271245,-5.2271245,5.2271245,"worsening","Worsening",0,0,1,"Positive means worsening; signs for beneficial coverage indicators are reversed"
"DRC","ADM1","fever_care_seeking","Fever care seeking","beneficial",25,24,26,"Ituri",2024,38.558823,25,25,18.804478,18.804478,0.25,7,5.2271245,-5.2271245,5.2271245,"worsening","Worsening",0,0,1,"Positive means worsening; signs for beneficial coverage indicators are reversed"
"DRC","ADM1","fever_care_seeking","Fever care seeking","beneficial",26,26,26,"Kinshasa",2024,43.454341,21,26,30.482057,30.482057,0.25,7,5.2271245,-5.2271245,5.2271245,"worsening","Worsening",0,0,1,"Positive means worsening; signs for beneficial coverage indicators are reversed"
"DRC","ADM1","anc4plus","ANC4+","beneficial",1,26,26,"Sud-Kivu",2024,61.335376,3,1,-26.074774,26.074774,0.25,7,1.78030975,-1.78030975,1.78030975,"improving","Improving",1,0,0,"Positive means worsening; signs for beneficial coverage indicators are reversed"
"DRC","ADM1","anc4plus","ANC4+","beneficial",2,15,26,"Kongo Central",2024,46.591919,10,2,-7.533858,7.533858,0.25,7,1.78030975,-1.78030975,1.78030975,"improving","Improving",1,0,0,"Positive means worsening; signs for beneficial coverage indicators are reversed"
"DRC","ADM1","anc4plus","ANC4+","beneficial",3,10,26,"Lualaba",2024,56.845866,4,3,-4.277452,4.277452,0.25,7,1.78030975,-1.78030975,1.78030975,"improving","Improving",1,0,0,"Positive means worsening; signs for beneficial coverage indicators are reversed"
"DRC","ADM1","anc4plus","ANC4+","beneficial",4,5,26,"Mai-Ndombe",2024,62.428795,2,4,-1.047004,1.047004,0.25,7,1.78030975,-1.78030975,1.78030975,"inside_threshold","Non-significant change",0,1,0,"Positive means worsening; signs for beneficial coverage indicators are reversed"
"DRC","ADM1","anc4plus","ANC4+","beneficial",5,4,26,"Kwango",2024,28.543366,21,5,-0.552971,0.552971,0.25,7,1.78030975,-1.78030975,1.78030975,"inside_threshold","Non-significant change",0,1,0,"Positive means worsening; signs for beneficial coverage indicators are reversed"
"DRC","ADM1","anc4plus","ANC4+","beneficial",6,3,26,"Haut-Katanga",2024,47.965755,9,6,-0.496895,0.496895,0.25,7,1.78030975,-1.78030975,1.78030975,"inside_threshold","Non-significant change",0,1,0,"Positive means worsening; signs for beneficial coverage indicators are reversed"
"DRC","ADM1","anc4plus","ANC4+","beneficial",7,1,26,"Tshopo",2024,49.27738,7,7,0.000195,0.000195,0.25,7,1.78030975,-1.78030975,1.78030975,"inside_threshold","Non-significant change",0,1,0,"Positive means worsening; signs for beneficial coverage indicators are reversed"
"DRC","ADM1","anc4plus","ANC4+","beneficial",8,2,26,"Kasai-Central",2024,43.295979,12,8,0.004474,0.004474,0.25,7,1.78030975,-1.78030975,1.78030975,"inside_threshold","Non-significant change",0,1,0,"Positive means worsening; signs for beneficial coverage indicators are reversed"
"DRC","ADM1","anc4plus","ANC4+","beneficial",9,6,26,"Mongala",2024,45.638067,11,9,1.640376,1.640376,0.25,7,1.78030975,-1.78030975,1.78030975,"inside_threshold","Non-significant change",0,1,0,"Positive means worsening; signs for beneficial coverage indicators are reversed"
"DRC","ADM1","anc4plus","ANC4+","beneficial",10,7,26,"Kwilu",2024,49.32902,6,10,1.695076,1.695076,0.25,7,1.78030975,-1.78030975,1.78030975,"inside_threshold","Non-significant change",0,1,0,"Positive means worsening; signs for beneficial coverage indicators are reversed"
"DRC","ADM1","anc4plus","ANC4+","beneficial",11,8,26,"Nord-Ubangi",2024,40.777702,13,11,2.036011,2.036011,0.25,7,1.78030975,-1.78030975,1.78030975,"worsening","Worsening",0,0,1,"Positive means worsening; signs for beneficial coverage indicators are reversed"
"DRC","ADM1","anc4plus","ANC4+","beneficial",12,9,26,"Tanganyika",2024,25.468926,23,12,3.275148,3.275148,0.25,7,1.78030975,-1.78030975,1.78030975,"worsening","Worsening",0,0,1,"Positive means worsening; signs for beneficial coverage indicators are reversed"
"DRC","ADM1","anc4plus","ANC4+","beneficial",13,11,26,"Kinshasa",2024,69.19981,1,13,5.036459,5.036459,0.25,7,1.78030975,-1.78030975,1.78030975,"worsening","Worsening",0,0,1,"Positive means worsening; signs for beneficial coverage indicators are reversed"
"DRC","ADM1","anc4plus","ANC4+","beneficial",14,12,26,"Nord-Kivu",2024,50.668947,5,14,6.102128,6.102128,0.25,7,1.78030975,-1.78030975,1.78030975,"worsening","Worsening",0,0,1,"Positive means worsening; signs for beneficial coverage indicators are reversed"
"DRC","ADM1","anc4plus","ANC4+","beneficial",15,13,26,"Lomami",2024,31.705168,18,15,7.148488,7.148488,0.25,7,1.78030975,-1.78030975,1.78030975,"worsening","Worsening",0,0,1,"Positive means worsening; signs for beneficial coverage indicators are reversed"
"DRC","ADM1","anc4plus","ANC4+","beneficial",16,14,26,"Haut-Lomami",2024,34.381983,17,16,7.412387,7.412387,0.25,7,1.78030975,-1.78030975,1.78030975,"worsening","Worsening",0,0,1,"Positive means worsening; signs for beneficial coverage indicators are reversed"
"DRC","ADM1","anc4plus","ANC4+","beneficial",17,16,26,"Maniema",2024,29.817499,20,17,9.521189,9.521189,0.25,7,1.78030975,-1.78030975,1.78030975,"worsening","Worsening",0,0,1,"Positive means worsening; signs for beneficial coverage indicators are reversed"
"DRC","ADM1","anc4plus","ANC4+","beneficial",18,17,26,"Tshuapa",2024,24.070656,25,18,11.747888,11.747888,0.25,7,1.78030975,-1.78030975,1.78030975,"worsening","Worsening",0,0,1,"Positive means worsening; signs for beneficial coverage indicators are reversed"
"DRC","ADM1","anc4plus","ANC4+","beneficial",19,18,26,"Sankuru",2024,14.184444,26,19,13.542779,13.542779,0.25,7,1.78030975,-1.78030975,1.78030975,"worsening","Worsening",0,0,1,"Positive means worsening; signs for beneficial coverage indicators are reversed"
"DRC","ADM1","anc4plus","ANC4+","beneficial",20,19,26,"Sud-Ubangi",2024,39.788027,14,20,14.802101,14.802101,0.25,7,1.78030975,-1.78030975,1.78030975,"worsening","Worsening",0,0,1,"Positive means worsening; signs for beneficial coverage indicators are reversed"
"DRC","ADM1","anc4plus","ANC4+","beneficial",21,20,26,"Bas-Uele",2024,24.25363,24,21,15.319036,15.319036,0.25,7,1.78030975,-1.78030975,1.78030975,"worsening","Worsening",0,0,1,"Positive means worsening; signs for beneficial coverage indicators are reversed"
"DRC","ADM1","anc4plus","ANC4+","beneficial",22,21,26,"Equateur",2024,48.688968,8,22,16.657548,16.657548,0.25,7,1.78030975,-1.78030975,1.78030975,"worsening","Worsening",0,0,1,"Positive means worsening; signs for beneficial coverage indicators are reversed"
"DRC","ADM1","anc4plus","ANC4+","beneficial",23,22,26,"Ituri",2024,39.702706,15,23,16.810232,16.810232,0.25,7,1.78030975,-1.78030975,1.78030975,"worsening","Worsening",0,0,1,"Positive means worsening; signs for beneficial coverage indicators are reversed"
"DRC","ADM1","anc4plus","ANC4+","beneficial",24,23,26,"Kasai",2024,26.604883,22,24,16.917085,16.917085,0.25,7,1.78030975,-1.78030975,1.78030975,"worsening","Worsening",0,0,1,"Positive means worsening; signs for beneficial coverage indicators are reversed"
"DRC","ADM1","anc4plus","ANC4+","beneficial",25,24,26,"Haut-Uele",2024,30.473965,19,25,18.20296,18.20296,0.25,7,1.78030975,-1.78030975,1.78030975,"worsening","Worsening",0,0,1,"Positive means worsening; signs for beneficial coverage indicators are reversed"
"DRC","ADM1","anc4plus","ANC4+","beneficial",26,25,26,"Kasai-Oriental",2024,34.698145,16,26,22.136203,22.136203,0.25,7,1.78030975,-1.78030975,1.78030975,"worsening","Worsening",0,0,1,"Positive means worsening; signs for beneficial coverage indicators are reversed"
"Ethiopia","ADM1","wasting","Wasting","adverse",1,11,11,"Somali",2024,13.72103265,11,1,-8.97341195,8.97341195,0.25,7,2.370008893,-2.370008893,2.370008893,"improving","Improving",1,0,0,"Positive means worsening; signs for beneficial coverage indicators are reversed"
"Ethiopia","ADM1","wasting","Wasting","adverse",2,10,11,"Harari",2024,2.649625748,2,2,-8.001936502,8.001936502,0.25,7,2.370008893,-2.370008893,2.370008893,"improving","Improving",1,0,0,"Positive means worsening; signs for beneficial coverage indicators are reversed"
"Ethiopia","ADM1","wasting","Wasting","adverse",3,9,11,"Benishangul",2024,4.157369547,4,3,-7.305701263,7.305701263,0.25,7,2.370008893,-2.370008893,2.370008893,"improving","Improving",1,0,0,"Positive means worsening; signs for beneficial coverage indicators are reversed"
"Ethiopia","ADM1","wasting","Wasting","adverse",4,8,11,"Afar",2024,10.5138072,9,4,-7.19005192,7.19005192,0.25,7,2.370008893,-2.370008893,2.370008893,"improving","Improving",1,0,0,"Positive means worsening; signs for beneficial coverage indicators are reversed"
"Ethiopia","ADM1","wasting","Wasting","adverse",5,7,11,"Oromia",2024,3.860214346,3,5,-6.728060004,6.728060004,0.25,7,2.370008893,-2.370008893,2.370008893,"improving","Improving",1,0,0,"Positive means worsening; signs for beneficial coverage indicators are reversed"
"Ethiopia","ADM1","wasting","Wasting","adverse",6,6,11,"Tigray",2024,5.183301796,7,6,-5.911153404,5.911153404,0.25,7,2.370008893,-2.370008893,2.370008893,"improving","Improving",1,0,0,"Positive means worsening; signs for beneficial coverage indicators are reversed"
"Ethiopia","ADM1","wasting","Wasting","adverse",7,5,11,"Amhara",2024,4.535431126,6,7,-5.218630791,5.218630791,0.25,7,2.370008893,-2.370008893,2.370008893,"improving","Improving",1,0,0,"Positive means worsening; signs for beneficial coverage indicators are reversed"
"Ethiopia","ADM1","wasting","Wasting","adverse",8,4,11,"Dire Dawa",2024,6.842042901,8,8,-2.906376573,2.906376573,0.25,7,2.370008893,-2.370008893,2.370008893,"improving","Improving",1,0,0,"Positive means worsening; signs for beneficial coverage indicators are reversed"
"Ethiopia","ADM1","wasting","Wasting","adverse",9,3,11,"SNNPR",2024,4.174819533,5,9,-1.833641213,1.833641213,0.25,7,2.370008893,-2.370008893,2.370008893,"inside_threshold","Non-significant change",0,1,0,"Positive means worsening; signs for beneficial coverage indicators are reversed"
"Ethiopia","ADM1","wasting","Wasting","adverse",10,2,11,"Gambela",2024,12.91561315,10,10,-1.18299475,1.18299475,0.25,7,2.370008893,-2.370008893,2.370008893,"inside_threshold","Non-significant change",0,1,0,"Positive means worsening; signs for beneficial coverage indicators are reversed"
"Ethiopia","ADM1","wasting","Wasting","adverse",11,1,11,"Addis Ababa",2024,2.354158264,1,11,-1.118174334,1.118174334,0.25,7,2.370008893,-2.370008893,2.370008893,"inside_threshold","Non-significant change",0,1,0,"Positive means worsening; signs for beneficial coverage indicators are reversed"
"Ethiopia","ADM1","anemia_women","Anemia (women)","adverse",1,10,11,"Gambela",2016,26.10307417,6,1,-15.91282893,15.91282893,0.25,7,3.33463252,-3.33463252,3.33463252,"improving","Improving",1,0,0,"Positive means worsening; signs for beneficial coverage indicators are reversed"
"Ethiopia","ADM1","anemia_women","Anemia (women)","adverse",2,9,11,"Amhara",2016,17.18962792,2,2,-13.81215219,13.81215219,0.25,7,3.33463252,-3.33463252,3.33463252,"improving","Improving",1,0,0,"Positive means worsening; signs for beneficial coverage indicators are reversed"
"Ethiopia","ADM1","anemia_women","Anemia (women)","adverse",3,8,11,"Benishangul",2016,19.22993609,3,3,-12.11272086,12.11272086,0.25,7,3.33463252,-3.33463252,3.33463252,"improving","Improving",1,0,0,"Positive means worsening; signs for beneficial coverage indicators are reversed"
"Ethiopia","ADM1","anemia_women","Anemia (women)","adverse",4,7,11,"Tigray",2016,19.7412697,4,4,-9.54774982,9.54774982,0.25,7,3.33463252,-3.33463252,3.33463252,"improving","Improving",1,0,0,"Positive means worsening; signs for beneficial coverage indicators are reversed"
"Ethiopia","ADM1","anemia_women","Anemia (women)","adverse",5,1,11,"SNNPR",2016,22.54381813,5,5,-0.9163604,0.9163604,0.25,7,3.33463252,-3.33463252,3.33463252,"inside_threshold","Non-significant change",0,1,0,"Positive means worsening; signs for beneficial coverage indicators are reversed"
"Ethiopia","ADM1","anemia_women","Anemia (women)","adverse",6,2,11,"Addis Ababa",2016,15.96796288,1,6,1.36259345,1.36259345,0.25,7,3.33463252,-3.33463252,3.33463252,"inside_threshold","Non-significant change",0,1,0,"Positive means worsening; signs for beneficial coverage indicators are reversed"
"Ethiopia","ADM1","anemia_women","Anemia (women)","adverse",7,3,11,"Oromia",2016,27.29235308,7,7,2.413231,2.413231,0.25,7,3.33463252,-3.33463252,3.33463252,"inside_threshold","Non-significant change",0,1,0,"Positive means worsening; signs for beneficial coverage indicators are reversed"
"Ethiopia","ADM1","anemia_women","Anemia (women)","adverse",8,4,11,"Afar",2016,44.69838377,10,8,4.25603404,4.25603404,0.25,7,3.33463252,-3.33463252,3.33463252,"worsening","Worsening",0,0,1,"Positive means worsening; signs for beneficial coverage indicators are reversed"
"Ethiopia","ADM1","anemia_women","Anemia (women)","adverse",9,5,11,"Dire Dawa",2016,30.11001267,9,9,4.31224621,4.31224621,0.25,7,3.33463252,-3.33463252,3.33463252,"worsening","Worsening",0,0,1,"Positive means worsening; signs for beneficial coverage indicators are reversed"
"Ethiopia","ADM1","anemia_women","Anemia (women)","adverse",10,6,11,"Harari",2016,27.69211022,8,10,5.26353421,5.26353421,0.25,7,3.33463252,-3.33463252,3.33463252,"worsening","Worsening",0,0,1,"Positive means worsening; signs for beneficial coverage indicators are reversed"
"Ethiopia","ADM1","anemia_women","Anemia (women)","adverse",11,11,11,"Somali",2016,59.54086719,11,11,19.71459258,19.71459258,0.25,7,3.33463252,-3.33463252,3.33463252,"worsening","Worsening",0,0,1,"Positive means worsening; signs for beneficial coverage indicators are reversed"
"Ethiopia","ADM1","zero_dose","Zero-dose","adverse",1,5,11,"Amhara",2024,12.09403222,3,1,-5.67587595,5.67587595,0.25,7,3.302930135,-3.302930135,3.302930135,"improving","Improving",1,0,0,"Positive means worsening; signs for beneficial coverage indicators are reversed"
"Ethiopia","ADM1","zero_dose","Zero-dose","adverse",2,4,11,"Harari",2024,16.45890236,4,2,-3.46524261,3.46524261,0.25,7,3.302930135,-3.302930135,3.302930135,"improving","Improving",1,0,0,"Positive means worsening; signs for beneficial coverage indicators are reversed"
"Ethiopia","ADM1","zero_dose","Zero-dose","adverse",3,2,11,"Afar",2024,51.42357821,10,3,-1.34423942,1.34423942,0.25,7,3.302930135,-3.302930135,3.302930135,"inside_threshold","Non-significant change",0,1,0,"Positive means worsening; signs for beneficial coverage indicators are reversed"
"Ethiopia","ADM1","zero_dose","Zero-dose","adverse",4,1,11,"Addis Ababa",2024,3.772074716,1,4,1.227212629,1.227212629,0.25,7,3.302930135,-3.302930135,3.302930135,"inside_threshold","Non-significant change",0,1,0,"Positive means worsening; signs for beneficial coverage indicators are reversed"
"Ethiopia","ADM1","zero_dose","Zero-dose","adverse",5,3,11,"Tigray",2024,10.43862645,2,5,3.14061766,3.14061766,0.25,7,3.302930135,-3.302930135,3.302930135,"inside_threshold","Non-significant change",0,1,0,"Positive means worsening; signs for beneficial coverage indicators are reversed"
"Ethiopia","ADM1","zero_dose","Zero-dose","adverse",6,6,11,"SNNPR",2024,29.27009719,6,6,5.95948607,5.95948607,0.25,7,3.302930135,-3.302930135,3.302930135,"worsening","Worsening",0,0,1,"Positive means worsening; signs for beneficial coverage indicators are reversed"
"Ethiopia","ADM1","zero_dose","Zero-dose","adverse",7,7,11,"Oromia",2024,41.66457272,9,7,6.91733698,6.91733698,0.25,7,3.302930135,-3.302930135,3.302930135,"worsening","Worsening",0,0,1,"Positive means worsening; signs for beneficial coverage indicators are reversed"
"Ethiopia","ADM1","zero_dose","Zero-dose","adverse",8,8,11,"Gambela",2024,33.0054701,7,8,7.02772378,7.02772378,0.25,7,3.302930135,-3.302930135,3.302930135,"worsening","Worsening",0,0,1,"Positive means worsening; signs for beneficial coverage indicators are reversed"
"Ethiopia","ADM1","zero_dose","Zero-dose","adverse",9,9,11,"Dire Dawa",2024,23.52072896,5,9,21.7409388,21.7409388,0.25,7,3.302930135,-3.302930135,3.302930135,"worsening","Worsening",0,0,1,"Positive means worsening; signs for beneficial coverage indicators are reversed"
"Ethiopia","ADM1","zero_dose","Zero-dose","adverse",10,10,11,"Benishangul",2024,40.8941287,8,10,22.80537786,22.80537786,0.25,7,3.302930135,-3.302930135,3.302930135,"worsening","Worsening",0,0,1,"Positive means worsening; signs for beneficial coverage indicators are reversed"
"Ethiopia","ADM1","zero_dose","Zero-dose","adverse",11,11,11,"Somali",2024,66.99703119,11,11,28.62875654,28.62875654,0.25,7,3.302930135,-3.302930135,3.302930135,"worsening","Worsening",0,0,1,"Positive means worsening; signs for beneficial coverage indicators are reversed"
"Ethiopia","ADM1","first_birth_under20","First birth < 20","adverse",1,11,11,"Amhara",2024,52.14165477,5,1,-16.61133214,16.61133214,0.25,7,5.23464623,-5.23464623,5.23464623,"improving","Improving",1,0,0,"Positive means worsening; signs for beneficial coverage indicators are reversed"
"Ethiopia","ADM1","first_birth_under20","First birth < 20","adverse",2,10,11,"Tigray",2024,51.89177808,4,2,-13.81356449,13.81356449,0.25,7,5.23464623,-5.23464623,5.23464623,"improving","Improving",1,0,0,"Positive means worsening; signs for beneficial coverage indicators are reversed"
"Ethiopia","ADM1","first_birth_under20","First birth < 20","adverse",3,9,11,"SNNPR",2024,48.84615688,3,3,-12.82426383,12.82426383,0.25,7,5.23464623,-5.23464623,5.23464623,"improving","Improving",1,0,0,"Positive means worsening; signs for beneficial coverage indicators are reversed"
"Ethiopia","ADM1","first_birth_under20","First birth < 20","adverse",4,8,11,"Addis Ababa",2024,25.06369518,1,4,-11.98917317,11.98917317,0.25,7,5.23464623,-5.23464623,5.23464623,"improving","Improving",1,0,0,"Positive means worsening; signs for beneficial coverage indicators are reversed"
"Ethiopia","ADM1","first_birth_under20","First birth < 20","adverse",5,7,11,"Dire Dawa",2024,48.0384523,2,5,-11.68184402,11.68184402,0.25,7,5.23464623,-5.23464623,5.23464623,"improving","Improving",1,0,0,"Positive means worsening; signs for beneficial coverage indicators are reversed"
"Ethiopia","ADM1","first_birth_under20","First birth < 20","adverse",6,6,11,"Benishangul",2024,61.27388503,9,6,-10.05526776,10.05526776,0.25,7,5.23464623,-5.23464623,5.23464623,"improving","Improving",1,0,0,"Positive means worsening; signs for beneficial coverage indicators are reversed"
"Ethiopia","ADM1","first_birth_under20","First birth < 20","adverse",7,5,11,"Afar",2024,61.38020365,10,7,-9.62416081,9.62416081,0.25,7,5.23464623,-5.23464623,5.23464623,"improving","Improving",1,0,0,"Positive means worsening; signs for beneficial coverage indicators are reversed"
"Ethiopia","ADM1","first_birth_under20","First birth < 20","adverse",8,4,11,"Oromia",2024,60.35503427,8,8,-6.93919521,6.93919521,0.25,7,5.23464623,-5.23464623,5.23464623,"improving","Improving",1,0,0,"Positive means worsening; signs for beneficial coverage indicators are reversed"
"Ethiopia","ADM1","first_birth_under20","First birth < 20","adverse",9,3,11,"Gambela",2024,62.99129611,11,9,-3.53009725,3.53009725,0.25,7,5.23464623,-5.23464623,5.23464623,"inside_threshold","Non-significant change",0,1,0,"Positive means worsening; signs for beneficial coverage indicators are reversed"
"Ethiopia","ADM1","first_birth_under20","First birth < 20","adverse",10,2,11,"Somali",2024,54.8335277,6,10,-3.52850166,3.52850166,0.25,7,5.23464623,-5.23464623,5.23464623,"inside_threshold","Non-significant change",0,1,0,"Positive means worsening; signs for beneficial coverage indicators are reversed"
"Ethiopia","ADM1","first_birth_under20","First birth < 20","adverse",11,1,11,"Harari",2024,56.28709113,7,11,-0.76975173,0.76975173,0.25,7,5.23464623,-5.23464623,5.23464623,"inside_threshold","Non-significant change",0,1,0,"Positive means worsening; signs for beneficial coverage indicators are reversed"
"Ethiopia","ADM1","facility_delivery","Facility delivery","beneficial",1,11,11,"Amhara",2024,72.7674788,4,1,-45.6474443,45.6474443,0.25,7,17.42924224,-17.42924224,17.42924224,"improving","Improving",1,0,0,"Positive means worsening; signs for beneficial coverage indicators are reversed"
"Ethiopia","ADM1","facility_delivery","Facility delivery","beneficial",2,10,11,"Benishangul",2024,61.49202206,7,2,-35.80666558,35.80666558,0.25,7,17.42924224,-17.42924224,17.42924224,"improving","Improving",1,0,0,"Positive means worsening; signs for beneficial coverage indicators are reversed"
"Ethiopia","ADM1","facility_delivery","Facility delivery","beneficial",3,9,11,"Oromia",2024,53.73758317,9,3,-34.9823529,34.9823529,0.25,7,17.42924224,-17.42924224,17.42924224,"improving","Improving",1,0,0,"Positive means worsening; signs for beneficial coverage indicators are reversed"
"Ethiopia","ADM1","facility_delivery","Facility delivery","beneficial",4,8,11,"SNNPR",2024,59.45105687,8,4,-33.92445626,33.92445626,0.25,7,17.42924224,-17.42924224,17.42924224,"improving","Improving",1,0,0,"Positive means worsening; signs for beneficial coverage indicators are reversed"
"Ethiopia","ADM1","facility_delivery","Facility delivery","beneficial",5,7,11,"Harari",2024,78.68707824,3,5,-28.43732867,28.43732867,0.25,7,17.42924224,-17.42924224,17.42924224,"improving","Improving",1,0,0,"Positive means worsening; signs for beneficial coverage indicators are reversed"
"Ethiopia","ADM1","facility_delivery","Facility delivery","beneficial",6,6,11,"Gambela",2024,71.81995,5,6,-26.84586208,26.84586208,0.25,7,17.42924224,-17.42924224,17.42924224,"improving","Improving",1,0,0,"Positive means worsening; signs for beneficial coverage indicators are reversed"
"Ethiopia","ADM1","facility_delivery","Facility delivery","beneficial",7,5,11,"Dire Dawa",2024,82.43829498,2,7,-26.21137812,26.21137812,0.25,7,17.42924224,-17.42924224,17.42924224,"improving","Improving",1,0,0,"Positive means worsening; signs for beneficial coverage indicators are reversed"
"Ethiopia","ADM1","facility_delivery","Facility delivery","beneficial",8,4,11,"Afar",2024,33.26268233,11,8,-18.56281582,18.56281582,0.25,7,17.42924224,-17.42924224,17.42924224,"improving","Improving",1,0,0,"Positive means worsening; signs for beneficial coverage indicators are reversed"
"Ethiopia","ADM1","facility_delivery","Facility delivery","beneficial",9,3,11,"Somali",2024,34.22026892,10,9,-16.29566866,16.29566866,0.25,7,17.42924224,-17.42924224,17.42924224,"inside_threshold","Non-significant change",0,1,0,"Positive means worsening; signs for beneficial coverage indicators are reversed"
"Ethiopia","ADM1","facility_delivery","Facility delivery","beneficial",10,2,11,"Tigray",2024,68.25728369,6,10,-11.31623454,11.31623454,0.25,7,17.42924224,-17.42924224,17.42924224,"inside_threshold","Non-significant change",0,1,0,"Positive means worsening; signs for beneficial coverage indicators are reversed"
"Ethiopia","ADM1","facility_delivery","Facility delivery","beneficial",11,1,11,"Addis Ababa",2024,97.94164058,1,11,-1.323997866,1.323997866,0.25,7,17.42924224,-17.42924224,17.42924224,"inside_threshold","Non-significant change",0,1,0,"Positive means worsening; signs for beneficial coverage indicators are reversed"
"Ethiopia","ADM1","fever_care_seeking","Fever care seeking","beneficial",1,11,11,"Benishangul",2024,67.678,1,1,-23.477833,23.477833,0.25,7,2.2310975,-2.2310975,2.2310975,"improving","Improving",1,0,0,"Positive means worsening; signs for beneficial coverage indicators are reversed"
"Ethiopia","ADM1","fever_care_seeking","Fever care seeking","beneficial",2,9,11,"Gambela",2024,63.533277,2,2,-16.600074,16.600074,0.25,7,2.2310975,-2.2310975,2.2310975,"improving","Improving",1,0,0,"Positive means worsening; signs for beneficial coverage indicators are reversed"
"Ethiopia","ADM1","fever_care_seeking","Fever care seeking","beneficial",3,7,11,"Oromia",2024,42.475027,6,3,-7.090688,7.090688,0.25,7,2.2310975,-2.2310975,2.2310975,"improving","Improving",1,0,0,"Positive means worsening; signs for beneficial coverage indicators are reversed"
"Ethiopia","ADM1","fever_care_seeking","Fever care seeking","beneficial",4,6,11,"SNNPR",2024,42.708545,5,4,-5.473703,5.473703,0.25,7,2.2310975,-2.2310975,2.2310975,"improving","Improving",1,0,0,"Positive means worsening; signs for beneficial coverage indicators are reversed"
"Ethiopia","ADM1","fever_care_seeking","Fever care seeking","beneficial",5,4,11,"Amhara",2024,34.182334,10,5,-2.789568,2.789568,0.25,7,2.2310975,-2.2310975,2.2310975,"improving","Improving",1,0,0,"Positive means worsening; signs for beneficial coverage indicators are reversed"
"Ethiopia","ADM1","fever_care_seeking","Fever care seeking","beneficial",6,1,11,"Tigray",2024,34.32616,9,6,-0.235627,0.235627,0.25,7,2.2310975,-2.2310975,2.2310975,"inside_threshold","Non-significant change",0,1,0,"Positive means worsening; signs for beneficial coverage indicators are reversed"
"Ethiopia","ADM1","fever_care_seeking","Fever care seeking","beneficial",7,2,11,"Somali",2024,28.283234,11,7,0.825075,0.825075,0.25,7,2.2310975,-2.2310975,2.2310975,"inside_threshold","Non-significant change",0,1,0,"Positive means worsening; signs for beneficial coverage indicators are reversed"
"Ethiopia","ADM1","fever_care_seeking","Fever care seeking","beneficial",8,3,11,"Afar",2024,39.623656,8,8,1.672627,1.672627,0.25,7,2.2310975,-2.2310975,2.2310975,"inside_threshold","Non-significant change",0,1,0,"Positive means worsening; signs for beneficial coverage indicators are reversed"
"Ethiopia","ADM1","fever_care_seeking","Fever care seeking","beneficial",9,5,11,"Harari",2024,48.786803,3,9,5.001767,5.001767,0.25,7,2.2310975,-2.2310975,2.2310975,"worsening","Worsening",0,0,1,"Positive means worsening; signs for beneficial coverage indicators are reversed"
"Ethiopia","ADM1","fever_care_seeking","Fever care seeking","beneficial",10,8,11,"Dire Dawa",2024,39.807431,7,10,11.378486,11.378486,0.25,7,2.2310975,-2.2310975,2.2310975,"worsening","Worsening",0,0,1,"Positive means worsening; signs for beneficial coverage indicators are reversed"
"Ethiopia","ADM1","fever_care_seeking","Fever care seeking","beneficial",11,10,11,"Addis Ababa",2024,46.286052,4,11,17.862177,17.862177,0.25,7,2.2310975,-2.2310975,2.2310975,"worsening","Worsening",0,0,1,"Positive means worsening; signs for beneficial coverage indicators are reversed"
"Ethiopia","ADM1","anc4plus","ANC4+","beneficial",1,11,11,"Amhara",2024,62.02802437,3,1,-30.55852787,30.55852787,0.25,7,4.428454057,-4.428454057,4.428454057,"improving","Improving",1,0,0,"Positive means worsening; signs for beneficial coverage indicators are reversed"
"Ethiopia","ADM1","anc4plus","ANC4+","beneficial",2,10,11,"Oromia",2024,48.44824705,8,2,-26.32996474,26.32996474,0.25,7,4.428454057,-4.428454057,4.428454057,"improving","Improving",1,0,0,"Positive means worsening; signs for beneficial coverage indicators are reversed"
"Ethiopia","ADM1","anc4plus","ANC4+","beneficial",3,9,11,"Afar",2024,46.17716497,10,3,-25.58779437,25.58779437,0.25,7,4.428454057,-4.428454057,4.428454057,"improving","Improving",1,0,0,"Positive means worsening; signs for beneficial coverage indicators are reversed"
"Ethiopia","ADM1","anc4plus","ANC4+","beneficial",4,8,11,"Benishangul",2024,57.15136707,4,4,-15.12427622,15.12427622,0.25,7,4.428454057,-4.428454057,4.428454057,"improving","Improving",1,0,0,"Positive means worsening; signs for beneficial coverage indicators are reversed"
"Ethiopia","ADM1","anc4plus","ANC4+","beneficial",5,7,11,"Harari",2024,46.52613647,9,5,-11.58735792,11.58735792,0.25,7,4.428454057,-4.428454057,4.428454057,"improving","Improving",1,0,0,"Positive means worsening; signs for beneficial coverage indicators are reversed"
"Ethiopia","ADM1","anc4plus","ANC4+","beneficial",6,6,11,"SNNPR",2024,48.91373611,7,6,-10.73629177,10.73629177,0.25,7,4.428454057,-4.428454057,4.428454057,"improving","Improving",1,0,0,"Positive means worsening; signs for beneficial coverage indicators are reversed"
"Ethiopia","ADM1","anc4plus","ANC4+","beneficial",7,5,11,"Gambela",2024,49.17214331,6,7,-5.818764412,5.818764412,0.25,7,4.428454057,-4.428454057,4.428454057,"improving","Improving",1,0,0,"Positive means worsening; signs for beneficial coverage indicators are reversed"
"Ethiopia","ADM1","anc4plus","ANC4+","beneficial",8,4,11,"Addis Ababa",2024,94.77796662,1,8,-5.694925235,5.694925235,0.25,7,4.428454057,-4.428454057,4.428454057,"improving","Improving",1,0,0,"Positive means worsening; signs for beneficial coverage indicators are reversed"
"Ethiopia","ADM1","anc4plus","ANC4+","beneficial",9,3,11,"Dire Dawa",2024,69.146672,2,9,-3.161982879,3.161982879,0.25,7,4.428454057,-4.428454057,4.428454057,"inside_threshold","Non-significant change",0,1,0,"Positive means worsening; signs for beneficial coverage indicators are reversed"
"Ethiopia","ADM1","anc4plus","ANC4+","beneficial",10,2,11,"Somali",2024,12.72288797,11,10,-0.942764519,0.942764519,0.25,7,4.428454057,-4.428454057,4.428454057,"inside_threshold","Non-significant change",0,1,0,"Positive means worsening; signs for beneficial coverage indicators are reversed"
"Ethiopia","ADM1","anc4plus","ANC4+","beneficial",11,1,11,"Tigray",2024,57.13955724,5,11,-0.592879859,0.592879859,0.25,7,4.428454057,-4.428454057,4.428454057,"inside_threshold","Non-significant change",0,1,0,"Positive means worsening; signs for beneficial coverage indicators are reversed"
"Nigeria","ADM1","wasting","Wasting","adverse",1,37,37,"Kaduna",2024,5.896358091,9,1,-35.8434681,35.8434681,0.25,7,2.7397228,-2.7397228,2.7397228,"improving","Improving",1,0,0,"Positive means worsening; signs for beneficial coverage indicators are reversed"
"Nigeria","ADM1","wasting","Wasting","adverse",2,36,37,"Kano",2024,10.39470898,30,2,-29.33067653,29.33067653,0.25,7,2.7397228,-2.7397228,2.7397228,"improving","Improving",1,0,0,"Positive means worsening; signs for beneficial coverage indicators are reversed"
"Nigeria","ADM1","wasting","Wasting","adverse",3,35,37,"Bauchi",2024,5.24001237,4,3,-18.05949338,18.05949338,0.25,7,2.7397228,-2.7397228,2.7397228,"improving","Improving",1,0,0,"Positive means worsening; signs for beneficial coverage indicators are reversed"
"Nigeria","ADM1","wasting","Wasting","adverse",4,34,37,"Borno",2024,10.33049408,29,4,-17.85205372,17.85205372,0.25,7,2.7397228,-2.7397228,2.7397228,"improving","Improving",1,0,0,"Positive means worsening; signs for beneficial coverage indicators are reversed"
"Nigeria","ADM1","wasting","Wasting","adverse",5,33,37,"Katsina",2024,6.721186552,14,5,-17.53261276,17.53261276,0.25,7,2.7397228,-2.7397228,2.7397228,"improving","Improving",1,0,0,"Positive means worsening; signs for beneficial coverage indicators are reversed"
"Nigeria","ADM1","wasting","Wasting","adverse",6,32,37,"Yobe",2024,10.09131788,27,6,-13.48236439,13.48236439,0.25,7,2.7397228,-2.7397228,2.7397228,"improving","Improving",1,0,0,"Positive means worsening; signs for beneficial coverage indicators are reversed"
"Nigeria","ADM1","wasting","Wasting","adverse",7,31,37,"Sokoto",2024,6.035052676,11,7,-13.28492711,13.28492711,0.25,7,2.7397228,-2.7397228,2.7397228,"improving","Improving",1,0,0,"Positive means worsening; signs for beneficial coverage indicators are reversed"
"Nigeria","ADM1","wasting","Wasting","adverse",8,30,37,"Niger",2024,5.794032154,7,8,-11.88219926,11.88219926,0.25,7,2.7397228,-2.7397228,2.7397228,"improving","Improving",1,0,0,"Positive means worsening; signs for beneficial coverage indicators are reversed"
"Nigeria","ADM1","wasting","Wasting","adverse",9,29,37,"Zamfara",2024,5.275815423,5,9,-10.8893534,10.8893534,0.25,7,2.7397228,-2.7397228,2.7397228,"improving","Improving",1,0,0,"Positive means worsening; signs for beneficial coverage indicators are reversed"
"Nigeria","ADM1","wasting","Wasting","adverse",10,28,37,"Kebbi",2024,9.552864695,24,10,-8.575192775,8.575192775,0.25,7,2.7397228,-2.7397228,2.7397228,"improving","Improving",1,0,0,"Positive means worsening; signs for beneficial coverage indicators are reversed"
"Nigeria","ADM1","wasting","Wasting","adverse",11,27,37,"Adamawa",2024,6.959847223,16,11,-7.571579057,7.571579057,0.25,7,2.7397228,-2.7397228,2.7397228,"improving","Improving",1,0,0,"Positive means worsening; signs for beneficial coverage indicators are reversed"
"Nigeria","ADM1","wasting","Wasting","adverse",12,26,37,"Anambra",2024,9.789366528,26,12,-7.548003662,7.548003662,0.25,7,2.7397228,-2.7397228,2.7397228,"improving","Improving",1,0,0,"Positive means worsening; signs for beneficial coverage indicators are reversed"
"Nigeria","ADM1","wasting","Wasting","adverse",13,25,37,"FCT Abuja",2024,6.972642657,17,13,-6.801875133,6.801875133,0.25,7,2.7397228,-2.7397228,2.7397228,"improving","Improving",1,0,0,"Positive means worsening; signs for beneficial coverage indicators are reversed"
"Nigeria","ADM1","wasting","Wasting","adverse",14,24,37,"Plateau",2024,4.771686141,2,14,-5.734737619,5.734737619,0.25,7,2.7397228,-2.7397228,2.7397228,"improving","Improving",1,0,0,"Positive means worsening; signs for beneficial coverage indicators are reversed"
"Nigeria","ADM1","wasting","Wasting","adverse",15,23,37,"Lagos",2024,5.968777471,10,15,-5.359810659,5.359810659,0.25,7,2.7397228,-2.7397228,2.7397228,"improving","Improving",1,0,0,"Positive means worsening; signs for beneficial coverage indicators are reversed"
"Nigeria","ADM1","wasting","Wasting","adverse",16,22,37,"Gombe",2024,8.822882214,21,16,-5.332275076,5.332275076,0.25,7,2.7397228,-2.7397228,2.7397228,"improving","Improving",1,0,0,"Positive means worsening; signs for beneficial coverage indicators are reversed"
"Nigeria","ADM1","wasting","Wasting","adverse",17,21,37,"Enugu",2024,3.885584696,1,17,-5.033858473,5.033858473,0.25,7,2.7397228,-2.7397228,2.7397228,"improving","Improving",1,0,0,"Positive means worsening; signs for beneficial coverage indicators are reversed"
"Nigeria","ADM1","wasting","Wasting","adverse",18,20,37,"Imo",2024,7.13242604,18,18,-4.65206157,4.65206157,0.25,7,2.7397228,-2.7397228,2.7397228,"improving","Improving",1,0,0,"Positive means worsening; signs for beneficial coverage indicators are reversed"
"Nigeria","ADM1","wasting","Wasting","adverse",19,18,37,"Cross River",2024,5.623908292,6,19,-4.145228045,4.145228045,0.25,7,2.7397228,-2.7397228,2.7397228,"improving","Improving",1,0,0,"Positive means worsening; signs for beneficial coverage indicators are reversed"
"Nigeria","ADM1","wasting","Wasting","adverse",20,17,37,"Ebonyi",2024,6.53616366,13,20,-3.92239727,3.92239727,0.25,7,2.7397228,-2.7397228,2.7397228,"improving","Improving",1,0,0,"Positive means worsening; signs for beneficial coverage indicators are reversed"
"Nigeria","ADM1","wasting","Wasting","adverse",21,16,37,"Jigawa",2024,13.19888173,34,21,-3.76086494,3.76086494,0.25,7,2.7397228,-2.7397228,2.7397228,"improving","Improving",1,0,0,"Positive means worsening; signs for beneficial coverage indicators are reversed"
"Nigeria","ADM1","wasting","Wasting","adverse",22,13,37,"Kogi",2024,5.858815758,8,22,-3.594092224,3.594092224,0.25,7,2.7397228,-2.7397228,2.7397228,"improving","Improving",1,0,0,"Positive means worsening; signs for beneficial coverage indicators are reversed"
"Nigeria","ADM1","wasting","Wasting","adverse",23,11,37,"Ekiti",2024,4.97736177,3,23,-3.308280558,3.308280558,0.25,7,2.7397228,-2.7397228,2.7397228,"improving","Improving",1,0,0,"Positive means worsening; signs for beneficial coverage indicators are reversed"
"Nigeria","ADM1","wasting","Wasting","adverse",24,10,37,"Abia",2024,8.22455821,20,24,-2.7397228,2.7397228,0.25,7,2.7397228,-2.7397228,2.7397228,"inside_threshold","Non-significant change",0,1,0,"Positive means worsening; signs for beneficial coverage indicators are reversed"
"Nigeria","ADM1","wasting","Wasting","adverse",25,9,37,"Edo",2024,8.001086275,19,25,-2.547537335,2.547537335,0.25,7,2.7397228,-2.7397228,2.7397228,"inside_threshold","Non-significant change",0,1,0,"Positive means worsening; signs for beneficial coverage indicators are reversed"
"Nigeria","ADM1","wasting","Wasting","adverse",26,7,37,"Delta",2024,15.13267289,37,26,-1.83389039,1.83389039,0.25,7,2.7397228,-2.7397228,2.7397228,"inside_threshold","Non-significant change",0,1,0,"Positive means worsening; signs for beneficial coverage indicators are reversed"
"Nigeria","ADM1","wasting","Wasting","adverse",27,4,37,"Benue",2024,6.740900604,15,27,-1.079953062,1.079953062,0.25,7,2.7397228,-2.7397228,2.7397228,"inside_threshold","Non-significant change",0,1,0,"Positive means worsening; signs for beneficial coverage indicators are reversed"
"Nigeria","ADM1","wasting","Wasting","adverse",28,2,37,"Kwara",2024,6.147213268,12,28,-0.338800363,0.338800363,0.25,7,2.7397228,-2.7397228,2.7397228,"inside_threshold","Non-significant change",0,1,0,"Positive means worsening; signs for beneficial coverage indicators are reversed"
"Nigeria","ADM1","wasting","Wasting","adverse",29,1,37,"Nasarawa",2024,9.567999943,25,29,-0.251564588,0.251564588,0.25,7,2.7397228,-2.7397228,2.7397228,"inside_threshold","Non-significant change",0,1,0,"Positive means worsening; signs for beneficial coverage indicators are reversed"
"Nigeria","ADM1","wasting","Wasting","adverse",30,3,37,"Osun",2024,11.83325332,32,30,0.76055914,0.76055914,0.25,7,2.7397228,-2.7397228,2.7397228,"inside_threshold","Non-significant change",0,1,0,"Positive means worsening; signs for beneficial coverage indicators are reversed"
"Nigeria","ADM1","wasting","Wasting","adverse",31,5,37,"Akwa Ibom",2024,11.7771064,31,31,1.24829086,1.24829086,0.25,7,2.7397228,-2.7397228,2.7397228,"inside_threshold","Non-significant change",0,1,0,"Positive means worsening; signs for beneficial coverage indicators are reversed"
"Nigeria","ADM1","wasting","Wasting","adverse",32,6,37,"Taraba",2024,9.488313678,23,32,1.599104352,1.599104352,0.25,7,2.7397228,-2.7397228,2.7397228,"inside_threshold","Non-significant change",0,1,0,"Positive means worsening; signs for beneficial coverage indicators are reversed"
"Nigeria","ADM1","wasting","Wasting","adverse",33,8,37,"Rivers",2024,12.70018555,33,33,2.24437731,2.24437731,0.25,7,2.7397228,-2.7397228,2.7397228,"inside_threshold","Non-significant change",0,1,0,"Positive means worsening; signs for beneficial coverage indicators are reversed"
"Nigeria","ADM1","wasting","Wasting","adverse",34,12,37,"Ogun",2024,13.41720692,35,34,3.39469748,3.39469748,0.25,7,2.7397228,-2.7397228,2.7397228,"worsening","Worsening",0,0,1,"Positive means worsening; signs for beneficial coverage indicators are reversed"
"Nigeria","ADM1","wasting","Wasting","adverse",35,14,37,"Ondo",2024,10.20967123,28,35,3.630889467,3.630889467,0.25,7,2.7397228,-2.7397228,2.7397228,"worsening","Worsening",0,0,1,"Positive means worsening; signs for beneficial coverage indicators are reversed"
"Nigeria","ADM1","wasting","Wasting","adverse",36,15,37,"Bayelsa",2024,8.895952244,22,36,3.685286091,3.685286091,0.25,7,2.7397228,-2.7397228,2.7397228,"worsening","Worsening",0,0,1,"Positive means worsening; signs for beneficial coverage indicators are reversed"
"Nigeria","ADM1","wasting","Wasting","adverse",37,19,37,"Oyo",2024,14.42265584,36,37,4.36445091,4.36445091,0.25,7,2.7397228,-2.7397228,2.7397228,"worsening","Worsening",0,0,1,"Positive means worsening; signs for beneficial coverage indicators are reversed"
"Nigeria","ADM1","anemia_women","Anemia (women)","adverse",1,37,37,"Kebbi",2024,20.08032564,1,1,-40.31349258,40.31349258,0.25,7,9.43622536,-9.43622536,9.43622536,"improving","Improving",1,0,0,"Positive means worsening; signs for beneficial coverage indicators are reversed"
"Nigeria","ADM1","anemia_women","Anemia (women)","adverse",2,36,37,"Nasarawa",2024,31.06414698,6,2,-34.06378562,34.06378562,0.25,7,9.43622536,-9.43622536,9.43622536,"improving","Improving",1,0,0,"Positive means worsening; signs for beneficial coverage indicators are reversed"
"Nigeria","ADM1","anemia_women","Anemia (women)","adverse",3,35,37,"Zamfara",2024,39.06831555,14,3,-32.22530404,32.22530404,0.25,7,9.43622536,-9.43622536,9.43622536,"improving","Improving",1,0,0,"Positive means worsening; signs for beneficial coverage indicators are reversed"
"Nigeria","ADM1","anemia_women","Anemia (women)","adverse",4,34,37,"Yobe",2024,37.25458425,9,4,-30.56117495,30.56117495,0.25,7,9.43622536,-9.43622536,9.43622536,"improving","Improving",1,0,0,"Positive means worsening; signs for beneficial coverage indicators are reversed"
"Nigeria","ADM1","anemia_women","Anemia (women)","adverse",5,33,37,"Delta",2024,35.82449551,8,5,-28.31638201,28.31638201,0.25,7,9.43622536,-9.43622536,9.43622536,"improving","Improving",1,0,0,"Positive means worsening; signs for beneficial coverage indicators are reversed"
"Nigeria","ADM1","anemia_women","Anemia (women)","adverse",6,32,37,"Gombe",2024,38.6254518,13,6,-24.98564363,24.98564363,0.25,7,9.43622536,-9.43622536,9.43622536,"improving","Improving",1,0,0,"Positive means worsening; signs for beneficial coverage indicators are reversed"
"Nigeria","ADM1","anemia_women","Anemia (women)","adverse",7,31,37,"Imo",2024,40.12632595,17,7,-24.50981497,24.50981497,0.25,7,9.43622536,-9.43622536,9.43622536,"improving","Improving",1,0,0,"Positive means worsening; signs for beneficial coverage indicators are reversed"
"Nigeria","ADM1","anemia_women","Anemia (women)","adverse",8,30,37,"Niger",2024,40.03126674,16,8,-24.16215977,24.16215977,0.25,7,9.43622536,-9.43622536,9.43622536,"improving","Improving",1,0,0,"Positive means worsening; signs for beneficial coverage indicators are reversed"
"Nigeria","ADM1","anemia_women","Anemia (women)","adverse",9,29,37,"Benue",2024,26.74018447,4,9,-22.07813976,22.07813976,0.25,7,9.43622536,-9.43622536,9.43622536,"improving","Improving",1,0,0,"Positive means worsening; signs for beneficial coverage indicators are reversed"
"Nigeria","ADM1","anemia_women","Anemia (women)","adverse",10,28,37,"Bauchi",2024,46.67997221,25,10,-21.92804183,21.92804183,0.25,7,9.43622536,-9.43622536,9.43622536,"improving","Improving",1,0,0,"Positive means worsening; signs for beneficial coverage indicators are reversed"
"Nigeria","ADM1","anemia_women","Anemia (women)","adverse",11,27,37,"FCT Abuja",2024,29.82901728,5,11,-20.50372519,20.50372519,0.25,7,9.43622536,-9.43622536,9.43622536,"improving","Improving",1,0,0,"Positive means worsening; signs for beneficial coverage indicators are reversed"
"Nigeria","ADM1","anemia_women","Anemia (women)","adverse",12,26,37,"Plateau",2024,23.72343165,2,12,-19.97254721,19.97254721,0.25,7,9.43622536,-9.43622536,9.43622536,"improving","Improving",1,0,0,"Positive means worsening; signs for beneficial coverage indicators are reversed"
"Nigeria","ADM1","anemia_women","Anemia (women)","adverse",13,25,37,"Osun",2024,37.61204694,10,13,-19.55238153,19.55238153,0.25,7,9.43622536,-9.43622536,9.43622536,"improving","Improving",1,0,0,"Positive means worsening; signs for beneficial coverage indicators are reversed"
"Nigeria","ADM1","anemia_women","Anemia (women)","adverse",14,24,37,"Katsina",2024,52.36303215,32,14,-18.80910307,18.80910307,0.25,7,9.43622536,-9.43622536,9.43622536,"improving","Improving",1,0,0,"Positive means worsening; signs for beneficial coverage indicators are reversed"
"Nigeria","ADM1","anemia_women","Anemia (women)","adverse",15,23,37,"Anambra",2024,52.27675929,31,15,-17.93087899,17.93087899,0.25,7,9.43622536,-9.43622536,9.43622536,"improving","Improving",1,0,0,"Positive means worsening; signs for beneficial coverage indicators are reversed"
"Nigeria","ADM1","anemia_women","Anemia (women)","adverse",16,22,37,"Kaduna",2024,26.11484997,3,16,-17.86089827,17.86089827,0.25,7,9.43622536,-9.43622536,9.43622536,"improving","Improving",1,0,0,"Positive means worsening; signs for beneficial coverage indicators are reversed"
"Nigeria","ADM1","anemia_women","Anemia (women)","adverse",17,21,37,"Jigawa",2024,48.83952536,28,17,-16.5958226,16.5958226,0.25,7,9.43622536,-9.43622536,9.43622536,"improving","Improving",1,0,0,"Positive means worsening; signs for beneficial coverage indicators are reversed"
"Nigeria","ADM1","anemia_women","Anemia (women)","adverse",18,20,37,"Rivers",2024,49.74679356,29,18,-16.34637122,16.34637122,0.25,7,9.43622536,-9.43622536,9.43622536,"improving","Improving",1,0,0,"Positive means worsening; signs for beneficial coverage indicators are reversed"
"Nigeria","ADM1","anemia_women","Anemia (women)","adverse",19,19,37,"Borno",2024,39.09120376,15,19,-14.82250811,14.82250811,0.25,7,9.43622536,-9.43622536,9.43622536,"improving","Improving",1,0,0,"Positive means worsening; signs for beneficial coverage indicators are reversed"
"Nigeria","ADM1","anemia_women","Anemia (women)","adverse",20,18,37,"Kogi",2024,43.47425178,21,20,-14.74189338,14.74189338,0.25,7,9.43622536,-9.43622536,9.43622536,"improving","Improving",1,0,0,"Positive means worsening; signs for beneficial coverage indicators are reversed"
"Nigeria","ADM1","anemia_women","Anemia (women)","adverse",21,17,37,"Taraba",2024,40.33693676,18,21,-13.63305293,13.63305293,0.25,7,9.43622536,-9.43622536,9.43622536,"improving","Improving",1,0,0,"Positive means worsening; signs for beneficial coverage indicators are reversed"
"Nigeria","ADM1","anemia_women","Anemia (women)","adverse",22,16,37,"Kano",2024,33.46541688,7,22,-13.09189487,13.09189487,0.25,7,9.43622536,-9.43622536,9.43622536,"improving","Improving",1,0,0,"Positive means worsening; signs for beneficial coverage indicators are reversed"
"Nigeria","ADM1","anemia_women","Anemia (women)","adverse",23,15,37,"Enugu",2024,47.76113895,27,23,-12.48546229,12.48546229,0.25,7,9.43622536,-9.43622536,9.43622536,"improving","Improving",1,0,0,"Positive means worsening; signs for beneficial coverage indicators are reversed"
"Nigeria","ADM1","anemia_women","Anemia (women)","adverse",24,14,37,"Oyo",2024,38.2913686,11,24,-11.35871082,11.35871082,0.25,7,9.43622536,-9.43622536,9.43622536,"improving","Improving",1,0,0,"Positive means worsening; signs for beneficial coverage indicators are reversed"
"Nigeria","ADM1","anemia_women","Anemia (women)","adverse",25,13,37,"Bayelsa",2024,47.70077996,26,25,-10.67470449,10.67470449,0.25,7,9.43622536,-9.43622536,9.43622536,"improving","Improving",1,0,0,"Positive means worsening; signs for beneficial coverage indicators are reversed"
"Nigeria","ADM1","anemia_women","Anemia (women)","adverse",26,12,37,"Ekiti",2024,40.40354179,19,26,-10.12522609,10.12522609,0.25,7,9.43622536,-9.43622536,9.43622536,"improving","Improving",1,0,0,"Positive means worsening; signs for beneficial coverage indicators are reversed"
"Nigeria","ADM1","anemia_women","Anemia (women)","adverse",27,11,37,"Ondo",2024,45.22823992,23,27,-9.92356433,9.92356433,0.25,7,9.43622536,-9.43622536,9.43622536,"improving","Improving",1,0,0,"Positive means worsening; signs for beneficial coverage indicators are reversed"
"Nigeria","ADM1","anemia_women","Anemia (women)","adverse",28,10,37,"Sokoto",2024,64.27788137,36,28,-9.43622536,9.43622536,0.25,7,9.43622536,-9.43622536,9.43622536,"inside_threshold","Non-significant change",0,1,0,"Positive means worsening; signs for beneficial coverage indicators are reversed"
"Nigeria","ADM1","anemia_women","Anemia (women)","adverse",29,8,37,"Cross River",2024,38.5152347,12,29,-7.55459909,7.55459909,0.25,7,9.43622536,-9.43622536,9.43622536,"inside_threshold","Non-significant change",0,1,0,"Positive means worsening; signs for beneficial coverage indicators are reversed"
"Nigeria","ADM1","anemia_women","Anemia (women)","adverse",30,7,37,"Ogun",2024,41.67780639,20,30,-7.31716548,7.31716548,0.25,7,9.43622536,-9.43622536,9.43622536,"inside_threshold","Non-significant change",0,1,0,"Positive means worsening; signs for beneficial coverage indicators are reversed"
"Nigeria","ADM1","anemia_women","Anemia (women)","adverse",31,5,37,"Edo",2024,50.81819356,30,31,-4.39483787,4.39483787,0.25,7,9.43622536,-9.43622536,9.43622536,"inside_threshold","Non-significant change",0,1,0,"Positive means worsening; signs for beneficial coverage indicators are reversed"
"Nigeria","ADM1","anemia_women","Anemia (women)","adverse",32,4,37,"Lagos",2024,46.30045303,24,32,-3.24822747,3.24822747,0.25,7,9.43622536,-9.43622536,9.43622536,"inside_threshold","Non-significant change",0,1,0,"Positive means worsening; signs for beneficial coverage indicators are reversed"
"Nigeria","ADM1","anemia_women","Anemia (women)","adverse",33,3,37,"Akwa Ibom",2024,55.52269926,33,33,-2.21275728,2.21275728,0.25,7,9.43622536,-9.43622536,9.43622536,"inside_threshold","Non-significant change",0,1,0,"Positive means worsening; signs for beneficial coverage indicators are reversed"
"Nigeria","ADM1","anemia_women","Anemia (women)","adverse",34,1,37,"Ebonyi",2024,71.68532422,37,34,0.02600998,0.02600998,0.25,7,9.43622536,-9.43622536,9.43622536,"inside_threshold","Non-significant change",0,1,0,"Positive means worsening; signs for beneficial coverage indicators are reversed"
"Nigeria","ADM1","anemia_women","Anemia (women)","adverse",35,2,37,"Kwara",2024,55.82042091,34,35,0.91892151,0.91892151,0.25,7,9.43622536,-9.43622536,9.43622536,"inside_threshold","Non-significant change",0,1,0,"Positive means worsening; signs for beneficial coverage indicators are reversed"
"Nigeria","ADM1","anemia_women","Anemia (women)","adverse",36,6,37,"Abia",2024,64.03379026,35,36,5.58330773,5.58330773,0.25,7,9.43622536,-9.43622536,9.43622536,"inside_threshold","Non-significant change",0,1,0,"Positive means worsening; signs for beneficial coverage indicators are reversed"
"Nigeria","ADM1","anemia_women","Anemia (women)","adverse",37,9,37,"Adamawa",2024,44.23647588,22,37,8.34476563,8.34476563,0.25,7,9.43622536,-9.43622536,9.43622536,"inside_threshold","Non-significant change",0,1,0,"Positive means worsening; signs for beneficial coverage indicators are reversed"
"Nigeria","ADM1","malaria_rdt_positive","Malaria RDT+","adverse",1,37,37,"Osun",2021,27.55320134,11,1,-57.40293599,57.40293599,0.25,7,6.66133914,-6.66133914,6.66133914,"improving","Improving",1,0,0,"Positive means worsening; signs for beneficial coverage indicators are reversed"
"Nigeria","ADM1","malaria_rdt_positive","Malaria RDT+","adverse",2,36,37,"Borno",2021,18.62373676,3,2,-43.38119696,43.38119696,0.25,7,6.66133914,-6.66133914,6.66133914,"improving","Improving",1,0,0,"Positive means worsening; signs for beneficial coverage indicators are reversed"
"Nigeria","ADM1","malaria_rdt_positive","Malaria RDT+","adverse",3,35,37,"Ogun",2021,35.60118029,25,3,-42.48813393,42.48813393,0.25,7,6.66133914,-6.66133914,6.66133914,"improving","Improving",1,0,0,"Positive means worsening; signs for beneficial coverage indicators are reversed"
"Nigeria","ADM1","malaria_rdt_positive","Malaria RDT+","adverse",4,34,37,"Sokoto",2021,40.32348625,27,4,-38.28449202,38.28449202,0.25,7,6.66133914,-6.66133914,6.66133914,"improving","Improving",1,0,0,"Positive means worsening; signs for beneficial coverage indicators are reversed"
"Nigeria","ADM1","malaria_rdt_positive","Malaria RDT+","adverse",5,33,37,"Akwa Ibom",2021,33.50147738,21,5,-37.43409795,37.43409795,0.25,7,6.66133914,-6.66133914,6.66133914,"improving","Improving",1,0,0,"Positive means worsening; signs for beneficial coverage indicators are reversed"
"Nigeria","ADM1","malaria_rdt_positive","Malaria RDT+","adverse",6,32,37,"Rivers",2021,33.84001239,22,6,-37.36854109,37.36854109,0.25,7,6.66133914,-6.66133914,6.66133914,"improving","Improving",1,0,0,"Positive means worsening; signs for beneficial coverage indicators are reversed"
"Nigeria","ADM1","malaria_rdt_positive","Malaria RDT+","adverse",7,31,37,"Kwara",2021,17.61246742,2,7,-36.52081441,36.52081441,0.25,7,6.66133914,-6.66133914,6.66133914,"improving","Improving",1,0,0,"Positive means worsening; signs for beneficial coverage indicators are reversed"
"Nigeria","ADM1","malaria_rdt_positive","Malaria RDT+","adverse",8,30,37,"Delta",2021,18.89135141,4,8,-25.25418296,25.25418296,0.25,7,6.66133914,-6.66133914,6.66133914,"improving","Improving",1,0,0,"Positive means worsening; signs for beneficial coverage indicators are reversed"
"Nigeria","ADM1","malaria_rdt_positive","Malaria RDT+","adverse",9,29,37,"Oyo",2021,29.56098766,14,9,-24.38901184,24.38901184,0.25,7,6.66133914,-6.66133914,6.66133914,"improving","Improving",1,0,0,"Positive means worsening; signs for beneficial coverage indicators are reversed"
"Nigeria","ADM1","malaria_rdt_positive","Malaria RDT+","adverse",10,28,37,"Lagos",2021,3.244182808,1,10,-23.79131823,23.79131823,0.25,7,6.66133914,-6.66133914,6.66133914,"improving","Improving",1,0,0,"Positive means worsening; signs for beneficial coverage indicators are reversed"
"Nigeria","ADM1","malaria_rdt_positive","Malaria RDT+","adverse",11,27,37,"Abia",2021,26.4204568,8,11,-23.09563205,23.09563205,0.25,7,6.66133914,-6.66133914,6.66133914,"improving","Improving",1,0,0,"Positive means worsening; signs for beneficial coverage indicators are reversed"
"Nigeria","ADM1","malaria_rdt_positive","Malaria RDT+","adverse",12,26,37,"Ondo",2021,44.84330263,30,12,-20.79776703,20.79776703,0.25,7,6.66133914,-6.66133914,6.66133914,"improving","Improving",1,0,0,"Positive means worsening; signs for beneficial coverage indicators are reversed"
"Nigeria","ADM1","malaria_rdt_positive","Malaria RDT+","adverse",13,25,37,"Ebonyi",2021,30.18701851,16,13,-19.74191424,19.74191424,0.25,7,6.66133914,-6.66133914,6.66133914,"improving","Improving",1,0,0,"Positive means worsening; signs for beneficial coverage indicators are reversed"
"Nigeria","ADM1","malaria_rdt_positive","Malaria RDT+","adverse",14,24,37,"Katsina",2021,49.47541357,31,14,-18.79972685,18.79972685,0.25,7,6.66133914,-6.66133914,6.66133914,"improving","Improving",1,0,0,"Positive means worsening; signs for beneficial coverage indicators are reversed"
"Nigeria","ADM1","malaria_rdt_positive","Malaria RDT+","adverse",15,22,37,"Edo",2021,30.20342429,17,15,-18.06032471,18.06032471,0.25,7,6.66133914,-6.66133914,6.66133914,"improving","Improving",1,0,0,"Positive means worsening; signs for beneficial coverage indicators are reversed"
"Nigeria","ADM1","malaria_rdt_positive","Malaria RDT+","adverse",16,20,37,"Nasarawa",2021,29.93900059,15,16,-15.2042154,15.2042154,0.25,7,6.66133914,-6.66133914,6.66133914,"improving","Improving",1,0,0,"Positive means worsening; signs for beneficial coverage indicators are reversed"
"Nigeria","ADM1","malaria_rdt_positive","Malaria RDT+","adverse",17,19,37,"Kogi",2021,27.73352179,12,17,-13.4347233,13.4347233,0.25,7,6.66133914,-6.66133914,6.66133914,"improving","Improving",1,0,0,"Positive means worsening; signs for beneficial coverage indicators are reversed"
"Nigeria","ADM1","malaria_rdt_positive","Malaria RDT+","adverse",18,18,37,"Cross River",2021,40.5583512,28,18,-11.75989789,11.75989789,0.25,7,6.66133914,-6.66133914,6.66133914,"improving","Improving",1,0,0,"Positive means worsening; signs for beneficial coverage indicators are reversed"
"Nigeria","ADM1","malaria_rdt_positive","Malaria RDT+","adverse",19,17,37,"Benue",2021,33.9762087,23,19,-11.6353806,11.6353806,0.25,7,6.66133914,-6.66133914,6.66133914,"improving","Improving",1,0,0,"Positive means worsening; signs for beneficial coverage indicators are reversed"
"Nigeria","ADM1","malaria_rdt_positive","Malaria RDT+","adverse",20,15,37,"Plateau",2021,26.43442792,9,20,-10.85486073,10.85486073,0.25,7,6.66133914,-6.66133914,6.66133914,"improving","Improving",1,0,0,"Positive means worsening; signs for beneficial coverage indicators are reversed"
"Nigeria","ADM1","malaria_rdt_positive","Malaria RDT+","adverse",21,13,37,"Yobe",2021,62.51157129,36,21,-8.90531308,8.90531308,0.25,7,6.66133914,-6.66133914,6.66133914,"improving","Improving",1,0,0,"Positive means worsening; signs for beneficial coverage indicators are reversed"
"Nigeria","ADM1","malaria_rdt_positive","Malaria RDT+","adverse",22,12,37,"Zamfara",2021,59.73689676,35,22,-8.80808436,8.80808436,0.25,7,6.66133914,-6.66133914,6.66133914,"improving","Improving",1,0,0,"Positive means worsening; signs for beneficial coverage indicators are reversed"
"Nigeria","ADM1","malaria_rdt_positive","Malaria RDT+","adverse",23,10,37,"Enugu",2021,30.21749413,18,23,-6.66133914,6.66133914,0.25,7,6.66133914,-6.66133914,6.66133914,"inside_threshold","Non-significant change",0,1,0,"Positive means worsening; signs for beneficial coverage indicators are reversed"
"Nigeria","ADM1","malaria_rdt_positive","Malaria RDT+","adverse",24,8,37,"Kaduna",2021,32.28640995,19,24,-4.52087638,4.52087638,0.25,7,6.66133914,-6.66133914,6.66133914,"inside_threshold","Non-significant change",0,1,0,"Positive means worsening; signs for beneficial coverage indicators are reversed"
"Nigeria","ADM1","malaria_rdt_positive","Malaria RDT+","adverse",25,6,37,"Imo",2021,26.17021871,7,25,-3.66581531,3.66581531,0.25,7,6.66133914,-6.66133914,6.66133914,"inside_threshold","Non-significant change",0,1,0,"Positive means worsening; signs for beneficial coverage indicators are reversed"
"Nigeria","ADM1","malaria_rdt_positive","Malaria RDT+","adverse",26,4,37,"Niger",2021,42.55282289,29,26,-3.40998621,3.40998621,0.25,7,6.66133914,-6.66133914,6.66133914,"inside_threshold","Non-significant change",0,1,0,"Positive means worsening; signs for beneficial coverage indicators are reversed"
"Nigeria","ADM1","malaria_rdt_positive","Malaria RDT+","adverse",27,3,37,"Adamawa",2021,27.9578965,13,27,-1.95832666,1.95832666,0.25,7,6.66133914,-6.66133914,6.66133914,"inside_threshold","Non-significant change",0,1,0,"Positive means worsening; signs for beneficial coverage indicators are reversed"
"Nigeria","ADM1","malaria_rdt_positive","Malaria RDT+","adverse",28,2,37,"Ekiti",2021,36.52242265,26,28,-1.1164792,1.1164792,0.25,7,6.66133914,-6.66133914,6.66133914,"inside_threshold","Non-significant change",0,1,0,"Positive means worsening; signs for beneficial coverage indicators are reversed"
"Nigeria","ADM1","malaria_rdt_positive","Malaria RDT+","adverse",29,1,37,"Taraba",2021,24.52453213,6,29,-1.07280056,1.07280056,0.25,7,6.66133914,-6.66133914,6.66133914,"inside_threshold","Non-significant change",0,1,0,"Positive means worsening; signs for beneficial coverage indicators are reversed"
"Nigeria","ADM1","malaria_rdt_positive","Malaria RDT+","adverse",30,5,37,"Kebbi",2021,75.60719959,37,30,3.63867586,3.63867586,0.25,7,6.66133914,-6.66133914,6.66133914,"inside_threshold","Non-significant change",0,1,0,"Positive means worsening; signs for beneficial coverage indicators are reversed"
"Nigeria","ADM1","malaria_rdt_positive","Malaria RDT+","adverse",31,7,37,"Bayelsa",2021,27.07378718,10,31,4.22226936,4.22226936,0.25,7,6.66133914,-6.66133914,6.66133914,"inside_threshold","Non-significant change",0,1,0,"Positive means worsening; signs for beneficial coverage indicators are reversed"
"Nigeria","ADM1","malaria_rdt_positive","Malaria RDT+","adverse",32,9,37,"Anambra",2021,20.16236367,5,32,5.27320358,5.27320358,0.25,7,6.66133914,-6.66133914,6.66133914,"inside_threshold","Non-significant change",0,1,0,"Positive means worsening; signs for beneficial coverage indicators are reversed"
"Nigeria","ADM1","malaria_rdt_positive","Malaria RDT+","adverse",33,11,37,"Gombe",2021,33.07982323,20,33,7.13470072,7.13470072,0.25,7,6.66133914,-6.66133914,6.66133914,"worsening","Worsening",0,0,1,"Positive means worsening; signs for beneficial coverage indicators are reversed"
"Nigeria","ADM1","malaria_rdt_positive","Malaria RDT+","adverse",34,14,37,"Jigawa",2021,54.52837393,33,34,9.07206346,9.07206346,0.25,7,6.66133914,-6.66133914,6.66133914,"worsening","Worsening",0,0,1,"Positive means worsening; signs for beneficial coverage indicators are reversed"
"Nigeria","ADM1","malaria_rdt_positive","Malaria RDT+","adverse",35,16,37,"FCT Abuja",2021,34.56139661,24,35,11.15884345,11.15884345,0.25,7,6.66133914,-6.66133914,6.66133914,"worsening","Worsening",0,0,1,"Positive means worsening; signs for beneficial coverage indicators are reversed"
"Nigeria","ADM1","malaria_rdt_positive","Malaria RDT+","adverse",36,21,37,"Bauchi",2021,59.63938532,34,36,16.49249295,16.49249295,0.25,7,6.66133914,-6.66133914,6.66133914,"worsening","Worsening",0,0,1,"Positive means worsening; signs for beneficial coverage indicators are reversed"
"Nigeria","ADM1","malaria_rdt_positive","Malaria RDT+","adverse",37,23,37,"Kano",2021,54.03456571,32,37,18.16171961,18.16171961,0.25,7,6.66133914,-6.66133914,6.66133914,"worsening","Worsening",0,0,1,"Positive means worsening; signs for beneficial coverage indicators are reversed"
"Nigeria","ADM1","zero_dose","Zero-dose","adverse",1,37,37,"Borno",2024,31.70475949,21,1,-48.76552989,48.76552989,0.25,7,4.66269841,-4.66269841,4.66269841,"improving","Improving",1,0,0,"Positive means worsening; signs for beneficial coverage indicators are reversed"
"Nigeria","ADM1","zero_dose","Zero-dose","adverse",2,36,37,"Jigawa",2024,34.29304501,24,2,-44.75583054,44.75583054,0.25,7,4.66269841,-4.66269841,4.66269841,"improving","Improving",1,0,0,"Positive means worsening; signs for beneficial coverage indicators are reversed"
"Nigeria","ADM1","zero_dose","Zero-dose","adverse",3,34,37,"Yobe",2024,40.56465229,29,3,-40.5873009,40.5873009,0.25,7,4.66269841,-4.66269841,4.66269841,"improving","Improving",1,0,0,"Positive means worsening; signs for beneficial coverage indicators are reversed"
"Nigeria","ADM1","zero_dose","Zero-dose","adverse",4,33,37,"Bauchi",2024,37.32357799,26,4,-37.57156114,37.57156114,0.25,7,4.66269841,-4.66269841,4.66269841,"improving","Improving",1,0,0,"Positive means worsening; signs for beneficial coverage indicators are reversed"
"Nigeria","ADM1","zero_dose","Zero-dose","adverse",5,32,37,"Katsina",2024,39.8058631,27,5,-36.80108743,36.80108743,0.25,7,4.66269841,-4.66269841,4.66269841,"improving","Improving",1,0,0,"Positive means worsening; signs for beneficial coverage indicators are reversed"
"Nigeria","ADM1","zero_dose","Zero-dose","adverse",6,31,37,"Kano",2024,42.02316418,30,6,-31.68607126,31.68607126,0.25,7,4.66269841,-4.66269841,4.66269841,"improving","Improving",1,0,0,"Positive means worsening; signs for beneficial coverage indicators are reversed"
"Nigeria","ADM1","zero_dose","Zero-dose","adverse",7,29,37,"Gombe",2024,34.02587255,23,7,-22.45984857,22.45984857,0.25,7,4.66269841,-4.66269841,4.66269841,"improving","Improving",1,0,0,"Positive means worsening; signs for beneficial coverage indicators are reversed"
"Nigeria","ADM1","zero_dose","Zero-dose","adverse",8,28,37,"Nasarawa",2024,20.97020666,17,8,-19.51880334,19.51880334,0.25,7,4.66269841,-4.66269841,4.66269841,"improving","Improving",1,0,0,"Positive means worsening; signs for beneficial coverage indicators are reversed"
"Nigeria","ADM1","zero_dose","Zero-dose","adverse",9,27,37,"Delta",2024,7.590002729,9,9,-19.22716006,19.22716006,0.25,7,4.66269841,-4.66269841,4.66269841,"improving","Improving",1,0,0,"Positive means worsening; signs for beneficial coverage indicators are reversed"
"Nigeria","ADM1","zero_dose","Zero-dose","adverse",10,26,37,"Taraba",2024,40.24727399,28,10,-16.55923957,16.55923957,0.25,7,4.66269841,-4.66269841,4.66269841,"improving","Improving",1,0,0,"Positive means worsening; signs for beneficial coverage indicators are reversed"
"Nigeria","ADM1","zero_dose","Zero-dose","adverse",11,25,37,"Benue",2024,32.01195044,22,11,-12.36552768,12.36552768,0.25,7,4.66269841,-4.66269841,4.66269841,"improving","Improving",1,0,0,"Positive means worsening; signs for beneficial coverage indicators are reversed"
"Nigeria","ADM1","zero_dose","Zero-dose","adverse",12,24,37,"Kebbi",2024,84.03315111,36,12,-11.09382086,11.09382086,0.25,7,4.66269841,-4.66269841,4.66269841,"improving","Improving",1,0,0,"Positive means worsening; signs for beneficial coverage indicators are reversed"
"Nigeria","ADM1","zero_dose","Zero-dose","adverse",13,23,37,"Sokoto",2024,86.27255649,37,13,-10.37021248,10.37021248,0.25,7,4.66269841,-4.66269841,4.66269841,"improving","Improving",1,0,0,"Positive means worsening; signs for beneficial coverage indicators are reversed"
"Nigeria","ADM1","zero_dose","Zero-dose","adverse",14,21,37,"FCT Abuja",2024,6.19172019,7,14,-9.8606004,9.8606004,0.25,7,4.66269841,-4.66269841,4.66269841,"improving","Improving",1,0,0,"Positive means worsening; signs for beneficial coverage indicators are reversed"
"Nigeria","ADM1","zero_dose","Zero-dose","adverse",15,20,37,"Ondo",2024,19.83977563,15,15,-9.81118151,9.81118151,0.25,7,4.66269841,-4.66269841,4.66269841,"improving","Improving",1,0,0,"Positive means worsening; signs for beneficial coverage indicators are reversed"
"Nigeria","ADM1","zero_dose","Zero-dose","adverse",16,18,37,"Cross River",2024,2.788505654,3,16,-8.939724626,8.939724626,0.25,7,4.66269841,-4.66269841,4.66269841,"improving","Improving",1,0,0,"Positive means worsening; signs for beneficial coverage indicators are reversed"
"Nigeria","ADM1","zero_dose","Zero-dose","adverse",17,17,37,"Ebonyi",2024,3.002995162,4,17,-8.306365368,8.306365368,0.25,7,4.66269841,-4.66269841,4.66269841,"improving","Improving",1,0,0,"Positive means worsening; signs for beneficial coverage indicators are reversed"
"Nigeria","ADM1","zero_dose","Zero-dose","adverse",18,15,37,"Lagos",2024,1.096066604,1,18,-7.896465396,7.896465396,0.25,7,4.66269841,-4.66269841,4.66269841,"improving","Improving",1,0,0,"Positive means worsening; signs for beneficial coverage indicators are reversed"
"Nigeria","ADM1","zero_dose","Zero-dose","adverse",19,14,37,"Edo",2024,2.091662959,2,19,-6.686612638,6.686612638,0.25,7,4.66269841,-4.66269841,4.66269841,"improving","Improving",1,0,0,"Positive means worsening; signs for beneficial coverage indicators are reversed"
"Nigeria","ADM1","zero_dose","Zero-dose","adverse",20,12,37,"Zamfara",2024,82.62359886,35,20,-5.14090897,5.14090897,0.25,7,4.66269841,-4.66269841,4.66269841,"improving","Improving",1,0,0,"Positive means worsening; signs for beneficial coverage indicators are reversed"
"Nigeria","ADM1","zero_dose","Zero-dose","adverse",21,9,37,"Bayelsa",2024,17.23842012,14,21,-3.70910464,3.70910464,0.25,7,4.66269841,-4.66269841,4.66269841,"inside_threshold","Non-significant change",0,1,0,"Positive means worsening; signs for beneficial coverage indicators are reversed"
"Nigeria","ADM1","zero_dose","Zero-dose","adverse",22,6,37,"Plateau",2024,35.29387356,25,22,-2.76592214,2.76592214,0.25,7,4.66269841,-4.66269841,4.66269841,"inside_threshold","Non-significant change",0,1,0,"Positive means worsening; signs for beneficial coverage indicators are reversed"
"Nigeria","ADM1","zero_dose","Zero-dose","adverse",23,5,37,"Ogun",2024,20.17371126,16,23,-2.3238578,2.3238578,0.25,7,4.66269841,-4.66269841,4.66269841,"inside_threshold","Non-significant change",0,1,0,"Positive means worsening; signs for beneficial coverage indicators are reversed"
"Nigeria","ADM1","zero_dose","Zero-dose","adverse",24,4,37,"Imo",2024,6.719030045,8,24,-1.568741359,1.568741359,0.25,7,4.66269841,-4.66269841,4.66269841,"inside_threshold","Non-significant change",0,1,0,"Positive means worsening; signs for beneficial coverage indicators are reversed"
"Nigeria","ADM1","zero_dose","Zero-dose","adverse",25,3,37,"Abia",2024,5.45723019,5,25,-1.173101272,1.173101272,0.25,7,4.66269841,-4.66269841,4.66269841,"inside_threshold","Non-significant change",0,1,0,"Positive means worsening; signs for beneficial coverage indicators are reversed"
"Nigeria","ADM1","zero_dose","Zero-dose","adverse",26,1,37,"Oyo",2024,29.43410814,20,26,0.03079734,0.03079734,0.25,7,4.66269841,-4.66269841,4.66269841,"inside_threshold","Non-significant change",0,1,0,"Positive means worsening; signs for beneficial coverage indicators are reversed"
"Nigeria","ADM1","zero_dose","Zero-dose","adverse",27,2,37,"Enugu",2024,12.83170451,10,27,1.16247046,1.16247046,0.25,7,4.66269841,-4.66269841,4.66269841,"inside_threshold","Non-significant change",0,1,0,"Positive means worsening; signs for beneficial coverage indicators are reversed"
"Nigeria","ADM1","zero_dose","Zero-dose","adverse",28,7,37,"Anambra",2024,14.92877653,12,28,2.91880041,2.91880041,0.25,7,4.66269841,-4.66269841,4.66269841,"inside_threshold","Non-significant change",0,1,0,"Positive means worsening; signs for beneficial coverage indicators are reversed"
"Nigeria","ADM1","zero_dose","Zero-dose","adverse",29,8,37,"Ekiti",2024,6.015148228,6,29,3.61683644,3.61683644,0.25,7,4.66269841,-4.66269841,4.66269841,"inside_threshold","Non-significant change",0,1,0,"Positive means worsening; signs for beneficial coverage indicators are reversed"
"Nigeria","ADM1","zero_dose","Zero-dose","adverse",30,10,37,"Akwa Ibom",2024,15.13765264,13,30,4.66269841,4.66269841,0.25,7,4.66269841,-4.66269841,4.66269841,"inside_threshold","Non-significant change",0,1,0,"Positive means worsening; signs for beneficial coverage indicators are reversed"
"Nigeria","ADM1","zero_dose","Zero-dose","adverse",31,11,37,"Osun",2024,12.93826467,11,31,5.12369746,5.12369746,0.25,7,4.66269841,-4.66269841,4.66269841,"worsening","Worsening",0,0,1,"Positive means worsening; signs for beneficial coverage indicators are reversed"
"Nigeria","ADM1","zero_dose","Zero-dose","adverse",32,13,37,"Kaduna",2024,45.6071497,31,32,6.11537824,6.11537824,0.25,7,4.66269841,-4.66269841,4.66269841,"worsening","Worsening",0,0,1,"Positive means worsening; signs for beneficial coverage indicators are reversed"
"Nigeria","ADM1","zero_dose","Zero-dose","adverse",33,16,37,"Adamawa",2024,29.11831667,19,33,8.10969541,8.10969541,0.25,7,4.66269841,-4.66269841,4.66269841,"worsening","Worsening",0,0,1,"Positive means worsening; signs for beneficial coverage indicators are reversed"
"Nigeria","ADM1","zero_dose","Zero-dose","adverse",34,19,37,"Niger",2024,56.63335768,33,34,9.296276,9.296276,0.25,7,4.66269841,-4.66269841,4.66269841,"worsening","Worsening",0,0,1,"Positive means worsening; signs for beneficial coverage indicators are reversed"
"Nigeria","ADM1","zero_dose","Zero-dose","adverse",35,22,37,"Rivers",2024,22.01150502,18,35,9.95570578,9.95570578,0.25,7,4.66269841,-4.66269841,4.66269841,"worsening","Worsening",0,0,1,"Positive means worsening; signs for beneficial coverage indicators are reversed"
"Nigeria","ADM1","zero_dose","Zero-dose","adverse",36,30,37,"Kwara",2024,51.74169935,32,36,25.22319673,25.22319673,0.25,7,4.66269841,-4.66269841,4.66269841,"worsening","Worsening",0,0,1,"Positive means worsening; signs for beneficial coverage indicators are reversed"
"Nigeria","ADM1","zero_dose","Zero-dose","adverse",37,35,37,"Kogi",2024,56.97488153,34,37,44.10766547,44.10766547,0.25,7,4.66269841,-4.66269841,4.66269841,"worsening","Worsening",0,0,1,"Positive means worsening; signs for beneficial coverage indicators are reversed"
"Nigeria","ADM1","first_birth_under20","First birth < 20","adverse",1,37,37,"Sokoto",2024,58.75740125,27,1,-24.50450085,24.50450085,0.25,7,8.19148327,-8.19148327,8.19148327,"improving","Improving",1,0,0,"Positive means worsening; signs for beneficial coverage indicators are reversed"
"Nigeria","ADM1","first_birth_under20","First birth < 20","adverse",2,36,37,"Benue",2024,48.97661086,21,2,-21.49827902,21.49827902,0.25,7,8.19148327,-8.19148327,8.19148327,"improving","Improving",1,0,0,"Positive means worsening; signs for beneficial coverage indicators are reversed"
"Nigeria","ADM1","first_birth_under20","First birth < 20","adverse",3,35,37,"Bayelsa",2024,48.08737855,20,3,-20.97200748,20.97200748,0.25,7,8.19148327,-8.19148327,8.19148327,"improving","Improving",1,0,0,"Positive means worsening; signs for beneficial coverage indicators are reversed"
"Nigeria","ADM1","first_birth_under20","First birth < 20","adverse",4,34,37,"Oyo",2024,24.22779915,7,4,-19.55019789,19.55019789,0.25,7,8.19148327,-8.19148327,8.19148327,"improving","Improving",1,0,0,"Positive means worsening; signs for beneficial coverage indicators are reversed"
"Nigeria","ADM1","first_birth_under20","First birth < 20","adverse",5,33,37,"Edo",2024,23.07430374,6,5,-17.68742289,17.68742289,0.25,7,8.19148327,-8.19148327,8.19148327,"improving","Improving",1,0,0,"Positive means worsening; signs for beneficial coverage indicators are reversed"
"Nigeria","ADM1","first_birth_under20","First birth < 20","adverse",6,32,37,"Ogun",2024,24.37110376,8,6,-17.03355064,17.03355064,0.25,7,8.19148327,-8.19148327,8.19148327,"improving","Improving",1,0,0,"Positive means worsening; signs for beneficial coverage indicators are reversed"
"Nigeria","ADM1","first_birth_under20","First birth < 20","adverse",7,31,37,"Delta",2024,31.44268471,13,7,-16.71633482,16.71633482,0.25,7,8.19148327,-8.19148327,8.19148327,"improving","Improving",1,0,0,"Positive means worsening; signs for beneficial coverage indicators are reversed"
"Nigeria","ADM1","first_birth_under20","First birth < 20","adverse",8,30,37,"Abia",2024,16.36148001,2,8,-16.48694573,16.48694573,0.25,7,8.19148327,-8.19148327,8.19148327,"improving","Improving",1,0,0,"Positive means worsening; signs for beneficial coverage indicators are reversed"
"Nigeria","ADM1","first_birth_under20","First birth < 20","adverse",9,29,37,"Anambra",2024,21.48852753,4,9,-15.98549801,15.98549801,0.25,7,8.19148327,-8.19148327,8.19148327,"improving","Improving",1,0,0,"Positive means worsening; signs for beneficial coverage indicators are reversed"
"Nigeria","ADM1","first_birth_under20","First birth < 20","adverse",10,28,37,"Katsina",2024,67.08290374,33,10,-15.63985906,15.63985906,0.25,7,8.19148327,-8.19148327,8.19148327,"improving","Improving",1,0,0,"Positive means worsening; signs for beneficial coverage indicators are reversed"
"Nigeria","ADM1","first_birth_under20","First birth < 20","adverse",11,27,37,"Cross River",2024,35.76983241,16,11,-15.37862989,15.37862989,0.25,7,8.19148327,-8.19148327,8.19148327,"improving","Improving",1,0,0,"Positive means worsening; signs for beneficial coverage indicators are reversed"
"Nigeria","ADM1","first_birth_under20","First birth < 20","adverse",12,26,37,"Bauchi",2024,65.54095138,31,12,-15.26589175,15.26589175,0.25,7,8.19148327,-8.19148327,8.19148327,"improving","Improving",1,0,0,"Positive means worsening; signs for beneficial coverage indicators are reversed"
"Nigeria","ADM1","first_birth_under20","First birth < 20","adverse",13,25,37,"Kano",2024,60.64340173,29,13,-13.67832354,13.67832354,0.25,7,8.19148327,-8.19148327,8.19148327,"improving","Improving",1,0,0,"Positive means worsening; signs for beneficial coverage indicators are reversed"
"Nigeria","ADM1","first_birth_under20","First birth < 20","adverse",14,24,37,"Taraba",2024,55.85589132,26,14,-12.65463594,12.65463594,0.25,7,8.19148327,-8.19148327,8.19148327,"improving","Improving",1,0,0,"Positive means worsening; signs for beneficial coverage indicators are reversed"
"Nigeria","ADM1","first_birth_under20","First birth < 20","adverse",15,23,37,"Imo",2024,17.9399906,3,15,-12.10551499,12.10551499,0.25,7,8.19148327,-8.19148327,8.19148327,"improving","Improving",1,0,0,"Positive means worsening; signs for beneficial coverage indicators are reversed"
"Nigeria","ADM1","first_birth_under20","First birth < 20","adverse",16,22,37,"Kebbi",2024,62.14482735,30,16,-12.04969358,12.04969358,0.25,7,8.19148327,-8.19148327,8.19148327,"improving","Improving",1,0,0,"Positive means worsening; signs for beneficial coverage indicators are reversed"
"Nigeria","ADM1","first_birth_under20","First birth < 20","adverse",17,21,37,"Rivers",2024,33.29042452,15,17,-11.63739798,11.63739798,0.25,7,8.19148327,-8.19148327,8.19148327,"improving","Improving",1,0,0,"Positive means worsening; signs for beneficial coverage indicators are reversed"
"Nigeria","ADM1","first_birth_under20","First birth < 20","adverse",18,20,37,"Jigawa",2024,67.83655527,35,18,-11.58504379,11.58504379,0.25,7,8.19148327,-8.19148327,8.19148327,"improving","Improving",1,0,0,"Positive means worsening; signs for beneficial coverage indicators are reversed"
"Nigeria","ADM1","first_birth_under20","First birth < 20","adverse",19,19,37,"Ebonyi",2024,39.12518893,17,19,-11.36561424,11.36561424,0.25,7,8.19148327,-8.19148327,8.19148327,"improving","Improving",1,0,0,"Positive means worsening; signs for beneficial coverage indicators are reversed"
"Nigeria","ADM1","first_birth_under20","First birth < 20","adverse",20,18,37,"Akwa Ibom",2024,46.94275336,19,20,-11.02961883,11.02961883,0.25,7,8.19148327,-8.19148327,8.19148327,"improving","Improving",1,0,0,"Positive means worsening; signs for beneficial coverage indicators are reversed"
"Nigeria","ADM1","first_birth_under20","First birth < 20","adverse",21,17,37,"Niger",2024,51.0756519,24,21,-10.89933822,10.89933822,0.25,7,8.19148327,-8.19148327,8.19148327,"improving","Improving",1,0,0,"Positive means worsening; signs for beneficial coverage indicators are reversed"
"Nigeria","ADM1","first_birth_under20","First birth < 20","adverse",22,16,37,"FCT Abuja",2024,31.39053496,12,22,-10.49850269,10.49850269,0.25,7,8.19148327,-8.19148327,8.19148327,"improving","Improving",1,0,0,"Positive means worsening; signs for beneficial coverage indicators are reversed"
"Nigeria","ADM1","first_birth_under20","First birth < 20","adverse",23,15,37,"Enugu",2024,30.74329616,9,23,-10.42168292,10.42168292,0.25,7,8.19148327,-8.19148327,8.19148327,"improving","Improving",1,0,0,"Positive means worsening; signs for beneficial coverage indicators are reversed"
"Nigeria","ADM1","first_birth_under20","First birth < 20","adverse",24,14,37,"Borno",2024,52.57968717,25,24,-9.95067484,9.95067484,0.25,7,8.19148327,-8.19148327,8.19148327,"improving","Improving",1,0,0,"Positive means worsening; signs for beneficial coverage indicators are reversed"
"Nigeria","ADM1","first_birth_under20","First birth < 20","adverse",25,13,37,"Ondo",2024,30.93518784,10,25,-8.66219428,8.66219428,0.25,7,8.19148327,-8.19148327,8.19148327,"improving","Improving",1,0,0,"Positive means worsening; signs for beneficial coverage indicators are reversed"
"Nigeria","ADM1","first_birth_under20","First birth < 20","adverse",26,12,37,"Lagos",2024,15.24291624,1,26,-8.51385583,8.51385583,0.25,7,8.19148327,-8.19148327,8.19148327,"improving","Improving",1,0,0,"Positive means worsening; signs for beneficial coverage indicators are reversed"
"Nigeria","ADM1","first_birth_under20","First birth < 20","adverse",27,10,37,"Adamawa",2024,59.37119906,28,27,-8.19148327,8.19148327,0.25,7,8.19148327,-8.19148327,8.19148327,"inside_threshold","Non-significant change",0,1,0,"Positive means worsening; signs for beneficial coverage indicators are reversed"
"Nigeria","ADM1","first_birth_under20","First birth < 20","adverse",28,9,37,"Zamfara",2024,69.22620392,37,28,-7.53501554,7.53501554,0.25,7,8.19148327,-8.19148327,8.19148327,"inside_threshold","Non-significant change",0,1,0,"Positive means worsening; signs for beneficial coverage indicators are reversed"
"Nigeria","ADM1","first_birth_under20","First birth < 20","adverse",29,8,37,"Gombe",2024,68.30856973,36,29,-6.36533213,6.36533213,0.25,7,8.19148327,-8.19148327,8.19148327,"inside_threshold","Non-significant change",0,1,0,"Positive means worsening; signs for beneficial coverage indicators are reversed"
"Nigeria","ADM1","first_birth_under20","First birth < 20","adverse",30,7,37,"Osun",2024,22.12313825,5,30,-3.89121118,3.89121118,0.25,7,8.19148327,-8.19148327,8.19148327,"inside_threshold","Non-significant change",0,1,0,"Positive means worsening; signs for beneficial coverage indicators are reversed"
"Nigeria","ADM1","first_birth_under20","First birth < 20","adverse",31,6,37,"Kogi",2024,46.7375006,18,31,-3.3883082,3.3883082,0.25,7,8.19148327,-8.19148327,8.19148327,"inside_threshold","Non-significant change",0,1,0,"Positive means worsening; signs for beneficial coverage indicators are reversed"
"Nigeria","ADM1","first_birth_under20","First birth < 20","adverse",32,5,37,"Nasarawa",2024,49.56148142,22,32,-3.3122175,3.3122175,0.25,7,8.19148327,-8.19148327,8.19148327,"inside_threshold","Non-significant change",0,1,0,"Positive means worsening; signs for beneficial coverage indicators are reversed"
"Nigeria","ADM1","first_birth_under20","First birth < 20","adverse",33,4,37,"Yobe",2024,65.56224881,32,33,-2.98910482,2.98910482,0.25,7,8.19148327,-8.19148327,8.19148327,"inside_threshold","Non-significant change",0,1,0,"Positive means worsening; signs for beneficial coverage indicators are reversed"
"Nigeria","ADM1","first_birth_under20","First birth < 20","adverse",34,3,37,"Ekiti",2024,31.13050132,11,34,-2.92655045,2.92655045,0.25,7,8.19148327,-8.19148327,8.19148327,"inside_threshold","Non-significant change",0,1,0,"Positive means worsening; signs for beneficial coverage indicators are reversed"
"Nigeria","ADM1","first_birth_under20","First birth < 20","adverse",35,1,37,"Kaduna",2024,67.50766661,34,35,0.31898343,0.31898343,0.25,7,8.19148327,-8.19148327,8.19148327,"inside_threshold","Non-significant change",0,1,0,"Positive means worsening; signs for beneficial coverage indicators are reversed"
"Nigeria","ADM1","first_birth_under20","First birth < 20","adverse",36,2,37,"Kwara",2024,32.93797251,14,36,1.48510319,1.48510319,0.25,7,8.19148327,-8.19148327,8.19148327,"inside_threshold","Non-significant change",0,1,0,"Positive means worsening; signs for beneficial coverage indicators are reversed"
"Nigeria","ADM1","first_birth_under20","First birth < 20","adverse",37,11,37,"Plateau",2024,50.38827938,23,37,8.35541874,8.35541874,0.25,7,8.19148327,-8.19148327,8.19148327,"worsening","Worsening",0,0,1,"Positive means worsening; signs for beneficial coverage indicators are reversed"
"Nigeria","ADM1","facility_delivery","Facility delivery","beneficial",1,37,37,"Borno",2024,45.915765,23,1,-28.937108,28.937108,0.25,7,6.813483,-6.813483,6.813483,"improving","Improving",1,0,0,"Positive means worsening; signs for beneficial coverage indicators are reversed"
"Nigeria","ADM1","facility_delivery","Facility delivery","beneficial",2,36,37,"Ondo",2024,83.187846,9,2,-26.943072,26.943072,0.25,7,6.813483,-6.813483,6.813483,"improving","Improving",1,0,0,"Positive means worsening; signs for beneficial coverage indicators are reversed"
"Nigeria","ADM1","facility_delivery","Facility delivery","beneficial",3,35,37,"Delta",2024,82.982899,10,3,-25.333893,25.333893,0.25,7,6.813483,-6.813483,6.813483,"improving","Improving",1,0,0,"Positive means worsening; signs for beneficial coverage indicators are reversed"
"Nigeria","ADM1","facility_delivery","Facility delivery","beneficial",4,33,37,"Yobe",2024,32.082441,29,4,-24.517599,24.517599,0.25,7,6.813483,-6.813483,6.813483,"improving","Improving",1,0,0,"Positive means worsening; signs for beneficial coverage indicators are reversed"
"Nigeria","ADM1","facility_delivery","Facility delivery","beneficial",5,32,37,"Gombe",2024,48.530973,21,5,-20.970461,20.970461,0.25,7,6.813483,-6.813483,6.813483,"improving","Improving",1,0,0,"Positive means worsening; signs for beneficial coverage indicators are reversed"
"Nigeria","ADM1","facility_delivery","Facility delivery","beneficial",6,31,37,"Kano",2024,32.673853,28,6,-19.805674,19.805674,0.25,7,6.813483,-6.813483,6.813483,"improving","Improving",1,0,0,"Positive means worsening; signs for beneficial coverage indicators are reversed"
"Nigeria","ADM1","facility_delivery","Facility delivery","beneficial",7,30,37,"Ebonyi",2024,79.367592,13,7,-19.759424,19.759424,0.25,7,6.813483,-6.813483,6.813483,"improving","Improving",1,0,0,"Positive means worsening; signs for beneficial coverage indicators are reversed"
"Nigeria","ADM1","facility_delivery","Facility delivery","beneficial",8,29,37,"Cross River",2024,58.834953,17,8,-18.454595,18.454595,0.25,7,6.813483,-6.813483,6.813483,"improving","Improving",1,0,0,"Positive means worsening; signs for beneficial coverage indicators are reversed"
"Nigeria","ADM1","facility_delivery","Facility delivery","beneficial",9,28,37,"Bayelsa",2024,46.117097,22,9,-17.698996,17.698996,0.25,7,6.813483,-6.813483,6.813483,"improving","Improving",1,0,0,"Positive means worsening; signs for beneficial coverage indicators are reversed"
"Nigeria","ADM1","facility_delivery","Facility delivery","beneficial",10,26,37,"Edo",2024,90.920718,3,10,-16.184339,16.184339,0.25,7,6.813483,-6.813483,6.813483,"improving","Improving",1,0,0,"Positive means worsening; signs for beneficial coverage indicators are reversed"
"Nigeria","ADM1","facility_delivery","Facility delivery","beneficial",11,25,37,"Nasarawa",2024,55.708749,19,11,-15.595458,15.595458,0.25,7,6.813483,-6.813483,6.813483,"improving","Improving",1,0,0,"Positive means worsening; signs for beneficial coverage indicators are reversed"
"Nigeria","ADM1","facility_delivery","Facility delivery","beneficial",12,24,37,"Jigawa",2024,21.405216,33,12,-14.691437,14.691437,0.25,7,6.813483,-6.813483,6.813483,"improving","Improving",1,0,0,"Positive means worsening; signs for beneficial coverage indicators are reversed"
"Nigeria","ADM1","facility_delivery","Facility delivery","beneficial",13,23,37,"Bauchi",2024,31.142297,30,13,-14.214877,14.214877,0.25,7,6.813483,-6.813483,6.813483,"improving","Improving",1,0,0,"Positive means worsening; signs for beneficial coverage indicators are reversed"
"Nigeria","ADM1","facility_delivery","Facility delivery","beneficial",14,22,37,"Abia",2024,85.956188,5,14,-13.122642,13.122642,0.25,7,6.813483,-6.813483,6.813483,"improving","Improving",1,0,0,"Positive means worsening; signs for beneficial coverage indicators are reversed"
"Nigeria","ADM1","facility_delivery","Facility delivery","beneficial",15,21,37,"FCT Abuja",2024,81.334621,12,15,-12.240755,12.240755,0.25,7,6.813483,-6.813483,6.813483,"improving","Improving",1,0,0,"Positive means worsening; signs for beneficial coverage indicators are reversed"
"Nigeria","ADM1","facility_delivery","Facility delivery","beneficial",16,20,37,"Zamfara",2024,15.314362,35,16,-10.316152,10.316152,0.25,7,6.813483,-6.813483,6.813483,"improving","Improving",1,0,0,"Positive means worsening; signs for beneficial coverage indicators are reversed"
"Nigeria","ADM1","facility_delivery","Facility delivery","beneficial",17,19,37,"Plateau",2024,45.687297,24,17,-9.866919,9.866919,0.25,7,6.813483,-6.813483,6.813483,"improving","Improving",1,0,0,"Positive means worsening; signs for beneficial coverage indicators are reversed"
"Nigeria","ADM1","facility_delivery","Facility delivery","beneficial",18,18,37,"Taraba",2024,33.001944,27,18,-9.650946,9.650946,0.25,7,6.813483,-6.813483,6.813483,"improving","Improving",1,0,0,"Positive means worsening; signs for beneficial coverage indicators are reversed"
"Nigeria","ADM1","facility_delivery","Facility delivery","beneficial",19,17,37,"Ogun",2024,83.329697,7,19,-8.65591,8.65591,0.25,7,6.813483,-6.813483,6.813483,"improving","Improving",1,0,0,"Positive means worsening; signs for beneficial coverage indicators are reversed"
"Nigeria","ADM1","facility_delivery","Facility delivery","beneficial",20,16,37,"Lagos",2024,85.844276,6,20,-8.650791,8.650791,0.25,7,6.813483,-6.813483,6.813483,"improving","Improving",1,0,0,"Positive means worsening; signs for beneficial coverage indicators are reversed"
"Nigeria","ADM1","facility_delivery","Facility delivery","beneficial",21,15,37,"Adamawa",2024,41.579381,25,21,-8.187058,8.187058,0.25,7,6.813483,-6.813483,6.813483,"improving","Improving",1,0,0,"Positive means worsening; signs for beneficial coverage indicators are reversed"
"Nigeria","ADM1","facility_delivery","Facility delivery","beneficial",22,14,37,"Benue",2024,59.046486,16,22,-8.123848,8.123848,0.25,7,6.813483,-6.813483,6.813483,"improving","Improving",1,0,0,"Positive means worsening; signs for beneficial coverage indicators are reversed"
"Nigeria","ADM1","facility_delivery","Facility delivery","beneficial",23,13,37,"Rivers",2024,56.884896,18,23,-7.915635,7.915635,0.25,7,6.813483,-6.813483,6.813483,"improving","Improving",1,0,0,"Positive means worsening; signs for beneficial coverage indicators are reversed"
"Nigeria","ADM1","facility_delivery","Facility delivery","beneficial",24,12,37,"Sokoto",2024,12.456265,36,24,-7.74394,7.74394,0.25,7,6.813483,-6.813483,6.813483,"improving","Improving",1,0,0,"Positive means worsening; signs for beneficial coverage indicators are reversed"
"Nigeria","ADM1","facility_delivery","Facility delivery","beneficial",25,11,37,"Enugu",2024,92.587143,2,25,-7.079995,7.079995,0.25,7,6.813483,-6.813483,6.813483,"improving","Improving",1,0,0,"Positive means worsening; signs for beneficial coverage indicators are reversed"
"Nigeria","ADM1","facility_delivery","Facility delivery","beneficial",26,10,37,"Katsina",2024,15.80346,34,26,-6.813483,6.813483,0.25,7,6.813483,-6.813483,6.813483,"inside_threshold","Non-significant change",0,1,0,"Positive means worsening; signs for beneficial coverage indicators are reversed"
"Nigeria","ADM1","facility_delivery","Facility delivery","beneficial",27,8,37,"Imo",2024,97.026071,1,27,-6.130109,6.130109,0.25,7,6.813483,-6.813483,6.813483,"inside_threshold","Non-significant change",0,1,0,"Positive means worsening; signs for beneficial coverage indicators are reversed"
"Nigeria","ADM1","facility_delivery","Facility delivery","beneficial",28,7,37,"Niger",2024,30.184659,31,28,-4.870352,4.870352,0.25,7,6.813483,-6.813483,6.813483,"inside_threshold","Non-significant change",0,1,0,"Positive means worsening; signs for beneficial coverage indicators are reversed"
"Nigeria","ADM1","facility_delivery","Facility delivery","beneficial",29,2,37,"Kebbi",2024,8.843813,37,29,-0.375379,0.375379,0.25,7,6.813483,-6.813483,6.813483,"inside_threshold","Non-significant change",0,1,0,"Positive means worsening; signs for beneficial coverage indicators are reversed"
"Nigeria","ADM1","facility_delivery","Facility delivery","beneficial",30,1,37,"Oyo",2024,75.027198,14,30,-0.310065,0.310065,0.25,7,6.813483,-6.813483,6.813483,"inside_threshold","Non-significant change",0,1,0,"Positive means worsening; signs for beneficial coverage indicators are reversed"
"Nigeria","ADM1","facility_delivery","Facility delivery","beneficial",31,3,37,"Anambra",2024,83.24692,8,31,1.402055,1.402055,0.25,7,6.813483,-6.813483,6.813483,"inside_threshold","Non-significant change",0,1,0,"Positive means worsening; signs for beneficial coverage indicators are reversed"
"Nigeria","ADM1","facility_delivery","Facility delivery","beneficial",32,4,37,"Osun",2024,86.672552,4,32,2.466104,2.466104,0.25,7,6.813483,-6.813483,6.813483,"inside_threshold","Non-significant change",0,1,0,"Positive means worsening; signs for beneficial coverage indicators are reversed"
"Nigeria","ADM1","facility_delivery","Facility delivery","beneficial",33,5,37,"Akwa Ibom",2024,38.588981,26,33,4.588946,4.588946,0.25,7,6.813483,-6.813483,6.813483,"inside_threshold","Non-significant change",0,1,0,"Positive means worsening; signs for beneficial coverage indicators are reversed"
"Nigeria","ADM1","facility_delivery","Facility delivery","beneficial",34,6,37,"Ekiti",2024,81.658578,11,34,4.654215,4.654215,0.25,7,6.813483,-6.813483,6.813483,"inside_threshold","Non-significant change",0,1,0,"Positive means worsening; signs for beneficial coverage indicators are reversed"
"Nigeria","ADM1","facility_delivery","Facility delivery","beneficial",35,9,37,"Kaduna",2024,25.859501,32,35,6.491867,6.491867,0.25,7,6.813483,-6.813483,6.813483,"inside_threshold","Non-significant change",0,1,0,"Positive means worsening; signs for beneficial coverage indicators are reversed"
"Nigeria","ADM1","facility_delivery","Facility delivery","beneficial",36,27,37,"Kogi",2024,62.161529,15,36,16.758308,16.758308,0.25,7,6.813483,-6.813483,6.813483,"worsening","Worsening",0,0,1,"Positive means worsening; signs for beneficial coverage indicators are reversed"
"Nigeria","ADM1","facility_delivery","Facility delivery","beneficial",37,34,37,"Kwara",2024,51.497966,20,37,25.234365,25.234365,0.25,7,6.813483,-6.813483,6.813483,"worsening","Worsening",0,0,1,"Positive means worsening; signs for beneficial coverage indicators are reversed"
"Nigeria","ADM1","fever_care_seeking","Fever care seeking","beneficial",1,37,37,"Ogun",2024,79.949113,7,1,-59.5826,59.5826,0.25,7,3.791785,-3.791785,3.791785,"improving","Improving",1,0,0,"Positive means worsening; signs for beneficial coverage indicators are reversed"
"Nigeria","ADM1","fever_care_seeking","Fever care seeking","beneficial",2,34,37,"Benue",2024,67.178773,17,2,-35.7994,35.7994,0.25,7,3.791785,-3.791785,3.791785,"improving","Improving",1,0,0,"Positive means worsening; signs for beneficial coverage indicators are reversed"
"Nigeria","ADM1","fever_care_seeking","Fever care seeking","beneficial",3,33,37,"Anambra",2024,88.41948,2,3,-33.843034,33.843034,0.25,7,3.791785,-3.791785,3.791785,"improving","Improving",1,0,0,"Positive means worsening; signs for beneficial coverage indicators are reversed"
"Nigeria","ADM1","fever_care_seeking","Fever care seeking","beneficial",4,28,37,"Delta",2024,65.252366,19,4,-19.072747,19.072747,0.25,7,3.791785,-3.791785,3.791785,"improving","Improving",1,0,0,"Positive means worsening; signs for beneficial coverage indicators are reversed"
"Nigeria","ADM1","fever_care_seeking","Fever care seeking","beneficial",5,25,37,"FCT Abuja",2024,88.242503,3,5,-14.5485,14.5485,0.25,7,3.791785,-3.791785,3.791785,"improving","Improving",1,0,0,"Positive means worsening; signs for beneficial coverage indicators are reversed"
"Nigeria","ADM1","fever_care_seeking","Fever care seeking","beneficial",6,24,37,"Imo",2024,91.521115,1,6,-14.535462,14.535462,0.25,7,3.791785,-3.791785,3.791785,"improving","Improving",1,0,0,"Positive means worsening; signs for beneficial coverage indicators are reversed"
"Nigeria","ADM1","fever_care_seeking","Fever care seeking","beneficial",7,20,37,"Lagos",2024,81.480825,6,7,-11.681326,11.681326,0.25,7,3.791785,-3.791785,3.791785,"improving","Improving",1,0,0,"Positive means worsening; signs for beneficial coverage indicators are reversed"
"Nigeria","ADM1","fever_care_seeking","Fever care seeking","beneficial",8,15,37,"Kaduna",2024,58.035336,29,8,-9.37433,9.37433,0.25,7,3.791785,-3.791785,3.791785,"improving","Improving",1,0,0,"Positive means worsening; signs for beneficial coverage indicators are reversed"
"Nigeria","ADM1","fever_care_seeking","Fever care seeking","beneficial",9,12,37,"Borno",2024,69.901994,12,9,-7.192522,7.192522,0.25,7,3.791785,-3.791785,3.791785,"improving","Improving",1,0,0,"Positive means worsening; signs for beneficial coverage indicators are reversed"
"Nigeria","ADM1","fever_care_seeking","Fever care seeking","beneficial",10,10,37,"Jigawa",2024,69.456826,13,10,-3.791785,3.791785,0.25,7,3.791785,-3.791785,3.791785,"inside_threshold","Non-significant change",0,1,0,"Positive means worsening; signs for beneficial coverage indicators are reversed"
"Nigeria","ADM1","fever_care_seeking","Fever care seeking","beneficial",11,7,37,"Cross River",2024,83.384644,5,11,-3.534402,3.534402,0.25,7,3.791785,-3.791785,3.791785,"inside_threshold","Non-significant change",0,1,0,"Positive means worsening; signs for beneficial coverage indicators are reversed"
"Nigeria","ADM1","fever_care_seeking","Fever care seeking","beneficial",12,5,37,"Katsina",2024,56.315834,30,12,-2.970709,2.970709,0.25,7,3.791785,-3.791785,3.791785,"inside_threshold","Non-significant change",0,1,0,"Positive means worsening; signs for beneficial coverage indicators are reversed"
"Nigeria","ADM1","fever_care_seeking","Fever care seeking","beneficial",13,1,37,"Gombe",2024,83.810327,4,13,0.129525,0.129525,0.25,7,3.791785,-3.791785,3.791785,"inside_threshold","Non-significant change",0,1,0,"Positive means worsening; signs for beneficial coverage indicators are reversed"
"Nigeria","ADM1","fever_care_seeking","Fever care seeking","beneficial",14,2,37,"Ekiti",2024,61.840265,24,14,0.854625,0.854625,0.25,7,3.791785,-3.791785,3.791785,"inside_threshold","Non-significant change",0,1,0,"Positive means worsening; signs for beneficial coverage indicators are reversed"
"Nigeria","ADM1","fever_care_seeking","Fever care seeking","beneficial",15,3,37,"Niger",2024,64.979575,21,15,1.279663,1.279663,0.25,7,3.791785,-3.791785,3.791785,"inside_threshold","Non-significant change",0,1,0,"Positive means worsening; signs for beneficial coverage indicators are reversed"
"Nigeria","ADM1","fever_care_seeking","Fever care seeking","beneficial",16,4,37,"Zamfara",2024,67.853352,16,16,2.898056,2.898056,0.25,7,3.791785,-3.791785,3.791785,"inside_threshold","Non-significant change",0,1,0,"Positive means worsening; signs for beneficial coverage indicators are reversed"
"Nigeria","ADM1","fever_care_seeking","Fever care seeking","beneficial",17,6,37,"Sokoto",2024,59.118744,27,17,3.530638,3.530638,0.25,7,3.791785,-3.791785,3.791785,"inside_threshold","Non-significant change",0,1,0,"Positive means worsening; signs for beneficial coverage indicators are reversed"
"Nigeria","ADM1","fever_care_seeking","Fever care seeking","beneficial",18,8,37,"Osun",2024,69.141468,14,18,3.606802,3.606802,0.25,7,3.791785,-3.791785,3.791785,"inside_threshold","Non-significant change",0,1,0,"Positive means worsening; signs for beneficial coverage indicators are reversed"
"Nigeria","ADM1","fever_care_seeking","Fever care seeking","beneficial",19,9,37,"Plateau",2024,54.335655,32,19,3.766189,3.766189,0.25,7,3.791785,-3.791785,3.791785,"inside_threshold","Non-significant change",0,1,0,"Positive means worsening; signs for beneficial coverage indicators are reversed"
"Nigeria","ADM1","fever_care_seeking","Fever care seeking","beneficial",20,11,37,"Bayelsa",2024,71.31183,9,20,6.752841,6.752841,0.25,7,3.791785,-3.791785,3.791785,"worsening","Worsening",0,0,1,"Positive means worsening; signs for beneficial coverage indicators are reversed"
"Nigeria","ADM1","fever_care_seeking","Fever care seeking","beneficial",21,13,37,"Ondo",2024,65.15844,20,21,8.092883,8.092883,0.25,7,3.791785,-3.791785,3.791785,"worsening","Worsening",0,0,1,"Positive means worsening; signs for beneficial coverage indicators are reversed"
"Nigeria","ADM1","fever_care_seeking","Fever care seeking","beneficial",22,14,37,"Abia",2024,60.588801,25,22,8.604045,8.604045,0.25,7,3.791785,-3.791785,3.791785,"worsening","Worsening",0,0,1,"Positive means worsening; signs for beneficial coverage indicators are reversed"
"Nigeria","ADM1","fever_care_seeking","Fever care seeking","beneficial",23,16,37,"Kwara",2024,68.005494,15,23,10.148776,10.148776,0.25,7,3.791785,-3.791785,3.791785,"worsening","Worsening",0,0,1,"Positive means worsening; signs for beneficial coverage indicators are reversed"
"Nigeria","ADM1","fever_care_seeking","Fever care seeking","beneficial",24,17,37,"Adamawa",2024,70.305299,10,24,10.777706,10.777706,0.25,7,3.791785,-3.791785,3.791785,"worsening","Worsening",0,0,1,"Positive means worsening; signs for beneficial coverage indicators are reversed"
"Nigeria","ADM1","fever_care_seeking","Fever care seeking","beneficial",25,18,37,"Nasarawa",2024,72.818953,8,25,11.040373,11.040373,0.25,7,3.791785,-3.791785,3.791785,"worsening","Worsening",0,0,1,"Positive means worsening; signs for beneficial coverage indicators are reversed"
"Nigeria","ADM1","fever_care_seeking","Fever care seeking","beneficial",26,19,37,"Yobe",2024,62.122155,23,26,11.274879,11.274879,0.25,7,3.791785,-3.791785,3.791785,"worsening","Worsening",0,0,1,"Positive means worsening; signs for beneficial coverage indicators are reversed"
"Nigeria","ADM1","fever_care_seeking","Fever care seeking","beneficial",27,21,37,"Akwa Ibom",2024,70.056854,11,27,11.838794,11.838794,0.25,7,3.791785,-3.791785,3.791785,"worsening","Worsening",0,0,1,"Positive means worsening; signs for beneficial coverage indicators are reversed"
"Nigeria","ADM1","fever_care_seeking","Fever care seeking","beneficial",28,22,37,"Oyo",2024,63.467586,22,28,12.667039,12.667039,0.25,7,3.791785,-3.791785,3.791785,"worsening","Worsening",0,0,1,"Positive means worsening; signs for beneficial coverage indicators are reversed"
"Nigeria","ADM1","fever_care_seeking","Fever care seeking","beneficial",29,23,37,"Taraba",2024,56.12855,31,29,13.426508,13.426508,0.25,7,3.791785,-3.791785,3.791785,"worsening","Worsening",0,0,1,"Positive means worsening; signs for beneficial coverage indicators are reversed"
"Nigeria","ADM1","fever_care_seeking","Fever care seeking","beneficial",30,26,37,"Enugu",2024,52.717287,33,30,16.662665,16.662665,0.25,7,3.791785,-3.791785,3.791785,"worsening","Worsening",0,0,1,"Positive means worsening; signs for beneficial coverage indicators are reversed"
"Nigeria","ADM1","fever_care_seeking","Fever care seeking","beneficial",31,27,37,"Edo",2024,59.138604,26,31,18.287235,18.287235,0.25,7,3.791785,-3.791785,3.791785,"worsening","Worsening",0,0,1,"Positive means worsening; signs for beneficial coverage indicators are reversed"
"Nigeria","ADM1","fever_care_seeking","Fever care seeking","beneficial",32,29,37,"Kogi",2024,66.707402,18,32,21.154599,21.154599,0.25,7,3.791785,-3.791785,3.791785,"worsening","Worsening",0,0,1,"Positive means worsening; signs for beneficial coverage indicators are reversed"
"Nigeria","ADM1","fever_care_seeking","Fever care seeking","beneficial",33,30,37,"Rivers",2024,58.384398,28,33,22.734067,22.734067,0.25,7,3.791785,-3.791785,3.791785,"worsening","Worsening",0,0,1,"Positive means worsening; signs for beneficial coverage indicators are reversed"
"Nigeria","ADM1","fever_care_seeking","Fever care seeking","beneficial",34,31,37,"Kano",2024,45.078199,34,34,25.268647,25.268647,0.25,7,3.791785,-3.791785,3.791785,"worsening","Worsening",0,0,1,"Positive means worsening; signs for beneficial coverage indicators are reversed"
"Nigeria","ADM1","fever_care_seeking","Fever care seeking","beneficial",35,32,37,"Kebbi",2024,41.447545,35,35,29.028682,29.028682,0.25,7,3.791785,-3.791785,3.791785,"worsening","Worsening",0,0,1,"Positive means worsening; signs for beneficial coverage indicators are reversed"
"Nigeria","ADM1","fever_care_seeking","Fever care seeking","beneficial",36,35,37,"Ebonyi",2024,39.666647,36,36,36.126057,36.126057,0.25,7,3.791785,-3.791785,3.791785,"worsening","Worsening",0,0,1,"Positive means worsening; signs for beneficial coverage indicators are reversed"
"Nigeria","ADM1","fever_care_seeking","Fever care seeking","beneficial",37,36,37,"Bauchi",2024,38.603106,37,37,37.028889,37.028889,0.25,7,3.791785,-3.791785,3.791785,"worsening","Worsening",0,0,1,"Positive means worsening; signs for beneficial coverage indicators are reversed"
"Nigeria","ADM1","anc4plus","ANC4+","beneficial",1,37,37,"Borno",2024,61.103373,18,1,-35.100614,35.100614,0.25,7,5.900175,-5.900175,5.900175,"improving","Improving",1,0,0,"Positive means worsening; signs for beneficial coverage indicators are reversed"
"Nigeria","ADM1","anc4plus","ANC4+","beneficial",2,33,37,"Yobe",2024,48.495499,28,2,-28.930607,28.930607,0.25,7,5.900175,-5.900175,5.900175,"improving","Improving",1,0,0,"Positive means worsening; signs for beneficial coverage indicators are reversed"
"Nigeria","ADM1","anc4plus","ANC4+","beneficial",3,32,37,"Rivers",2024,76.477595,8,3,-23.507253,23.507253,0.25,7,5.900175,-5.900175,5.900175,"improving","Improving",1,0,0,"Positive means worsening; signs for beneficial coverage indicators are reversed"
"Nigeria","ADM1","anc4plus","ANC4+","beneficial",4,28,37,"Kaduna",2024,59.432276,20,4,-15.258359,15.258359,0.25,7,5.900175,-5.900175,5.900175,"improving","Improving",1,0,0,"Positive means worsening; signs for beneficial coverage indicators are reversed"
"Nigeria","ADM1","anc4plus","ANC4+","beneficial",5,27,37,"Bayelsa",2024,48.615939,27,5,-14.790368,14.790368,0.25,7,5.900175,-5.900175,5.900175,"improving","Improving",1,0,0,"Positive means worsening; signs for beneficial coverage indicators are reversed"
"Nigeria","ADM1","anc4plus","ANC4+","beneficial",6,24,37,"Katsina",2024,37.178724,33,6,-14.040179,14.040179,0.25,7,5.900175,-5.900175,5.900175,"improving","Improving",1,0,0,"Positive means worsening; signs for beneficial coverage indicators are reversed"
"Nigeria","ADM1","anc4plus","ANC4+","beneficial",7,21,37,"Benue",2024,49.128425,26,7,-12.507925,12.507925,0.25,7,5.900175,-5.900175,5.900175,"improving","Improving",1,0,0,"Positive means worsening; signs for beneficial coverage indicators are reversed"
"Nigeria","ADM1","anc4plus","ANC4+","beneficial",8,20,37,"Akwa Ibom",2024,65.724152,14,8,-10.489225,10.489225,0.25,7,5.900175,-5.900175,5.900175,"improving","Improving",1,0,0,"Positive means worsening; signs for beneficial coverage indicators are reversed"
"Nigeria","ADM1","anc4plus","ANC4+","beneficial",9,19,37,"Taraba",2024,50.546595,25,9,-10.380868,10.380868,0.25,7,5.900175,-5.900175,5.900175,"improving","Improving",1,0,0,"Positive means worsening; signs for beneficial coverage indicators are reversed"
"Nigeria","ADM1","anc4plus","ANC4+","beneficial",10,18,37,"Kano",2024,51.261443,24,10,-10.062997,10.062997,0.25,7,5.900175,-5.900175,5.900175,"improving","Improving",1,0,0,"Positive means worsening; signs for beneficial coverage indicators are reversed"
"Nigeria","ADM1","anc4plus","ANC4+","beneficial",11,16,37,"Anambra",2024,84.858744,4,11,-8.018905,8.018905,0.25,7,5.900175,-5.900175,5.900175,"improving","Improving",1,0,0,"Positive means worsening; signs for beneficial coverage indicators are reversed"
"Nigeria","ADM1","anc4plus","ANC4+","beneficial",12,15,37,"Nasarawa",2024,65.953382,13,12,-7.764167,7.764167,0.25,7,5.900175,-5.900175,5.900175,"improving","Improving",1,0,0,"Positive means worsening; signs for beneficial coverage indicators are reversed"
"Nigeria","ADM1","anc4plus","ANC4+","beneficial",13,12,37,"Sokoto",2024,22.747631,35,13,-6.334862,6.334862,0.25,7,5.900175,-5.900175,5.900175,"improving","Improving",1,0,0,"Positive means worsening; signs for beneficial coverage indicators are reversed"
"Nigeria","ADM1","anc4plus","ANC4+","beneficial",14,9,37,"Plateau",2024,46.436564,30,14,-5.849047,5.849047,0.25,7,5.900175,-5.900175,5.900175,"inside_threshold","Non-significant change",0,1,0,"Positive means worsening; signs for beneficial coverage indicators are reversed"
"Nigeria","ADM1","anc4plus","ANC4+","beneficial",15,8,37,"Bauchi",2024,46.602332,29,15,-4.428233,4.428233,0.25,7,5.900175,-5.900175,5.900175,"inside_threshold","Non-significant change",0,1,0,"Positive means worsening; signs for beneficial coverage indicators are reversed"
"Nigeria","ADM1","anc4plus","ANC4+","beneficial",16,7,37,"Cross River",2024,79.987405,5,16,-4.146753,4.146753,0.25,7,5.900175,-5.900175,5.900175,"inside_threshold","Non-significant change",0,1,0,"Positive means worsening; signs for beneficial coverage indicators are reversed"
"Nigeria","ADM1","anc4plus","ANC4+","beneficial",17,5,37,"Zamfara",2024,21.457577,36,17,-3.661495,3.661495,0.25,7,5.900175,-5.900175,5.900175,"inside_threshold","Non-significant change",0,1,0,"Positive means worsening; signs for beneficial coverage indicators are reversed"
"Nigeria","ADM1","anc4plus","ANC4+","beneficial",18,3,37,"Lagos",2024,95.432872,1,18,-3.405258,3.405258,0.25,7,5.900175,-5.900175,5.900175,"inside_threshold","Non-significant change",0,1,0,"Positive means worsening; signs for beneficial coverage indicators are reversed"
"Nigeria","ADM1","anc4plus","ANC4+","beneficial",19,2,37,"Jigawa",2024,37.660619,32,19,-3.220448,3.220448,0.25,7,5.900175,-5.900175,5.900175,"inside_threshold","Non-significant change",0,1,0,"Positive means worsening; signs for beneficial coverage indicators are reversed"
"Nigeria","ADM1","anc4plus","ANC4+","beneficial",20,1,37,"Osun",2024,91.974982,2,20,2.736045,2.736045,0.25,7,5.900175,-5.900175,5.900175,"inside_threshold","Non-significant change",0,1,0,"Positive means worsening; signs for beneficial coverage indicators are reversed"
"Nigeria","ADM1","anc4plus","ANC4+","beneficial",21,4,37,"Imo",2024,84.932995,3,21,3.523758,3.523758,0.25,7,5.900175,-5.900175,5.900175,"inside_threshold","Non-significant change",0,1,0,"Positive means worsening; signs for beneficial coverage indicators are reversed"
"Nigeria","ADM1","anc4plus","ANC4+","beneficial",22,6,37,"Kebbi",2024,14.031834,37,22,4.026968,4.026968,0.25,7,5.900175,-5.900175,5.900175,"inside_threshold","Non-significant change",0,1,0,"Positive means worsening; signs for beneficial coverage indicators are reversed"
"Nigeria","ADM1","anc4plus","ANC4+","beneficial",23,10,37,"FCT Abuja",2024,79.905067,6,23,5.900175,5.900175,0.25,7,5.900175,-5.900175,5.900175,"inside_threshold","Non-significant change",0,1,0,"Positive means worsening; signs for beneficial coverage indicators are reversed"
"Nigeria","ADM1","anc4plus","ANC4+","beneficial",24,11,37,"Oyo",2024,73.775034,9,24,6.10456,6.10456,0.25,7,5.900175,-5.900175,5.900175,"worsening","Worsening",0,0,1,"Positive means worsening; signs for beneficial coverage indicators are reversed"
"Nigeria","ADM1","anc4plus","ANC4+","beneficial",25,13,37,"Abia",2024,79.05641,7,25,6.402748,6.402748,0.25,7,5.900175,-5.900175,5.900175,"worsening","Worsening",0,0,1,"Positive means worsening; signs for beneficial coverage indicators are reversed"
"Nigeria","ADM1","anc4plus","ANC4+","beneficial",26,14,37,"Edo",2024,62.99775,15,26,6.741092,6.741092,0.25,7,5.900175,-5.900175,5.900175,"worsening","Worsening",0,0,1,"Positive means worsening; signs for beneficial coverage indicators are reversed"
"Nigeria","ADM1","anc4plus","ANC4+","beneficial",27,17,37,"Adamawa",2024,56.421333,21,27,8.299005,8.299005,0.25,7,5.900175,-5.900175,5.900175,"worsening","Worsening",0,0,1,"Positive means worsening; signs for beneficial coverage indicators are reversed"
"Nigeria","ADM1","anc4plus","ANC4+","beneficial",28,22,37,"Ondo",2024,66.281513,12,28,13.554045,13.554045,0.25,7,5.900175,-5.900175,5.900175,"worsening","Worsening",0,0,1,"Positive means worsening; signs for beneficial coverage indicators are reversed"
"Nigeria","ADM1","anc4plus","ANC4+","beneficial",29,23,37,"Delta",2024,60.458586,19,29,13.704933,13.704933,0.25,7,5.900175,-5.900175,5.900175,"worsening","Worsening",0,0,1,"Positive means worsening; signs for beneficial coverage indicators are reversed"
"Nigeria","ADM1","anc4plus","ANC4+","beneficial",30,25,37,"Ebonyi",2024,61.727962,17,30,14.119498,14.119498,0.25,7,5.900175,-5.900175,5.900175,"worsening","Worsening",0,0,1,"Positive means worsening; signs for beneficial coverage indicators are reversed"
"Nigeria","ADM1","anc4plus","ANC4+","beneficial",31,26,37,"Gombe",2024,39.103663,31,31,14.368984,14.368984,0.25,7,5.900175,-5.900175,5.900175,"worsening","Worsening",0,0,1,"Positive means worsening; signs for beneficial coverage indicators are reversed"
"Nigeria","ADM1","anc4plus","ANC4+","beneficial",32,29,37,"Niger",2024,34.69295,34,32,15.377081,15.377081,0.25,7,5.900175,-5.900175,5.900175,"worsening","Worsening",0,0,1,"Positive means worsening; signs for beneficial coverage indicators are reversed"
"Nigeria","ADM1","anc4plus","ANC4+","beneficial",33,30,37,"Ekiti",2024,68.589093,11,33,15.644182,15.644182,0.25,7,5.900175,-5.900175,5.900175,"worsening","Worsening",0,0,1,"Positive means worsening; signs for beneficial coverage indicators are reversed"
"Nigeria","ADM1","anc4plus","ANC4+","beneficial",34,31,37,"Ogun",2024,73.656235,10,34,16.953767,16.953767,0.25,7,5.900175,-5.900175,5.900175,"worsening","Worsening",0,0,1,"Positive means worsening; signs for beneficial coverage indicators are reversed"
"Nigeria","ADM1","anc4plus","ANC4+","beneficial",35,34,37,"Enugu",2024,61.907756,16,35,30.322036,30.322036,0.25,7,5.900175,-5.900175,5.900175,"worsening","Worsening",0,0,1,"Positive means worsening; signs for beneficial coverage indicators are reversed"
"Nigeria","ADM1","anc4plus","ANC4+","beneficial",36,35,37,"Kogi",2024,54.10791,22,36,31.04682,31.04682,0.25,7,5.900175,-5.900175,5.900175,"worsening","Worsening",0,0,1,"Positive means worsening; signs for beneficial coverage indicators are reversed"
"Nigeria","ADM1","anc4plus","ANC4+","beneficial",37,36,37,"Kwara",2024,51.302839,23,37,33.460823,33.460823,0.25,7,5.900175,-5.900175,5.900175,"worsening","Worsening",0,0,1,"Positive means worsening; signs for beneficial coverage indicators are reversed"
