country,survey_year,survey_source,survey_id,population,indicator,admin_level,admin_name,admin_norm,estimate,se,ci_l,ci_u,unweighted_n,survey_order,survey_label
DRC,2013,DHS,DRC_2013_DHS_child,children_under5,severe_stunting,ADM1,Bas-Uele,bas uele,15.20134678,15.20134678,9.053689304,21.34900426,220,1,2013 DHS
DRC,2024,DHS,DRC_2024_DHS_child,children_under5,severe_stunting,ADM1,Bas-Uele,bas uele,26.17499067,26.17499067,16.99602037,35.35396096,388,2,2024 DHS
DRC,2013,DHS,DRC_2013_DHS_child,children_under5,severe_stunting,ADM1,Equateur,equateur,6.102604365,6.102604365,-0.184053853,12.38926258,265,1,2013 DHS
DRC,2024,DHS,DRC_2024_DHS_child,children_under5,severe_stunting,ADM1,Equateur,equateur,17.86740384,17.86740384,13.26902049,22.46578718,432,2,2024 DHS
DRC,2013,DHS,DRC_2013_DHS_child,children_under5,severe_stunting,ADM1,Haut-Katanga,haut katanga,21.06044205,21.06044205,13.95934361,28.16154049,295,1,2013 DHS
DRC,2024,DHS,DRC_2024_DHS_child,children_under5,severe_stunting,ADM1,Haut-Katanga,haut katanga,20.37143111,20.37143111,16.05324887,24.68961336,522,2,2024 DHS
DRC,2013,DHS,DRC_2013_DHS_child,children_under5,severe_stunting,ADM1,Haut-Lomami,haut lomami,29.00144773,29.00144773,24.38147911,33.62141634,296,1,2013 DHS
DRC,2024,DHS,DRC_2024_DHS_child,children_under5,severe_stunting,ADM1,Haut-Lomami,haut lomami,24.57449665,24.57449665,20.30069284,28.84830046,559,2,2024 DHS
DRC,2013,DHS,DRC_2013_DHS_child,children_under5,severe_stunting,ADM1,Haut-Uele,haut uele,24.36034826,24.36034826,17.21079882,31.5098977,226,1,2013 DHS
DRC,2024,DHS,DRC_2024_DHS_child,children_under5,severe_stunting,ADM1,Haut-Uele,haut uele,22.19575929,22.19575929,13.45451181,30.93700678,286,2,2024 DHS
DRC,2013,DHS,DRC_2013_DHS_child,children_under5,severe_stunting,ADM1,Ituri,ituri,26.31499884,26.31499884,17.65254627,34.97745142,278,1,2013 DHS
DRC,2024,DHS,DRC_2024_DHS_child,children_under5,severe_stunting,ADM1,Ituri,ituri,25.81275203,25.81275203,20.67291653,30.95258752,497,2,2024 DHS
DRC,2013,DHS,DRC_2013_DHS_child,children_under5,severe_stunting,ADM1,Kasai,kasai,35.26488947,35.26488947,27.93099281,42.59878613,401,1,2013 DHS
DRC,2024,DHS,DRC_2024_DHS_child,children_under5,severe_stunting,ADM1,Kasai,kasai,22.68930536,22.68930536,15.97442546,29.40418526,561,2,2024 DHS
DRC,2013,DHS,DRC_2013_DHS_child,children_under5,severe_stunting,ADM1,Kasai-Central,kasai central,26.09258329,26.09258329,19.33440346,32.85076312,393,1,2013 DHS
DRC,2024,DHS,DRC_2024_DHS_child,children_under5,severe_stunting,ADM1,Kasai-Central,kasai central,27.91107931,27.91107931,23.32735655,32.49480208,614,2,2024 DHS
DRC,2013,DHS,DRC_2013_DHS_child,children_under5,severe_stunting,ADM1,Kasai-Oriental,kasai oriental,16.93829547,16.93829547,13.03042373,20.84616722,332,1,2013 DHS
DRC,2024,DHS,DRC_2024_DHS_child,children_under5,severe_stunting,ADM1,Kasai-Oriental,kasai oriental,22.94068492,22.94068492,15.55786432,30.32350552,413,2,2024 DHS
DRC,2013,DHS,DRC_2013_DHS_child,children_under5,severe_stunting,ADM1,Kinshasa,kinshasa,5.668649884,5.668649884,3.516807455,7.820492313,471,1,2013 DHS
DRC,2024,DHS,DRC_2024_DHS_child,children_under5,severe_stunting,ADM1,Kinshasa,kinshasa,2.999368133,2.999368133,1.006332979,4.992403286,325,2,2024 DHS
DRC,2013,DHS,DRC_2013_DHS_child,children_under5,severe_stunting,ADM1,Kongo Central,kongo central,24.68875833,24.68875833,15.20960566,34.167911,407,1,2013 DHS
DRC,2024,DHS,DRC_2024_DHS_child,children_under5,severe_stunting,ADM1,Kongo Central,kongo central,23.20007126,23.20007126,18.24515515,28.15498737,324,2,2024 DHS
DRC,2013,DHS,DRC_2013_DHS_child,children_under5,severe_stunting,ADM1,Kwango,kwango,25.42488698,25.42488698,20.90675531,29.94301865,416,1,2013 DHS
DRC,2024,DHS,DRC_2024_DHS_child,children_under5,severe_stunting,ADM1,Kwango,kwango,32.80153486,32.80153486,26.98933764,38.61373208,433,2,2024 DHS
DRC,2013,DHS,DRC_2013_DHS_child,children_under5,severe_stunting,ADM1,Kwilu,kwilu,15.23871953,15.23871953,11.22566859,19.25177048,449,1,2013 DHS
DRC,2024,DHS,DRC_2024_DHS_child,children_under5,severe_stunting,ADM1,Kwilu,kwilu,17.72153826,17.72153826,10.64661385,24.79646267,407,2,2024 DHS
DRC,2013,DHS,DRC_2013_DHS_child,children_under5,severe_stunting,ADM1,Lomami,lomami,32.32980807,32.32980807,26.9289944,37.73062173,404,1,2013 DHS
DRC,2024,DHS,DRC_2024_DHS_child,children_under5,severe_stunting,ADM1,Lomami,lomami,21.84624688,21.84624688,17.666622,26.02587177,505,2,2024 DHS
DRC,2013,DHS,DRC_2013_DHS_child,children_under5,severe_stunting,ADM1,Lualaba,lualaba,17.66322399,17.66322399,12.28797595,23.03847204,228,1,2013 DHS
DRC,2024,DHS,DRC_2024_DHS_child,children_under5,severe_stunting,ADM1,Lualaba,lualaba,24.73054264,24.73054264,18.08892071,31.37216458,570,2,2024 DHS
DRC,2013,DHS,DRC_2013_DHS_child,children_under5,severe_stunting,ADM1,Mai-Ndombe,mai ndombe,13.37249781,13.37249781,6.769085686,19.97590994,318,1,2013 DHS
DRC,2024,DHS,DRC_2024_DHS_child,children_under5,severe_stunting,ADM1,Mai-Ndombe,mai ndombe,18.33565125,18.33565125,14.03740456,22.63389795,303,2,2024 DHS
DRC,2013,DHS,DRC_2013_DHS_child,children_under5,severe_stunting,ADM1,Maniema,maniema,20.65568332,20.65568332,12.0723885,29.23897815,419,1,2013 DHS
DRC,2024,DHS,DRC_2024_DHS_child,children_under5,severe_stunting,ADM1,Maniema,maniema,29.30001581,29.30001581,24.73979535,33.86023627,503,2,2024 DHS
DRC,2013,DHS,DRC_2013_DHS_child,children_under5,severe_stunting,ADM1,Mongala,mongala,23.67242034,23.67242034,19.87735152,27.46748915,322,1,2013 DHS
DRC,2024,DHS,DRC_2024_DHS_child,children_under5,severe_stunting,ADM1,Mongala,mongala,15.4944302,15.4944302,11.59150243,19.39735797,474,2,2024 DHS
DRC,2013,DHS,DRC_2013_DHS_child,children_under5,severe_stunting,ADM1,Nord-Kivu,nord kivu,28.92076222,28.92076222,22.58038649,35.26113794,513,1,2013 DHS
DRC,2024,DHS,DRC_2024_DHS_child,children_under5,severe_stunting,ADM1,Nord-Kivu,nord kivu,33.92203562,33.92203562,25.85160099,41.99247025,507,2,2024 DHS
DRC,2013,DHS,DRC_2013_DHS_child,children_under5,severe_stunting,ADM1,Nord-Ubangi,nord ubangi,19.18969349,19.18969349,13.21247622,25.16691075,282,1,2013 DHS
DRC,2024,DHS,DRC_2024_DHS_child,children_under5,severe_stunting,ADM1,Nord-Ubangi,nord ubangi,24.14130661,24.14130661,19.49663705,28.78597617,463,2,2024 DHS
DRC,2013,DHS,DRC_2013_DHS_child,children_under5,severe_stunting,ADM1,Sankuru,sankuru,23.5119976,23.5119976,16.72810932,30.29588588,314,1,2013 DHS
DRC,2024,DHS,DRC_2024_DHS_child,children_under5,severe_stunting,ADM1,Sankuru,sankuru,21.95943905,21.95943905,16.55094391,27.3679342,415,2,2024 DHS
DRC,2013,DHS,DRC_2013_DHS_child,children_under5,severe_stunting,ADM1,Sud-Kivu,sud kivu,34.33563111,34.33563111,25.27405809,43.39720413,507,1,2013 DHS
DRC,2024,DHS,DRC_2024_DHS_child,children_under5,severe_stunting,ADM1,Sud-Kivu,sud kivu,24.05102691,24.05102691,17.57325656,30.52879725,631,2,2024 DHS
DRC,2013,DHS,DRC_2013_DHS_child,children_under5,severe_stunting,ADM1,Sud-Ubangi,sud ubangi,20.77985681,20.77985681,14.09696904,27.46274458,319,1,2013 DHS
DRC,2024,DHS,DRC_2024_DHS_child,children_under5,severe_stunting,ADM1,Sud-Ubangi,sud ubangi,28.37660065,28.37660065,24.67519093,32.07801037,569,2,2024 DHS
DRC,2013,DHS,DRC_2013_DHS_child,children_under5,severe_stunting,ADM1,Tanganyika,tanganyika,26.2635888,26.2635888,20.23608459,32.29109301,310,1,2013 DHS
DRC,2024,DHS,DRC_2024_DHS_child,children_under5,severe_stunting,ADM1,Tanganyika,tanganyika,24.69984055,24.69984055,20.78208136,28.61759974,441,2,2024 DHS
DRC,2013,DHS,DRC_2013_DHS_child,children_under5,severe_stunting,ADM1,Tshopo,tshopo,26.71571253,26.71571253,17.457707,35.97371805,272,1,2013 DHS
DRC,2024,DHS,DRC_2024_DHS_child,children_under5,severe_stunting,ADM1,Tshopo,tshopo,24.36485002,24.36485002,17.65094057,31.07875946,423,2,2024 DHS
DRC,2013,DHS,DRC_2013_DHS_child,children_under5,severe_stunting,ADM1,Tshuapa,tshuapa,26.43317702,26.43317702,20.94090809,31.92544596,227,1,2013 DHS
DRC,2024,DHS,DRC_2024_DHS_child,children_under5,severe_stunting,ADM1,Tshuapa,tshuapa,20.8815509,20.8815509,14.28198425,27.48111756,405,2,2024 DHS
DRC,2013,DHS,DRC_2013_DHS_child,children_under5,severe_wasting,ADM1,Bas-Uele,bas uele,2.159583599,2.159583599,-0.183065362,4.502232561,220,1,2013 DHS
DRC,2024,DHS,DRC_2024_DHS_child,children_under5,severe_wasting,ADM1,Bas-Uele,bas uele,5.999780588,5.999780588,3.316324499,8.683236676,387,2,2024 DHS
DRC,2013,DHS,DRC_2013_DHS_child,children_under5,severe_wasting,ADM1,Equateur,equateur,0.630143918,0.630143918,-0.482649287,1.742937124,265,1,2013 DHS
DRC,2024,DHS,DRC_2024_DHS_child,children_under5,severe_wasting,ADM1,Equateur,equateur,0.876691271,0.876691271,-0.161226154,1.914608697,436,2,2024 DHS
DRC,2013,DHS,DRC_2013_DHS_child,children_under5,severe_wasting,ADM1,Haut-Katanga,haut katanga,1.165810291,1.165810291,-0.0179829,2.349603481,295,1,2013 DHS
DRC,2024,DHS,DRC_2024_DHS_child,children_under5,severe_wasting,ADM1,Haut-Katanga,haut katanga,1.572126211,1.572126211,0.166375944,2.977876478,525,2,2024 DHS
DRC,2013,DHS,DRC_2013_DHS_child,children_under5,severe_wasting,ADM1,Haut-Lomami,haut lomami,1.466068292,1.466068292,0.095496202,2.836640383,296,1,2013 DHS
DRC,2024,DHS,DRC_2024_DHS_child,children_under5,severe_wasting,ADM1,Haut-Lomami,haut lomami,3.386685175,3.386685175,1.783247102,4.990123248,566,2,2024 DHS
DRC,2013,DHS,DRC_2013_DHS_child,children_under5,severe_wasting,ADM1,Haut-Uele,haut uele,3.979948642,3.979948642,-0.518237218,8.478134502,226,1,2013 DHS
DRC,2024,DHS,DRC_2024_DHS_child,children_under5,severe_wasting,ADM1,Haut-Uele,haut uele,0.40414691,0.40414691,-0.07500874,0.88330256,289,2,2024 DHS
DRC,2013,DHS,DRC_2013_DHS_child,children_under5,severe_wasting,ADM1,Ituri,ituri,7.120111255,7.120111255,2.901793687,11.33842882,278,1,2013 DHS
DRC,2024,DHS,DRC_2024_DHS_child,children_under5,severe_wasting,ADM1,Ituri,ituri,1.637038338,1.637038338,0.26062292,3.013453756,520,2,2024 DHS
DRC,2013,DHS,DRC_2013_DHS_child,children_under5,severe_wasting,ADM1,Kasai,kasai,1.932287431,1.932287431,0.237953087,3.626621775,401,1,2013 DHS
DRC,2024,DHS,DRC_2024_DHS_child,children_under5,severe_wasting,ADM1,Kasai,kasai,4.928139512,4.928139512,1.079039157,8.777239866,568,2,2024 DHS
DRC,2013,DHS,DRC_2013_DHS_child,children_under5,severe_wasting,ADM1,Kasai-Central,kasai central,0.709225927,0.709225927,-0.282695793,1.701147647,393,1,2013 DHS
DRC,2024,DHS,DRC_2024_DHS_child,children_under5,severe_wasting,ADM1,Kasai-Central,kasai central,1.015266297,1.015266297,-0.077346852,2.107879447,626,2,2024 DHS
DRC,2013,DHS,DRC_2013_DHS_child,children_under5,severe_wasting,ADM1,Kasai-Oriental,kasai oriental,3.382728017,3.382728017,1.121957435,5.643498599,332,1,2013 DHS
DRC,2024,DHS,DRC_2024_DHS_child,children_under5,severe_wasting,ADM1,Kasai-Oriental,kasai oriental,0.784251002,0.784251002,0.029356962,1.539145043,424,2,2024 DHS
DRC,2013,DHS,DRC_2013_DHS_child,children_under5,severe_wasting,ADM1,Kinshasa,kinshasa,0.690802219,0.690802219,-0.069793268,1.451397707,471,1,2013 DHS
DRC,2024,DHS,DRC_2024_DHS_child,children_under5,severe_wasting,ADM1,Kinshasa,kinshasa,0.489856968,0.489856968,-0.191086711,1.170800647,325,2,2024 DHS
DRC,2013,DHS,DRC_2013_DHS_child,children_under5,severe_wasting,ADM1,Kongo Central,kongo central,2.864844284,2.864844284,0.764632184,4.965056385,407,1,2013 DHS
DRC,2024,DHS,DRC_2024_DHS_child,children_under5,severe_wasting,ADM1,Kongo Central,kongo central,2.896914549,2.896914549,0.434375429,5.359453669,331,2,2024 DHS
DRC,2013,DHS,DRC_2013_DHS_child,children_under5,severe_wasting,ADM1,Kwango,kwango,3.89479033,3.89479033,1.836987543,5.952593116,416,1,2013 DHS
DRC,2024,DHS,DRC_2024_DHS_child,children_under5,severe_wasting,ADM1,Kwango,kwango,2.620012038,2.620012038,1.199563191,4.040460884,440,2,2024 DHS
DRC,2013,DHS,DRC_2013_DHS_child,children_under5,severe_wasting,ADM1,Kwilu,kwilu,1.19337338,1.19337338,0.020266407,2.366480353,449,1,2013 DHS
DRC,2024,DHS,DRC_2024_DHS_child,children_under5,severe_wasting,ADM1,Kwilu,kwilu,2.399364287,2.399364287,0.537493805,4.261234768,416,2,2024 DHS
DRC,2013,DHS,DRC_2013_DHS_child,children_under5,severe_wasting,ADM1,Lomami,lomami,1.440232021,1.440232021,0.195206076,2.685257966,404,1,2013 DHS
DRC,2024,DHS,DRC_2024_DHS_child,children_under5,severe_wasting,ADM1,Lomami,lomami,2.105936577,2.105936577,0.474399496,3.737473657,505,2,2024 DHS
DRC,2013,DHS,DRC_2013_DHS_child,children_under5,severe_wasting,ADM1,Lualaba,lualaba,3.052688861,3.052688861,0.292163259,5.813214464,228,1,2013 DHS
DRC,2024,DHS,DRC_2024_DHS_child,children_under5,severe_wasting,ADM1,Lualaba,lualaba,2.51283592,2.51283592,-0.195212919,5.220884759,571,2,2024 DHS
DRC,2013,DHS,DRC_2013_DHS_child,children_under5,severe_wasting,ADM1,Mai-Ndombe,mai ndombe,6.415072188,6.415072188,1.546836901,11.28330748,318,1,2013 DHS
DRC,2024,DHS,DRC_2024_DHS_child,children_under5,severe_wasting,ADM1,Mai-Ndombe,mai ndombe,2.178639466,2.178639466,0.232247358,4.125031575,306,2,2024 DHS
DRC,2013,DHS,DRC_2013_DHS_child,children_under5,severe_wasting,ADM1,Maniema,maniema,8.590639927,8.590639927,4.551200597,12.63007926,419,1,2013 DHS
DRC,2024,DHS,DRC_2024_DHS_child,children_under5,severe_wasting,ADM1,Maniema,maniema,2.830792729,2.830792729,0.850586819,4.81099864,517,2,2024 DHS
DRC,2013,DHS,DRC_2013_DHS_child,children_under5,severe_wasting,ADM1,Mongala,mongala,2.520458298,2.520458298,0.058187869,4.982728727,322,1,2013 DHS
DRC,2024,DHS,DRC_2024_DHS_child,children_under5,severe_wasting,ADM1,Mongala,mongala,1.230752047,1.230752047,0.087421696,2.374082399,481,2,2024 DHS
DRC,2013,DHS,DRC_2013_DHS_child,children_under5,severe_wasting,ADM1,Nord-Kivu,nord kivu,1.739594294,1.739594294,0.383098632,3.096089955,513,1,2013 DHS
DRC,2024,DHS,DRC_2024_DHS_child,children_under5,severe_wasting,ADM1,Nord-Kivu,nord kivu,1.248378757,1.248378757,-0.240276788,2.737034303,536,2,2024 DHS
DRC,2013,DHS,DRC_2013_DHS_child,children_under5,severe_wasting,ADM1,Nord-Ubangi,nord ubangi,0.392138609,0.392138609,-0.140761248,0.925038466,282,1,2013 DHS
DRC,2024,DHS,DRC_2024_DHS_child,children_under5,severe_wasting,ADM1,Nord-Ubangi,nord ubangi,1.645421073,1.645421073,0.285574415,3.005267732,470,2,2024 DHS
DRC,2013,DHS,DRC_2013_DHS_child,children_under5,severe_wasting,ADM1,Sankuru,sankuru,4.142448839,4.142448839,0.371502741,7.913394936,314,1,2013 DHS
DRC,2024,DHS,DRC_2024_DHS_child,children_under5,severe_wasting,ADM1,Sankuru,sankuru,1.70136213,1.70136213,0.315458198,3.087266062,420,2,2024 DHS
DRC,2013,DHS,DRC_2013_DHS_child,children_under5,severe_wasting,ADM1,Sud-Kivu,sud kivu,3.056017826,3.056017826,1.398429491,4.713606162,507,1,2013 DHS
DRC,2024,DHS,DRC_2024_DHS_child,children_under5,severe_wasting,ADM1,Sud-Kivu,sud kivu,1.308272758,1.308272758,0.167063064,2.449482451,664,2,2024 DHS
DRC,2013,DHS,DRC_2013_DHS_child,children_under5,severe_wasting,ADM1,Sud-Ubangi,sud ubangi,1.939284616,1.939284616,0.316239826,3.562329406,319,1,2013 DHS
DRC,2024,DHS,DRC_2024_DHS_child,children_under5,severe_wasting,ADM1,Sud-Ubangi,sud ubangi,1.010181713,1.010181713,0.172942533,1.847420893,582,2,2024 DHS
DRC,2013,DHS,DRC_2013_DHS_child,children_under5,severe_wasting,ADM1,Tanganyika,tanganyika,3.754569488,3.754569488,0.511601339,6.997537637,310,1,2013 DHS
DRC,2024,DHS,DRC_2024_DHS_child,children_under5,severe_wasting,ADM1,Tanganyika,tanganyika,0.753372285,0.753372285,-0.077973202,1.584717772,441,2,2024 DHS
DRC,2013,DHS,DRC_2013_DHS_child,children_under5,severe_wasting,ADM1,Tshopo,tshopo,2.374882035,2.374882035,0.101078143,4.648685926,272,1,2013 DHS
DRC,2024,DHS,DRC_2024_DHS_child,children_under5,severe_wasting,ADM1,Tshopo,tshopo,3.170830232,3.170830232,0.689580215,5.65208025,428,2,2024 DHS
DRC,2013,DHS,DRC_2013_DHS_child,children_under5,severe_wasting,ADM1,Tshuapa,tshuapa,2.384714657,2.384714657,0.318229988,4.451199325,227,1,2013 DHS
DRC,2024,DHS,DRC_2024_DHS_child,children_under5,severe_wasting,ADM1,Tshuapa,tshuapa,3.365611457,3.365611457,1.608962644,5.12226027,416,2,2024 DHS
DRC,2013,DHS,DRC_2013_DHS_child,children_under5,stunting,ADM1,Bas-Uele,bas uele,43.11031621,3.64742506,35.96149445,50.25913796,220,1,2013 DHS
DRC,2024,DHS,DRC_2024_DHS_child,children_under5,stunting,ADM1,Bas-Uele,bas uele,47.18481786,2.572181308,42.14343514,52.22620059,388,2,2024 DHS
DRC,2013,DHS,DRC_2013_DHS_child,children_under5,stunting,ADM1,Equateur,equateur,23.05647366,4.777446477,13.69285062,32.42009669,265,1,2013 DHS
DRC,2024,DHS,DRC_2024_DHS_child,children_under5,stunting,ADM1,Equateur,equateur,34.84384453,4.278912408,26.45733032,43.23035875,432,2,2024 DHS
DRC,2013,DHS,DRC_2013_DHS_child,children_under5,stunting,ADM1,Haut-Katanga,haut katanga,40.38118835,4.89108211,30.79484357,49.96753313,295,1,2013 DHS
DRC,2024,DHS,DRC_2024_DHS_child,children_under5,stunting,ADM1,Haut-Katanga,haut katanga,44.09813642,4.363018309,35.54677767,52.64949517,522,2,2024 DHS
DRC,2013,DHS,DRC_2013_DHS_child,children_under5,stunting,ADM1,Haut-Lomami,haut lomami,49.50768817,2.30926867,44.98160475,54.0337716,296,1,2013 DHS
DRC,2024,DHS,DRC_2024_DHS_child,children_under5,stunting,ADM1,Haut-Lomami,haut lomami,45.45767727,2.779469402,40.01001734,50.90533719,559,2,2024 DHS
DRC,2013,DHS,DRC_2013_DHS_child,children_under5,stunting,ADM1,Haut-Uele,haut uele,40.70206443,5.370509469,30.17605929,51.22806956,226,1,2013 DHS
DRC,2024,DHS,DRC_2024_DHS_child,children_under5,stunting,ADM1,Haut-Uele,haut uele,34.45720663,6.784703584,21.15943196,47.7549813,286,2,2024 DHS
DRC,2013,DHS,DRC_2013_DHS_child,children_under5,stunting,ADM1,Ituri,ituri,44.51754731,2.542919302,39.53351706,49.50157755,278,1,2013 DHS
DRC,2024,DHS,DRC_2024_DHS_child,children_under5,stunting,ADM1,Ituri,ituri,51.20224492,4.763249836,41.86644679,60.53804304,497,2,2024 DHS
DRC,2013,DHS,DRC_2013_DHS_child,children_under5,stunting,ADM1,Kasai,kasai,57.94704437,2.677396512,52.69944364,63.19464511,401,1,2013 DHS
DRC,2024,DHS,DRC_2024_DHS_child,children_under5,stunting,ADM1,Kasai,kasai,42.35279844,3.840770554,34.82502648,49.8805704,561,2,2024 DHS
DRC,2013,DHS,DRC_2013_DHS_child,children_under5,stunting,ADM1,Kasai-Central,kasai central,46.80004438,4.376352613,38.22255088,55.37753789,393,1,2013 DHS
DRC,2024,DHS,DRC_2024_DHS_child,children_under5,stunting,ADM1,Kasai-Central,kasai central,52.50362825,2.521572922,47.56143614,57.44582036,614,2,2024 DHS
DRC,2013,DHS,DRC_2013_DHS_child,children_under5,stunting,ADM1,Kasai-Oriental,kasai oriental,37.77465712,2.963615413,31.96607765,43.58323659,332,1,2013 DHS
DRC,2024,DHS,DRC_2024_DHS_child,children_under5,stunting,ADM1,Kasai-Oriental,kasai oriental,46.12783962,3.875610047,38.53178351,53.72389573,413,2,2024 DHS
DRC,2013,DHS,DRC_2013_DHS_child,children_under5,stunting,ADM1,Kinshasa,kinshasa,17.30254284,2.827322126,11.7610933,22.84399238,471,1,2013 DHS
DRC,2024,DHS,DRC_2024_DHS_child,children_under5,stunting,ADM1,Kinshasa,kinshasa,14.17127149,2.24194374,9.777142507,18.56540048,325,2,2024 DHS
DRC,2013,DHS,DRC_2013_DHS_child,children_under5,stunting,ADM1,Kongo Central,kongo central,45.91289623,6.492654346,33.18752755,58.63826491,407,1,2013 DHS
DRC,2024,DHS,DRC_2024_DHS_child,children_under5,stunting,ADM1,Kongo Central,kongo central,45.45487999,3.499718055,38.59555865,52.31420134,324,2,2024 DHS
DRC,2013,DHS,DRC_2013_DHS_child,children_under5,stunting,ADM1,Kwango,kwango,45.62013585,4.330335939,37.13283337,54.10743833,416,1,2013 DHS
DRC,2024,DHS,DRC_2024_DHS_child,children_under5,stunting,ADM1,Kwango,kwango,59.49287478,2.81253514,53.9804072,65.00534236,433,2,2024 DHS
DRC,2013,DHS,DRC_2013_DHS_child,children_under5,stunting,ADM1,Kwilu,kwilu,38.88026913,2.688447533,33.61100879,44.14952947,449,1,2013 DHS
DRC,2024,DHS,DRC_2024_DHS_child,children_under5,stunting,ADM1,Kwilu,kwilu,46.19723911,2.831707984,40.64719344,51.74728477,407,2,2024 DHS
DRC,2013,DHS,DRC_2013_DHS_child,children_under5,stunting,ADM1,Lomami,lomami,51.12123434,2.336441576,46.54189299,55.70057568,404,1,2013 DHS
DRC,2024,DHS,DRC_2024_DHS_child,children_under5,stunting,ADM1,Lomami,lomami,40.0427793,3.08140864,34.00332934,46.08222925,505,2,2024 DHS
DRC,2013,DHS,DRC_2013_DHS_child,children_under5,stunting,ADM1,Lualaba,lualaba,42.10642968,2.520015993,37.16728909,47.04557027,228,1,2013 DHS
DRC,2024,DHS,DRC_2024_DHS_child,children_under5,stunting,ADM1,Lualaba,lualaba,50.91312943,5.206360764,40.70884985,61.11740902,570,2,2024 DHS
DRC,2013,DHS,DRC_2013_DHS_child,children_under5,stunting,ADM1,Mai-Ndombe,mai ndombe,32.00111516,2.133043817,27.8204261,36.18180421,318,1,2013 DHS
DRC,2024,DHS,DRC_2024_DHS_child,children_under5,stunting,ADM1,Mai-Ndombe,mai ndombe,38.73723266,3.033242653,32.79218631,44.68227902,303,2,2024 DHS
DRC,2013,DHS,DRC_2013_DHS_child,children_under5,stunting,ADM1,Maniema,maniema,46.37493625,4.241469989,38.06180783,54.68806467,419,1,2013 DHS
DRC,2024,DHS,DRC_2024_DHS_child,children_under5,stunting,ADM1,Maniema,maniema,56.68288798,3.514258021,49.79506882,63.57070713,503,2,2024 DHS
DRC,2013,DHS,DRC_2013_DHS_child,children_under5,stunting,ADM1,Mongala,mongala,40.87786928,2.800639156,35.3887174,46.36702116,322,1,2013 DHS
DRC,2024,DHS,DRC_2024_DHS_child,children_under5,stunting,ADM1,Mongala,mongala,43.10301234,4.721303083,33.84942834,52.35659634,474,2,2024 DHS
DRC,2013,DHS,DRC_2013_DHS_child,children_under5,stunting,ADM1,Nord-Kivu,nord kivu,52.01143425,3.934429158,44.3000948,59.7227737,513,1,2013 DHS
DRC,2024,DHS,DRC_2024_DHS_child,children_under5,stunting,ADM1,Nord-Kivu,nord kivu,55.87250682,5.053477854,45.96787223,65.77714141,507,2,2024 DHS
DRC,2013,DHS,DRC_2013_DHS_child,children_under5,stunting,ADM1,Nord-Ubangi,nord ubangi,41.52565625,3.987151834,33.71098226,49.34033025,282,1,2013 DHS
DRC,2024,DHS,DRC_2024_DHS_child,children_under5,stunting,ADM1,Nord-Ubangi,nord ubangi,50.33094742,4.556845329,41.39969469,59.26220015,463,2,2024 DHS
DRC,2013,DHS,DRC_2013_DHS_child,children_under5,stunting,ADM1,Sankuru,sankuru,50.07632825,3.800825275,42.6268476,57.5258089,314,1,2013 DHS
DRC,2024,DHS,DRC_2024_DHS_child,children_under5,stunting,ADM1,Sankuru,sankuru,42.67676571,1.641456642,39.45956981,45.89396161,415,2,2024 DHS
DRC,2013,DHS,DRC_2013_DHS_child,children_under5,stunting,ADM1,Sud-Kivu,sud kivu,53.02831448,3.964639696,45.25776346,60.79886549,507,1,2013 DHS
DRC,2024,DHS,DRC_2024_DHS_child,children_under5,stunting,ADM1,Sud-Kivu,sud kivu,47.98986633,5.145498779,37.90487404,58.07485862,631,2,2024 DHS
DRC,2013,DHS,DRC_2013_DHS_child,children_under5,stunting,ADM1,Sud-Ubangi,sud ubangi,40.79534011,2.984079329,34.9466521,46.64402813,319,1,2013 DHS
DRC,2024,DHS,DRC_2024_DHS_child,children_under5,stunting,ADM1,Sud-Ubangi,sud ubangi,53.61955939,2.693467676,48.34045975,58.89865903,569,2,2024 DHS
DRC,2013,DHS,DRC_2013_DHS_child,children_under5,stunting,ADM1,Tanganyika,tanganyika,50.99396916,3.884677875,43.38014043,58.60779789,310,1,2013 DHS
DRC,2024,DHS,DRC_2024_DHS_child,children_under5,stunting,ADM1,Tanganyika,tanganyika,45.85825864,3.487181442,39.02350861,52.69300868,441,2,2024 DHS
DRC,2013,DHS,DRC_2013_DHS_child,children_under5,stunting,ADM1,Tshopo,tshopo,42.37677407,4.808637487,32.95201778,51.80153036,272,1,2013 DHS
DRC,2024,DHS,DRC_2024_DHS_child,children_under5,stunting,ADM1,Tshopo,tshopo,45.03775249,4.096673947,37.00841909,53.06708588,423,2,2024 DHS
DRC,2013,DHS,DRC_2013_DHS_child,children_under5,stunting,ADM1,Tshuapa,tshuapa,47.76114581,3.01065748,41.86036558,53.66192604,227,1,2013 DHS
DRC,2024,DHS,DRC_2024_DHS_child,children_under5,stunting,ADM1,Tshuapa,tshuapa,44.02110543,3.365403598,37.42503558,50.61717527,405,2,2024 DHS
DRC,2013,DHS,DRC_2013_DHS_child,children_under5,wasting,ADM1,Bas-Uele,bas uele,6.110987695,2.117420033,1.96092069,10.2610547,220,1,2013 DHS
DRC,2024,DHS,DRC_2024_DHS_child,children_under5,wasting,ADM1,Bas-Uele,bas uele,13.33877398,2.272636098,8.884489081,17.79305889,387,2,2024 DHS
DRC,2013,DHS,DRC_2013_DHS_child,children_under5,wasting,ADM1,Equateur,equateur,4.527261501,2.262455037,0.092931111,8.96159189,265,1,2013 DHS
DRC,2024,DHS,DRC_2024_DHS_child,children_under5,wasting,ADM1,Equateur,equateur,7.356872998,2.057882313,3.32349778,11.39024822,436,2,2024 DHS
DRC,2013,DHS,DRC_2013_DHS_child,children_under5,wasting,ADM1,Haut-Katanga,haut katanga,5.920754654,1.57414595,2.835485285,9.006024023,295,1,2013 DHS
DRC,2024,DHS,DRC_2024_DHS_child,children_under5,wasting,ADM1,Haut-Katanga,haut katanga,5.320855323,1.576968834,2.230053204,8.411657441,525,2,2024 DHS
DRC,2013,DHS,DRC_2013_DHS_child,children_under5,wasting,ADM1,Haut-Lomami,haut lomami,9.896619583,2.151671156,5.679421612,14.11381755,296,1,2013 DHS
DRC,2024,DHS,DRC_2024_DHS_child,children_under5,wasting,ADM1,Haut-Lomami,haut lomami,8.39330609,1.032699649,6.369251972,10.41736021,566,2,2024 DHS
DRC,2013,DHS,DRC_2013_DHS_child,children_under5,wasting,ADM1,Haut-Uele,haut uele,7.553601321,2.947520869,1.776566574,13.33063607,226,1,2013 DHS
DRC,2024,DHS,DRC_2024_DHS_child,children_under5,wasting,ADM1,Haut-Uele,haut uele,4.999207201,2.623078796,-0.141932768,10.14034717,289,2,2024 DHS
DRC,2013,DHS,DRC_2013_DHS_child,children_under5,wasting,ADM1,Ituri,ituri,8.482751649,2.375633448,3.826595651,13.13890765,278,1,2013 DHS
DRC,2024,DHS,DRC_2024_DHS_child,children_under5,wasting,ADM1,Ituri,ituri,3.832645285,1.393194621,1.102034003,6.563256566,520,2,2024 DHS
DRC,2013,DHS,DRC_2013_DHS_child,children_under5,wasting,ADM1,Kasai,kasai,8.636914592,2.802249847,3.144605816,14.12922337,401,1,2013 DHS
DRC,2024,DHS,DRC_2024_DHS_child,children_under5,wasting,ADM1,Kasai,kasai,14.52925549,2.667770158,9.300522066,19.75798892,568,2,2024 DHS
DRC,2013,DHS,DRC_2013_DHS_child,children_under5,wasting,ADM1,Kasai-Central,kasai central,6.133666634,1.593151701,3.011146677,9.25618659,393,1,2013 DHS
DRC,2024,DHS,DRC_2024_DHS_child,children_under5,wasting,ADM1,Kasai-Central,kasai central,5.250054819,1.248942323,2.802172848,7.697936791,626,2,2024 DHS
DRC,2013,DHS,DRC_2013_DHS_child,children_under5,wasting,ADM1,Kasai-Oriental,kasai oriental,7.927471625,1.798578518,4.402322506,11.45262074,332,1,2013 DHS
DRC,2024,DHS,DRC_2024_DHS_child,children_under5,wasting,ADM1,Kasai-Oriental,kasai oriental,8.527883032,2.45009708,3.725780996,13.32998507,424,2,2024 DHS
DRC,2013,DHS,DRC_2013_DHS_child,children_under5,wasting,ADM1,Kinshasa,kinshasa,3.530280591,0.852433367,1.859541892,5.20101929,471,1,2013 DHS
DRC,2024,DHS,DRC_2024_DHS_child,children_under5,wasting,ADM1,Kinshasa,kinshasa,5.054251357,1.651238934,1.817882516,8.290620197,325,2,2024 DHS
DRC,2013,DHS,DRC_2013_DHS_child,children_under5,wasting,ADM1,Kongo Central,kongo central,11.11326599,2.306604376,6.592404489,15.6341275,407,1,2013 DHS
DRC,2024,DHS,DRC_2024_DHS_child,children_under5,wasting,ADM1,Kongo Central,kongo central,8.82370853,2.053998845,4.797944769,12.84947229,331,2,2024 DHS
DRC,2013,DHS,DRC_2013_DHS_child,children_under5,wasting,ADM1,Kwango,kwango,11.59338761,1.637304788,8.3843292,14.80244603,416,1,2013 DHS
DRC,2024,DHS,DRC_2024_DHS_child,children_under5,wasting,ADM1,Kwango,kwango,14.6696228,1.643533042,11.44835723,17.89088837,440,2,2024 DHS
DRC,2013,DHS,DRC_2013_DHS_child,children_under5,wasting,ADM1,Kwilu,kwilu,6.107492584,1.080639683,3.989477725,8.225507443,449,1,2013 DHS
DRC,2024,DHS,DRC_2024_DHS_child,children_under5,wasting,ADM1,Kwilu,kwilu,10.04908018,2.149782487,5.835583929,14.26257643,416,2,2024 DHS
DRC,2013,DHS,DRC_2013_DHS_child,children_under5,wasting,ADM1,Lomami,lomami,6.481452191,2.109121059,2.347650877,10.61525351,404,1,2013 DHS
DRC,2024,DHS,DRC_2024_DHS_child,children_under5,wasting,ADM1,Lomami,lomami,8.39511332,1.491060762,5.472687928,11.31753871,505,2,2024 DHS
DRC,2013,DHS,DRC_2013_DHS_child,children_under5,wasting,ADM1,Lualaba,lualaba,9.625761805,3.307189481,3.143789531,16.10773408,228,1,2013 DHS
DRC,2024,DHS,DRC_2024_DHS_child,children_under5,wasting,ADM1,Lualaba,lualaba,6.537129322,1.746186227,3.114667207,9.959591437,571,2,2024 DHS
DRC,2013,DHS,DRC_2013_DHS_child,children_under5,wasting,ADM1,Mai-Ndombe,mai ndombe,13.9846506,2.505270249,9.074411141,18.89489006,318,1,2013 DHS
DRC,2024,DHS,DRC_2024_DHS_child,children_under5,wasting,ADM1,Mai-Ndombe,mai ndombe,16.05166661,1.866438633,12.39351411,19.70981911,306,2,2024 DHS
DRC,2013,DHS,DRC_2013_DHS_child,children_under5,wasting,ADM1,Maniema,maniema,22.66338709,4.658451445,13.53299004,31.79378415,419,1,2013 DHS
DRC,2024,DHS,DRC_2024_DHS_child,children_under5,wasting,ADM1,Maniema,maniema,8.76312653,1.304498979,6.206355512,11.31989755,517,2,2024 DHS
DRC,2013,DHS,DRC_2013_DHS_child,children_under5,wasting,ADM1,Mongala,mongala,5.476223908,2.578965152,0.421545093,10.53090272,322,1,2013 DHS
DRC,2024,DHS,DRC_2024_DHS_child,children_under5,wasting,ADM1,Mongala,mongala,6.002141898,1.331759507,3.391941229,8.612342567,481,2,2024 DHS
DRC,2013,DHS,DRC_2013_DHS_child,children_under5,wasting,ADM1,Nord-Kivu,nord kivu,4.734132719,1.343700871,2.100527406,7.367738032,513,1,2013 DHS
DRC,2024,DHS,DRC_2024_DHS_child,children_under5,wasting,ADM1,Nord-Kivu,nord kivu,2.266849853,0.905713268,0.491684467,4.04201524,536,2,2024 DHS
DRC,2013,DHS,DRC_2013_DHS_child,children_under5,wasting,ADM1,Nord-Ubangi,nord ubangi,4.440080841,1.778055651,0.955155804,7.925005879,282,1,2013 DHS
DRC,2024,DHS,DRC_2024_DHS_child,children_under5,wasting,ADM1,Nord-Ubangi,nord ubangi,4.761222179,1.459365063,1.900919215,7.621525143,470,2,2024 DHS
DRC,2013,DHS,DRC_2013_DHS_child,children_under5,wasting,ADM1,Sankuru,sankuru,9.628882177,2.511242352,4.70693761,14.55082674,314,1,2013 DHS
DRC,2024,DHS,DRC_2024_DHS_child,children_under5,wasting,ADM1,Sankuru,sankuru,6.3361994,1.708194093,2.988200499,9.684198301,420,2,2024 DHS
DRC,2013,DHS,DRC_2013_DHS_child,children_under5,wasting,ADM1,Sud-Kivu,sud kivu,7.169483672,1.57615992,4.080266995,10.25870035,507,1,2013 DHS
DRC,2024,DHS,DRC_2024_DHS_child,children_under5,wasting,ADM1,Sud-Kivu,sud kivu,6.711761749,1.21766973,4.325172934,9.098350564,664,2,2024 DHS
DRC,2013,DHS,DRC_2013_DHS_child,children_under5,wasting,ADM1,Sud-Ubangi,sud ubangi,6.336006715,1.62706645,3.147015072,9.524998358,319,1,2013 DHS
DRC,2024,DHS,DRC_2024_DHS_child,children_under5,wasting,ADM1,Sud-Ubangi,sud ubangi,2.320354371,0.81077321,0.731268081,3.909440661,582,2,2024 DHS
DRC,2013,DHS,DRC_2013_DHS_child,children_under5,wasting,ADM1,Tanganyika,tanganyika,10.58050606,2.146001044,6.374421304,14.78659082,310,1,2013 DHS
DRC,2024,DHS,DRC_2024_DHS_child,children_under5,wasting,ADM1,Tanganyika,tanganyika,5.372098747,1.559486285,2.315561793,8.428635701,441,2,2024 DHS
DRC,2013,DHS,DRC_2013_DHS_child,children_under5,wasting,ADM1,Tshopo,tshopo,6.272858526,2.391357504,1.585883944,10.95983311,272,1,2013 DHS
DRC,2024,DHS,DRC_2024_DHS_child,children_under5,wasting,ADM1,Tshopo,tshopo,8.954720928,2.250196819,4.544416205,13.36502565,428,2,2024 DHS
DRC,2013,DHS,DRC_2013_DHS_child,children_under5,wasting,ADM1,Tshuapa,tshuapa,9.225335341,1.902699056,5.496113717,12.95455696,227,1,2013 DHS
DRC,2024,DHS,DRC_2024_DHS_child,children_under5,wasting,ADM1,Tshuapa,tshuapa,8.08918282,1.37842243,5.387524502,10.79084114,416,2,2024 DHS
DRC,2013,DHS,DRC_2013_DHS_women,women_15_49,anemia_women,ADM1,Bas-Uele,bas uele,48.85419643,2.77499406,43.41530801,54.29308484,226,1,2013 DHS
DRC,2024,DHS,DRC_2024_DHS_women,women_15_49,anemia_women,ADM1,Bas-Uele,bas uele,52.19790521,3.074446334,46.17210113,58.2237093,378,2,2024 DHS
DRC,2013,DHS,DRC_2013_DHS_women,women_15_49,anemia_women,ADM1,Equateur,equateur,44.64411038,3.669503385,37.45201591,51.83620486,240,1,2013 DHS
DRC,2024,DHS,DRC_2024_DHS_women,women_15_49,anemia_women,ADM1,Equateur,equateur,46.13368683,3.424976813,39.42085563,52.84651803,527,2,2024 DHS
DRC,2013,DHS,DRC_2013_DHS_women,women_15_49,anemia_women,ADM1,Haut-Katanga,haut katanga,41.7312191,2.833526424,36.17760936,47.28482884,281,1,2013 DHS
DRC,2024,DHS,DRC_2024_DHS_women,women_15_49,anemia_women,ADM1,Haut-Katanga,haut katanga,47.73422063,1.899344151,44.0115745,51.45686676,623,2,2024 DHS
DRC,2013,DHS,DRC_2013_DHS_women,women_15_49,anemia_women,ADM1,Haut-Lomami,haut lomami,46.01571189,3.86466683,38.44110409,53.59031969,297,1,2013 DHS
DRC,2024,DHS,DRC_2024_DHS_women,women_15_49,anemia_women,ADM1,Haut-Lomami,haut lomami,50.62036479,3.215311995,44.31846908,56.9222605,639,2,2024 DHS
DRC,2013,DHS,DRC_2013_DHS_women,women_15_49,anemia_women,ADM1,Haut-Uele,haut uele,31.63129715,4.534002658,22.74481523,40.51777906,236,1,2013 DHS
DRC,2024,DHS,DRC_2024_DHS_women,women_15_49,anemia_women,ADM1,Haut-Uele,haut uele,20.01550384,5.411356499,9.409439994,30.62156769,323,2,2024 DHS
DRC,2013,DHS,DRC_2013_DHS_women,women_15_49,anemia_women,ADM1,Ituri,ituri,30.59619121,3.928036818,22.89738052,38.2950019,288,1,2013 DHS
DRC,2024,DHS,DRC_2024_DHS_women,women_15_49,anemia_women,ADM1,Ituri,ituri,26.65892704,2.852767909,21.06760468,32.2502494,681,2,2024 DHS
DRC,2013,DHS,DRC_2013_DHS_women,women_15_49,anemia_women,ADM1,Kasai,kasai,41.03163378,7.31137871,26.70159483,55.36167273,360,1,2013 DHS
DRC,2024,DHS,DRC_2024_DHS_women,women_15_49,anemia_women,ADM1,Kasai,kasai,39.43153683,3.549942895,32.47377661,46.38929705,616,2,2024 DHS
DRC,2013,DHS,DRC_2013_DHS_women,women_15_49,anemia_women,ADM1,Kasai-Central,kasai central,51.55285089,3.745777952,44.21126101,58.89444077,382,1,2013 DHS
DRC,2024,DHS,DRC_2024_DHS_women,women_15_49,anemia_women,ADM1,Kasai-Central,kasai central,37.70505018,4.193569187,29.4858056,45.92429475,662,2,2024 DHS
DRC,2013,DHS,DRC_2013_DHS_women,women_15_49,anemia_women,ADM1,Kasai-Oriental,kasai oriental,38.25099538,3.350343498,31.68444279,44.81754797,375,1,2013 DHS
DRC,2024,DHS,DRC_2024_DHS_women,women_15_49,anemia_women,ADM1,Kasai-Oriental,kasai oriental,38.29265923,2.292681622,33.79908582,42.78623264,531,2,2024 DHS
DRC,2013,DHS,DRC_2013_DHS_women,women_15_49,anemia_women,ADM1,Kinshasa,kinshasa,46.67994828,1.577838404,43.58744183,49.77245472,818,1,2013 DHS
DRC,2024,DHS,DRC_2024_DHS_women,women_15_49,anemia_women,ADM1,Kinshasa,kinshasa,51.37402788,2.413980875,46.64271231,56.10534346,687,2,2024 DHS
DRC,2013,DHS,DRC_2013_DHS_women,women_15_49,anemia_women,ADM1,Kongo Central,kongo central,54.71769659,3.739177626,47.38904311,62.04635006,473,1,2013 DHS
DRC,2024,DHS,DRC_2024_DHS_women,women_15_49,anemia_women,ADM1,Kongo Central,kongo central,53.86678421,2.515002463,48.93746996,58.79609846,522,2,2024 DHS
DRC,2013,DHS,DRC_2013_DHS_women,women_15_49,anemia_women,ADM1,Kwango,kwango,28.20319784,2.930043705,22.4604177,33.94597797,416,1,2013 DHS
DRC,2024,DHS,DRC_2024_DHS_women,women_15_49,anemia_women,ADM1,Kwango,kwango,40.80110987,3.949455078,33.06032016,48.54189958,466,2,2024 DHS
DRC,2013,DHS,DRC_2013_DHS_women,women_15_49,anemia_women,ADM1,Kwilu,kwilu,35.20088221,3.225761156,28.87850652,41.5232579,467,1,2013 DHS
DRC,2024,DHS,DRC_2024_DHS_women,women_15_49,anemia_women,ADM1,Kwilu,kwilu,33.72567736,3.831903568,26.21528438,41.23607035,574,2,2024 DHS
DRC,2013,DHS,DRC_2013_DHS_women,women_15_49,anemia_women,ADM1,Lomami,lomami,44.4710144,6.169054054,32.37989064,56.56213817,402,1,2013 DHS
DRC,2024,DHS,DRC_2024_DHS_women,women_15_49,anemia_women,ADM1,Lomami,lomami,34.56479806,2.735362226,29.20358662,39.92600951,542,2,2024 DHS
DRC,2013,DHS,DRC_2013_DHS_women,women_15_49,anemia_women,ADM1,Lualaba,lualaba,31.3097673,5.571932213,20.38898084,42.23055376,231,1,2013 DHS
DRC,2024,DHS,DRC_2024_DHS_women,women_15_49,anemia_women,ADM1,Lualaba,lualaba,41.82974505,3.351623655,35.26068339,48.3988067,535,2,2024 DHS
DRC,2013,DHS,DRC_2013_DHS_women,women_15_49,anemia_women,ADM1,Mai-Ndombe,mai ndombe,51.90657796,7.612590072,36.98617559,66.82698033,350,1,2013 DHS
DRC,2024,DHS,DRC_2024_DHS_women,women_15_49,anemia_women,ADM1,Mai-Ndombe,mai ndombe,47.23483535,3.81710123,39.75345442,54.71621629,430,2,2024 DHS
DRC,2013,DHS,DRC_2013_DHS_women,women_15_49,anemia_women,ADM1,Maniema,maniema,49.51299106,2.875355503,43.87739783,55.14858429,439,1,2013 DHS
DRC,2024,DHS,DRC_2024_DHS_women,women_15_49,anemia_women,ADM1,Maniema,maniema,50.37001028,3.600214506,43.31371951,57.42630105,499,2,2024 DHS
DRC,2013,DHS,DRC_2013_DHS_women,women_15_49,anemia_women,ADM1,Mongala,mongala,35.4805968,6.59391792,22.55675516,48.40443844,267,1,2013 DHS
DRC,2024,DHS,DRC_2024_DHS_women,women_15_49,anemia_women,ADM1,Mongala,mongala,44.25433334,3.496098086,37.402107,51.10655967,499,2,2024 DHS
DRC,2013,DHS,DRC_2013_DHS_women,women_15_49,anemia_women,ADM1,Nord-Kivu,nord kivu,20.68430468,1.97866403,16.80619444,24.56241492,590,1,2013 DHS
DRC,2024,DHS,DRC_2024_DHS_women,women_15_49,anemia_women,ADM1,Nord-Kivu,nord kivu,20.05860565,2.172609988,15.80036832,24.31684298,664,2,2024 DHS
DRC,2013,DHS,DRC_2013_DHS_women,women_15_49,anemia_women,ADM1,Nord-Ubangi,nord ubangi,27.01382202,3.247969119,20.64791953,33.37972452,264,1,2013 DHS
DRC,2024,DHS,DRC_2024_DHS_women,women_15_49,anemia_women,ADM1,Nord-Ubangi,nord ubangi,30.64932186,2.622680599,25.50896234,35.78968137,479,2,2024 DHS
DRC,2013,DHS,DRC_2013_DHS_women,women_15_49,anemia_women,ADM1,Sankuru,sankuru,37.99070554,6.414131274,25.41923925,50.56217183,284,1,2013 DHS
DRC,2024,DHS,DRC_2024_DHS_women,women_15_49,anemia_women,ADM1,Sankuru,sankuru,43.22528283,4.280811836,34.83504581,51.61551986,409,2,2024 DHS
DRC,2013,DHS,DRC_2013_DHS_women,women_15_49,anemia_women,ADM1,Sud-Kivu,sud kivu,22.70339914,5.055774627,12.79426296,32.61253532,505,1,2013 DHS
DRC,2024,DHS,DRC_2024_DHS_women,women_15_49,anemia_women,ADM1,Sud-Kivu,sud kivu,33.47917132,3.782278245,26.06604218,40.89230046,662,2,2024 DHS
DRC,2013,DHS,DRC_2013_DHS_women,women_15_49,anemia_women,ADM1,Sud-Ubangi,sud ubangi,27.24583728,2.881623145,21.5979597,32.89371486,299,1,2013 DHS
DRC,2024,DHS,DRC_2024_DHS_women,women_15_49,anemia_women,ADM1,Sud-Ubangi,sud ubangi,43.47286191,3.217217454,37.16723157,49.77849225,685,2,2024 DHS
DRC,2013,DHS,DRC_2013_DHS_women,women_15_49,anemia_women,ADM1,Tanganyika,tanganyika,55.32394348,5.073725917,45.37962342,65.26826355,292,1,2013 DHS
DRC,2024,DHS,DRC_2024_DHS_women,women_15_49,anemia_women,ADM1,Tanganyika,tanganyika,46.04104555,4.518494162,37.18495972,54.89713137,529,2,2024 DHS
DRC,2013,DHS,DRC_2013_DHS_women,women_15_49,anemia_women,ADM1,Tshopo,tshopo,39.64164994,4.491131514,30.83919392,48.44410595,290,1,2013 DHS
DRC,2024,DHS,DRC_2024_DHS_women,women_15_49,anemia_women,ADM1,Tshopo,tshopo,46.39290663,2.112516872,42.25244964,50.53336361,478,2,2024 DHS
DRC,2013,DHS,DRC_2013_DHS_women,women_15_49,anemia_women,ADM1,Tshuapa,tshuapa,44.83669291,2.317472376,40.29453052,49.3788553,256,1,2013 DHS
DRC,2024,DHS,DRC_2024_DHS_women,women_15_49,anemia_women,ADM1,Tshuapa,tshuapa,52.73581191,2.544508423,47.74866704,57.72295678,414,2,2024 DHS
DRC,2013,DHS,DRC_2013_DHS_women,women_15_49,severe_anemia_women,ADM1,Bas-Uele,bas uele,0,0,0,0,226,1,2013 DHS
DRC,2024,DHS,DRC_2024_DHS_women,women_15_49,severe_anemia_women,ADM1,Bas-Uele,bas uele,1.151378678,1.151378678,-0.018531399,2.321288755,378,2,2024 DHS
DRC,2013,DHS,DRC_2013_DHS_women,women_15_49,severe_anemia_women,ADM1,Equateur,equateur,0.261097792,0.261097792,-0.297901494,0.820097078,240,1,2013 DHS
DRC,2024,DHS,DRC_2024_DHS_women,women_15_49,severe_anemia_women,ADM1,Equateur,equateur,1.342106901,1.342106901,0.350721345,2.333492457,527,2,2024 DHS
DRC,2013,DHS,DRC_2013_DHS_women,women_15_49,severe_anemia_women,ADM1,Haut-Katanga,haut katanga,0.290119704,0.290119704,-0.308744144,0.888983552,281,1,2013 DHS
DRC,2024,DHS,DRC_2024_DHS_women,women_15_49,severe_anemia_women,ADM1,Haut-Katanga,haut katanga,1.211720905,1.211720905,0.11500973,2.308432081,623,2,2024 DHS
DRC,2013,DHS,DRC_2013_DHS_women,women_15_49,severe_anemia_women,ADM1,Haut-Lomami,haut lomami,0.82813508,0.82813508,-0.21276946,1.86903962,297,1,2013 DHS
DRC,2024,DHS,DRC_2024_DHS_women,women_15_49,severe_anemia_women,ADM1,Haut-Lomami,haut lomami,0.621363139,0.621363139,0.021230959,1.221495319,639,2,2024 DHS
DRC,2013,DHS,DRC_2013_DHS_women,women_15_49,severe_anemia_women,ADM1,Haut-Uele,haut uele,0,0,0,0,236,1,2013 DHS
DRC,2024,DHS,DRC_2024_DHS_women,women_15_49,severe_anemia_women,ADM1,Haut-Uele,haut uele,0,0,0,0,323,2,2024 DHS
DRC,2013,DHS,DRC_2013_DHS_women,women_15_49,severe_anemia_women,ADM1,Ituri,ituri,0,0,0,0,288,1,2013 DHS
DRC,2024,DHS,DRC_2024_DHS_women,women_15_49,severe_anemia_women,ADM1,Ituri,ituri,0.33805714,0.33805714,-0.145483474,0.821597753,681,2,2024 DHS
DRC,2013,DHS,DRC_2013_DHS_women,women_15_49,severe_anemia_women,ADM1,Kasai,kasai,1.11386638,1.11386638,-0.238143716,2.465876477,360,1,2013 DHS
DRC,2024,DHS,DRC_2024_DHS_women,women_15_49,severe_anemia_women,ADM1,Kasai,kasai,0.690372387,0.690372387,-0.051126737,1.431871511,616,2,2024 DHS
DRC,2013,DHS,DRC_2013_DHS_women,women_15_49,severe_anemia_women,ADM1,Kasai-Central,kasai central,0.575345119,0.575345119,-0.148857522,1.299547759,382,1,2013 DHS
DRC,2024,DHS,DRC_2024_DHS_women,women_15_49,severe_anemia_women,ADM1,Kasai-Central,kasai central,0.50156045,0.50156045,-0.146198031,1.14931893,662,2,2024 DHS
DRC,2013,DHS,DRC_2013_DHS_women,women_15_49,severe_anemia_women,ADM1,Kasai-Oriental,kasai oriental,0.172857276,0.172857276,-0.091328361,0.437042914,375,1,2013 DHS
DRC,2024,DHS,DRC_2024_DHS_women,women_15_49,severe_anemia_women,ADM1,Kasai-Oriental,kasai oriental,0.632663237,0.632663237,-0.136646887,1.40197336,531,2,2024 DHS
DRC,2013,DHS,DRC_2013_DHS_women,women_15_49,severe_anemia_women,ADM1,Kinshasa,kinshasa,0.56077474,0.56077474,-0.081542959,1.20309244,818,1,2013 DHS
DRC,2024,DHS,DRC_2024_DHS_women,women_15_49,severe_anemia_women,ADM1,Kinshasa,kinshasa,2.436472665,2.436472665,1.24615363,3.626791699,687,2,2024 DHS
DRC,2013,DHS,DRC_2013_DHS_women,women_15_49,severe_anemia_women,ADM1,Kongo Central,kongo central,0.455420684,0.455420684,-0.35872019,1.269561558,473,1,2013 DHS
DRC,2024,DHS,DRC_2024_DHS_women,women_15_49,severe_anemia_women,ADM1,Kongo Central,kongo central,1.474821163,1.474821163,0.386234691,2.563407635,522,2,2024 DHS
DRC,2013,DHS,DRC_2013_DHS_women,women_15_49,severe_anemia_women,ADM1,Kwango,kwango,0,0,0,0,416,1,2013 DHS
DRC,2024,DHS,DRC_2024_DHS_women,women_15_49,severe_anemia_women,ADM1,Kwango,kwango,1.30495351,1.30495351,0.064178849,2.54572817,466,2,2024 DHS
DRC,2013,DHS,DRC_2013_DHS_women,women_15_49,severe_anemia_women,ADM1,Kwilu,kwilu,0.163093627,0.163093627,-0.094866011,0.421053265,467,1,2013 DHS
DRC,2024,DHS,DRC_2024_DHS_women,women_15_49,severe_anemia_women,ADM1,Kwilu,kwilu,1.301888595,1.301888595,0.145173009,2.458604181,574,2,2024 DHS
DRC,2013,DHS,DRC_2013_DHS_women,women_15_49,severe_anemia_women,ADM1,Lomami,lomami,0.586886486,0.586886486,-0.159796173,1.333569146,402,1,2013 DHS
DRC,2024,DHS,DRC_2024_DHS_women,women_15_49,severe_anemia_women,ADM1,Lomami,lomami,1.97430651,1.97430651,0.546012203,3.402600818,542,2,2024 DHS
DRC,2013,DHS,DRC_2013_DHS_women,women_15_49,severe_anemia_women,ADM1,Lualaba,lualaba,0.927673101,0.927673101,-0.90698158,2.762327782,231,1,2013 DHS
DRC,2024,DHS,DRC_2024_DHS_women,women_15_49,severe_anemia_women,ADM1,Lualaba,lualaba,2.886783158,2.886783158,0.639147664,5.134418653,535,2,2024 DHS
DRC,2013,DHS,DRC_2013_DHS_women,women_15_49,severe_anemia_women,ADM1,Mai-Ndombe,mai ndombe,0,0,0,0,350,1,2013 DHS
DRC,2024,DHS,DRC_2024_DHS_women,women_15_49,severe_anemia_women,ADM1,Mai-Ndombe,mai ndombe,0.495982455,0.495982455,-0.156074769,1.148039679,430,2,2024 DHS
DRC,2013,DHS,DRC_2013_DHS_women,women_15_49,severe_anemia_women,ADM1,Maniema,maniema,0.355909703,0.355909703,-0.178917909,0.890737315,439,1,2013 DHS
DRC,2024,DHS,DRC_2024_DHS_women,women_15_49,severe_anemia_women,ADM1,Maniema,maniema,0.61188423,0.61188423,0.003887806,1.219880655,499,2,2024 DHS
DRC,2013,DHS,DRC_2013_DHS_women,women_15_49,severe_anemia_women,ADM1,Mongala,mongala,0,0,0,0,267,1,2013 DHS
DRC,2024,DHS,DRC_2024_DHS_women,women_15_49,severe_anemia_women,ADM1,Mongala,mongala,0.366129868,0.366129868,-0.344266574,1.07652631,499,2,2024 DHS
DRC,2013,DHS,DRC_2013_DHS_women,women_15_49,severe_anemia_women,ADM1,Nord-Kivu,nord kivu,0,0,0,0,590,1,2013 DHS
DRC,2024,DHS,DRC_2024_DHS_women,women_15_49,severe_anemia_women,ADM1,Nord-Kivu,nord kivu,0.528512438,0.528512438,-0.163943127,1.220968004,664,2,2024 DHS
DRC,2013,DHS,DRC_2013_DHS_women,women_15_49,severe_anemia_women,ADM1,Nord-Ubangi,nord ubangi,0,0,0,0,264,1,2013 DHS
DRC,2024,DHS,DRC_2024_DHS_women,women_15_49,severe_anemia_women,ADM1,Nord-Ubangi,nord ubangi,0.264382973,0.264382973,-0.116180685,0.64494663,479,2,2024 DHS
DRC,2013,DHS,DRC_2013_DHS_women,women_15_49,severe_anemia_women,ADM1,Sankuru,sankuru,0.677485294,0.677485294,-0.254457622,1.609428211,284,1,2013 DHS
DRC,2024,DHS,DRC_2024_DHS_women,women_15_49,severe_anemia_women,ADM1,Sankuru,sankuru,0.980528589,0.980528589,0.137990236,1.823066942,409,2,2024 DHS
DRC,2013,DHS,DRC_2013_DHS_women,women_15_49,severe_anemia_women,ADM1,Sud-Kivu,sud kivu,0.762881718,0.762881718,-0.286596623,1.812360058,505,1,2013 DHS
DRC,2024,DHS,DRC_2024_DHS_women,women_15_49,severe_anemia_women,ADM1,Sud-Kivu,sud kivu,2.072957428,2.072957428,0.279982532,3.865932324,662,2,2024 DHS
DRC,2013,DHS,DRC_2013_DHS_women,women_15_49,severe_anemia_women,ADM1,Sud-Ubangi,sud ubangi,0,0,0,0,299,1,2013 DHS
DRC,2024,DHS,DRC_2024_DHS_women,women_15_49,severe_anemia_women,ADM1,Sud-Ubangi,sud ubangi,0.3141954,0.3141954,-0.027195975,0.655586775,685,2,2024 DHS
DRC,2013,DHS,DRC_2013_DHS_women,women_15_49,severe_anemia_women,ADM1,Tanganyika,tanganyika,0.705947525,0.705947525,-0.608950126,2.020845177,292,1,2013 DHS
DRC,2024,DHS,DRC_2024_DHS_women,women_15_49,severe_anemia_women,ADM1,Tanganyika,tanganyika,1.596191176,1.596191176,-0.270840479,3.463222832,529,2,2024 DHS
DRC,2013,DHS,DRC_2013_DHS_women,women_15_49,severe_anemia_women,ADM1,Tshopo,tshopo,0.056373927,0.056373927,-0.058366035,0.17111389,290,1,2013 DHS
DRC,2024,DHS,DRC_2024_DHS_women,women_15_49,severe_anemia_women,ADM1,Tshopo,tshopo,3.46837572,3.46837572,1.114227278,5.822524162,478,2,2024 DHS
DRC,2013,DHS,DRC_2013_DHS_women,women_15_49,severe_anemia_women,ADM1,Tshuapa,tshuapa,0.787447908,0.787447908,-0.281749766,1.856645583,256,1,2013 DHS
DRC,2024,DHS,DRC_2024_DHS_women,women_15_49,severe_anemia_women,ADM1,Tshuapa,tshuapa,1.207565224,1.207565224,0.119834849,2.295295599,414,2,2024 DHS
Ethiopia,2011,DHS,ETH_2011_DHS_child,children_under5,severe_stunting,ADM1,Addis Ababa,addis ababa,5.935190306,5.935190306,3.578206306,8.292174306,357,1,2011 DHS
Ethiopia,2016,DHS,ETH_2016_DHS_child,children_under5,severe_stunting,ADM1,Addis Ababa,addis ababa,3.13156357,3.13156357,1.283492208,4.979634933,423,2,2016 DHS
Ethiopia,2019,DHS,ETH_2019_DHS_child,children_under5,severe_stunting,ADM1,Addis Ababa,addis ababa,4.006539007,4.006539007,1.23495753,6.778120484,271,3,2019 DHS
Ethiopia,2024,DHS,ETH_2024_DHS_child,children_under5,severe_stunting,ADM1,Addis Ababa,addis ababa,3.818888953,3.818888953,1.241830458,6.395947448,252,4,2024 DHS
Ethiopia,2011,DHS,ETH_2011_DHS_child,children_under5,severe_stunting,ADM1,Afar,afar,29.11253847,29.11253847,25.36156797,32.86350898,962,1,2011 DHS
Ethiopia,2016,DHS,ETH_2016_DHS_child,children_under5,severe_stunting,ADM1,Afar,afar,22.32599708,22.32599708,17.84571661,26.80627754,878,2,2016 DHS
Ethiopia,2019,DHS,ETH_2019_DHS_child,children_under5,severe_stunting,ADM1,Afar,afar,20.57064429,20.57064429,16.19882281,24.94246578,588,3,2019 DHS
Ethiopia,2024,DHS,ETH_2024_DHS_child,children_under5,severe_stunting,ADM1,Afar,afar,24.16399671,24.16399671,19.07454407,29.25344934,591,4,2024 DHS
Ethiopia,2011,DHS,ETH_2011_DHS_child,children_under5,severe_stunting,ADM1,Amhara,amhara,24.17907888,24.17907888,20.6059081,27.75224967,1120,1,2011 DHS
Ethiopia,2016,DHS,ETH_2016_DHS_child,children_under5,severe_stunting,ADM1,Amhara,amhara,19.57387051,19.57387051,16.51627467,22.63146636,954,2,2016 DHS
Ethiopia,2019,DHS,ETH_2019_DHS_child,children_under5,severe_stunting,ADM1,Amhara,amhara,13.38671382,13.38671382,9.197123249,17.57630439,494,3,2019 DHS
Ethiopia,2024,DHS,ETH_2024_DHS_child,children_under5,severe_stunting,ADM1,Amhara,amhara,13.06752701,13.06752701,10.04678623,16.08826779,506,4,2024 DHS
Ethiopia,2011,DHS,ETH_2011_DHS_child,children_under5,severe_stunting,ADM1,Benishangul,benishangul,26.97548126,26.97548126,22.55353294,31.39742959,893,1,2011 DHS
Ethiopia,2016,DHS,ETH_2016_DHS_child,children_under5,severe_stunting,ADM1,Benishangul,benishangul,21.66204083,21.66204083,17.39170559,25.93237607,759,2,2016 DHS
Ethiopia,2019,DHS,ETH_2019_DHS_child,children_under5,severe_stunting,ADM1,Benishangul,benishangul,19.20945592,19.20945592,8.664258278,29.75465356,478,3,2019 DHS
Ethiopia,2024,DHS,ETH_2024_DHS_child,children_under5,severe_stunting,ADM1,Benishangul,benishangul,25.91998475,25.91998475,19.58355049,32.256419,369,4,2024 DHS
Ethiopia,2011,DHS,ETH_2011_DHS_child,children_under5,severe_stunting,ADM1,Dire Dawa,dire dawa,18.33796051,18.33796051,14.66763889,22.00828212,644,1,2011 DHS
Ethiopia,2016,DHS,ETH_2016_DHS_child,children_under5,severe_stunting,ADM1,Dire Dawa,dire dawa,16.93222976,16.93222976,12.15527171,21.70918782,464,2,2016 DHS
Ethiopia,2019,DHS,ETH_2019_DHS_child,children_under5,severe_stunting,ADM1,Dire Dawa,dire dawa,5.438922169,5.438922169,2.32422731,8.553617028,362,3,2019 DHS
Ethiopia,2024,DHS,ETH_2024_DHS_child,children_under5,severe_stunting,ADM1,Dire Dawa,dire dawa,13.52769151,13.52769151,9.697953632,17.35742938,280,4,2024 DHS
Ethiopia,2011,DHS,ETH_2011_DHS_child,children_under5,severe_stunting,ADM1,Gambela,gambela,10.67410218,10.67410218,7.942270086,13.40593427,735,1,2011 DHS
Ethiopia,2016,DHS,ETH_2016_DHS_child,children_under5,severe_stunting,ADM1,Gambela,gambela,7.394660495,7.394660495,4.981953279,9.807367711,611,2,2016 DHS
Ethiopia,2019,DHS,ETH_2019_DHS_child,children_under5,severe_stunting,ADM1,Gambela,gambela,4.13199158,4.13199158,2.026335941,6.237647218,412,3,2019 DHS
Ethiopia,2024,DHS,ETH_2024_DHS_child,children_under5,severe_stunting,ADM1,Gambela,gambela,4.97064756,4.97064756,2.645020351,7.296274768,353,4,2024 DHS
Ethiopia,2011,DHS,ETH_2011_DHS_child,children_under5,severe_stunting,ADM1,Harari,harari,12.62499146,12.62499146,9.549738594,15.70024433,537,1,2011 DHS
Ethiopia,2016,DHS,ETH_2016_DHS_child,children_under5,severe_stunting,ADM1,Harari,harari,12.62731447,12.62731447,9.795116334,15.45951261,484,2,2016 DHS
Ethiopia,2019,DHS,ETH_2019_DHS_child,children_under5,severe_stunting,ADM1,Harari,harari,13.83318203,13.83318203,8.191593367,19.4747707,416,3,2019 DHS
Ethiopia,2024,DHS,ETH_2024_DHS_child,children_under5,severe_stunting,ADM1,Harari,harari,12.4629766,12.4629766,8.445564648,16.48038856,295,4,2024 DHS
Ethiopia,2011,DHS,ETH_2011_DHS_child,children_under5,severe_stunting,ADM1,Oromia,oromia,18.06717162,18.06717162,15.60554083,20.52880242,1619,1,2011 DHS
Ethiopia,2016,DHS,ETH_2016_DHS_child,children_under5,severe_stunting,ADM1,Oromia,oromia,17.05695111,17.05695111,14.60228841,19.51161382,1463,2,2016 DHS
Ethiopia,2019,DHS,ETH_2019_DHS_child,children_under5,severe_stunting,ADM1,Oromia,oromia,11.92937238,11.92937238,9.223156606,14.63558815,698,3,2019 DHS
Ethiopia,2024,DHS,ETH_2024_DHS_child,children_under5,severe_stunting,ADM1,Oromia,oromia,14.77794496,14.77794496,11.68000822,17.87588171,663,4,2024 DHS
Ethiopia,2011,DHS,ETH_2011_DHS_child,children_under5,severe_stunting,ADM1,SNNPR,snnpr,22.85840352,22.85840352,19.82106337,25.89574367,1477,1,2011 DHS
Ethiopia,2016,DHS,ETH_2016_DHS_child,children_under5,severe_stunting,ADM1,SNNPR,snnpr,20.17729465,20.17729465,16.38978446,23.96480485,1208,2,2016 DHS
Ethiopia,2019,DHS,ETH_2019_DHS_child,children_under5,severe_stunting,ADM1,SNNPR,snnpr,12.30345666,12.30345666,8.276684005,16.33022932,645,3,2019 DHS
Ethiopia,2024,DHS,ETH_2024_DHS_child,children_under5,severe_stunting,ADM1,SNNPR,snnpr,18.83799414,18.83799414,16.20224857,21.47373971,1800,4,2024 DHS
Ethiopia,2011,DHS,ETH_2011_DHS_child,children_under5,severe_stunting,ADM1,Somali,somali,16.05906057,16.05906057,12.26176622,19.85635491,798,1,2011 DHS
Ethiopia,2016,DHS,ETH_2016_DHS_child,children_under5,severe_stunting,ADM1,Somali,somali,12.75582506,12.75582506,10.18045866,15.33119145,1247,2,2016 DHS
Ethiopia,2019,DHS,ETH_2019_DHS_child,children_under5,severe_stunting,ADM1,Somali,somali,11.4634625,11.4634625,8.006428382,14.92049661,566,3,2019 DHS
Ethiopia,2024,DHS,ETH_2024_DHS_child,children_under5,severe_stunting,ADM1,Somali,somali,16.63265642,16.63265642,13.0571693,20.20814354,723,4,2024 DHS
Ethiopia,2011,DHS,ETH_2011_DHS_child,children_under5,severe_stunting,ADM1,Tigray,tigray,22.36144441,22.36144441,19.43043595,25.29245286,1140,1,2011 DHS
Ethiopia,2016,DHS,ETH_2016_DHS_child,children_under5,severe_stunting,ADM1,Tigray,tigray,13.4457037,13.4457037,10.59333654,16.29807086,980,2,2016 DHS
Ethiopia,2019,DHS,ETH_2019_DHS_child,children_under5,severe_stunting,ADM1,Tigray,tigray,15.14000236,15.14000236,10.17603505,20.10396967,450,3,2019 DHS
Ethiopia,2024,DHS,ETH_2024_DHS_child,children_under5,severe_stunting,ADM1,Tigray,tigray,14.20511457,14.20511457,10.90640369,17.50382545,501,4,2024 DHS
Ethiopia,2011,DHS,ETH_2011_DHS_child,children_under5,severe_wasting,ADM1,Addis Ababa,addis ababa,1.423708333,1.423708333,0.153795225,2.69362144,357,1,2011 DHS
Ethiopia,2016,DHS,ETH_2016_DHS_child,children_under5,severe_wasting,ADM1,Addis Ababa,addis ababa,0.38301684,0.38301684,-0.157338499,0.92337218,424,2,2016 DHS
Ethiopia,2019,DHS,ETH_2019_DHS_child,children_under5,severe_wasting,ADM1,Addis Ababa,addis ababa,0,0,0,0,272,3,2019 DHS
Ethiopia,2024,DHS,ETH_2024_DHS_child,children_under5,severe_wasting,ADM1,Addis Ababa,addis ababa,0.99233866,0.99233866,-0.805420794,2.790098113,251,4,2024 DHS
Ethiopia,2011,DHS,ETH_2011_DHS_child,children_under5,severe_wasting,ADM1,Afar,afar,6.238474129,6.238474129,5.002557892,7.474390367,962,1,2011 DHS
Ethiopia,2016,DHS,ETH_2016_DHS_child,children_under5,severe_wasting,ADM1,Afar,afar,5.270249937,5.270249937,3.742981615,6.797518258,916,2,2016 DHS
Ethiopia,2019,DHS,ETH_2019_DHS_child,children_under5,severe_wasting,ADM1,Afar,afar,2.813261292,2.813261292,1.41209215,4.214430434,613,3,2019 DHS
Ethiopia,2024,DHS,ETH_2024_DHS_child,children_under5,severe_wasting,ADM1,Afar,afar,2.915363804,2.915363804,1.350619351,4.480108257,605,4,2024 DHS
Ethiopia,2011,DHS,ETH_2011_DHS_child,children_under5,severe_wasting,ADM1,Amhara,amhara,3.074677416,3.074677416,1.964764477,4.184590355,1120,1,2011 DHS
Ethiopia,2016,DHS,ETH_2016_DHS_child,children_under5,severe_wasting,ADM1,Amhara,amhara,2.173427697,2.173427697,1.187240372,3.159615022,950,2,2016 DHS
Ethiopia,2019,DHS,ETH_2019_DHS_child,children_under5,severe_wasting,ADM1,Amhara,amhara,1.560643185,1.560643185,0.358369066,2.762917303,500,3,2019 DHS
Ethiopia,2024,DHS,ETH_2024_DHS_child,children_under5,severe_wasting,ADM1,Amhara,amhara,0.691032293,0.691032293,-0.092046311,1.474110896,503,4,2024 DHS
Ethiopia,2011,DHS,ETH_2011_DHS_child,children_under5,severe_wasting,ADM1,Benishangul,benishangul,2.49003802,2.49003802,1.393856632,3.586219408,893,1,2011 DHS
Ethiopia,2016,DHS,ETH_2016_DHS_child,children_under5,severe_wasting,ADM1,Benishangul,benishangul,3.127169585,3.127169585,0.757617327,5.496721844,765,2,2016 DHS
Ethiopia,2019,DHS,ETH_2019_DHS_child,children_under5,severe_wasting,ADM1,Benishangul,benishangul,0.753994006,0.753994006,0.142543316,1.365444695,490,3,2019 DHS
Ethiopia,2024,DHS,ETH_2024_DHS_child,children_under5,severe_wasting,ADM1,Benishangul,benishangul,0.662213776,0.662213776,-0.10218394,1.426611491,376,4,2024 DHS
Ethiopia,2011,DHS,ETH_2011_DHS_child,children_under5,severe_wasting,ADM1,Dire Dawa,dire dawa,2.042190305,2.042190305,0.922071284,3.162309326,644,1,2011 DHS
Ethiopia,2016,DHS,ETH_2016_DHS_child,children_under5,severe_wasting,ADM1,Dire Dawa,dire dawa,4.165607617,4.165607617,2.287893267,6.043321967,471,2,2016 DHS
Ethiopia,2019,DHS,ETH_2019_DHS_child,children_under5,severe_wasting,ADM1,Dire Dawa,dire dawa,0.960219701,0.960219701,0.004148719,1.916290682,377,3,2019 DHS
Ethiopia,2024,DHS,ETH_2024_DHS_child,children_under5,severe_wasting,ADM1,Dire Dawa,dire dawa,1.179999331,1.179999331,-1.002359196,3.362357858,281,4,2024 DHS
Ethiopia,2011,DHS,ETH_2011_DHS_child,children_under5,severe_wasting,ADM1,Gambela,gambela,3.228550728,3.228550728,0.838979387,5.61812207,735,1,2011 DHS
Ethiopia,2016,DHS,ETH_2016_DHS_child,children_under5,severe_wasting,ADM1,Gambela,gambela,3.380216086,3.380216086,1.777593264,4.982838907,637,2,2016 DHS
Ethiopia,2019,DHS,ETH_2019_DHS_child,children_under5,severe_wasting,ADM1,Gambela,gambela,2.719197272,2.719197272,0.10632096,5.332073585,420,3,2019 DHS
Ethiopia,2024,DHS,ETH_2024_DHS_child,children_under5,severe_wasting,ADM1,Gambela,gambela,2.742387531,2.742387531,1.342267965,4.142507097,351,4,2024 DHS
Ethiopia,2011,DHS,ETH_2011_DHS_child,children_under5,severe_wasting,ADM1,Harari,harari,1.640978638,1.640978638,0.666809733,2.615147543,537,1,2011 DHS
Ethiopia,2016,DHS,ETH_2016_DHS_child,children_under5,severe_wasting,ADM1,Harari,harari,2.989451807,2.989451807,1.384935223,4.593968391,487,2,2016 DHS
Ethiopia,2019,DHS,ETH_2019_DHS_child,children_under5,severe_wasting,ADM1,Harari,harari,0.830488591,0.830488591,-0.039975413,1.700952595,433,3,2019 DHS
Ethiopia,2024,DHS,ETH_2024_DHS_child,children_under5,severe_wasting,ADM1,Harari,harari,0,0,0,0,298,4,2024 DHS
Ethiopia,2011,DHS,ETH_2011_DHS_child,children_under5,severe_wasting,ADM1,Oromia,oromia,2.758512904,2.758512904,1.681167012,3.835858796,1619,1,2011 DHS
Ethiopia,2016,DHS,ETH_2016_DHS_child,children_under5,severe_wasting,ADM1,Oromia,oromia,3.512860199,3.512860199,2.518065648,4.50765475,1466,2,2016 DHS
Ethiopia,2019,DHS,ETH_2019_DHS_child,children_under5,severe_wasting,ADM1,Oromia,oromia,0.344051169,0.344051169,-0.039557121,0.727659459,715,3,2019 DHS
Ethiopia,2024,DHS,ETH_2024_DHS_child,children_under5,severe_wasting,ADM1,Oromia,oromia,0.818431273,0.818431273,-0.110229815,1.74709236,666,4,2024 DHS
Ethiopia,2011,DHS,ETH_2011_DHS_child,children_under5,severe_wasting,ADM1,SNNPR,snnpr,1.888728257,1.888728257,1.037751009,2.739705504,1477,1,2011 DHS
Ethiopia,2016,DHS,ETH_2016_DHS_child,children_under5,severe_wasting,ADM1,SNNPR,snnpr,1.682359274,1.682359274,0.959039342,2.405679205,1213,2,2016 DHS
Ethiopia,2019,DHS,ETH_2019_DHS_child,children_under5,severe_wasting,ADM1,SNNPR,snnpr,1.167926431,1.167926431,-0.066786573,2.402639436,679,3,2019 DHS
Ethiopia,2024,DHS,ETH_2024_DHS_child,children_under5,severe_wasting,ADM1,SNNPR,snnpr,1.109708378,1.109708378,0.364984236,1.854432519,1815,4,2024 DHS
Ethiopia,2011,DHS,ETH_2011_DHS_child,children_under5,severe_wasting,ADM1,Somali,somali,8.543442141,8.543442141,5.682123283,11.404761,798,1,2011 DHS
Ethiopia,2016,DHS,ETH_2016_DHS_child,children_under5,severe_wasting,ADM1,Somali,somali,6.122472192,6.122472192,3.421218767,8.823725617,1289,2,2016 DHS
Ethiopia,2019,DHS,ETH_2019_DHS_child,children_under5,severe_wasting,ADM1,Somali,somali,5.748585668,5.748585668,3.694700519,7.802470817,605,3,2019 DHS
Ethiopia,2024,DHS,ETH_2024_DHS_child,children_under5,severe_wasting,ADM1,Somali,somali,4.39042589,4.39042589,2.715332069,6.065519712,728,4,2024 DHS
Ethiopia,2011,DHS,ETH_2011_DHS_child,children_under5,severe_wasting,ADM1,Tigray,tigray,2.980553598,2.980553598,2.117525666,3.84358153,1140,1,2011 DHS
Ethiopia,2016,DHS,ETH_2016_DHS_child,children_under5,severe_wasting,ADM1,Tigray,tigray,3.380346445,3.380346445,2.032457135,4.728235755,978,2,2016 DHS
Ethiopia,2019,DHS,ETH_2019_DHS_child,children_under5,severe_wasting,ADM1,Tigray,tigray,0.70168616,0.70168616,-0.257030279,1.660402599,452,3,2019 DHS
Ethiopia,2024,DHS,ETH_2024_DHS_child,children_under5,severe_wasting,ADM1,Tigray,tigray,1.78261038,1.78261038,0.49361528,3.071605479,502,4,2024 DHS
Ethiopia,2011,DHS,ETH_2011_DHS_child,children_under5,stunting,ADM1,Addis Ababa,addis ababa,22.0199267,2.452885472,17.21235952,26.82749388,357,1,2011 DHS
Ethiopia,2016,DHS,ETH_2016_DHS_child,children_under5,stunting,ADM1,Addis Ababa,addis ababa,14.59285226,1.925328326,10.81927809,18.36642644,423,2,2016 DHS
Ethiopia,2019,DHS,ETH_2019_DHS_child,children_under5,stunting,ADM1,Addis Ababa,addis ababa,14.99168715,3.035636487,9.041948963,20.94142533,271,3,2019 DHS
Ethiopia,2024,DHS,ETH_2024_DHS_child,children_under5,stunting,ADM1,Addis Ababa,addis ababa,14.70189373,2.079630159,10.62589352,18.77789394,252,4,2024 DHS
Ethiopia,2011,DHS,ETH_2011_DHS_child,children_under5,stunting,ADM1,Afar,afar,50.15053378,2.195130839,45.8481564,54.45291117,962,1,2011 DHS
Ethiopia,2016,DHS,ETH_2016_DHS_child,children_under5,stunting,ADM1,Afar,afar,41.10692894,2.464632302,36.27633839,45.93751948,878,2,2016 DHS
Ethiopia,2019,DHS,ETH_2019_DHS_child,children_under5,stunting,ADM1,Afar,afar,42.24368779,2.70076689,36.95028195,47.53709362,588,3,2019 DHS
Ethiopia,2024,DHS,ETH_2024_DHS_child,children_under5,stunting,ADM1,Afar,afar,45.96492927,2.823594077,40.43078657,51.49907197,591,4,2024 DHS
Ethiopia,2011,DHS,ETH_2011_DHS_child,children_under5,stunting,ADM1,Amhara,amhara,52.04039504,1.603026999,48.89851985,55.18227022,1120,1,2011 DHS
Ethiopia,2016,DHS,ETH_2016_DHS_child,children_under5,stunting,ADM1,Amhara,amhara,46.32034267,1.941071795,42.51591186,50.12477348,954,2,2016 DHS
Ethiopia,2019,DHS,ETH_2019_DHS_child,children_under5,stunting,ADM1,Amhara,amhara,41.48972969,3.232383918,35.15437363,47.82508575,494,3,2019 DHS
Ethiopia,2024,DHS,ETH_2024_DHS_child,children_under5,stunting,ADM1,Amhara,amhara,43.11980818,2.268733759,38.67317172,47.56644464,506,4,2024 DHS
Ethiopia,2011,DHS,ETH_2011_DHS_child,children_under5,stunting,ADM1,Benishangul,benishangul,48.55937762,2.231827657,44.18507579,52.93367945,893,1,2011 DHS
Ethiopia,2016,DHS,ETH_2016_DHS_child,children_under5,stunting,ADM1,Benishangul,benishangul,42.74297167,2.202934826,38.42529875,47.06064459,759,2,2016 DHS
Ethiopia,2019,DHS,ETH_2019_DHS_child,children_under5,stunting,ADM1,Benishangul,benishangul,40.71032451,6.277386343,28.40687336,53.01377566,478,3,2019 DHS
Ethiopia,2024,DHS,ETH_2024_DHS_child,children_under5,stunting,ADM1,Benishangul,benishangul,51.6315312,4.211021874,43.37807999,59.88498241,369,4,2024 DHS
Ethiopia,2011,DHS,ETH_2011_DHS_child,children_under5,stunting,ADM1,Dire Dawa,dire dawa,36.28855034,2.487696956,31.4127539,41.16434678,644,1,2011 DHS
Ethiopia,2016,DHS,ETH_2016_DHS_child,children_under5,stunting,ADM1,Dire Dawa,dire dawa,40.19737791,2.895575587,34.52215405,45.87260178,464,2,2016 DHS
Ethiopia,2019,DHS,ETH_2019_DHS_child,children_under5,stunting,ADM1,Dire Dawa,dire dawa,25.3794875,2.330823484,20.81115742,29.94781758,362,3,2019 DHS
Ethiopia,2024,DHS,ETH_2024_DHS_child,children_under5,stunting,ADM1,Dire Dawa,dire dawa,33.26367777,3.450177338,26.50145444,40.02590109,280,4,2024 DHS
Ethiopia,2011,DHS,ETH_2011_DHS_child,children_under5,stunting,ADM1,Gambela,gambela,27.33257004,2.398563256,22.63147245,32.03366764,735,1,2011 DHS
Ethiopia,2016,DHS,ETH_2016_DHS_child,children_under5,stunting,ADM1,Gambela,gambela,23.52715921,1.826577844,19.94713242,27.107186,611,2,2016 DHS
Ethiopia,2019,DHS,ETH_2019_DHS_child,children_under5,stunting,ADM1,Gambela,gambela,17.29497339,2.692086055,12.01858168,22.5713651,412,3,2019 DHS
Ethiopia,2024,DHS,ETH_2024_DHS_child,children_under5,stunting,ADM1,Gambela,gambela,16.52115075,2.573427263,11.477326,21.5649755,353,4,2024 DHS
Ethiopia,2011,DHS,ETH_2011_DHS_child,children_under5,stunting,ADM1,Harari,harari,29.76311034,2.420786985,25.01845504,34.50776565,537,1,2011 DHS
Ethiopia,2016,DHS,ETH_2016_DHS_child,children_under5,stunting,ADM1,Harari,harari,31.95869229,2.523126115,27.01345598,36.90392861,484,2,2016 DHS
Ethiopia,2019,DHS,ETH_2019_DHS_child,children_under5,stunting,ADM1,Harari,harari,36.3711464,3.397252918,29.71265304,43.02963977,416,3,2019 DHS
Ethiopia,2024,DHS,ETH_2024_DHS_child,children_under5,stunting,ADM1,Harari,harari,34.82838269,3.923057966,27.13933036,42.51743501,295,4,2024 DHS
Ethiopia,2011,DHS,ETH_2011_DHS_child,children_under5,stunting,ADM1,Oromia,oromia,41.3635501,1.62643043,38.17580504,44.55129517,1619,1,2011 DHS
Ethiopia,2016,DHS,ETH_2016_DHS_child,children_under5,stunting,ADM1,Oromia,oromia,36.47153473,1.700376267,33.13885849,39.80421097,1463,2,2016 DHS
Ethiopia,2019,DHS,ETH_2019_DHS_child,children_under5,stunting,ADM1,Oromia,oromia,35.30988021,2.370521732,30.66374299,39.95601743,698,3,2019 DHS
Ethiopia,2024,DHS,ETH_2024_DHS_child,children_under5,stunting,ADM1,Oromia,oromia,41.2707518,2.433145228,36.50187479,46.03962882,663,4,2024 DHS
Ethiopia,2011,DHS,ETH_2011_DHS_child,children_under5,stunting,ADM1,SNNPR,snnpr,44.08139929,1.874602196,40.4072465,47.75555208,1477,1,2011 DHS
Ethiopia,2016,DHS,ETH_2016_DHS_child,children_under5,stunting,ADM1,SNNPR,snnpr,38.63327534,1.982741059,34.74717427,42.5193764,1208,2,2016 DHS
Ethiopia,2019,DHS,ETH_2019_DHS_child,children_under5,stunting,ADM1,SNNPR,snnpr,36.42700343,2.718897317,31.09806261,41.75594425,645,3,2019 DHS
Ethiopia,2024,DHS,ETH_2024_DHS_child,children_under5,stunting,ADM1,SNNPR,snnpr,38.124292,1.612191115,34.96445548,41.28412853,1800,4,2024 DHS
Ethiopia,2011,DHS,ETH_2011_DHS_child,children_under5,stunting,ADM1,Somali,somali,32.96154223,2.22121189,28.60804692,37.31503753,798,1,2011 DHS
Ethiopia,2016,DHS,ETH_2016_DHS_child,children_under5,stunting,ADM1,Somali,somali,27.43530595,1.738826652,24.02726833,30.84334356,1247,2,2016 DHS
Ethiopia,2019,DHS,ETH_2019_DHS_child,children_under5,stunting,ADM1,Somali,somali,30.58349924,3.118309667,24.4717246,36.69527388,566,3,2019 DHS
Ethiopia,2024,DHS,ETH_2024_DHS_child,children_under5,stunting,ADM1,Somali,somali,34.55629984,3.043363353,28.59141727,40.5211824,723,4,2024 DHS
Ethiopia,2011,DHS,ETH_2011_DHS_child,children_under5,stunting,ADM1,Tigray,tigray,51.42844392,1.871206961,47.76094567,55.09594217,1140,1,2011 DHS
Ethiopia,2016,DHS,ETH_2016_DHS_child,children_under5,stunting,ADM1,Tigray,tigray,39.27100653,1.806747773,35.72984596,42.81216709,980,2,2016 DHS
Ethiopia,2019,DHS,ETH_2019_DHS_child,children_under5,stunting,ADM1,Tigray,tigray,48.35019897,3.02652968,42.4183098,54.28208814,450,3,2019 DHS
Ethiopia,2024,DHS,ETH_2024_DHS_child,children_under5,stunting,ADM1,Tigray,tigray,41.572768,2.307879508,37.04940729,46.09612872,501,4,2024 DHS
Ethiopia,2011,DHS,ETH_2011_DHS_child,children_under5,wasting,ADM1,Addis Ababa,addis ababa,4.570675622,1.181816161,2.254358509,6.886992735,357,1,2011 DHS
Ethiopia,2016,DHS,ETH_2016_DHS_child,children_under5,wasting,ADM1,Addis Ababa,addis ababa,3.472332598,0.830466837,1.844647507,5.100017689,424,2,2016 DHS
Ethiopia,2019,DHS,ETH_2019_DHS_child,children_under5,wasting,ADM1,Addis Ababa,addis ababa,2.233086154,0.812753727,0.640118121,3.826054187,272,3,2019 DHS
Ethiopia,2024,DHS,ETH_2024_DHS_child,children_under5,wasting,ADM1,Addis Ababa,addis ababa,2.354158264,1.202993862,-0.003666379,4.711982906,251,4,2024 DHS
Ethiopia,2011,DHS,ETH_2011_DHS_child,children_under5,wasting,ADM1,Afar,afar,19.51885569,1.305643031,16.95984237,22.077869,962,1,2011 DHS
Ethiopia,2016,DHS,ETH_2016_DHS_child,children_under5,wasting,ADM1,Afar,afar,17.70385912,1.862197158,14.05401976,21.35369848,916,2,2016 DHS
Ethiopia,2019,DHS,ETH_2019_DHS_child,children_under5,wasting,ADM1,Afar,afar,13.53578189,2.161931082,9.298474836,17.77308895,613,3,2019 DHS
Ethiopia,2024,DHS,ETH_2024_DHS_child,children_under5,wasting,ADM1,Afar,afar,10.5138072,1.362490655,7.843374587,13.18423981,605,4,2024 DHS
Ethiopia,2011,DHS,ETH_2011_DHS_child,children_under5,wasting,ADM1,Amhara,amhara,9.895237704,1.084119629,7.770402277,12.02007313,1120,1,2011 DHS
Ethiopia,2016,DHS,ETH_2016_DHS_child,children_under5,wasting,ADM1,Amhara,amhara,9.754061917,0.96402108,7.86461532,11.64350851,950,2,2016 DHS
Ethiopia,2019,DHS,ETH_2019_DHS_child,children_under5,wasting,ADM1,Amhara,amhara,7.592830441,1.182266077,5.275631511,9.910029371,500,3,2019 DHS
Ethiopia,2024,DHS,ETH_2024_DHS_child,children_under5,wasting,ADM1,Amhara,amhara,4.535431126,0.915450267,2.741181573,6.32968068,503,4,2024 DHS
Ethiopia,2011,DHS,ETH_2011_DHS_child,children_under5,wasting,ADM1,Benishangul,benishangul,9.884139476,1.117159492,7.694547107,12.07373184,893,1,2011 DHS
Ethiopia,2016,DHS,ETH_2016_DHS_child,children_under5,wasting,ADM1,Benishangul,benishangul,11.46307081,1.75441432,8.024481925,14.90165969,765,2,2016 DHS
Ethiopia,2019,DHS,ETH_2019_DHS_child,children_under5,wasting,ADM1,Benishangul,benishangul,6.43135621,1.39630005,3.694658399,9.16805402,490,3,2019 DHS
Ethiopia,2024,DHS,ETH_2024_DHS_child,children_under5,wasting,ADM1,Benishangul,benishangul,4.157369547,0.94712924,2.301030348,6.013708747,376,4,2024 DHS
Ethiopia,2011,DHS,ETH_2011_DHS_child,children_under5,wasting,ADM1,Dire Dawa,dire dawa,12.25091183,1.633522608,9.049266353,15.45255731,644,1,2011 DHS
Ethiopia,2016,DHS,ETH_2016_DHS_child,children_under5,wasting,ADM1,Dire Dawa,dire dawa,9.748419474,1.706141511,6.40444356,13.09239539,471,2,2016 DHS
Ethiopia,2019,DHS,ETH_2019_DHS_child,children_under5,wasting,ADM1,Dire Dawa,dire dawa,5.926377749,1.317989396,3.343166,8.509589498,377,3,2019 DHS
Ethiopia,2024,DHS,ETH_2024_DHS_child,children_under5,wasting,ADM1,Dire Dawa,dire dawa,6.842042901,1.80787819,3.298666761,10.38541904,281,4,2024 DHS
Ethiopia,2011,DHS,ETH_2011_DHS_child,children_under5,wasting,ADM1,Gambela,gambela,12.54352587,2.08212556,8.462634756,16.62441697,735,1,2011 DHS
Ethiopia,2016,DHS,ETH_2016_DHS_child,children_under5,wasting,ADM1,Gambela,gambela,14.0986079,1.914535362,10.34618754,17.85102825,637,2,2016 DHS
Ethiopia,2019,DHS,ETH_2019_DHS_child,children_under5,wasting,ADM1,Gambela,gambela,13.13788357,1.531264406,10.13666049,16.13910666,420,3,2019 DHS
Ethiopia,2024,DHS,ETH_2024_DHS_child,children_under5,wasting,ADM1,Gambela,gambela,12.91561315,2.022320644,8.951937518,16.87928877,351,4,2024 DHS
Ethiopia,2011,DHS,ETH_2011_DHS_child,children_under5,wasting,ADM1,Harari,harari,9.066736477,1.561514789,6.006223728,12.12724923,537,1,2011 DHS
Ethiopia,2016,DHS,ETH_2016_DHS_child,children_under5,wasting,ADM1,Harari,harari,10.65156225,1.788117657,7.14691604,14.15620845,487,2,2016 DHS
Ethiopia,2019,DHS,ETH_2019_DHS_child,children_under5,wasting,ADM1,Harari,harari,4.087940802,1.007759546,2.112768387,6.063113217,433,3,2019 DHS
Ethiopia,2024,DHS,ETH_2024_DHS_child,children_under5,wasting,ADM1,Harari,harari,2.649625748,1.136681197,0.42177154,4.877479957,298,4,2024 DHS
Ethiopia,2011,DHS,ETH_2011_DHS_child,children_under5,wasting,ADM1,Oromia,oromia,9.669316703,0.894128877,7.916856307,11.4217771,1619,1,2011 DHS
Ethiopia,2016,DHS,ETH_2016_DHS_child,children_under5,wasting,ADM1,Oromia,oromia,10.58827435,0.849386391,8.923507617,12.25304109,1466,2,2016 DHS
Ethiopia,2019,DHS,ETH_2019_DHS_child,children_under5,wasting,ADM1,Oromia,oromia,4.312727237,0.842645701,2.661172012,5.964282463,715,3,2019 DHS
Ethiopia,2024,DHS,ETH_2024_DHS_child,children_under5,wasting,ADM1,Oromia,oromia,3.860214346,0.918945033,2.059115177,5.661313515,666,4,2024 DHS
Ethiopia,2011,DHS,ETH_2011_DHS_child,children_under5,wasting,ADM1,SNNPR,snnpr,7.641845562,0.788387372,6.096634707,9.187056417,1477,1,2011 DHS
Ethiopia,2016,DHS,ETH_2016_DHS_child,children_under5,wasting,ADM1,SNNPR,snnpr,6.008460746,0.72238213,4.592617787,7.424303704,1213,2,2016 DHS
Ethiopia,2019,DHS,ETH_2019_DHS_child,children_under5,wasting,ADM1,SNNPR,snnpr,6.315048396,1.696659476,2.989656929,9.640439863,679,3,2019 DHS
Ethiopia,2024,DHS,ETH_2024_DHS_child,children_under5,wasting,ADM1,SNNPR,snnpr,4.174819533,0.672101078,2.857525627,5.49211344,1815,4,2024 DHS
Ethiopia,2011,DHS,ETH_2011_DHS_child,children_under5,wasting,ADM1,Somali,somali,22.15212502,1.935805694,18.35801558,25.94623446,798,1,2011 DHS
Ethiopia,2016,DHS,ETH_2016_DHS_child,children_under5,wasting,ADM1,Somali,somali,22.6944446,2.43074188,17.93027806,27.45861114,1289,2,2016 DHS
Ethiopia,2019,DHS,ETH_2019_DHS_child,children_under5,wasting,ADM1,Somali,somali,21.43897733,1.816808685,17.87809774,24.99985692,605,3,2019 DHS
Ethiopia,2024,DHS,ETH_2024_DHS_child,children_under5,wasting,ADM1,Somali,somali,13.72103265,1.420254859,10.93738428,16.50468102,728,4,2024 DHS
Ethiopia,2011,DHS,ETH_2011_DHS_child,children_under5,wasting,ADM1,Tigray,tigray,10.26506424,1.006611272,8.292142403,12.23798608,1140,1,2011 DHS
Ethiopia,2016,DHS,ETH_2016_DHS_child,children_under5,wasting,ADM1,Tigray,tigray,11.0944552,1.067136106,9.002906864,13.18600353,978,2,2016 DHS
Ethiopia,2019,DHS,ETH_2019_DHS_child,children_under5,wasting,ADM1,Tigray,tigray,9.104502719,1.663331681,5.844432531,12.36457291,452,3,2019 DHS
Ethiopia,2024,DHS,ETH_2024_DHS_child,children_under5,wasting,ADM1,Tigray,tigray,5.183301796,1.174217362,2.881878056,7.484725537,502,4,2024 DHS
Ethiopia,2011,DHS,ETH_2011_DHS_women,women_15_49,anemia_women,ADM1,Addis Ababa,addis ababa,9.317881061,1.003325814,7.3513986,11.28436352,1525,2,2011 DHS
Ethiopia,2016,DHS,ETH_2016_DHS_women,women_15_49,anemia_women,ADM1,Addis Ababa,addis ababa,15.96796288,1.344503581,13.33278428,18.60314147,1613,3,2016 DHS
Ethiopia,2011,DHS,ETH_2011_DHS_women,women_15_49,anemia_women,ADM1,Afar,afar,34.75445674,2.296905798,30.2526041,39.25630938,1260,2,2011 DHS
Ethiopia,2016,DHS,ETH_2016_DHS_women,women_15_49,anemia_women,ADM1,Afar,afar,44.69838377,2.463930796,39.86916815,49.52759939,1039,3,2016 DHS
Ethiopia,2011,DHS,ETH_2011_DHS_women,women_15_49,anemia_women,ADM1,Amhara,amhara,16.56097059,1.254108452,14.1029632,19.01897799,1989,2,2011 DHS
Ethiopia,2016,DHS,ETH_2016_DHS_women,women_15_49,anemia_women,ADM1,Amhara,amhara,17.18962792,1.211172567,14.8157733,19.56348253,1688,3,2016 DHS
Ethiopia,2011,DHS,ETH_2011_DHS_women,women_15_49,anemia_women,ADM1,Benishangul,benishangul,19.0711282,1.571609771,15.99082965,22.15142675,1213,2,2011 DHS
Ethiopia,2016,DHS,ETH_2016_DHS_women,women_15_49,anemia_women,ADM1,Benishangul,benishangul,19.22993609,1.679095934,15.93896853,22.52090364,1038,3,2016 DHS
Ethiopia,2011,DHS,ETH_2011_DHS_women,women_15_49,anemia_women,ADM1,Dire Dawa,dire dawa,28.80267702,1.899320635,25.08007698,32.52527706,997,2,2011 DHS
Ethiopia,2016,DHS,ETH_2016_DHS_women,women_15_49,anemia_women,ADM1,Dire Dawa,dire dawa,30.11001267,2.316239234,25.57026719,34.64975815,953,3,2016 DHS
Ethiopia,2011,DHS,ETH_2011_DHS_women,women_15_49,anemia_women,ADM1,Gambela,gambela,19.42025094,2.308899379,14.89489131,23.94561057,1092,2,2011 DHS
Ethiopia,2016,DHS,ETH_2016_DHS_women,women_15_49,anemia_women,ADM1,Gambela,gambela,26.10307417,2.588876957,21.02896857,31.17717977,985,3,2016 DHS
Ethiopia,2011,DHS,ETH_2011_DHS_women,women_15_49,anemia_women,ADM1,Harari,harari,19.35309751,1.631259977,16.15588671,22.55030832,980,2,2011 DHS
Ethiopia,2016,DHS,ETH_2016_DHS_women,women_15_49,anemia_women,ADM1,Harari,harari,27.69211022,2.137111955,23.50344776,31.88077269,750,3,2016 DHS
Ethiopia,2011,DHS,ETH_2011_DHS_women,women_15_49,anemia_women,ADM1,Oromia,oromia,19.15133858,1.338177763,16.52855836,21.7741188,2068,2,2011 DHS
Ethiopia,2016,DHS,ETH_2016_DHS_women,women_15_49,anemia_women,ADM1,Oromia,oromia,27.29235308,1.871535411,23.62421108,30.96049508,1802,3,2016 DHS
Ethiopia,2011,DHS,ETH_2011_DHS_women,women_15_49,anemia_women,ADM1,SNNPR,snnpr,11.26254308,0.910625014,9.477750849,13.04733531,1943,2,2011 DHS
Ethiopia,2016,DHS,ETH_2016_DHS_women,women_15_49,anemia_women,ADM1,SNNPR,snnpr,22.54381813,1.672840465,19.26511107,25.8225252,1760,3,2016 DHS
Ethiopia,2011,DHS,ETH_2011_DHS_women,women_15_49,anemia_women,ADM1,Somali,somali,44.0376423,3.519106182,37.14032093,50.93496368,813,2,2011 DHS
Ethiopia,2016,DHS,ETH_2016_DHS_women,women_15_49,anemia_women,ADM1,Somali,somali,59.54086719,2.163080811,55.3013067,63.78042768,1262,3,2016 DHS
Ethiopia,2011,DHS,ETH_2011_DHS_women,women_15_49,anemia_women,ADM1,Tigray,tigray,12.40353392,1.118030271,10.21223486,14.59483299,1688,2,2011 DHS
Ethiopia,2016,DHS,ETH_2016_DHS_women,women_15_49,anemia_women,ADM1,Tigray,tigray,19.7412697,1.583105697,16.63843955,22.84409985,1599,3,2016 DHS
Ethiopia,2011,DHS,ETH_2011_DHS_women,women_15_49,severe_anemia_women,ADM1,Addis Ababa,addis ababa,0.279920393,0.279920393,0.037536412,0.522304374,1525,2,2011 DHS
Ethiopia,2016,DHS,ETH_2016_DHS_women,women_15_49,severe_anemia_women,ADM1,Addis Ababa,addis ababa,0.067807975,0.067807975,-0.06311282,0.198728769,1613,3,2016 DHS
Ethiopia,2011,DHS,ETH_2011_DHS_women,women_15_49,severe_anemia_women,ADM1,Afar,afar,1.453233345,1.453233345,0.684491238,2.221975451,1260,2,2011 DHS
Ethiopia,2016,DHS,ETH_2016_DHS_women,women_15_49,severe_anemia_women,ADM1,Afar,afar,1.999396854,1.999396854,1.058482637,2.94031107,1039,3,2016 DHS
Ethiopia,2011,DHS,ETH_2011_DHS_women,women_15_49,severe_anemia_women,ADM1,Amhara,amhara,0.377227769,0.377227769,0.123930508,0.630525029,1989,2,2011 DHS
Ethiopia,2016,DHS,ETH_2016_DHS_women,women_15_49,severe_anemia_women,ADM1,Amhara,amhara,0.113619231,0.113619231,-0.041151417,0.268389879,1688,3,2016 DHS
Ethiopia,2011,DHS,ETH_2011_DHS_women,women_15_49,severe_anemia_women,ADM1,Benishangul,benishangul,0.550239395,0.550239395,0.10999453,0.99048426,1213,2,2011 DHS
Ethiopia,2016,DHS,ETH_2016_DHS_women,women_15_49,severe_anemia_women,ADM1,Benishangul,benishangul,0.216225008,0.216225008,-0.096748452,0.529198468,1038,3,2016 DHS
Ethiopia,2011,DHS,ETH_2011_DHS_women,women_15_49,severe_anemia_women,ADM1,Dire Dawa,dire dawa,1.535911292,1.535911292,0.772801051,2.299021533,997,2,2011 DHS
Ethiopia,2016,DHS,ETH_2016_DHS_women,women_15_49,severe_anemia_women,ADM1,Dire Dawa,dire dawa,1.2592491,1.2592491,0.494744972,2.023753229,953,3,2016 DHS
Ethiopia,2011,DHS,ETH_2011_DHS_women,women_15_49,severe_anemia_women,ADM1,Gambela,gambela,0.231642545,0.231642545,-0.106487536,0.569772626,1092,2,2011 DHS
Ethiopia,2016,DHS,ETH_2016_DHS_women,women_15_49,severe_anemia_women,ADM1,Gambela,gambela,0.319550728,0.319550728,-0.108425067,0.747526524,985,3,2016 DHS
Ethiopia,2011,DHS,ETH_2011_DHS_women,women_15_49,severe_anemia_women,ADM1,Harari,harari,0.761106586,0.761106586,0.173905889,1.348307283,980,2,2011 DHS
Ethiopia,2016,DHS,ETH_2016_DHS_women,women_15_49,severe_anemia_women,ADM1,Harari,harari,1.230145947,1.230145947,0.511647369,1.948644524,750,3,2016 DHS
Ethiopia,2011,DHS,ETH_2011_DHS_women,women_15_49,severe_anemia_women,ADM1,Oromia,oromia,0.677544133,0.677544133,0.185797821,1.169290445,2068,2,2011 DHS
Ethiopia,2016,DHS,ETH_2016_DHS_women,women_15_49,severe_anemia_women,ADM1,Oromia,oromia,1.19059248,1.19059248,0.373023215,2.008161745,1802,3,2016 DHS
Ethiopia,2011,DHS,ETH_2011_DHS_women,women_15_49,severe_anemia_women,ADM1,SNNPR,snnpr,0.369250469,0.369250469,0.069101265,0.669399672,1943,2,2011 DHS
Ethiopia,2016,DHS,ETH_2016_DHS_women,women_15_49,severe_anemia_women,ADM1,SNNPR,snnpr,0.547824959,0.547824959,0.171645854,0.924004064,1760,3,2016 DHS
Ethiopia,2011,DHS,ETH_2011_DHS_women,women_15_49,severe_anemia_women,ADM1,Somali,somali,4.540608852,4.540608852,2.873358467,6.207859237,813,2,2011 DHS
Ethiopia,2016,DHS,ETH_2016_DHS_women,women_15_49,severe_anemia_women,ADM1,Somali,somali,4.770174452,4.770174452,3.332335935,6.208012969,1262,3,2016 DHS
Ethiopia,2011,DHS,ETH_2011_DHS_women,women_15_49,severe_anemia_women,ADM1,Tigray,tigray,0.396049121,0.396049121,0.066196544,0.725901699,1688,2,2011 DHS
Ethiopia,2016,DHS,ETH_2016_DHS_women,women_15_49,severe_anemia_women,ADM1,Tigray,tigray,0.320024465,0.320024465,-0.008490667,0.648539598,1599,3,2016 DHS
Nigeria,2013,DHS,NGA_2013_DHS_child,children_under5,severe_stunting,ADM1,Abia,abia,6.246916299,6.246916299,4.070086835,8.423745763,464,1,2013 DHS
Nigeria,2018,DHS,NGA_2018_DHS_child,children_under5,severe_stunting,ADM1,Abia,abia,6.381888615,6.381888615,3.738039621,9.025737609,286,2,2018 DHS
Nigeria,2024,DHS,NGA_2024_DHS_child,children_under5,severe_stunting,ADM1,Abia,abia,7.007637829,7.007637829,0.070815549,13.94446011,201,3,2024 DHS
Nigeria,2013,DHS,NGA_2013_DHS_child,children_under5,severe_stunting,ADM1,Adamawa,adamawa,12.6748463,12.6748463,9.432526379,15.91716622,882,1,2013 DHS
Nigeria,2018,DHS,NGA_2018_DHS_child,children_under5,severe_stunting,ADM1,Adamawa,adamawa,15.09575755,15.09575755,11.32962769,18.86188742,315,2,2018 DHS
Nigeria,2024,DHS,NGA_2024_DHS_child,children_under5,severe_stunting,ADM1,Adamawa,adamawa,26.69934442,26.69934442,18.68651948,34.71216935,293,3,2024 DHS
Nigeria,2013,DHS,NGA_2013_DHS_child,children_under5,severe_stunting,ADM1,Akwa Ibom,akwa ibom,10.86975979,10.86975979,6.664416493,15.07510309,533,1,2013 DHS
Nigeria,2018,DHS,NGA_2018_DHS_child,children_under5,severe_stunting,ADM1,Akwa Ibom,akwa ibom,4.406799809,4.406799809,2.023179303,6.790420315,254,2,2018 DHS
Nigeria,2024,DHS,NGA_2024_DHS_child,children_under5,severe_stunting,ADM1,Akwa Ibom,akwa ibom,9.023941192,9.023941192,4.877620264,13.17026212,203,3,2024 DHS
Nigeria,2013,DHS,NGA_2013_DHS_child,children_under5,severe_stunting,ADM1,Anambra,anambra,9.216868629,9.216868629,4.153403881,14.28033338,420,1,2013 DHS
Nigeria,2018,DHS,NGA_2018_DHS_child,children_under5,severe_stunting,ADM1,Anambra,anambra,3.588425283,3.588425283,1.306015975,5.870834591,447,2,2018 DHS
Nigeria,2024,DHS,NGA_2024_DHS_child,children_under5,severe_stunting,ADM1,Anambra,anambra,5.753946556,5.753946556,3.247552526,8.260340587,352,3,2024 DHS
Nigeria,2013,DHS,NGA_2013_DHS_child,children_under5,severe_stunting,ADM1,Bauchi,bauchi,30.86468863,30.86468863,27.95951235,33.76986492,1083,1,2013 DHS
Nigeria,2018,DHS,NGA_2018_DHS_child,children_under5,severe_stunting,ADM1,Bauchi,bauchi,29.3812543,29.3812543,23.5170846,35.245424,442,2,2018 DHS
Nigeria,2024,DHS,NGA_2024_DHS_child,children_under5,severe_stunting,ADM1,Bauchi,bauchi,32.30876058,32.30876058,25.22790686,39.38961429,338,3,2024 DHS
Nigeria,2013,DHS,NGA_2013_DHS_child,children_under5,severe_stunting,ADM1,Bayelsa,bayelsa,8.777109519,8.777109519,5.743742245,11.81047679,733,1,2013 DHS
Nigeria,2018,DHS,NGA_2018_DHS_child,children_under5,severe_stunting,ADM1,Bayelsa,bayelsa,6.056203242,6.056203242,2.895289662,9.217116822,282,2,2018 DHS
Nigeria,2024,DHS,NGA_2024_DHS_child,children_under5,severe_stunting,ADM1,Bayelsa,bayelsa,10.59133107,10.59133107,5.510752849,15.67190929,212,3,2024 DHS
Nigeria,2013,DHS,NGA_2013_DHS_child,children_under5,severe_stunting,ADM1,Benue,benue,10.44831321,10.44831321,5.951852365,14.94477405,580,1,2013 DHS
Nigeria,2018,DHS,NGA_2018_DHS_child,children_under5,severe_stunting,ADM1,Benue,benue,6.749490358,6.749490358,3.695125201,9.803855516,374,2,2018 DHS
Nigeria,2024,DHS,NGA_2024_DHS_child,children_under5,severe_stunting,ADM1,Benue,benue,9.629182959,9.629182959,5.701537337,13.55682858,210,3,2024 DHS
Nigeria,2013,DHS,NGA_2013_DHS_child,children_under5,severe_stunting,ADM1,Borno,borno,13.68756655,13.68756655,9.286060501,18.08907261,416,1,2013 DHS
Nigeria,2018,DHS,NGA_2018_DHS_child,children_under5,severe_stunting,ADM1,Borno,borno,24.60147679,24.60147679,20.29157739,28.91137619,347,2,2018 DHS
Nigeria,2024,DHS,NGA_2024_DHS_child,children_under5,severe_stunting,ADM1,Borno,borno,23.35334513,23.35334513,17.95969519,28.74699506,286,3,2024 DHS
Nigeria,2013,DHS,NGA_2013_DHS_child,children_under5,severe_stunting,ADM1,Cross River,cross river,8.515871261,8.515871261,5.88658968,11.14515284,515,1,2013 DHS
Nigeria,2018,DHS,NGA_2018_DHS_child,children_under5,severe_stunting,ADM1,Cross River,cross river,5.568314079,5.568314079,1.248139485,9.888488674,164,2,2018 DHS
Nigeria,2024,DHS,NGA_2024_DHS_child,children_under5,severe_stunting,ADM1,Cross River,cross river,5.071315894,5.071315894,2.215415574,7.927216214,155,3,2024 DHS
Nigeria,2013,DHS,NGA_2013_DHS_child,children_under5,severe_stunting,ADM1,Delta,delta,8.638719496,8.638719496,5.976878656,11.30056034,594,1,2013 DHS
Nigeria,2018,DHS,NGA_2018_DHS_child,children_under5,severe_stunting,ADM1,Delta,delta,7.543831013,7.543831013,3.946105319,11.14155671,198,2,2018 DHS
Nigeria,2024,DHS,NGA_2024_DHS_child,children_under5,severe_stunting,ADM1,Delta,delta,2.875914502,2.875914502,0.377166309,5.374662695,166,3,2024 DHS
Nigeria,2013,DHS,NGA_2013_DHS_child,children_under5,severe_stunting,ADM1,Ebonyi,ebonyi,6.147585841,6.147585841,3.371413562,8.92375812,645,1,2013 DHS
Nigeria,2018,DHS,NGA_2018_DHS_child,children_under5,severe_stunting,ADM1,Ebonyi,ebonyi,9.564753076,9.564753076,6.414690909,12.71481524,488,2,2018 DHS
Nigeria,2024,DHS,NGA_2024_DHS_child,children_under5,severe_stunting,ADM1,Ebonyi,ebonyi,10.16464573,10.16464573,7.42836415,12.90092731,520,3,2024 DHS
Nigeria,2013,DHS,NGA_2013_DHS_child,children_under5,severe_stunting,ADM1,Edo,edo,6.799907136,6.799907136,4.262677937,9.337136334,519,1,2013 DHS
Nigeria,2018,DHS,NGA_2018_DHS_child,children_under5,severe_stunting,ADM1,Edo,edo,4.535836438,4.535836438,-0.36859067,9.440263546,160,2,2018 DHS
Nigeria,2024,DHS,NGA_2024_DHS_child,children_under5,severe_stunting,ADM1,Edo,edo,3.550108103,3.550108103,0.683728753,6.416487453,185,3,2024 DHS
Nigeria,2013,DHS,NGA_2013_DHS_child,children_under5,severe_stunting,ADM1,Ekiti,ekiti,7.341320112,7.341320112,4.927340093,9.755300132,493,1,2013 DHS
Nigeria,2018,DHS,NGA_2018_DHS_child,children_under5,severe_stunting,ADM1,Ekiti,ekiti,6.770670299,6.770670299,3.758067623,9.783272975,287,2,2018 DHS
Nigeria,2024,DHS,NGA_2024_DHS_child,children_under5,severe_stunting,ADM1,Ekiti,ekiti,4.788281431,4.788281431,1.543174072,8.033388791,129,3,2024 DHS
Nigeria,2013,DHS,NGA_2013_DHS_child,children_under5,severe_stunting,ADM1,Enugu,enugu,2.457782263,2.457782263,1.017463189,3.898101336,547,1,2013 DHS
Nigeria,2018,DHS,NGA_2018_DHS_child,children_under5,severe_stunting,ADM1,Enugu,enugu,4.522461387,4.522461387,2.381132087,6.663790687,263,2,2018 DHS
Nigeria,2024,DHS,NGA_2024_DHS_child,children_under5,severe_stunting,ADM1,Enugu,enugu,4.23478941,4.23478941,1.960143944,6.509434877,339,3,2024 DHS
Nigeria,2024,DHS,NGA_2024_DHS_child,children_under5,severe_stunting,ADM1,FCT Abuja,fct abuja,3.900511146,3.900511146,0.937860634,6.863161658,174,3,2024 DHS
Nigeria,2013,DHS,NGA_2013_DHS_child,children_under5,severe_stunting,ADM1,FCT Abuja,fct abuja,8.974318278,8.974318278,5.251315258,12.6973213,456,1,2013 DHS
Nigeria,2018,DHS,NGA_2018_DHS_child,children_under5,severe_stunting,ADM1,FCT Abuja,fct abuja,9.365271522,9.365271522,5.353248884,13.37729416,298,2,2018 DHS
Nigeria,2013,DHS,NGA_2013_DHS_child,children_under5,severe_stunting,ADM1,Gombe,gombe,27.21110087,27.21110087,22.58483317,31.83736856,938,1,2013 DHS
Nigeria,2018,DHS,NGA_2018_DHS_child,children_under5,severe_stunting,ADM1,Gombe,gombe,26.91848405,26.91848405,21.86962098,31.96734712,400,2,2018 DHS
Nigeria,2024,DHS,NGA_2024_DHS_child,children_under5,severe_stunting,ADM1,Gombe,gombe,24.9879901,24.9879901,19.20845739,30.76752282,316,3,2024 DHS
Nigeria,2013,DHS,NGA_2013_DHS_child,children_under5,severe_stunting,ADM1,Imo,imo,4.744447427,4.744447427,1.681172915,7.807721939,437,1,2013 DHS
Nigeria,2018,DHS,NGA_2018_DHS_child,children_under5,severe_stunting,ADM1,Imo,imo,4.86267468,4.86267468,2.709189783,7.016159578,359,2,2018 DHS
Nigeria,2024,DHS,NGA_2024_DHS_child,children_under5,severe_stunting,ADM1,Imo,imo,3.912753554,3.912753554,1.997743661,5.827763446,414,3,2024 DHS
Nigeria,2013,DHS,NGA_2013_DHS_child,children_under5,severe_stunting,ADM1,Jigawa,jigawa,41.46114471,41.46114471,36.90098566,46.02130376,1042,1,2013 DHS
Nigeria,2018,DHS,NGA_2018_DHS_child,children_under5,severe_stunting,ADM1,Jigawa,jigawa,35.995215,35.995215,31.15948502,40.83094498,415,2,2018 DHS
Nigeria,2024,DHS,NGA_2024_DHS_child,children_under5,severe_stunting,ADM1,Jigawa,jigawa,31.88054819,31.88054819,27.00228929,36.7588071,378,3,2024 DHS
Nigeria,2013,DHS,NGA_2013_DHS_child,children_under5,severe_stunting,ADM1,Kaduna,kaduna,41.69279206,41.69279206,34.98550778,48.40007634,622,1,2013 DHS
Nigeria,2018,DHS,NGA_2018_DHS_child,children_under5,severe_stunting,ADM1,Kaduna,kaduna,22.05093642,22.05093642,14.59316742,29.50870541,421,2,2018 DHS
Nigeria,2024,DHS,NGA_2024_DHS_child,children_under5,severe_stunting,ADM1,Kaduna,kaduna,16.84768013,16.84768013,11.12081791,22.57454235,384,3,2024 DHS
Nigeria,2013,DHS,NGA_2013_DHS_child,children_under5,severe_stunting,ADM1,Kano,kano,31.14169746,31.14169746,26.44321886,35.84017607,1647,1,2013 DHS
Nigeria,2018,DHS,NGA_2018_DHS_child,children_under5,severe_stunting,ADM1,Kano,kano,29.69497122,29.69497122,24.23817115,35.15177129,562,2,2018 DHS
Nigeria,2024,DHS,NGA_2024_DHS_child,children_under5,severe_stunting,ADM1,Kano,kano,29.36620936,29.36620936,24.72854144,34.00387728,467,3,2024 DHS
Nigeria,2013,DHS,NGA_2013_DHS_child,children_under5,severe_stunting,ADM1,Katsina,katsina,38.03275067,38.03275067,31.80939838,44.25610296,1159,1,2013 DHS
Nigeria,2018,DHS,NGA_2018_DHS_child,children_under5,severe_stunting,ADM1,Katsina,katsina,35.89006024,35.89006024,29.55896309,42.2211574,478,2,2018 DHS
Nigeria,2024,DHS,NGA_2024_DHS_child,children_under5,severe_stunting,ADM1,Katsina,katsina,32.62354063,32.62354063,19.49836946,45.74871179,345,3,2024 DHS
Nigeria,2013,DHS,NGA_2013_DHS_child,children_under5,severe_stunting,ADM1,Kebbi,kebbi,42.70997547,42.70997547,36.51694653,48.90300442,844,1,2013 DHS
Nigeria,2018,DHS,NGA_2018_DHS_child,children_under5,severe_stunting,ADM1,Kebbi,kebbi,37.63399739,37.63399739,30.89897671,44.36901808,360,2,2018 DHS
Nigeria,2024,DHS,NGA_2024_DHS_child,children_under5,severe_stunting,ADM1,Kebbi,kebbi,35.23231692,35.23231692,30.5074861,39.95714774,389,3,2024 DHS
Nigeria,2013,DHS,NGA_2013_DHS_child,children_under5,severe_stunting,ADM1,Kogi,kogi,10.71517598,10.71517598,5.937685033,15.49266692,441,1,2013 DHS
Nigeria,2018,DHS,NGA_2018_DHS_child,children_under5,severe_stunting,ADM1,Kogi,kogi,7.768421438,7.768421438,3.574295678,11.9625472,214,2,2018 DHS
Nigeria,2024,DHS,NGA_2024_DHS_child,children_under5,severe_stunting,ADM1,Kogi,kogi,15.24377064,15.24377064,5.659696949,24.82784433,267,3,2024 DHS
Nigeria,2013,DHS,NGA_2013_DHS_child,children_under5,severe_stunting,ADM1,Kwara,kwara,10.13824175,10.13824175,6.436403472,13.84008003,644,1,2013 DHS
Nigeria,2018,DHS,NGA_2018_DHS_child,children_under5,severe_stunting,ADM1,Kwara,kwara,12.82764843,12.82764843,5.912726232,19.74257063,261,2,2018 DHS
Nigeria,2024,DHS,NGA_2024_DHS_child,children_under5,severe_stunting,ADM1,Kwara,kwara,17.97843099,17.97843099,11.74734481,24.20951717,243,3,2024 DHS
Nigeria,2013,DHS,NGA_2013_DHS_child,children_under5,severe_stunting,ADM1,Lagos,lagos,6.278524599,6.278524599,4.231097572,8.325951626,846,1,2013 DHS
Nigeria,2018,DHS,NGA_2018_DHS_child,children_under5,severe_stunting,ADM1,Lagos,lagos,5.829869339,5.829869339,-1.136261248,12.79599993,355,2,2018 DHS
Nigeria,2024,DHS,NGA_2024_DHS_child,children_under5,severe_stunting,ADM1,Lagos,lagos,2.132206817,2.132206817,-0.123666415,4.38808005,138,3,2024 DHS
Nigeria,2013,DHS,NGA_2013_DHS_child,children_under5,severe_stunting,ADM1,Nasarawa,nasarawa,19.93728699,19.93728699,15.69501827,24.17955571,579,1,2013 DHS
Nigeria,2018,DHS,NGA_2018_DHS_child,children_under5,severe_stunting,ADM1,Nasarawa,nasarawa,11.94566526,11.94566526,7.364810054,16.52652047,300,2,2018 DHS
Nigeria,2024,DHS,NGA_2024_DHS_child,children_under5,severe_stunting,ADM1,Nasarawa,nasarawa,13.55933528,13.55933528,9.784960836,17.33370973,305,3,2024 DHS
Nigeria,2013,DHS,NGA_2013_DHS_child,children_under5,severe_stunting,ADM1,Niger,niger,16.92234919,16.92234919,13.2213156,20.62338278,821,1,2013 DHS
Nigeria,2018,DHS,NGA_2018_DHS_child,children_under5,severe_stunting,ADM1,Niger,niger,10.95292769,10.95292769,8.093153665,13.81270172,423,2,2018 DHS
Nigeria,2024,DHS,NGA_2024_DHS_child,children_under5,severe_stunting,ADM1,Niger,niger,17.24083794,17.24083794,11.88231372,22.59936216,338,3,2024 DHS
Nigeria,2013,DHS,NGA_2013_DHS_child,children_under5,severe_stunting,ADM1,Ogun,ogun,9.875172341,9.875172341,7.486201355,12.26414333,494,1,2013 DHS
Nigeria,2018,DHS,NGA_2018_DHS_child,children_under5,severe_stunting,ADM1,Ogun,ogun,7.515649872,7.515649872,4.78047599,10.25082375,309,2,2018 DHS
Nigeria,2024,DHS,NGA_2024_DHS_child,children_under5,severe_stunting,ADM1,Ogun,ogun,6.123394783,6.123394783,2.572910177,9.673879389,177,3,2024 DHS
Nigeria,2013,DHS,NGA_2013_DHS_child,children_under5,severe_stunting,ADM1,Ondo,ondo,10.42792652,10.42792652,6.310837351,14.54501569,594,1,2013 DHS
Nigeria,2018,DHS,NGA_2018_DHS_child,children_under5,severe_stunting,ADM1,Ondo,ondo,6.673420839,6.673420839,3.065877897,10.28096378,235,2,2018 DHS
Nigeria,2024,DHS,NGA_2024_DHS_child,children_under5,severe_stunting,ADM1,Ondo,ondo,12.26730903,12.26730903,5.874782669,18.65983538,128,3,2024 DHS
Nigeria,2013,DHS,NGA_2013_DHS_child,children_under5,severe_stunting,ADM1,Osun,osun,7.921667602,7.921667602,5.574785797,10.26854941,523,1,2013 DHS
Nigeria,2018,DHS,NGA_2018_DHS_child,children_under5,severe_stunting,ADM1,Osun,osun,7.501540442,7.501540442,3.072285786,11.9307951,278,2,2018 DHS
Nigeria,2024,DHS,NGA_2024_DHS_child,children_under5,severe_stunting,ADM1,Osun,osun,8.759891565,8.759891565,4.221178194,13.29860494,146,3,2024 DHS
Nigeria,2013,DHS,NGA_2013_DHS_child,children_under5,severe_stunting,ADM1,Oyo,oyo,9.632466023,9.632466023,6.870269276,12.39466277,625,1,2013 DHS
Nigeria,2018,DHS,NGA_2018_DHS_child,children_under5,severe_stunting,ADM1,Oyo,oyo,14.24836409,14.24836409,11.00311315,17.49361503,399,2,2018 DHS
Nigeria,2024,DHS,NGA_2024_DHS_child,children_under5,severe_stunting,ADM1,Oyo,oyo,7.91349791,7.91349791,3.080430219,12.7465656,232,3,2024 DHS
Nigeria,2013,DHS,NGA_2013_DHS_child,children_under5,severe_stunting,ADM1,Plateau,plateau,18.48196664,18.48196664,13.34334381,23.62058946,595,1,2013 DHS
Nigeria,2018,DHS,NGA_2018_DHS_child,children_under5,severe_stunting,ADM1,Plateau,plateau,15.18752009,15.18752009,10.5518312,19.82320897,318,2,2018 DHS
Nigeria,2024,DHS,NGA_2024_DHS_child,children_under5,severe_stunting,ADM1,Plateau,plateau,19.77723347,19.77723347,13.5902471,25.96421984,290,3,2024 DHS
Nigeria,2013,DHS,NGA_2013_DHS_child,children_under5,severe_stunting,ADM1,Rivers,rivers,6.764800802,6.764800802,3.489093613,10.04050799,465,1,2013 DHS
Nigeria,2018,DHS,NGA_2018_DHS_child,children_under5,severe_stunting,ADM1,Rivers,rivers,3.068430062,3.068430062,1.279760817,4.857099307,312,2,2018 DHS
Nigeria,2024,DHS,NGA_2024_DHS_child,children_under5,severe_stunting,ADM1,Rivers,rivers,2.233857945,2.233857945,0.168265605,4.299450285,287,3,2024 DHS
Nigeria,2013,DHS,NGA_2013_DHS_child,children_under5,severe_stunting,ADM1,Sokoto,sokoto,30.84491618,30.84491618,26.96555273,34.72427964,1087,1,2013 DHS
Nigeria,2018,DHS,NGA_2018_DHS_child,children_under5,severe_stunting,ADM1,Sokoto,sokoto,34.60216039,34.60216039,28.11779663,41.08652416,299,2,2018 DHS
Nigeria,2024,DHS,NGA_2024_DHS_child,children_under5,severe_stunting,ADM1,Sokoto,sokoto,14.81481296,14.81481296,8.502082826,21.1275431,352,3,2024 DHS
Nigeria,2013,DHS,NGA_2013_DHS_child,children_under5,severe_stunting,ADM1,Taraba,taraba,23.78662568,23.78662568,18.15219461,29.42105675,1090,1,2013 DHS
Nigeria,2018,DHS,NGA_2018_DHS_child,children_under5,severe_stunting,ADM1,Taraba,taraba,19.37429303,19.37429303,14.19762213,24.55096393,348,2,2018 DHS
Nigeria,2024,DHS,NGA_2024_DHS_child,children_under5,severe_stunting,ADM1,Taraba,taraba,20.753943,20.753943,14.62758329,26.88030271,237,3,2024 DHS
Nigeria,2013,DHS,NGA_2013_DHS_child,children_under5,severe_stunting,ADM1,Yobe,yobe,31.05522041,31.05522041,26.81157039,35.29887043,804,1,2013 DHS
Nigeria,2018,DHS,NGA_2018_DHS_child,children_under5,severe_stunting,ADM1,Yobe,yobe,37.01761092,37.01761092,27.75311663,46.28210522,367,2,2018 DHS
Nigeria,2024,DHS,NGA_2024_DHS_child,children_under5,severe_stunting,ADM1,Yobe,yobe,25.16494106,25.16494106,19.75684467,30.57303745,349,3,2024 DHS
Nigeria,2013,DHS,NGA_2013_DHS_child,children_under5,severe_stunting,ADM1,Zamfara,zamfara,33.54423875,33.54423875,31.08812659,36.0003509,1129,1,2013 DHS
Nigeria,2018,DHS,NGA_2018_DHS_child,children_under5,severe_stunting,ADM1,Zamfara,zamfara,23.90417251,23.90417251,17.56019554,30.24814949,363,2,2018 DHS
Nigeria,2024,DHS,NGA_2024_DHS_child,children_under5,severe_stunting,ADM1,Zamfara,zamfara,39.24087599,39.24087599,31.06109113,47.42066085,226,3,2024 DHS
Nigeria,2013,DHS,NGA_2013_DHS_child,children_under5,severe_wasting,ADM1,Abia,abia,4.793808674,4.793808674,2.732074976,6.855542372,464,1,2013 DHS
Nigeria,2018,DHS,NGA_2018_DHS_child,children_under5,severe_wasting,ADM1,Abia,abia,2.240794725,2.240794725,0.076740893,4.404848557,287,2,2018 DHS
Nigeria,2024,DHS,NGA_2024_DHS_child,children_under5,severe_wasting,ADM1,Abia,abia,2.06853494,2.06853494,-0.122412655,4.259482535,202,3,2024 DHS
Nigeria,2013,DHS,NGA_2013_DHS_child,children_under5,severe_wasting,ADM1,Adamawa,adamawa,5.239910856,5.239910856,3.287596856,7.192224855,882,1,2013 DHS
Nigeria,2018,DHS,NGA_2018_DHS_child,children_under5,severe_wasting,ADM1,Adamawa,adamawa,1.579902227,1.579902227,0.022992125,3.136812329,313,2,2018 DHS
Nigeria,2024,DHS,NGA_2024_DHS_child,children_under5,severe_wasting,ADM1,Adamawa,adamawa,3.388288833,3.388288833,0.622277432,6.154300234,301,3,2024 DHS
Nigeria,2013,DHS,NGA_2013_DHS_child,children_under5,severe_wasting,ADM1,Akwa Ibom,akwa ibom,2.713513756,2.713513756,1.351141397,4.075886114,533,1,2013 DHS
Nigeria,2018,DHS,NGA_2018_DHS_child,children_under5,severe_wasting,ADM1,Akwa Ibom,akwa ibom,0.485716075,0.485716075,-0.472999264,1.444431414,254,2,2018 DHS
Nigeria,2024,DHS,NGA_2024_DHS_child,children_under5,severe_wasting,ADM1,Akwa Ibom,akwa ibom,1.359737083,1.359737083,-0.281766275,3.001240441,203,3,2024 DHS
Nigeria,2013,DHS,NGA_2013_DHS_child,children_under5,severe_wasting,ADM1,Anambra,anambra,9.221723958,9.221723958,6.030520659,12.41292726,420,1,2013 DHS
Nigeria,2018,DHS,NGA_2018_DHS_child,children_under5,severe_wasting,ADM1,Anambra,anambra,0.351282718,0.351282718,-0.147296174,0.849861611,448,2,2018 DHS
Nigeria,2024,DHS,NGA_2024_DHS_child,children_under5,severe_wasting,ADM1,Anambra,anambra,2.057166585,2.057166585,0.5119867,3.60234647,350,3,2024 DHS
Nigeria,2013,DHS,NGA_2013_DHS_child,children_under5,severe_wasting,ADM1,Bauchi,bauchi,8.608653918,8.608653918,6.120306309,11.09700153,1083,1,2013 DHS
Nigeria,2018,DHS,NGA_2018_DHS_child,children_under5,severe_wasting,ADM1,Bauchi,bauchi,1.866159631,1.866159631,0.623571941,3.10874732,444,2,2018 DHS
Nigeria,2024,DHS,NGA_2024_DHS_child,children_under5,severe_wasting,ADM1,Bauchi,bauchi,2.697042771,2.697042771,0.683495738,4.710589804,346,3,2024 DHS
Nigeria,2013,DHS,NGA_2013_DHS_child,children_under5,severe_wasting,ADM1,Bayelsa,bayelsa,1.315307392,1.315307392,0.26580503,2.364809754,733,1,2013 DHS
Nigeria,2018,DHS,NGA_2018_DHS_child,children_under5,severe_wasting,ADM1,Bayelsa,bayelsa,0.31769417,0.31769417,-0.281704898,0.917093239,286,2,2018 DHS
Nigeria,2024,DHS,NGA_2024_DHS_child,children_under5,severe_wasting,ADM1,Bayelsa,bayelsa,0.757587026,0.757587026,-0.39865046,1.913824512,210,3,2024 DHS
Nigeria,2013,DHS,NGA_2013_DHS_child,children_under5,severe_wasting,ADM1,Benue,benue,1.370102134,1.370102134,0.220402017,2.519802251,580,1,2013 DHS
Nigeria,2018,DHS,NGA_2018_DHS_child,children_under5,severe_wasting,ADM1,Benue,benue,4.190480974,4.190480974,1.982686863,6.398275085,377,2,2018 DHS
Nigeria,2024,DHS,NGA_2024_DHS_child,children_under5,severe_wasting,ADM1,Benue,benue,0,0,0,0,211,3,2024 DHS
Nigeria,2013,DHS,NGA_2013_DHS_child,children_under5,severe_wasting,ADM1,Borno,borno,17.91757394,17.91757394,9.564158606,26.27098928,416,1,2013 DHS
Nigeria,2018,DHS,NGA_2018_DHS_child,children_under5,severe_wasting,ADM1,Borno,borno,5.728454153,5.728454153,2.774162876,8.682745431,350,2,2018 DHS
Nigeria,2024,DHS,NGA_2024_DHS_child,children_under5,severe_wasting,ADM1,Borno,borno,2.967964661,2.967964661,0.754523772,5.181405551,287,3,2024 DHS
Nigeria,2013,DHS,NGA_2013_DHS_child,children_under5,severe_wasting,ADM1,Cross River,cross river,3.110000408,3.110000408,1.366847774,4.853153041,515,1,2013 DHS
Nigeria,2018,DHS,NGA_2018_DHS_child,children_under5,severe_wasting,ADM1,Cross River,cross river,0.666506614,0.666506614,-0.315085872,1.6480991,163,2,2018 DHS
Nigeria,2024,DHS,NGA_2024_DHS_child,children_under5,severe_wasting,ADM1,Cross River,cross river,0.495609417,0.495609417,-0.502533475,1.493752308,158,3,2024 DHS
Nigeria,2013,DHS,NGA_2013_DHS_child,children_under5,severe_wasting,ADM1,Delta,delta,7.197569516,7.197569516,3.967632438,10.42750659,594,1,2013 DHS
Nigeria,2018,DHS,NGA_2018_DHS_child,children_under5,severe_wasting,ADM1,Delta,delta,0.725434043,0.725434043,-0.384095074,1.834963159,196,2,2018 DHS
Nigeria,2024,DHS,NGA_2024_DHS_child,children_under5,severe_wasting,ADM1,Delta,delta,2.733318888,2.733318888,-0.093922677,5.560560454,165,3,2024 DHS
Nigeria,2013,DHS,NGA_2013_DHS_child,children_under5,severe_wasting,ADM1,Ebonyi,ebonyi,3.210634791,3.210634791,1.991348831,4.42992075,645,1,2013 DHS
Nigeria,2018,DHS,NGA_2018_DHS_child,children_under5,severe_wasting,ADM1,Ebonyi,ebonyi,0.758140134,0.758140134,0.012956878,1.503323389,487,2,2018 DHS
Nigeria,2024,DHS,NGA_2024_DHS_child,children_under5,severe_wasting,ADM1,Ebonyi,ebonyi,1.33872007,1.33872007,0.33601998,2.34142016,526,3,2024 DHS
Nigeria,2013,DHS,NGA_2013_DHS_child,children_under5,severe_wasting,ADM1,Edo,edo,3.570233467,3.570233467,0.976678931,6.163788002,519,1,2013 DHS
Nigeria,2018,DHS,NGA_2018_DHS_child,children_under5,severe_wasting,ADM1,Edo,edo,1.699808073,1.699808073,-0.400530415,3.800146561,161,2,2018 DHS
Nigeria,2024,DHS,NGA_2024_DHS_child,children_under5,severe_wasting,ADM1,Edo,edo,0.46868244,0.46868244,-0.468654001,1.40601888,183,3,2024 DHS
Nigeria,2013,DHS,NGA_2013_DHS_child,children_under5,severe_wasting,ADM1,Ekiti,ekiti,2.254793507,2.254793507,0.749107596,3.760479419,493,1,2013 DHS
Nigeria,2018,DHS,NGA_2018_DHS_child,children_under5,severe_wasting,ADM1,Ekiti,ekiti,1.444064406,1.444064406,-0.011518877,2.89964769,287,2,2018 DHS
Nigeria,2024,DHS,NGA_2024_DHS_child,children_under5,severe_wasting,ADM1,Ekiti,ekiti,0.407706439,0.407706439,-0.41142208,1.226834959,129,3,2024 DHS
Nigeria,2013,DHS,NGA_2013_DHS_child,children_under5,severe_wasting,ADM1,Enugu,enugu,1.978413393,1.978413393,0.935313132,3.021513654,547,1,2013 DHS
Nigeria,2018,DHS,NGA_2018_DHS_child,children_under5,severe_wasting,ADM1,Enugu,enugu,1.415215164,1.415215164,0.073816079,2.756614249,263,2,2018 DHS
Nigeria,2024,DHS,NGA_2024_DHS_child,children_under5,severe_wasting,ADM1,Enugu,enugu,0.6071806,0.6071806,-0.242063542,1.456424742,339,3,2024 DHS
Nigeria,2024,DHS,NGA_2024_DHS_child,children_under5,severe_wasting,ADM1,FCT Abuja,fct abuja,1.223431601,1.223431601,-0.554474982,3.001338183,173,3,2024 DHS
Nigeria,2013,DHS,NGA_2013_DHS_child,children_under5,severe_wasting,ADM1,FCT Abuja,fct abuja,5.010211467,5.010211467,2.798758836,7.221664098,456,1,2013 DHS
Nigeria,2018,DHS,NGA_2018_DHS_child,children_under5,severe_wasting,ADM1,FCT Abuja,fct abuja,0.536762924,0.536762924,-0.221884638,1.295410487,301,2,2018 DHS
Nigeria,2013,DHS,NGA_2013_DHS_child,children_under5,severe_wasting,ADM1,Gombe,gombe,5.881329668,5.881329668,4.747881325,7.014778012,938,1,2013 DHS
Nigeria,2018,DHS,NGA_2018_DHS_child,children_under5,severe_wasting,ADM1,Gombe,gombe,3.479771744,3.479771744,1.545040054,5.414503435,411,2,2018 DHS
Nigeria,2024,DHS,NGA_2024_DHS_child,children_under5,severe_wasting,ADM1,Gombe,gombe,2.386945,2.386945,0.469037665,4.304852335,323,3,2024 DHS
Nigeria,2013,DHS,NGA_2013_DHS_child,children_under5,severe_wasting,ADM1,Imo,imo,3.529748145,3.529748145,0.516591675,6.542904614,437,1,2013 DHS
Nigeria,2018,DHS,NGA_2018_DHS_child,children_under5,severe_wasting,ADM1,Imo,imo,0.28463303,0.28463303,-0.129191305,0.698457364,358,2,2018 DHS
Nigeria,2024,DHS,NGA_2024_DHS_child,children_under5,severe_wasting,ADM1,Imo,imo,1.579425338,1.579425338,0.525121717,2.63372896,412,3,2024 DHS
Nigeria,2013,DHS,NGA_2013_DHS_child,children_under5,severe_wasting,ADM1,Jigawa,jigawa,7.780756827,7.780756827,5.735382018,9.826131636,1042,1,2013 DHS
Nigeria,2018,DHS,NGA_2018_DHS_child,children_under5,severe_wasting,ADM1,Jigawa,jigawa,2.879056022,2.879056022,0.882794461,4.875317584,420,2,2018 DHS
Nigeria,2024,DHS,NGA_2024_DHS_child,children_under5,severe_wasting,ADM1,Jigawa,jigawa,4.704015574,4.704015574,1.896868933,7.511162215,380,3,2024 DHS
Nigeria,2013,DHS,NGA_2013_DHS_child,children_under5,severe_wasting,ADM1,Kaduna,kaduna,27.56339776,27.56339776,20.18294639,34.94384912,622,1,2013 DHS
Nigeria,2018,DHS,NGA_2018_DHS_child,children_under5,severe_wasting,ADM1,Kaduna,kaduna,1.060254559,1.060254559,0.006600469,2.113908649,420,2,2018 DHS
Nigeria,2024,DHS,NGA_2024_DHS_child,children_under5,severe_wasting,ADM1,Kaduna,kaduna,0.343388307,0.343388307,-0.136431777,0.823208392,386,3,2024 DHS
Nigeria,2013,DHS,NGA_2013_DHS_child,children_under5,severe_wasting,ADM1,Kano,kano,25.13454124,25.13454124,20.71597076,29.55311171,1647,1,2013 DHS
Nigeria,2018,DHS,NGA_2018_DHS_child,children_under5,severe_wasting,ADM1,Kano,kano,1.536449462,1.536449462,0.54067107,2.532227855,569,2,2018 DHS
Nigeria,2024,DHS,NGA_2024_DHS_child,children_under5,severe_wasting,ADM1,Kano,kano,2.16150815,2.16150815,-0.16622624,4.489242539,478,3,2024 DHS
Nigeria,2013,DHS,NGA_2013_DHS_child,children_under5,severe_wasting,ADM1,Katsina,katsina,11.98226628,11.98226628,9.104392329,14.86014024,1159,1,2013 DHS
Nigeria,2018,DHS,NGA_2018_DHS_child,children_under5,severe_wasting,ADM1,Katsina,katsina,1.737783573,1.737783573,0.616055073,2.859512074,493,2,2018 DHS
Nigeria,2024,DHS,NGA_2024_DHS_child,children_under5,severe_wasting,ADM1,Katsina,katsina,1.451195023,1.451195023,0.219028375,2.683361671,346,3,2024 DHS
Nigeria,2013,DHS,NGA_2013_DHS_child,children_under5,severe_wasting,ADM1,Kebbi,kebbi,9.37349472,9.37349472,6.830165592,11.91682385,844,1,2013 DHS
Nigeria,2018,DHS,NGA_2018_DHS_child,children_under5,severe_wasting,ADM1,Kebbi,kebbi,4.308587961,4.308587961,1.697900822,6.919275101,356,2,2018 DHS
Nigeria,2024,DHS,NGA_2024_DHS_child,children_under5,severe_wasting,ADM1,Kebbi,kebbi,1.656418925,1.656418925,0.135639587,3.177198264,392,3,2024 DHS
Nigeria,2013,DHS,NGA_2013_DHS_child,children_under5,severe_wasting,ADM1,Kogi,kogi,2.783468879,2.783468879,1.134939427,4.431998331,441,1,2013 DHS
Nigeria,2018,DHS,NGA_2018_DHS_child,children_under5,severe_wasting,ADM1,Kogi,kogi,1.097090552,1.097090552,-0.096553602,2.290734707,215,2,2018 DHS
Nigeria,2024,DHS,NGA_2024_DHS_child,children_under5,severe_wasting,ADM1,Kogi,kogi,1.044462167,1.044462167,-0.689378027,2.778302362,268,3,2024 DHS
Nigeria,2013,DHS,NGA_2013_DHS_child,children_under5,severe_wasting,ADM1,Kwara,kwara,1.371352694,1.371352694,0.684145504,2.058559884,644,1,2013 DHS
Nigeria,2018,DHS,NGA_2018_DHS_child,children_under5,severe_wasting,ADM1,Kwara,kwara,0.905498042,0.905498042,-0.342667645,2.153663728,261,2,2018 DHS
Nigeria,2024,DHS,NGA_2024_DHS_child,children_under5,severe_wasting,ADM1,Kwara,kwara,2.058319655,2.058319655,-0.901620978,5.018260288,244,3,2024 DHS
Nigeria,2013,DHS,NGA_2013_DHS_child,children_under5,severe_wasting,ADM1,Lagos,lagos,3.753436594,3.753436594,2.388694198,5.118178991,846,1,2013 DHS
Nigeria,2018,DHS,NGA_2018_DHS_child,children_under5,severe_wasting,ADM1,Lagos,lagos,2.125771568,2.125771568,-1.484756561,5.736299697,354,2,2018 DHS
Nigeria,2024,DHS,NGA_2024_DHS_child,children_under5,severe_wasting,ADM1,Lagos,lagos,0.61392599,0.61392599,-0.588758317,1.816610296,138,3,2024 DHS
Nigeria,2013,DHS,NGA_2013_DHS_child,children_under5,severe_wasting,ADM1,Nasarawa,nasarawa,3.455242156,3.455242156,2.335729108,4.574755203,579,1,2013 DHS
Nigeria,2018,DHS,NGA_2018_DHS_child,children_under5,severe_wasting,ADM1,Nasarawa,nasarawa,1.281972838,1.281972838,0.112688535,2.45125714,300,2,2018 DHS
Nigeria,2024,DHS,NGA_2024_DHS_child,children_under5,severe_wasting,ADM1,Nasarawa,nasarawa,2.32823893,2.32823893,0.709759488,3.946718372,305,3,2024 DHS
Nigeria,2013,DHS,NGA_2013_DHS_child,children_under5,severe_wasting,ADM1,Niger,niger,7.980677812,7.980677812,5.529478234,10.43187739,821,1,2013 DHS
Nigeria,2018,DHS,NGA_2018_DHS_child,children_under5,severe_wasting,ADM1,Niger,niger,1.651401409,1.651401409,0.621163189,2.681639629,423,2,2018 DHS
Nigeria,2024,DHS,NGA_2024_DHS_child,children_under5,severe_wasting,ADM1,Niger,niger,2.338749844,2.338749844,0.427337067,4.250162621,342,3,2024 DHS
Nigeria,2013,DHS,NGA_2013_DHS_child,children_under5,severe_wasting,ADM1,Ogun,ogun,4.585541854,4.585541854,2.923754549,6.247329158,494,1,2013 DHS
Nigeria,2018,DHS,NGA_2018_DHS_child,children_under5,severe_wasting,ADM1,Ogun,ogun,1.280797468,1.280797468,0.079511851,2.482083084,309,2,2018 DHS
Nigeria,2024,DHS,NGA_2024_DHS_child,children_under5,severe_wasting,ADM1,Ogun,ogun,0.472710443,0.472710443,-0.44952677,1.394947656,177,3,2024 DHS
Nigeria,2013,DHS,NGA_2013_DHS_child,children_under5,severe_wasting,ADM1,Ondo,ondo,1.671347179,1.671347179,0.447595311,2.895099048,594,1,2013 DHS
Nigeria,2018,DHS,NGA_2018_DHS_child,children_under5,severe_wasting,ADM1,Ondo,ondo,0,0,0,0,234,2,2018 DHS
Nigeria,2024,DHS,NGA_2024_DHS_child,children_under5,severe_wasting,ADM1,Ondo,ondo,1.145367849,1.145367849,-0.657175364,2.947911062,128,3,2024 DHS
Nigeria,2013,DHS,NGA_2013_DHS_child,children_under5,severe_wasting,ADM1,Osun,osun,3.29460113,3.29460113,1.083171063,5.506031196,523,1,2013 DHS
Nigeria,2018,DHS,NGA_2018_DHS_child,children_under5,severe_wasting,ADM1,Osun,osun,0.815736592,0.815736592,-0.332817789,1.964290973,278,2,2018 DHS
Nigeria,2024,DHS,NGA_2024_DHS_child,children_under5,severe_wasting,ADM1,Osun,osun,1.18763147,1.18763147,-1.100966164,3.476229105,146,3,2024 DHS
Nigeria,2013,DHS,NGA_2013_DHS_child,children_under5,severe_wasting,ADM1,Oyo,oyo,1.866421235,1.866421235,0.591193825,3.141648644,625,1,2013 DHS
Nigeria,2018,DHS,NGA_2018_DHS_child,children_under5,severe_wasting,ADM1,Oyo,oyo,0.92502296,0.92502296,-0.463651041,2.31369696,398,2,2018 DHS
Nigeria,2024,DHS,NGA_2024_DHS_child,children_under5,severe_wasting,ADM1,Oyo,oyo,1.787558542,1.787558542,-0.000882872,3.575999955,232,3,2024 DHS
Nigeria,2013,DHS,NGA_2013_DHS_child,children_under5,severe_wasting,ADM1,Plateau,plateau,4.394099924,4.394099924,2.371373218,6.416826629,595,1,2013 DHS
Nigeria,2018,DHS,NGA_2018_DHS_child,children_under5,severe_wasting,ADM1,Plateau,plateau,1.181290542,1.181290542,-0.023609616,2.386190699,320,2,2018 DHS
Nigeria,2024,DHS,NGA_2024_DHS_child,children_under5,severe_wasting,ADM1,Plateau,plateau,0.28357855,0.28357855,-0.273776338,0.840933438,291,3,2024 DHS
Nigeria,2013,DHS,NGA_2013_DHS_child,children_under5,severe_wasting,ADM1,Rivers,rivers,2.771713488,2.771713488,0.952878574,4.590548401,465,1,2013 DHS
Nigeria,2018,DHS,NGA_2018_DHS_child,children_under5,severe_wasting,ADM1,Rivers,rivers,0.225439481,0.225439481,-0.222196211,0.673075174,313,2,2018 DHS
Nigeria,2024,DHS,NGA_2024_DHS_child,children_under5,severe_wasting,ADM1,Rivers,rivers,3.182917863,3.182917863,0.66145517,5.704380556,288,3,2024 DHS
Nigeria,2013,DHS,NGA_2013_DHS_child,children_under5,severe_wasting,ADM1,Sokoto,sokoto,8.795860653,8.795860653,6.981685021,10.61003628,1087,1,2013 DHS
Nigeria,2018,DHS,NGA_2018_DHS_child,children_under5,severe_wasting,ADM1,Sokoto,sokoto,6.464835043,6.464835043,3.211853949,9.717816137,297,2,2018 DHS
Nigeria,2024,DHS,NGA_2024_DHS_child,children_under5,severe_wasting,ADM1,Sokoto,sokoto,2.079319904,2.079319904,0.232581375,3.926058433,351,3,2024 DHS
Nigeria,2013,DHS,NGA_2013_DHS_child,children_under5,severe_wasting,ADM1,Taraba,taraba,2.422465079,2.422465079,1.42466576,3.420264399,1090,1,2013 DHS
Nigeria,2018,DHS,NGA_2018_DHS_child,children_under5,severe_wasting,ADM1,Taraba,taraba,0.820304669,0.820304669,-0.270426764,1.911036103,350,2,2018 DHS
Nigeria,2024,DHS,NGA_2024_DHS_child,children_under5,severe_wasting,ADM1,Taraba,taraba,0.943151691,0.943151691,-0.361706028,2.24800941,239,3,2024 DHS
Nigeria,2013,DHS,NGA_2013_DHS_child,children_under5,severe_wasting,ADM1,Yobe,yobe,13.32345937,13.32345937,9.609751113,17.03716762,804,1,2013 DHS
Nigeria,2018,DHS,NGA_2018_DHS_child,children_under5,severe_wasting,ADM1,Yobe,yobe,1.853116611,1.853116611,0.517155017,3.189078205,372,2,2018 DHS
Nigeria,2024,DHS,NGA_2024_DHS_child,children_under5,severe_wasting,ADM1,Yobe,yobe,2.624075452,2.624075452,0.799764679,4.448386225,384,3,2024 DHS
Nigeria,2013,DHS,NGA_2013_DHS_child,children_under5,severe_wasting,ADM1,Zamfara,zamfara,6.075809305,6.075809305,4.496881292,7.654737318,1129,1,2013 DHS
Nigeria,2018,DHS,NGA_2018_DHS_child,children_under5,severe_wasting,ADM1,Zamfara,zamfara,2.992529788,2.992529788,1.12097744,4.864082137,366,2,2018 DHS
Nigeria,2024,DHS,NGA_2024_DHS_child,children_under5,severe_wasting,ADM1,Zamfara,zamfara,1.908998578,1.908998578,0.144350236,3.673646921,242,3,2024 DHS
Nigeria,2013,DHS,NGA_2013_DHS_child,children_under5,stunting,ADM1,Abia,abia,17.29276221,2.041391342,13.2917087,21.29381572,464,1,2013 DHS
Nigeria,2018,DHS,NGA_2018_DHS_child,children_under5,stunting,ADM1,Abia,abia,22.24868421,3.765827193,14.86779854,29.62956988,286,2,2018 DHS
Nigeria,2024,DHS,NGA_2024_DHS_child,children_under5,stunting,ADM1,Abia,abia,20.18071528,4.52860046,11.30482148,29.05660908,201,3,2024 DHS
Nigeria,2013,DHS,NGA_2013_DHS_child,children_under5,stunting,ADM1,Adamawa,adamawa,34.26194146,2.440194055,29.479249,39.04463392,882,1,2013 DHS
Nigeria,2018,DHS,NGA_2018_DHS_child,children_under5,stunting,ADM1,Adamawa,adamawa,39.74384662,3.615423365,32.65774703,46.8299462,315,2,2018 DHS
Nigeria,2024,DHS,NGA_2024_DHS_child,children_under5,stunting,ADM1,Adamawa,adamawa,48.64713747,4.372312832,40.07756179,57.21671315,293,3,2024 DHS
Nigeria,2013,DHS,NGA_2013_DHS_child,children_under5,stunting,ADM1,Akwa Ibom,akwa ibom,22.36163678,2.928810707,16.62127328,28.10200028,533,1,2013 DHS
Nigeria,2018,DHS,NGA_2018_DHS_child,children_under5,stunting,ADM1,Akwa Ibom,akwa ibom,19.55342443,2.84619025,13.97499405,25.13185482,254,2,2018 DHS
Nigeria,2024,DHS,NGA_2024_DHS_child,children_under5,stunting,ADM1,Akwa Ibom,akwa ibom,24.13403986,3.502983802,17.26831777,30.99976195,203,3,2024 DHS
Nigeria,2013,DHS,NGA_2013_DHS_child,children_under5,stunting,ADM1,Anambra,anambra,18.39560056,3.0655105,12.38731039,24.40389073,420,1,2013 DHS
Nigeria,2018,DHS,NGA_2018_DHS_child,children_under5,stunting,ADM1,Anambra,anambra,14.03753658,1.895513294,10.32239879,17.75267437,447,2,2018 DHS
Nigeria,2024,DHS,NGA_2024_DHS_child,children_under5,stunting,ADM1,Anambra,anambra,12.88288757,2.406417285,8.166396359,17.59937878,352,3,2024 DHS
Nigeria,2013,DHS,NGA_2013_DHS_child,children_under5,stunting,ADM1,Bauchi,bauchi,50.77330263,2.292173906,46.28072433,55.26588093,1083,1,2013 DHS
Nigeria,2018,DHS,NGA_2018_DHS_child,children_under5,stunting,ADM1,Bauchi,bauchi,54.68550373,3.107670049,48.59458235,60.7764251,442,2,2018 DHS
Nigeria,2024,DHS,NGA_2024_DHS_child,children_under5,stunting,ADM1,Bauchi,bauchi,61.7071175,2.822568787,56.17498433,67.23925067,338,3,2024 DHS
Nigeria,2013,DHS,NGA_2013_DHS_child,children_under5,stunting,ADM1,Bayelsa,bayelsa,20.49216061,2.377538137,15.83227149,25.15204973,733,1,2013 DHS
Nigeria,2018,DHS,NGA_2018_DHS_child,children_under5,stunting,ADM1,Bayelsa,bayelsa,24.85774692,2.903372478,19.16724143,30.54825241,282,2,2018 DHS
Nigeria,2024,DHS,NGA_2024_DHS_child,children_under5,stunting,ADM1,Bayelsa,bayelsa,27.62146088,4.1426605,19.5019955,35.74092626,212,3,2024 DHS
Nigeria,2013,DHS,NGA_2013_DHS_child,children_under5,stunting,ADM1,Benue,benue,22.56654823,2.613376185,17.44442503,27.68867143,580,1,2013 DHS
Nigeria,2018,DHS,NGA_2018_DHS_child,children_under5,stunting,ADM1,Benue,benue,20.8229795,2.328524058,16.25915621,25.38680279,374,2,2018 DHS
Nigeria,2024,DHS,NGA_2024_DHS_child,children_under5,stunting,ADM1,Benue,benue,25.26103231,3.860522268,17.69454771,32.82751692,210,3,2024 DHS
Nigeria,2013,DHS,NGA_2013_DHS_child,children_under5,stunting,ADM1,Borno,borno,26.75722615,2.458304032,21.93903879,31.57541352,416,1,2013 DHS
Nigeria,2018,DHS,NGA_2018_DHS_child,children_under5,stunting,ADM1,Borno,borno,45.13008154,3.241750924,38.77636648,51.4837966,347,2,2018 DHS
Nigeria,2024,DHS,NGA_2024_DHS_child,children_under5,stunting,ADM1,Borno,borno,40.89868238,3.424086854,34.18759546,47.60976929,286,3,2024 DHS
Nigeria,2013,DHS,NGA_2013_DHS_child,children_under5,stunting,ADM1,Cross River,cross river,21.71575391,2.157793727,17.48655592,25.9449519,515,1,2013 DHS
Nigeria,2018,DHS,NGA_2018_DHS_child,children_under5,stunting,ADM1,Cross River,cross river,22.88885253,4.185618475,14.68519107,31.092514,164,2,2018 DHS
Nigeria,2024,DHS,NGA_2024_DHS_child,children_under5,stunting,ADM1,Cross River,cross river,21.0348288,5.255677491,10.7338902,31.33576739,155,3,2024 DHS
Nigeria,2013,DHS,NGA_2013_DHS_child,children_under5,stunting,ADM1,Delta,delta,14.9457621,2.458074558,10.12802449,19.7634997,594,1,2013 DHS
Nigeria,2018,DHS,NGA_2018_DHS_child,children_under5,stunting,ADM1,Delta,delta,23.65084463,3.578202034,16.63769751,30.66399175,198,2,2018 DHS
Nigeria,2024,DHS,NGA_2024_DHS_child,children_under5,stunting,ADM1,Delta,delta,20.02518491,3.364485282,13.43091493,26.61945489,166,3,2024 DHS
Nigeria,2013,DHS,NGA_2013_DHS_child,children_under5,stunting,ADM1,Ebonyi,ebonyi,16.15368866,2.463900975,11.32453149,20.98284583,645,1,2013 DHS
Nigeria,2018,DHS,NGA_2018_DHS_child,children_under5,stunting,ADM1,Ebonyi,ebonyi,25.23409048,2.444830073,20.44231158,30.02586937,488,2,2018 DHS
Nigeria,2024,DHS,NGA_2024_DHS_child,children_under5,stunting,ADM1,Ebonyi,ebonyi,31.60148979,2.230410621,27.22996531,35.97301428,520,3,2024 DHS
Nigeria,2013,DHS,NGA_2013_DHS_child,children_under5,stunting,ADM1,Edo,edo,15.82467281,2.073093059,11.76148507,19.88786054,519,1,2013 DHS
Nigeria,2018,DHS,NGA_2018_DHS_child,children_under5,stunting,ADM1,Edo,edo,15.97741566,3.518466179,9.08134867,22.87348266,160,2,2018 DHS
Nigeria,2024,DHS,NGA_2024_DHS_child,children_under5,stunting,ADM1,Edo,edo,13.59630372,2.552142421,8.594196487,18.59841094,185,3,2024 DHS
Nigeria,2013,DHS,NGA_2013_DHS_child,children_under5,stunting,ADM1,Ekiti,ekiti,19.1709894,2.004628877,15.241989,23.0999898,493,1,2013 DHS
Nigeria,2018,DHS,NGA_2018_DHS_child,children_under5,stunting,ADM1,Ekiti,ekiti,22.12347201,3.280162795,15.69447106,28.55247295,287,2,2018 DHS
Nigeria,2024,DHS,NGA_2024_DHS_child,children_under5,stunting,ADM1,Ekiti,ekiti,17.10078605,4.214741253,8.84004499,25.36152711,129,3,2024 DHS
Nigeria,2013,DHS,NGA_2013_DHS_child,children_under5,stunting,ADM1,Enugu,enugu,11.69909185,1.555417755,8.650529072,14.74765463,547,1,2013 DHS
Nigeria,2018,DHS,NGA_2018_DHS_child,children_under5,stunting,ADM1,Enugu,enugu,14.77457478,2.754592137,9.375673398,20.17347616,263,2,2018 DHS
Nigeria,2024,DHS,NGA_2024_DHS_child,children_under5,stunting,ADM1,Enugu,enugu,15.15088852,2.811613426,9.640227469,20.66154957,339,3,2024 DHS
Nigeria,2024,DHS,NGA_2024_DHS_child,children_under5,stunting,ADM1,FCT Abuja,fct abuja,16.34719584,2.597763534,11.25567287,21.4387188,174,3,2024 DHS
Nigeria,2013,DHS,NGA_2013_DHS_child,children_under5,stunting,ADM1,FCT Abuja,fct abuja,20.56480002,2.722064629,15.22965138,25.89994865,456,1,2013 DHS
Nigeria,2018,DHS,NGA_2018_DHS_child,children_under5,stunting,ADM1,FCT Abuja,fct abuja,21.19553599,3.640045947,14.06117703,28.32989495,298,2,2018 DHS
Nigeria,2013,DHS,NGA_2013_DHS_child,children_under5,stunting,ADM1,Gombe,gombe,47.51656169,2.884464406,41.86311534,53.17000804,938,1,2013 DHS
Nigeria,2018,DHS,NGA_2018_DHS_child,children_under5,stunting,ADM1,Gombe,gombe,51.20127601,3.601096489,44.14325659,58.25929544,400,2,2018 DHS
Nigeria,2024,DHS,NGA_2024_DHS_child,children_under5,stunting,ADM1,Gombe,gombe,50.62188522,3.355820891,44.04459713,57.1991733,316,3,2024 DHS
Nigeria,2013,DHS,NGA_2013_DHS_child,children_under5,stunting,ADM1,Imo,imo,16.94507344,2.950256862,11.16267624,22.72747063,437,1,2013 DHS
Nigeria,2018,DHS,NGA_2018_DHS_child,children_under5,stunting,ADM1,Imo,imo,17.56257338,3.379298973,10.9392691,24.18587766,359,2,2018 DHS
Nigeria,2024,DHS,NGA_2024_DHS_child,children_under5,stunting,ADM1,Imo,imo,17.27869593,2.417003056,12.54145699,22.01593487,414,3,2024 DHS
Nigeria,2013,DHS,NGA_2013_DHS_child,children_under5,stunting,ADM1,Jigawa,jigawa,59.00035308,2.079128436,54.92533623,63.07536993,1042,1,2013 DHS
Nigeria,2018,DHS,NGA_2018_DHS_child,children_under5,stunting,ADM1,Jigawa,jigawa,64.04217245,2.745356169,58.66137323,69.42297166,415,2,2018 DHS
Nigeria,2024,DHS,NGA_2024_DHS_child,children_under5,stunting,ADM1,Jigawa,jigawa,55.70115079,2.299701204,51.19381926,60.20848233,378,3,2024 DHS
Nigeria,2013,DHS,NGA_2013_DHS_child,children_under5,stunting,ADM1,Kaduna,kaduna,56.59479564,3.376120731,49.9777206,63.21187068,622,1,2013 DHS
Nigeria,2018,DHS,NGA_2018_DHS_child,children_under5,stunting,ADM1,Kaduna,kaduna,48.14900057,3.28419804,41.7120907,54.58591045,421,2,2018 DHS
Nigeria,2024,DHS,NGA_2024_DHS_child,children_under5,stunting,ADM1,Kaduna,kaduna,40.656041,3.499507615,33.79713211,47.51494989,384,3,2024 DHS
Nigeria,2013,DHS,NGA_2013_DHS_child,children_under5,stunting,ADM1,Kano,kano,48.26971524,2.837970909,42.70739447,53.83203601,1647,1,2013 DHS
Nigeria,2018,DHS,NGA_2018_DHS_child,children_under5,stunting,ADM1,Kano,kano,56.87306332,2.320934638,52.32411502,61.42201162,562,2,2018 DHS
Nigeria,2024,DHS,NGA_2024_DHS_child,children_under5,stunting,ADM1,Kano,kano,51.92522588,3.526564223,45.01328701,58.83716474,467,3,2024 DHS
Nigeria,2013,DHS,NGA_2013_DHS_child,children_under5,stunting,ADM1,Katsina,katsina,58.52117029,3.255559674,52.14039058,64.90195,1159,1,2013 DHS
Nigeria,2018,DHS,NGA_2018_DHS_child,children_under5,stunting,ADM1,Katsina,katsina,60.50335014,3.049070271,54.52728223,66.47941806,478,2,2018 DHS
Nigeria,2024,DHS,NGA_2024_DHS_child,children_under5,stunting,ADM1,Katsina,katsina,64.61370466,6.578883061,51.7193308,77.50807852,345,3,2024 DHS
Nigeria,2013,DHS,NGA_2013_DHS_child,children_under5,stunting,ADM1,Kebbi,kebbi,60.63935795,3.123152247,54.51809203,66.76062388,844,1,2013 DHS
Nigeria,2018,DHS,NGA_2018_DHS_child,children_under5,stunting,ADM1,Kebbi,kebbi,66.09626718,2.87376941,60.46378264,71.72875173,360,2,2018 DHS
Nigeria,2024,DHS,NGA_2024_DHS_child,children_under5,stunting,ADM1,Kebbi,kebbi,60.00719086,2.970505943,54.1851062,65.82927552,389,3,2024 DHS
Nigeria,2013,DHS,NGA_2013_DHS_child,children_under5,stunting,ADM1,Kogi,kogi,23.13234256,2.607884389,18.02098308,28.24370203,441,1,2013 DHS
Nigeria,2018,DHS,NGA_2018_DHS_child,children_under5,stunting,ADM1,Kogi,kogi,20.0024216,2.959660067,14.20159447,25.80324874,214,2,2018 DHS
Nigeria,2024,DHS,NGA_2024_DHS_child,children_under5,stunting,ADM1,Kogi,kogi,34.62480816,6.963668314,20.97626906,48.27334725,267,3,2024 DHS
Nigeria,2013,DHS,NGA_2013_DHS_child,children_under5,stunting,ADM1,Kwara,kwara,27.08298434,2.765636457,21.66243649,32.50353219,644,1,2013 DHS
Nigeria,2018,DHS,NGA_2018_DHS_child,children_under5,stunting,ADM1,Kwara,kwara,32.93101121,6.586278853,20.02214187,45.83988055,261,2,2018 DHS
Nigeria,2024,DHS,NGA_2024_DHS_child,children_under5,stunting,ADM1,Kwara,kwara,40.77285056,4.014522142,32.90453175,48.64116938,243,3,2024 DHS
Nigeria,2013,DHS,NGA_2013_DHS_child,children_under5,stunting,ADM1,Lagos,lagos,17.03622525,2.586637237,11.96650942,22.10594107,846,1,2013 DHS
Nigeria,2018,DHS,NGA_2018_DHS_child,children_under5,stunting,ADM1,Lagos,lagos,17.18197338,3.246766968,10.81842705,23.5455197,355,2,2018 DHS
Nigeria,2024,DHS,NGA_2024_DHS_child,children_under5,stunting,ADM1,Lagos,lagos,17.28528483,4.045988831,9.355292444,25.21527722,138,3,2024 DHS
Nigeria,2013,DHS,NGA_2013_DHS_child,children_under5,stunting,ADM1,Nasarawa,nasarawa,34.51550016,2.595006951,29.42937999,39.60162032,579,1,2013 DHS
Nigeria,2018,DHS,NGA_2018_DHS_child,children_under5,stunting,ADM1,Nasarawa,nasarawa,31.4407038,3.163949628,25.23947648,37.64193112,300,2,2018 DHS
Nigeria,2024,DHS,NGA_2024_DHS_child,children_under5,stunting,ADM1,Nasarawa,nasarawa,35.0068457,3.481133163,28.18395008,41.82974133,305,3,2024 DHS
Nigeria,2013,DHS,NGA_2013_DHS_child,children_under5,stunting,ADM1,Niger,niger,34.15075209,2.673880861,28.9100419,39.39146227,821,1,2013 DHS
Nigeria,2018,DHS,NGA_2018_DHS_child,children_under5,stunting,ADM1,Niger,niger,28.17863591,3.904689539,20.52558504,35.83168678,423,2,2018 DHS
Nigeria,2024,DHS,NGA_2024_DHS_child,children_under5,stunting,ADM1,Niger,niger,43.88875177,3.586764626,36.85882228,50.91868126,338,3,2024 DHS
Nigeria,2013,DHS,NGA_2013_DHS_child,children_under5,stunting,ADM1,Ogun,ogun,23.75833003,2.158911325,19.52694159,27.98971847,494,1,2013 DHS
Nigeria,2018,DHS,NGA_2018_DHS_child,children_under5,stunting,ADM1,Ogun,ogun,26.57934567,3.314855926,20.08234744,33.0763439,309,2,2018 DHS
Nigeria,2024,DHS,NGA_2024_DHS_child,children_under5,stunting,ADM1,Ogun,ogun,17.71933517,3.466550714,10.92502062,24.51364972,177,3,2024 DHS
Nigeria,2013,DHS,NGA_2013_DHS_child,children_under5,stunting,ADM1,Ondo,ondo,23.98162114,3.729038212,16.67284054,31.29040173,594,1,2013 DHS
Nigeria,2018,DHS,NGA_2018_DHS_child,children_under5,stunting,ADM1,Ondo,ondo,20.44486906,2.877617541,14.80484232,26.0848958,235,2,2018 DHS
Nigeria,2024,DHS,NGA_2024_DHS_child,children_under5,stunting,ADM1,Ondo,ondo,23.23876105,4.30858678,14.79408614,31.68343597,128,3,2024 DHS
Nigeria,2013,DHS,NGA_2013_DHS_child,children_under5,stunting,ADM1,Osun,osun,20.52265588,2.059417326,16.48627209,24.55903967,523,1,2013 DHS
Nigeria,2018,DHS,NGA_2018_DHS_child,children_under5,stunting,ADM1,Osun,osun,23.70171806,3.512914979,16.81653122,30.5869049,278,2,2018 DHS
Nigeria,2024,DHS,NGA_2024_DHS_child,children_under5,stunting,ADM1,Osun,osun,30.49711528,4.612549407,21.45668456,39.53754599,146,3,2024 DHS
Nigeria,2013,DHS,NGA_2013_DHS_child,children_under5,stunting,ADM1,Oyo,oyo,27.21244475,2.298373576,22.70771532,31.71717418,625,1,2013 DHS
Nigeria,2018,DHS,NGA_2018_DHS_child,children_under5,stunting,ADM1,Oyo,oyo,34.54520327,2.677563756,29.29727474,39.79313179,399,2,2018 DHS
Nigeria,2024,DHS,NGA_2024_DHS_child,children_under5,stunting,ADM1,Oyo,oyo,23.11174901,2.641753669,17.93400697,28.28949106,232,3,2024 DHS
Nigeria,2013,DHS,NGA_2013_DHS_child,children_under5,stunting,ADM1,Plateau,plateau,35.81672957,2.983444172,29.96928644,41.6641727,595,1,2013 DHS
Nigeria,2018,DHS,NGA_2018_DHS_child,children_under5,stunting,ADM1,Plateau,plateau,44.70343395,3.471004262,37.9003906,51.50647729,318,2,2018 DHS
Nigeria,2024,DHS,NGA_2024_DHS_child,children_under5,stunting,ADM1,Plateau,plateau,46.43584124,3.132979838,40.29531359,52.57636889,290,3,2024 DHS
Nigeria,2013,DHS,NGA_2013_DHS_child,children_under5,stunting,ADM1,Rivers,rivers,16.05443383,2.387191989,11.37562351,20.73324415,465,1,2013 DHS
Nigeria,2018,DHS,NGA_2018_DHS_child,children_under5,stunting,ADM1,Rivers,rivers,16.80637854,2.350549894,12.1993854,21.41337167,312,2,2018 DHS
Nigeria,2024,DHS,NGA_2024_DHS_child,children_under5,stunting,ADM1,Rivers,rivers,12.25373961,2.216858693,7.908776412,16.59870281,287,3,2024 DHS
Nigeria,2013,DHS,NGA_2013_DHS_child,children_under5,stunting,ADM1,Sokoto,sokoto,51.64172976,2.019000304,47.68456188,55.59889765,1087,1,2013 DHS
Nigeria,2018,DHS,NGA_2018_DHS_child,children_under5,stunting,ADM1,Sokoto,sokoto,54.75035433,3.733910978,47.43202329,62.06868537,299,2,2018 DHS
Nigeria,2024,DHS,NGA_2024_DHS_child,children_under5,stunting,ADM1,Sokoto,sokoto,42.80023325,4.549244034,33.88387878,51.71658771,352,3,2024 DHS
Nigeria,2013,DHS,NGA_2013_DHS_child,children_under5,stunting,ADM1,Taraba,taraba,43.41976534,3.201095334,37.14573377,49.6937969,1090,1,2013 DHS
Nigeria,2018,DHS,NGA_2018_DHS_child,children_under5,stunting,ADM1,Taraba,taraba,41.87032479,3.739222161,34.54158402,49.19906556,348,2,2018 DHS
Nigeria,2024,DHS,NGA_2024_DHS_child,children_under5,stunting,ADM1,Taraba,taraba,45.61555113,4.826063788,36.15663992,55.07446234,237,3,2024 DHS
Nigeria,2013,DHS,NGA_2013_DHS_child,children_under5,stunting,ADM1,Yobe,yobe,49.29152559,2.939788776,43.52964547,55.05340571,804,1,2013 DHS
Nigeria,2018,DHS,NGA_2018_DHS_child,children_under5,stunting,ADM1,Yobe,yobe,57.18975314,3.932339163,49.48251001,64.89699628,367,2,2018 DHS
Nigeria,2024,DHS,NGA_2024_DHS_child,children_under5,stunting,ADM1,Yobe,yobe,54.50438714,4.982389426,44.7390833,64.26969097,349,3,2024 DHS
Nigeria,2013,DHS,NGA_2013_DHS_child,children_under5,stunting,ADM1,Zamfara,zamfara,55.87892589,1.577114543,52.78783818,58.97001359,1129,1,2013 DHS
Nigeria,2018,DHS,NGA_2018_DHS_child,children_under5,stunting,ADM1,Zamfara,zamfara,50.84368729,3.258653772,44.45684326,57.23053132,363,2,2018 DHS
Nigeria,2024,DHS,NGA_2024_DHS_child,children_under5,stunting,ADM1,Zamfara,zamfara,64.18320603,4.286517416,55.78178627,72.58462578,226,3,2024 DHS
Nigeria,2013,DHS,NGA_2013_DHS_child,children_under5,wasting,ADM1,Abia,abia,10.96428101,1.373784041,8.271713768,13.65684826,464,1,2013 DHS
Nigeria,2018,DHS,NGA_2018_DHS_child,children_under5,wasting,ADM1,Abia,abia,8.968443338,1.947597045,5.151223274,12.7856634,287,2,2018 DHS
Nigeria,2024,DHS,NGA_2024_DHS_child,children_under5,wasting,ADM1,Abia,abia,8.22455821,1.794118315,4.708150928,11.74096549,202,3,2024 DHS
Nigeria,2013,DHS,NGA_2013_DHS_child,children_under5,wasting,ADM1,Adamawa,adamawa,14.53142628,1.027632087,12.5173044,16.54554816,882,1,2013 DHS
Nigeria,2018,DHS,NGA_2018_DHS_child,children_under5,wasting,ADM1,Adamawa,adamawa,4.221755448,1.404067435,1.469833844,6.973677052,313,2,2018 DHS
Nigeria,2024,DHS,NGA_2024_DHS_child,children_under5,wasting,ADM1,Adamawa,adamawa,6.959847223,1.685534009,3.656261271,10.26343317,301,3,2024 DHS
Nigeria,2013,DHS,NGA_2013_DHS_child,children_under5,wasting,ADM1,Akwa Ibom,akwa ibom,10.52881554,1.418954513,7.747715794,13.30991528,533,1,2013 DHS
Nigeria,2018,DHS,NGA_2018_DHS_child,children_under5,wasting,ADM1,Akwa Ibom,akwa ibom,4.227163463,1.215213581,1.84538861,6.608938315,254,2,2018 DHS
Nigeria,2024,DHS,NGA_2024_DHS_child,children_under5,wasting,ADM1,Akwa Ibom,akwa ibom,11.7771064,3.140572834,5.621696753,17.93251604,203,3,2024 DHS
Nigeria,2013,DHS,NGA_2013_DHS_child,children_under5,wasting,ADM1,Anambra,anambra,17.33737019,2.457142923,12.52145855,22.15328182,420,1,2013 DHS
Nigeria,2018,DHS,NGA_2018_DHS_child,children_under5,wasting,ADM1,Anambra,anambra,2.254443206,0.650955797,0.978593289,3.530293123,448,2,2018 DHS
Nigeria,2024,DHS,NGA_2024_DHS_child,children_under5,wasting,ADM1,Anambra,anambra,9.789366528,1.539631247,6.771744734,12.80698832,350,3,2024 DHS
Nigeria,2013,DHS,NGA_2013_DHS_child,children_under5,wasting,ADM1,Bauchi,bauchi,23.29950575,2.346756926,18.69994669,27.8990648,1083,1,2013 DHS
Nigeria,2018,DHS,NGA_2018_DHS_child,children_under5,wasting,ADM1,Bauchi,bauchi,8.482019456,1.227164637,6.076820964,10.88721795,444,2,2018 DHS
Nigeria,2024,DHS,NGA_2024_DHS_child,children_under5,wasting,ADM1,Bauchi,bauchi,5.24001237,1.254262966,2.781702129,7.698322611,346,3,2024 DHS
Nigeria,2013,DHS,NGA_2013_DHS_child,children_under5,wasting,ADM1,Bayelsa,bayelsa,5.210666153,0.875374813,3.494963046,6.926369259,733,1,2013 DHS
Nigeria,2018,DHS,NGA_2018_DHS_child,children_under5,wasting,ADM1,Bayelsa,bayelsa,1.307949477,0.745871132,-0.153931079,2.769830033,286,2,2018 DHS
Nigeria,2024,DHS,NGA_2024_DHS_child,children_under5,wasting,ADM1,Bayelsa,bayelsa,8.895952244,1.785596535,5.396247344,12.39565714,210,3,2024 DHS
Nigeria,2013,DHS,NGA_2013_DHS_child,children_under5,wasting,ADM1,Benue,benue,7.820853666,1.071196212,5.72134767,9.920359661,580,1,2013 DHS
Nigeria,2018,DHS,NGA_2018_DHS_child,children_under5,wasting,ADM1,Benue,benue,8.932848038,1.691757818,5.617063644,12.24863243,377,2,2018 DHS
Nigeria,2024,DHS,NGA_2024_DHS_child,children_under5,wasting,ADM1,Benue,benue,6.740900604,1.884860957,3.046641013,10.4351602,211,3,2024 DHS
Nigeria,2013,DHS,NGA_2013_DHS_child,children_under5,wasting,ADM1,Borno,borno,28.1825478,5.177986089,18.03388155,38.33121404,416,1,2013 DHS
Nigeria,2018,DHS,NGA_2018_DHS_child,children_under5,wasting,ADM1,Borno,borno,16.02609057,2.22939721,11.65655233,20.39562881,350,2,2018 DHS
Nigeria,2024,DHS,NGA_2024_DHS_child,children_under5,wasting,ADM1,Borno,borno,10.33049408,2.395537212,5.635327426,15.02566074,287,3,2024 DHS
Nigeria,2013,DHS,NGA_2013_DHS_child,children_under5,wasting,ADM1,Cross River,cross river,9.769136337,1.69040546,6.456002516,13.08227016,515,1,2013 DHS
Nigeria,2018,DHS,NGA_2018_DHS_child,children_under5,wasting,ADM1,Cross River,cross river,4.965407835,2.106731564,0.836289844,9.094525826,163,2,2018 DHS
Nigeria,2024,DHS,NGA_2024_DHS_child,children_under5,wasting,ADM1,Cross River,cross river,5.623908292,1.66894829,2.352829751,8.894986833,158,3,2024 DHS
Nigeria,2013,DHS,NGA_2013_DHS_child,children_under5,wasting,ADM1,Delta,delta,16.96656328,2.533824026,12.00035945,21.93276712,594,1,2013 DHS
Nigeria,2018,DHS,NGA_2018_DHS_child,children_under5,wasting,ADM1,Delta,delta,1.977559198,0.942798436,0.129708218,3.825410178,196,2,2018 DHS
Nigeria,2024,DHS,NGA_2024_DHS_child,children_under5,wasting,ADM1,Delta,delta,15.13267289,2.478521696,10.27485963,19.99048615,165,3,2024 DHS
Nigeria,2013,DHS,NGA_2013_DHS_child,children_under5,wasting,ADM1,Ebonyi,ebonyi,10.45856093,1.237151243,8.033789053,12.88333281,645,1,2013 DHS
Nigeria,2018,DHS,NGA_2018_DHS_child,children_under5,wasting,ADM1,Ebonyi,ebonyi,4.547590261,0.906465824,2.770949893,6.324230629,487,2,2018 DHS
Nigeria,2024,DHS,NGA_2024_DHS_child,children_under5,wasting,ADM1,Ebonyi,ebonyi,6.53616366,0.923729963,4.725686201,8.346641119,526,3,2024 DHS
Nigeria,2013,DHS,NGA_2013_DHS_child,children_under5,wasting,ADM1,Edo,edo,10.54862361,1.981595927,6.66476696,14.43248026,519,1,2013 DHS
Nigeria,2018,DHS,NGA_2018_DHS_child,children_under5,wasting,ADM1,Edo,edo,3.345668878,1.53230797,0.342400444,6.348937312,161,2,2018 DHS
Nigeria,2024,DHS,NGA_2024_DHS_child,children_under5,wasting,ADM1,Edo,edo,8.001086275,1.580151008,4.904047208,11.09812534,183,3,2024 DHS
Nigeria,2013,DHS,NGA_2013_DHS_child,children_under5,wasting,ADM1,Ekiti,ekiti,8.285642328,1.410194118,5.521712646,11.04957201,493,1,2013 DHS
Nigeria,2018,DHS,NGA_2018_DHS_child,children_under5,wasting,ADM1,Ekiti,ekiti,3.292006364,0.97230059,1.386332225,5.197680502,287,2,2018 DHS
Nigeria,2024,DHS,NGA_2024_DHS_child,children_under5,wasting,ADM1,Ekiti,ekiti,4.97736177,1.930436801,1.193775167,8.760948374,129,3,2024 DHS
Nigeria,2013,DHS,NGA_2013_DHS_child,children_under5,wasting,ADM1,Enugu,enugu,8.919443169,1.759688659,5.470516773,12.36836956,547,1,2013 DHS
Nigeria,2018,DHS,NGA_2018_DHS_child,children_under5,wasting,ADM1,Enugu,enugu,2.221602458,0.860550045,0.534955364,3.908249553,263,2,2018 DHS
Nigeria,2024,DHS,NGA_2024_DHS_child,children_under5,wasting,ADM1,Enugu,enugu,3.885584696,1.054209741,1.819371572,5.951797819,339,3,2024 DHS
Nigeria,2024,DHS,NGA_2024_DHS_child,children_under5,wasting,ADM1,FCT Abuja,fct abuja,6.972642657,2.762848397,1.557559303,12.38772601,173,3,2024 DHS
Nigeria,2013,DHS,NGA_2013_DHS_child,children_under5,wasting,ADM1,FCT Abuja,fct abuja,13.77451779,2.525350206,8.824922342,18.72411325,456,1,2013 DHS
Nigeria,2018,DHS,NGA_2018_DHS_child,children_under5,wasting,ADM1,FCT Abuja,fct abuja,2.974825518,1.189725472,0.643006441,5.306644596,301,2,2018 DHS
Nigeria,2013,DHS,NGA_2013_DHS_child,children_under5,wasting,ADM1,Gombe,gombe,14.15515729,1.813879359,10.60001907,17.7102955,938,1,2013 DHS
Nigeria,2018,DHS,NGA_2018_DHS_child,children_under5,wasting,ADM1,Gombe,gombe,7.796044974,1.738362581,4.388916923,11.20317302,411,2,2018 DHS
Nigeria,2024,DHS,NGA_2024_DHS_child,children_under5,wasting,ADM1,Gombe,gombe,8.822882214,1.303283063,6.268494348,11.37727008,323,3,2024 DHS
Nigeria,2013,DHS,NGA_2013_DHS_child,children_under5,wasting,ADM1,Imo,imo,11.78448761,2.112720917,7.643630699,15.92534451,437,1,2013 DHS
Nigeria,2018,DHS,NGA_2018_DHS_child,children_under5,wasting,ADM1,Imo,imo,6.890381386,1.290826873,4.360407204,9.420355569,358,2,2018 DHS
Nigeria,2024,DHS,NGA_2024_DHS_child,children_under5,wasting,ADM1,Imo,imo,7.13242604,1.967300693,3.276587535,10.98826454,412,3,2024 DHS
Nigeria,2013,DHS,NGA_2013_DHS_child,children_under5,wasting,ADM1,Jigawa,jigawa,16.95974667,1.126325294,14.75218966,19.16730368,1042,1,2013 DHS
Nigeria,2018,DHS,NGA_2018_DHS_child,children_under5,wasting,ADM1,Jigawa,jigawa,9.550543708,1.707932416,6.203057685,12.89802973,420,2,2018 DHS
Nigeria,2024,DHS,NGA_2024_DHS_child,children_under5,wasting,ADM1,Jigawa,jigawa,13.19888173,1.647346371,9.970142171,16.42762128,380,3,2024 DHS
Nigeria,2013,DHS,NGA_2013_DHS_child,children_under5,wasting,ADM1,Kaduna,kaduna,41.73982619,4.363377014,33.18776439,50.29188799,622,1,2013 DHS
Nigeria,2018,DHS,NGA_2018_DHS_child,children_under5,wasting,ADM1,Kaduna,kaduna,4.835307445,1.168318872,2.545444533,7.125170358,420,2,2018 DHS
Nigeria,2024,DHS,NGA_2024_DHS_child,children_under5,wasting,ADM1,Kaduna,kaduna,5.896358091,1.310014022,3.328777788,8.463938393,386,3,2024 DHS
Nigeria,2013,DHS,NGA_2013_DHS_child,children_under5,wasting,ADM1,Kano,kano,39.72538551,2.771564346,34.29321921,45.15755181,1647,1,2013 DHS
Nigeria,2018,DHS,NGA_2018_DHS_child,children_under5,wasting,ADM1,Kano,kano,6.389508947,1.110089312,4.213773875,8.565244018,569,2,2018 DHS
Nigeria,2024,DHS,NGA_2024_DHS_child,children_under5,wasting,ADM1,Kano,kano,10.39470898,1.90219659,6.666472174,14.12294579,478,3,2024 DHS
Nigeria,2013,DHS,NGA_2013_DHS_child,children_under5,wasting,ADM1,Katsina,katsina,24.25379931,1.984052652,20.36512757,28.14247105,1159,1,2013 DHS
Nigeria,2018,DHS,NGA_2018_DHS_child,children_under5,wasting,ADM1,Katsina,katsina,10.52188956,1.813005266,6.968464535,14.07531458,493,2,2018 DHS
Nigeria,2024,DHS,NGA_2024_DHS_child,children_under5,wasting,ADM1,Katsina,katsina,6.721186552,1.829286772,3.135850363,10.30652274,346,3,2024 DHS
Nigeria,2013,DHS,NGA_2013_DHS_child,children_under5,wasting,ADM1,Kebbi,kebbi,18.12805747,1.357142455,15.46810713,20.7880078,844,1,2013 DHS
Nigeria,2018,DHS,NGA_2018_DHS_child,children_under5,wasting,ADM1,Kebbi,kebbi,12.29176086,2.106514207,8.163068885,16.42045284,356,2,2018 DHS
Nigeria,2024,DHS,NGA_2024_DHS_child,children_under5,wasting,ADM1,Kebbi,kebbi,9.552864695,1.593297528,6.430058922,12.67567047,392,3,2024 DHS
Nigeria,2013,DHS,NGA_2013_DHS_child,children_under5,wasting,ADM1,Kogi,kogi,9.452907982,1.718757128,6.084205913,12.82161005,441,1,2013 DHS
Nigeria,2018,DHS,NGA_2018_DHS_child,children_under5,wasting,ADM1,Kogi,kogi,3.850208269,1.308048997,1.286479344,6.413937194,215,2,2018 DHS
Nigeria,2024,DHS,NGA_2024_DHS_child,children_under5,wasting,ADM1,Kogi,kogi,5.858815758,1.974159958,1.989533341,9.728098176,268,3,2024 DHS
Nigeria,2013,DHS,NGA_2013_DHS_child,children_under5,wasting,ADM1,Kwara,kwara,6.486013631,0.827309333,4.864517135,8.107510127,644,1,2013 DHS
Nigeria,2018,DHS,NGA_2018_DHS_child,children_under5,wasting,ADM1,Kwara,kwara,7.33403343,2.969458399,1.514001914,13.15406495,261,2,2018 DHS
Nigeria,2024,DHS,NGA_2024_DHS_child,children_under5,wasting,ADM1,Kwara,kwara,6.147213268,1.705884711,2.803740673,9.490685863,244,3,2024 DHS
Nigeria,2013,DHS,NGA_2013_DHS_child,children_under5,wasting,ADM1,Lagos,lagos,11.32858813,1.110580804,9.151889755,13.50528651,846,1,2013 DHS
Nigeria,2018,DHS,NGA_2018_DHS_child,children_under5,wasting,ADM1,Lagos,lagos,6.43286477,1.731546375,3.039096237,9.826633303,354,2,2018 DHS
Nigeria,2024,DHS,NGA_2024_DHS_child,children_under5,wasting,ADM1,Lagos,lagos,5.968777471,2.20446613,1.648103251,10.28945169,138,3,2024 DHS
Nigeria,2013,DHS,NGA_2013_DHS_child,children_under5,wasting,ADM1,Nasarawa,nasarawa,9.819564531,1.053088256,7.755549477,11.88357959,579,1,2013 DHS
Nigeria,2018,DHS,NGA_2018_DHS_child,children_under5,wasting,ADM1,Nasarawa,nasarawa,5.565103307,1.228964477,3.156377195,7.97382942,300,2,2018 DHS
Nigeria,2024,DHS,NGA_2024_DHS_child,children_under5,wasting,ADM1,Nasarawa,nasarawa,9.567999943,1.680913379,6.27347026,12.86252963,305,3,2024 DHS
Nigeria,2013,DHS,NGA_2013_DHS_child,children_under5,wasting,ADM1,Niger,niger,17.67623141,1.858072791,14.03447566,21.31798716,821,1,2013 DHS
Nigeria,2018,DHS,NGA_2018_DHS_child,children_under5,wasting,ADM1,Niger,niger,4.738811883,0.922176257,2.931379632,6.546244134,423,2,2018 DHS
Nigeria,2024,DHS,NGA_2024_DHS_child,children_under5,wasting,ADM1,Niger,niger,5.794032154,1.318156103,3.210493665,8.377570642,342,3,2024 DHS
Nigeria,2013,DHS,NGA_2013_DHS_child,children_under5,wasting,ADM1,Ogun,ogun,10.02250944,1.169055363,7.731203029,12.31381584,494,1,2013 DHS
Nigeria,2018,DHS,NGA_2018_DHS_child,children_under5,wasting,ADM1,Ogun,ogun,5.730932768,1.355513565,3.074175,8.387690537,309,2,2018 DHS
Nigeria,2024,DHS,NGA_2024_DHS_child,children_under5,wasting,ADM1,Ogun,ogun,13.41720692,2.880203776,7.772111253,19.06230259,177,3,2024 DHS
Nigeria,2013,DHS,NGA_2013_DHS_child,children_under5,wasting,ADM1,Ondo,ondo,6.578781763,1.207362064,4.212395602,8.945167925,594,1,2013 DHS
Nigeria,2018,DHS,NGA_2018_DHS_child,children_under5,wasting,ADM1,Ondo,ondo,3.256169956,1.507759519,0.301015603,6.21132431,234,2,2018 DHS
Nigeria,2024,DHS,NGA_2024_DHS_child,children_under5,wasting,ADM1,Ondo,ondo,10.20967123,2.56578645,5.180822191,15.23852026,128,3,2024 DHS
Nigeria,2013,DHS,NGA_2013_DHS_child,children_under5,wasting,ADM1,Osun,osun,11.07269418,2.33688295,6.492487758,15.65290059,523,1,2013 DHS
Nigeria,2018,DHS,NGA_2018_DHS_child,children_under5,wasting,ADM1,Osun,osun,4.530138551,1.304691869,1.972989478,7.087287625,278,2,2018 DHS
Nigeria,2024,DHS,NGA_2024_DHS_child,children_under5,wasting,ADM1,Osun,osun,11.83325332,3.100907536,5.755586235,17.91092041,146,3,2024 DHS
Nigeria,2013,DHS,NGA_2013_DHS_child,children_under5,wasting,ADM1,Oyo,oyo,10.05820493,1.840654268,6.450588857,13.665821,625,1,2013 DHS
Nigeria,2018,DHS,NGA_2018_DHS_child,children_under5,wasting,ADM1,Oyo,oyo,3.857723439,0.946768802,2.002090686,5.713356193,398,2,2018 DHS
Nigeria,2024,DHS,NGA_2024_DHS_child,children_under5,wasting,ADM1,Oyo,oyo,14.42265584,2.708380371,9.11432786,19.73098383,232,3,2024 DHS
Nigeria,2013,DHS,NGA_2013_DHS_child,children_under5,wasting,ADM1,Plateau,plateau,10.50642376,1.267747835,8.021683659,12.99116385,595,1,2013 DHS
Nigeria,2018,DHS,NGA_2018_DHS_child,children_under5,wasting,ADM1,Plateau,plateau,2.375930205,0.86178934,0.686854137,4.065006274,320,2,2018 DHS
Nigeria,2024,DHS,NGA_2024_DHS_child,children_under5,wasting,ADM1,Plateau,plateau,4.771686141,1.576574865,1.681656186,7.861716096,291,3,2024 DHS
Nigeria,2013,DHS,NGA_2013_DHS_child,children_under5,wasting,ADM1,Rivers,rivers,10.45580824,1.670921851,7.180861595,13.73075489,465,1,2013 DHS
Nigeria,2018,DHS,NGA_2018_DHS_child,children_under5,wasting,ADM1,Rivers,rivers,6.35549113,1.342962148,3.723333687,8.987648573,313,2,2018 DHS
Nigeria,2024,DHS,NGA_2024_DHS_child,children_under5,wasting,ADM1,Rivers,rivers,12.70018555,2.409343752,7.977958567,17.42241253,288,3,2024 DHS
Nigeria,2013,DHS,NGA_2013_DHS_child,children_under5,wasting,ADM1,Sokoto,sokoto,19.31997979,1.465489678,16.4476728,22.19228678,1087,1,2013 DHS
Nigeria,2018,DHS,NGA_2018_DHS_child,children_under5,wasting,ADM1,Sokoto,sokoto,17.93430917,3.340399501,11.38724645,24.48137189,297,2,2018 DHS
Nigeria,2024,DHS,NGA_2024_DHS_child,children_under5,wasting,ADM1,Sokoto,sokoto,6.035052676,1.410968738,3.269604766,8.800500586,351,3,2024 DHS
Nigeria,2013,DHS,NGA_2013_DHS_child,children_under5,wasting,ADM1,Taraba,taraba,7.889209326,0.760531647,6.39859469,9.379823963,1090,1,2013 DHS
Nigeria,2018,DHS,NGA_2018_DHS_child,children_under5,wasting,ADM1,Taraba,taraba,5.291190857,1.305216838,2.733012862,7.849368853,350,2,2018 DHS
Nigeria,2024,DHS,NGA_2024_DHS_child,children_under5,wasting,ADM1,Taraba,taraba,9.488313678,2.724072794,4.149229111,14.82739825,239,3,2024 DHS
Nigeria,2013,DHS,NGA_2013_DHS_child,children_under5,wasting,ADM1,Yobe,yobe,23.57368227,2.284032283,19.09706125,28.05030328,804,1,2013 DHS
Nigeria,2018,DHS,NGA_2018_DHS_child,children_under5,wasting,ADM1,Yobe,yobe,12.40166917,1.753433761,8.965002153,15.83833619,372,2,2018 DHS
Nigeria,2024,DHS,NGA_2024_DHS_child,children_under5,wasting,ADM1,Yobe,yobe,10.09131788,2.279649429,5.623287103,14.55934866,384,3,2024 DHS
Nigeria,2013,DHS,NGA_2013_DHS_child,children_under5,wasting,ADM1,Zamfara,zamfara,16.16516882,1.527594239,13.17113913,19.15919852,1129,1,2013 DHS
Nigeria,2018,DHS,NGA_2018_DHS_child,children_under5,wasting,ADM1,Zamfara,zamfara,9.141675766,1.31209117,6.570024328,11.7133272,366,2,2018 DHS
Nigeria,2024,DHS,NGA_2024_DHS_child,children_under5,wasting,ADM1,Zamfara,zamfara,5.275815423,1.50061894,2.334656347,8.216974499,242,3,2024 DHS
Nigeria,2018,DHS,NGA_2018_DHS_women,women_15_49,anemia_women,ADM1,Abia,abia,58.45048253,3.67522548,51.24717296,65.65379211,369,2,2018 DHS
Nigeria,2024,DHS,NGA_2024_DHS_women,women_15_49,anemia_women,ADM1,Abia,abia,64.03379026,3.639001412,56.90147856,71.16610197,276,3,2024 DHS
Nigeria,2018,DHS,NGA_2018_DHS_women,women_15_49,anemia_women,ADM1,Adamawa,adamawa,35.89171025,2.713587189,30.57317709,41.21024341,349,2,2018 DHS
Nigeria,2024,DHS,NGA_2024_DHS_women,women_15_49,anemia_women,ADM1,Adamawa,adamawa,44.23647588,3.406562642,37.55973579,50.91321597,421,3,2024 DHS
Nigeria,2018,DHS,NGA_2018_DHS_women,women_15_49,anemia_women,ADM1,Akwa Ibom,akwa ibom,57.73545654,2.988165895,51.87875901,63.59215408,354,2,2018 DHS
Nigeria,2024,DHS,NGA_2024_DHS_women,women_15_49,anemia_women,ADM1,Akwa Ibom,akwa ibom,55.52269926,3.016878508,49.60972604,61.43567248,309,3,2024 DHS
Nigeria,2018,DHS,NGA_2018_DHS_women,women_15_49,anemia_women,ADM1,Anambra,anambra,70.20763828,2.921871833,64.48087472,75.93440184,436,2,2018 DHS
Nigeria,2024,DHS,NGA_2024_DHS_women,women_15_49,anemia_women,ADM1,Anambra,anambra,52.27675929,4.128479216,44.18508872,60.36842987,366,3,2024 DHS
Nigeria,2018,DHS,NGA_2018_DHS_women,women_15_49,anemia_women,ADM1,Bauchi,bauchi,68.60801404,2.448649454,63.8087493,73.40727878,441,2,2018 DHS
Nigeria,2024,DHS,NGA_2024_DHS_women,women_15_49,anemia_women,ADM1,Bauchi,bauchi,46.67997221,5.091405613,36.70100058,56.65894384,392,3,2024 DHS
Nigeria,2018,DHS,NGA_2018_DHS_women,women_15_49,anemia_women,ADM1,Bayelsa,bayelsa,58.37548445,3.776388035,50.97389991,65.77706899,309,2,2018 DHS
Nigeria,2024,DHS,NGA_2024_DHS_women,women_15_49,anemia_women,ADM1,Bayelsa,bayelsa,47.70077996,2.936705709,41.94494254,53.45661738,290,3,2024 DHS
Nigeria,2018,DHS,NGA_2018_DHS_women,women_15_49,anemia_women,ADM1,Benue,benue,48.81832423,2.732873892,43.46198983,54.17465864,468,2,2018 DHS
Nigeria,2024,DHS,NGA_2024_DHS_women,women_15_49,anemia_women,ADM1,Benue,benue,26.74018447,2.469545504,21.89996422,31.58040472,338,3,2024 DHS
Nigeria,2018,DHS,NGA_2018_DHS_women,women_15_49,anemia_women,ADM1,Borno,borno,53.91371187,3.04927426,47.93724414,59.8901796,444,2,2018 DHS
Nigeria,2024,DHS,NGA_2024_DHS_women,women_15_49,anemia_women,ADM1,Borno,borno,39.09120376,2.655796885,33.88593752,44.29647001,307,3,2024 DHS
Nigeria,2018,DHS,NGA_2018_DHS_women,women_15_49,anemia_women,ADM1,Cross River,cross river,46.06983379,3.793623167,38.63446901,53.50519856,291,2,2018 DHS
Nigeria,2024,DHS,NGA_2024_DHS_women,women_15_49,anemia_women,ADM1,Cross River,cross river,38.5152347,3.562492678,31.53287736,45.49759205,316,3,2024 DHS
Nigeria,2018,DHS,NGA_2018_DHS_women,women_15_49,anemia_women,ADM1,Delta,delta,64.14087752,2.555896956,59.13141154,69.1503435,283,2,2018 DHS
Nigeria,2024,DHS,NGA_2024_DHS_women,women_15_49,anemia_women,ADM1,Delta,delta,35.82449551,2.795708227,30.34500807,41.30398294,301,3,2024 DHS
Nigeria,2018,DHS,NGA_2018_DHS_women,women_15_49,anemia_women,ADM1,Ebonyi,ebonyi,71.65931424,2.472067848,66.81415029,76.50447819,451,2,2018 DHS
Nigeria,2024,DHS,NGA_2024_DHS_women,women_15_49,anemia_women,ADM1,Ebonyi,ebonyi,71.68532422,2.519925477,66.74636104,76.6242874,570,3,2024 DHS
Nigeria,2018,DHS,NGA_2018_DHS_women,women_15_49,anemia_women,ADM1,Edo,edo,55.21303143,4.801917507,45.80144606,64.6246168,211,2,2018 DHS
Nigeria,2024,DHS,NGA_2024_DHS_women,women_15_49,anemia_women,ADM1,Edo,edo,50.81819356,3.000715585,44.93689909,56.69948804,341,3,2024 DHS
Nigeria,2018,DHS,NGA_2018_DHS_women,women_15_49,anemia_women,ADM1,Ekiti,ekiti,50.52876788,3.565892343,43.53974731,57.51778844,336,2,2018 DHS
Nigeria,2024,DHS,NGA_2024_DHS_women,women_15_49,anemia_women,ADM1,Ekiti,ekiti,40.40354179,4.304537792,31.96680275,48.84028084,208,3,2024 DHS
Nigeria,2018,DHS,NGA_2018_DHS_women,women_15_49,anemia_women,ADM1,Enugu,enugu,60.24660124,2.355346768,55.63020641,64.86299608,399,2,2018 DHS
Nigeria,2024,DHS,NGA_2024_DHS_women,women_15_49,anemia_women,ADM1,Enugu,enugu,47.76113895,2.776790262,42.31873004,53.20354785,349,3,2024 DHS
Nigeria,2024,DHS,NGA_2024_DHS_women,women_15_49,anemia_women,ADM1,FCT Abuja,fct abuja,29.82901728,2.935745508,24.07506182,35.58297274,331,3,2024 DHS
Nigeria,2018,DHS,NGA_2018_DHS_women,women_15_49,anemia_women,ADM1,FCT Abuja,fct abuja,50.33274247,2.56150282,45.3122892,55.35319574,405,2,2018 DHS
Nigeria,2018,DHS,NGA_2018_DHS_women,women_15_49,anemia_women,ADM1,Gombe,gombe,63.61109543,3.893575961,55.97982677,71.24236408,454,2,2018 DHS
Nigeria,2024,DHS,NGA_2024_DHS_women,women_15_49,anemia_women,ADM1,Gombe,gombe,38.6254518,2.987074992,32.7708924,44.48001121,393,3,2024 DHS
Nigeria,2018,DHS,NGA_2018_DHS_women,women_15_49,anemia_women,ADM1,Imo,imo,64.63614092,3.700177605,57.38392607,71.88835576,436,2,2018 DHS
Nigeria,2024,DHS,NGA_2024_DHS_women,women_15_49,anemia_women,ADM1,Imo,imo,40.12632595,3.141126428,33.96983128,46.28282062,425,3,2024 DHS
Nigeria,2018,DHS,NGA_2018_DHS_women,women_15_49,anemia_women,ADM1,Jigawa,jigawa,65.43534796,3.053781175,59.45004684,71.42064908,453,2,2018 DHS
Nigeria,2024,DHS,NGA_2024_DHS_women,women_15_49,anemia_women,ADM1,Jigawa,jigawa,48.83952536,2.876290897,43.20209879,54.47695192,424,3,2024 DHS
Nigeria,2018,DHS,NGA_2018_DHS_women,women_15_49,anemia_women,ADM1,Kaduna,kaduna,43.97574824,3.247881705,37.61001707,50.34147941,550,2,2018 DHS
Nigeria,2024,DHS,NGA_2024_DHS_women,women_15_49,anemia_women,ADM1,Kaduna,kaduna,26.11484997,2.169731411,21.86225455,30.36744539,503,3,2024 DHS
Nigeria,2018,DHS,NGA_2018_DHS_women,women_15_49,anemia_women,ADM1,Kano,kano,46.55731175,2.871201524,40.92986017,52.18476333,580,2,2018 DHS
Nigeria,2024,DHS,NGA_2024_DHS_women,women_15_49,anemia_women,ADM1,Kano,kano,33.46541688,2.438222648,28.6865883,38.24424545,642,3,2024 DHS
Nigeria,2018,DHS,NGA_2018_DHS_women,women_15_49,anemia_women,ADM1,Katsina,katsina,71.17213522,2.999062814,65.29408011,77.05019032,509,2,2018 DHS
Nigeria,2024,DHS,NGA_2024_DHS_women,women_15_49,anemia_women,ADM1,Katsina,katsina,52.36303215,3.813292486,44.88911621,59.83694808,393,3,2024 DHS
Nigeria,2018,DHS,NGA_2018_DHS_women,women_15_49,anemia_women,ADM1,Kebbi,kebbi,60.39381822,3.556533675,53.42314031,67.36449613,450,2,2018 DHS
Nigeria,2024,DHS,NGA_2024_DHS_women,women_15_49,anemia_women,ADM1,Kebbi,kebbi,20.08032564,2.042293875,16.0775032,24.08314808,456,3,2024 DHS
Nigeria,2018,DHS,NGA_2018_DHS_women,women_15_49,anemia_women,ADM1,Kogi,kogi,58.21614516,3.883562563,50.60450241,65.82778792,312,2,2018 DHS
Nigeria,2024,DHS,NGA_2024_DHS_women,women_15_49,anemia_women,ADM1,Kogi,kogi,43.47425178,3.34582614,36.91655304,50.03195051,379,3,2024 DHS
Nigeria,2018,DHS,NGA_2018_DHS_women,women_15_49,anemia_women,ADM1,Kwara,kwara,54.9014994,3.514281408,48.01363441,61.78936439,339,2,2018 DHS
Nigeria,2024,DHS,NGA_2024_DHS_women,women_15_49,anemia_women,ADM1,Kwara,kwara,55.82042091,3.160711475,49.62554025,62.01530157,368,3,2024 DHS
Nigeria,2018,DHS,NGA_2018_DHS_women,women_15_49,anemia_women,ADM1,Lagos,lagos,49.5486805,2.797582357,44.06551984,55.03184117,513,2,2018 DHS
Nigeria,2024,DHS,NGA_2024_DHS_women,women_15_49,anemia_women,ADM1,Lagos,lagos,46.30045303,3.686721882,39.07461092,53.52629514,349,3,2024 DHS
Nigeria,2018,DHS,NGA_2018_DHS_women,women_15_49,anemia_women,ADM1,Nasarawa,nasarawa,65.1279326,3.674546377,57.92595405,72.32991116,397,2,2018 DHS
Nigeria,2024,DHS,NGA_2024_DHS_women,women_15_49,anemia_women,ADM1,Nasarawa,nasarawa,31.06414698,3.016117404,25.15266549,36.97562846,451,3,2024 DHS
Nigeria,2018,DHS,NGA_2018_DHS_women,women_15_49,anemia_women,ADM1,Niger,niger,64.19342651,3.234740212,57.8534522,70.53340083,447,2,2018 DHS
Nigeria,2024,DHS,NGA_2024_DHS_women,women_15_49,anemia_women,ADM1,Niger,niger,40.03126674,3.7372628,32.70636625,47.35616723,469,3,2024 DHS
Nigeria,2018,DHS,NGA_2018_DHS_women,women_15_49,anemia_women,ADM1,Ogun,ogun,48.99497187,2.761206931,43.58310573,54.40683801,320,2,2018 DHS
Nigeria,2024,DHS,NGA_2024_DHS_women,women_15_49,anemia_women,ADM1,Ogun,ogun,41.67780639,3.258856117,35.29056577,48.06504701,351,3,2024 DHS
Nigeria,2018,DHS,NGA_2018_DHS_women,women_15_49,anemia_women,ADM1,Ondo,ondo,55.15180425,3.235181591,48.81096484,61.49264365,331,2,2018 DHS
Nigeria,2024,DHS,NGA_2024_DHS_women,women_15_49,anemia_women,ADM1,Ondo,ondo,45.22823992,4.574910176,36.26158074,54.1948991,271,3,2024 DHS
Nigeria,2018,DHS,NGA_2018_DHS_women,women_15_49,anemia_women,ADM1,Osun,osun,57.16442847,2.652553748,51.96551866,62.36333829,319,2,2018 DHS
Nigeria,2024,DHS,NGA_2024_DHS_women,women_15_49,anemia_women,ADM1,Osun,osun,37.61204694,3.382606426,30.98226017,44.24183371,251,3,2024 DHS
Nigeria,2018,DHS,NGA_2018_DHS_women,women_15_49,anemia_women,ADM1,Oyo,oyo,49.65007942,3.450580853,42.88706522,56.41309362,394,2,2018 DHS
Nigeria,2024,DHS,NGA_2024_DHS_women,women_15_49,anemia_women,ADM1,Oyo,oyo,38.2913686,2.534709039,33.32343017,43.25930702,365,3,2024 DHS
Nigeria,2018,DHS,NGA_2018_DHS_women,women_15_49,anemia_women,ADM1,Plateau,plateau,43.69597886,2.762483958,38.2816098,49.11034793,381,2,2018 DHS
Nigeria,2024,DHS,NGA_2024_DHS_women,women_15_49,anemia_women,ADM1,Plateau,plateau,23.72343165,2.900756021,18.03805432,29.40880898,466,3,2024 DHS
Nigeria,2018,DHS,NGA_2018_DHS_women,women_15_49,anemia_women,ADM1,Rivers,rivers,66.09316478,3.619492524,58.99908979,73.18723977,467,2,2018 DHS
Nigeria,2024,DHS,NGA_2024_DHS_women,women_15_49,anemia_women,ADM1,Rivers,rivers,49.74679356,2.423386301,44.99704369,54.49654343,470,3,2024 DHS
Nigeria,2018,DHS,NGA_2018_DHS_women,women_15_49,anemia_women,ADM1,Sokoto,sokoto,73.71410673,3.561449634,66.73379371,80.69441974,280,2,2018 DHS
Nigeria,2024,DHS,NGA_2024_DHS_women,women_15_49,anemia_women,ADM1,Sokoto,sokoto,64.27788137,2.413298525,59.54790318,69.00785957,462,3,2024 DHS
Nigeria,2018,DHS,NGA_2018_DHS_women,women_15_49,anemia_women,ADM1,Taraba,taraba,53.96998969,3.437840452,47.23194622,60.70803316,431,2,2018 DHS
Nigeria,2024,DHS,NGA_2024_DHS_women,women_15_49,anemia_women,ADM1,Taraba,taraba,40.33693676,3.943062286,32.60867669,48.06519683,347,3,2024 DHS
Nigeria,2018,DHS,NGA_2018_DHS_women,women_15_49,anemia_women,ADM1,Yobe,yobe,67.8157592,3.613268181,60.73388369,74.8976347,434,2,2018 DHS
Nigeria,2024,DHS,NGA_2024_DHS_women,women_15_49,anemia_women,ADM1,Yobe,yobe,37.25458425,2.961842129,31.44948034,43.05968815,402,3,2024 DHS
Nigeria,2018,DHS,NGA_2018_DHS_women,women_15_49,anemia_women,ADM1,Zamfara,zamfara,71.29361959,2.773953995,65.85676967,76.73046952,407,2,2018 DHS
Nigeria,2024,DHS,NGA_2024_DHS_women,women_15_49,anemia_women,ADM1,Zamfara,zamfara,39.06831555,4.190080378,30.85590892,47.28072219,298,3,2024 DHS
Nigeria,2018,DHS,NGA_2018_DHS_women,women_15_49,severe_anemia_women,ADM1,Abia,abia,2.542888573,2.542888573,0.52037834,4.565398806,369,2,2018 DHS
Nigeria,2024,DHS,NGA_2024_DHS_women,women_15_49,severe_anemia_women,ADM1,Abia,abia,1.15076641,1.15076641,0.003034285,2.298498536,276,3,2024 DHS
Nigeria,2018,DHS,NGA_2018_DHS_women,women_15_49,severe_anemia_women,ADM1,Adamawa,adamawa,0.934712497,0.934712497,-0.100631911,1.970056904,349,2,2018 DHS
Nigeria,2024,DHS,NGA_2024_DHS_women,women_15_49,severe_anemia_women,ADM1,Adamawa,adamawa,1.328702157,1.328702157,0.046973862,2.610430452,421,3,2024 DHS
Nigeria,2018,DHS,NGA_2018_DHS_women,women_15_49,severe_anemia_women,ADM1,Akwa Ibom,akwa ibom,2.795561259,2.795561259,0.998311133,4.592811385,354,2,2018 DHS
Nigeria,2024,DHS,NGA_2024_DHS_women,women_15_49,severe_anemia_women,ADM1,Akwa Ibom,akwa ibom,1.087081191,1.087081191,0.055750851,2.11841153,309,3,2024 DHS
Nigeria,2018,DHS,NGA_2018_DHS_women,women_15_49,severe_anemia_women,ADM1,Anambra,anambra,0.948370172,0.948370172,0.02803952,1.868700824,436,2,2018 DHS
Nigeria,2024,DHS,NGA_2024_DHS_women,women_15_49,severe_anemia_women,ADM1,Anambra,anambra,0.085700207,0.085700207,-0.08544564,0.256846055,366,3,2024 DHS
Nigeria,2018,DHS,NGA_2018_DHS_women,women_15_49,severe_anemia_women,ADM1,Bauchi,bauchi,2.884597411,2.884597411,1.02908284,4.740111982,441,2,2018 DHS
Nigeria,2024,DHS,NGA_2024_DHS_women,women_15_49,severe_anemia_women,ADM1,Bauchi,bauchi,2.573355177,2.573355177,0.900221041,4.246489314,392,3,2024 DHS
Nigeria,2018,DHS,NGA_2018_DHS_women,women_15_49,severe_anemia_women,ADM1,Bayelsa,bayelsa,1.381884152,1.381884152,0.114005435,2.649762869,309,2,2018 DHS
Nigeria,2024,DHS,NGA_2024_DHS_women,women_15_49,severe_anemia_women,ADM1,Bayelsa,bayelsa,0,0,0,0,290,3,2024 DHS
Nigeria,2018,DHS,NGA_2018_DHS_women,women_15_49,severe_anemia_women,ADM1,Benue,benue,0.344446448,0.344446448,-0.133803322,0.822696217,468,2,2018 DHS
Nigeria,2024,DHS,NGA_2024_DHS_women,women_15_49,severe_anemia_women,ADM1,Benue,benue,0.357204584,0.357204584,-0.339145799,1.053554966,338,3,2024 DHS
Nigeria,2018,DHS,NGA_2018_DHS_women,women_15_49,severe_anemia_women,ADM1,Borno,borno,1.86973536,1.86973536,-0.556820223,4.296290943,444,2,2018 DHS
Nigeria,2024,DHS,NGA_2024_DHS_women,women_15_49,severe_anemia_women,ADM1,Borno,borno,1.135781208,1.135781208,-0.133446362,2.405008777,307,3,2024 DHS
Nigeria,2018,DHS,NGA_2018_DHS_women,women_15_49,severe_anemia_women,ADM1,Cross River,cross river,0.473783611,0.473783611,-0.195139165,1.142706387,291,2,2018 DHS
Nigeria,2024,DHS,NGA_2024_DHS_women,women_15_49,severe_anemia_women,ADM1,Cross River,cross river,0,0,0,0,316,3,2024 DHS
Nigeria,2018,DHS,NGA_2018_DHS_women,women_15_49,severe_anemia_women,ADM1,Delta,delta,3.011469381,3.011469381,0.994795059,5.028143703,283,2,2018 DHS
Nigeria,2024,DHS,NGA_2024_DHS_women,women_15_49,severe_anemia_women,ADM1,Delta,delta,1.160927294,1.160927294,-0.470612221,2.792466809,301,3,2024 DHS
Nigeria,2018,DHS,NGA_2018_DHS_women,women_15_49,severe_anemia_women,ADM1,Ebonyi,ebonyi,3.196939499,3.196939499,1.688964589,4.70491441,451,2,2018 DHS
Nigeria,2024,DHS,NGA_2024_DHS_women,women_15_49,severe_anemia_women,ADM1,Ebonyi,ebonyi,0.148328421,0.148328421,-0.150030469,0.44668731,570,3,2024 DHS
Nigeria,2018,DHS,NGA_2018_DHS_women,women_15_49,severe_anemia_women,ADM1,Edo,edo,0.643269002,0.643269002,-0.267321843,1.553859848,211,2,2018 DHS
Nigeria,2024,DHS,NGA_2024_DHS_women,women_15_49,severe_anemia_women,ADM1,Edo,edo,1.354078851,1.354078851,0.072186224,2.635971478,341,3,2024 DHS
Nigeria,2018,DHS,NGA_2018_DHS_women,women_15_49,severe_anemia_women,ADM1,Ekiti,ekiti,1.079054882,1.079054882,0.02489956,2.133210203,336,2,2018 DHS
Nigeria,2024,DHS,NGA_2024_DHS_women,women_15_49,severe_anemia_women,ADM1,Ekiti,ekiti,0,0,0,0,208,3,2024 DHS
Nigeria,2018,DHS,NGA_2018_DHS_women,women_15_49,severe_anemia_women,ADM1,Enugu,enugu,1.128128421,1.128128421,0.027027209,2.229229634,399,2,2018 DHS
Nigeria,2024,DHS,NGA_2024_DHS_women,women_15_49,severe_anemia_women,ADM1,Enugu,enugu,1.544346482,1.544346482,0.361351241,2.727341723,349,3,2024 DHS
Nigeria,2024,DHS,NGA_2024_DHS_women,women_15_49,severe_anemia_women,ADM1,FCT Abuja,fct abuja,0.319759109,0.319759109,-0.307405459,0.946923677,331,3,2024 DHS
Nigeria,2018,DHS,NGA_2018_DHS_women,women_15_49,severe_anemia_women,ADM1,FCT Abuja,fct abuja,0.54698064,0.54698064,-0.523581966,1.617543245,405,2,2018 DHS
Nigeria,2018,DHS,NGA_2018_DHS_women,women_15_49,severe_anemia_women,ADM1,Gombe,gombe,1.625972637,1.625972637,0.180098059,3.071847214,454,2,2018 DHS
Nigeria,2024,DHS,NGA_2024_DHS_women,women_15_49,severe_anemia_women,ADM1,Gombe,gombe,0.981722105,0.981722105,0.032623448,1.930820762,393,3,2024 DHS
Nigeria,2018,DHS,NGA_2018_DHS_women,women_15_49,severe_anemia_women,ADM1,Imo,imo,1.698771084,1.698771084,0.461115612,2.936426556,436,2,2018 DHS
Nigeria,2024,DHS,NGA_2024_DHS_women,women_15_49,severe_anemia_women,ADM1,Imo,imo,0.398306405,0.398306405,-0.156869782,0.953482591,425,3,2024 DHS
Nigeria,2018,DHS,NGA_2018_DHS_women,women_15_49,severe_anemia_women,ADM1,Jigawa,jigawa,4.151941253,4.151941253,1.846711561,6.457170945,453,2,2018 DHS
Nigeria,2024,DHS,NGA_2024_DHS_women,women_15_49,severe_anemia_women,ADM1,Jigawa,jigawa,1.234721056,1.234721056,-0.131164248,2.600606359,424,3,2024 DHS
Nigeria,2018,DHS,NGA_2018_DHS_women,women_15_49,severe_anemia_women,ADM1,Kaduna,kaduna,1.433224935,1.433224935,-0.049093972,2.915543842,550,2,2018 DHS
Nigeria,2024,DHS,NGA_2024_DHS_women,women_15_49,severe_anemia_women,ADM1,Kaduna,kaduna,0.341600293,0.341600293,-0.13679651,0.819997095,503,3,2024 DHS
Nigeria,2018,DHS,NGA_2018_DHS_women,women_15_49,severe_anemia_women,ADM1,Kano,kano,3.497353372,3.497353372,1.594203113,5.400503631,580,2,2018 DHS
Nigeria,2024,DHS,NGA_2024_DHS_women,women_15_49,severe_anemia_women,ADM1,Kano,kano,0.389571065,0.389571065,-0.18390451,0.963046639,642,3,2024 DHS
Nigeria,2018,DHS,NGA_2018_DHS_women,women_15_49,severe_anemia_women,ADM1,Katsina,katsina,0.904557458,0.904557458,-0.198608978,2.007723894,509,2,2018 DHS
Nigeria,2024,DHS,NGA_2024_DHS_women,women_15_49,severe_anemia_women,ADM1,Katsina,katsina,1.553032571,1.553032571,-0.127260176,3.233325318,393,3,2024 DHS
Nigeria,2018,DHS,NGA_2018_DHS_women,women_15_49,severe_anemia_women,ADM1,Kebbi,kebbi,1.183636603,1.183636603,0.184979983,2.182293223,450,2,2018 DHS
Nigeria,2024,DHS,NGA_2024_DHS_women,women_15_49,severe_anemia_women,ADM1,Kebbi,kebbi,0.281178379,0.281178379,-0.111286776,0.673643535,456,3,2024 DHS
Nigeria,2018,DHS,NGA_2018_DHS_women,women_15_49,severe_anemia_women,ADM1,Kogi,kogi,0.597806116,0.597806116,-0.248373264,1.443985496,312,2,2018 DHS
Nigeria,2024,DHS,NGA_2024_DHS_women,women_15_49,severe_anemia_women,ADM1,Kogi,kogi,0.324691119,0.324691119,-0.29610635,0.945488588,379,3,2024 DHS
Nigeria,2018,DHS,NGA_2018_DHS_women,women_15_49,severe_anemia_women,ADM1,Kwara,kwara,1.750011006,1.750011006,0.062152302,3.43786971,339,2,2018 DHS
Nigeria,2024,DHS,NGA_2024_DHS_women,women_15_49,severe_anemia_women,ADM1,Kwara,kwara,0.950323366,0.950323366,-0.095731329,1.99637806,368,3,2024 DHS
Nigeria,2018,DHS,NGA_2018_DHS_women,women_15_49,severe_anemia_women,ADM1,Lagos,lagos,0.168631546,0.168631546,-0.165559415,0.502822507,513,2,2018 DHS
Nigeria,2024,DHS,NGA_2024_DHS_women,women_15_49,severe_anemia_women,ADM1,Lagos,lagos,0.893150389,0.893150389,-0.196802589,1.983103367,349,3,2024 DHS
Nigeria,2018,DHS,NGA_2018_DHS_women,women_15_49,severe_anemia_women,ADM1,Nasarawa,nasarawa,3.611381605,3.611381605,1.762237332,5.460525878,397,2,2018 DHS
Nigeria,2024,DHS,NGA_2024_DHS_women,women_15_49,severe_anemia_women,ADM1,Nasarawa,nasarawa,0.469200286,0.469200286,-0.197606115,1.136006687,451,3,2024 DHS
Nigeria,2018,DHS,NGA_2018_DHS_women,women_15_49,severe_anemia_women,ADM1,Niger,niger,0.235847872,0.235847872,-0.221610898,0.693306642,447,2,2018 DHS
Nigeria,2024,DHS,NGA_2024_DHS_women,women_15_49,severe_anemia_women,ADM1,Niger,niger,1.691487131,1.691487131,0.60122742,2.781746843,469,3,2024 DHS
Nigeria,2018,DHS,NGA_2018_DHS_women,women_15_49,severe_anemia_women,ADM1,Ogun,ogun,1.304674329,1.304674329,0.111445122,2.497903537,320,2,2018 DHS
Nigeria,2024,DHS,NGA_2024_DHS_women,women_15_49,severe_anemia_women,ADM1,Ogun,ogun,0,0,0,0,351,3,2024 DHS
Nigeria,2018,DHS,NGA_2018_DHS_women,women_15_49,severe_anemia_women,ADM1,Ondo,ondo,0.504400517,0.504400517,-0.214102584,1.222903617,331,2,2018 DHS
Nigeria,2024,DHS,NGA_2024_DHS_women,women_15_49,severe_anemia_women,ADM1,Ondo,ondo,0.633301629,0.633301629,-0.569651979,1.836255237,271,3,2024 DHS
Nigeria,2018,DHS,NGA_2018_DHS_women,women_15_49,severe_anemia_women,ADM1,Osun,osun,0.702916426,0.702916426,-0.276057072,1.681889925,319,2,2018 DHS
Nigeria,2024,DHS,NGA_2024_DHS_women,women_15_49,severe_anemia_women,ADM1,Osun,osun,0,0,0,0,251,3,2024 DHS
Nigeria,2018,DHS,NGA_2018_DHS_women,women_15_49,severe_anemia_women,ADM1,Oyo,oyo,0.436849116,0.436849116,-0.242273792,1.115972023,394,2,2018 DHS
Nigeria,2024,DHS,NGA_2024_DHS_women,women_15_49,severe_anemia_women,ADM1,Oyo,oyo,0.228271428,0.228271428,-0.224879271,0.681422127,365,3,2024 DHS
Nigeria,2018,DHS,NGA_2018_DHS_women,women_15_49,severe_anemia_women,ADM1,Plateau,plateau,2.258702603,2.258702603,0.38650965,4.130895556,381,2,2018 DHS
Nigeria,2024,DHS,NGA_2024_DHS_women,women_15_49,severe_anemia_women,ADM1,Plateau,plateau,0.505882633,0.505882633,-0.196606699,1.208371964,466,3,2024 DHS
Nigeria,2018,DHS,NGA_2018_DHS_women,women_15_49,severe_anemia_women,ADM1,Rivers,rivers,2.081755726,2.081755726,0.61440828,3.549103173,467,2,2018 DHS
Nigeria,2024,DHS,NGA_2024_DHS_women,women_15_49,severe_anemia_women,ADM1,Rivers,rivers,0.953642852,0.953642852,0.053116976,1.854168727,470,3,2024 DHS
Nigeria,2018,DHS,NGA_2018_DHS_women,women_15_49,severe_anemia_women,ADM1,Sokoto,sokoto,0.97899115,0.97899115,-0.353727288,2.311709588,280,2,2018 DHS
Nigeria,2024,DHS,NGA_2024_DHS_women,women_15_49,severe_anemia_women,ADM1,Sokoto,sokoto,1.1707353,1.1707353,0.12803093,2.213439669,462,3,2024 DHS
Nigeria,2018,DHS,NGA_2018_DHS_women,women_15_49,severe_anemia_women,ADM1,Taraba,taraba,0.907095182,0.907095182,0.040930755,1.773259608,431,2,2018 DHS
Nigeria,2024,DHS,NGA_2024_DHS_women,women_15_49,severe_anemia_women,ADM1,Taraba,taraba,0.882157144,0.882157144,-0.183637159,1.947951447,347,3,2024 DHS
Nigeria,2018,DHS,NGA_2018_DHS_women,women_15_49,severe_anemia_women,ADM1,Yobe,yobe,0.832747343,0.832747343,-0.110482018,1.775976703,434,2,2018 DHS
Nigeria,2024,DHS,NGA_2024_DHS_women,women_15_49,severe_anemia_women,ADM1,Yobe,yobe,0.428451096,0.428451096,-0.414600632,1.271502823,402,3,2024 DHS
Nigeria,2018,DHS,NGA_2018_DHS_women,women_15_49,severe_anemia_women,ADM1,Zamfara,zamfara,3.882543796,3.882543796,1.872934353,5.89215324,407,2,2018 DHS
Nigeria,2024,DHS,NGA_2024_DHS_women,women_15_49,severe_anemia_women,ADM1,Zamfara,zamfara,1.078519562,1.078519562,-0.141587911,2.298627034,298,3,2024 DHS
Ethiopia,2005,DHS,ETH_2005_DHS_women,women_15_49,anemia_women,ADM1,Addis Ababa,addis abeba,14.60536943,1.623829927,11.42272126,17.7880176,676,1,2005 DHS
Ethiopia,2005,DHS,ETH_2005_DHS_women,women_15_49,anemia_women,ADM1,Afar,afar,40.44234973,3.778915226,33.03581198,47.84888747,283,1,2005 DHS
Ethiopia,2005,DHS,ETH_2005_DHS_women,women_15_49,anemia_women,ADM1,Amhara,amhara,31.00178011,2.268254646,26.5560827,35.44747752,827,1,2005 DHS
Ethiopia,2005,DHS,ETH_2005_DHS_women,women_15_49,anemia_women,ADM1,Benishangul,benishangul,31.34265695,3.664537326,24.16029577,38.52501813,398,1,2005 DHS
Ethiopia,2005,DHS,ETH_2005_DHS_women,women_15_49,anemia_women,ADM1,Dire Dawa,dire dawa,25.79776646,3.128947213,19.66514261,31.9303903,298,1,2005 DHS
Ethiopia,2005,DHS,ETH_2005_DHS_women,women_15_49,anemia_women,ADM1,Gambela,gambela,42.0159031,4.249845809,33.68635838,50.34544783,339,1,2005 DHS
Ethiopia,2005,DHS,ETH_2005_DHS_women,women_15_49,anemia_women,ADM1,Harari,harari,22.42857601,2.71292184,17.11134691,27.74580511,345,1,2005 DHS
Ethiopia,2005,DHS,ETH_2005_DHS_women,women_15_49,anemia_women,ADM1,Oromia,oromia,24.87912208,1.46206338,22.01353051,27.74471364,971,1,2005 DHS
Ethiopia,2005,DHS,ETH_2005_DHS_women,women_15_49,anemia_women,ADM1,SNNPR,snnpr,23.46017853,1.836604239,19.86050037,27.05985669,1003,1,2005 DHS
Ethiopia,2005,DHS,ETH_2005_DHS_women,women_15_49,anemia_women,ADM1,Somali,somali,39.82627461,4.222222709,31.55087016,48.10167905,257,1,2005 DHS
Ethiopia,2005,DHS,ETH_2005_DHS_women,women_15_49,anemia_women,ADM1,Tigray,tigray,29.28901952,2.062171511,25.24723763,33.33080141,566,1,2005 DHS
Ethiopia,2005,DHS,ETH_2005_DHS_women,women_15_49,severe_anemia_women,ADM1,Addis Ababa,addis abeba,0.837238995,0.837238995,0.030788991,1.643688998,676,1,2005 DHS
Ethiopia,2005,DHS,ETH_2005_DHS_women,women_15_49,severe_anemia_women,ADM1,Afar,afar,3.357777465,3.357777465,1.602059298,5.113495633,283,1,2005 DHS
Ethiopia,2005,DHS,ETH_2005_DHS_women,women_15_49,severe_anemia_women,ADM1,Amhara,amhara,1.51175964,1.51175964,0.646874712,2.376644567,827,1,2005 DHS
Ethiopia,2005,DHS,ETH_2005_DHS_women,women_15_49,severe_anemia_women,ADM1,Benishangul,benishangul,0.802446513,0.802446513,-0.037687448,1.642580474,398,1,2005 DHS
Ethiopia,2005,DHS,ETH_2005_DHS_women,women_15_49,severe_anemia_women,ADM1,Dire Dawa,dire dawa,2.475978761,2.475978761,-0.293199843,5.245157365,298,1,2005 DHS
Ethiopia,2005,DHS,ETH_2005_DHS_women,women_15_49,severe_anemia_women,ADM1,Gambela,gambela,1.719078176,1.719078176,0.478444239,2.959712113,339,1,2005 DHS
Ethiopia,2005,DHS,ETH_2005_DHS_women,women_15_49,severe_anemia_women,ADM1,Harari,harari,0.468721682,0.468721682,-0.195812439,1.133255803,345,1,2005 DHS
Ethiopia,2005,DHS,ETH_2005_DHS_women,women_15_49,severe_anemia_women,ADM1,Oromia,oromia,1.18835371,1.18835371,0.52576442,1.850943,971,1,2005 DHS
Ethiopia,2005,DHS,ETH_2005_DHS_women,women_15_49,severe_anemia_women,ADM1,SNNPR,snnpr,1.032078554,1.032078554,0.498957793,1.565199314,1003,1,2005 DHS
Ethiopia,2005,DHS,ETH_2005_DHS_women,women_15_49,severe_anemia_women,ADM1,Somali,somali,4.831710061,4.831710061,1.385307653,8.278112469,257,1,2005 DHS
Ethiopia,2005,DHS,ETH_2005_DHS_women,women_15_49,severe_anemia_women,ADM1,Tigray,tigray,0.556981015,0.556981015,-0.070961599,1.184923628,566,1,2005 DHS
DRC,2013,DHS,DRC_2013_DHS_zd,children_12_23_months,zero_dose,ADM1,Bas-Uele,bas uele,45.2201910865668,5.68236544467671,34.0829594680055,56.357422705128,93,1,2013 DHS
DRC,2024,DHS,DRC_2024_DHS_zd,children_12_23_months,zero_dose,ADM1,Bas-Uele,bas uele,62.1785380939168,8.07244896937409,46.3568288469061,78.0002473409275,115,2,2024 DHS
DRC,2013,DHS,DRC_2013_DHS_zd,children_12_23_months,zero_dose,ADM1,Equateur,equateur,20.1613479860665,3.44734067236759,13.4046844257859,26.9180115463471,114,1,2013 DHS
DRC,2024,DHS,DRC_2024_DHS_zd,children_12_23_months,zero_dose,ADM1,Equateur,equateur,46.4477601434335,7.73935006502908,31.2789127522288,61.6166075346383,150,2,2024 DHS
DRC,2013,DHS,DRC_2013_DHS_zd,children_12_23_months,zero_dose,ADM1,Haut-Katanga,haut katanga,17.4239140248698,5.53334677909845,6.57875362386612,28.2690744258735,118,1,2013 DHS
DRC,2024,DHS,DRC_2024_DHS_zd,children_12_23_months,zero_dose,ADM1,Haut-Katanga,haut katanga,25.7285757164366,3.43911986354963,18.988024645363,32.4691267875102,202,2,2024 DHS
DRC,2013,DHS,DRC_2013_DHS_zd,children_12_23_months,zero_dose,ADM1,Haut-Lomami,haut lomami,33.9692953765074,5.71802549806614,22.7621713376161,45.1764194153987,121,1,2013 DHS
DRC,2024,DHS,DRC_2024_DHS_zd,children_12_23_months,zero_dose,ADM1,Haut-Lomami,haut lomami,46.9292806941676,6.1162707424915,34.9416103191882,58.916951069147,220,2,2024 DHS
DRC,2013,DHS,DRC_2013_DHS_zd,children_12_23_months,zero_dose,ADM1,Haut-Uele,haut uele,37.8538261981917,13.7222589323296,10.9586929042928,64.7489594920907,70,1,2013 DHS
DRC,2024,DHS,DRC_2024_DHS_zd,children_12_23_months,zero_dose,ADM1,Haut-Uele,haut uele,45.7114391150926,5.98720397181108,33.9767349622477,57.4461432679375,93,2,2024 DHS
DRC,2013,DHS,DRC_2013_DHS_zd,children_12_23_months,zero_dose,ADM1,Ituri,ituri,8.52706665751789,3.50281737221538,1.6616707635545,15.3924625514813,100,1,2013 DHS
DRC,2024,DHS,DRC_2024_DHS_zd,children_12_23_months,zero_dose,ADM1,Ituri,ituri,21.2231573565536,5.21485847549975,11.0022225601006,31.4440921530065,176,2,2024 DHS
DRC,2013,DHS,DRC_2013_DHS_zd,children_12_23_months,zero_dose,ADM1,Kasai,kasai,28.7648829000998,5.63809254633515,17.7144245677792,39.8153412324204,148,1,2013 DHS
DRC,2024,DHS,DRC_2024_DHS_zd,children_12_23_months,zero_dose,ADM1,Kasai,kasai,51.8329339580569,8.59439460293868,34.9882300673716,68.6776378487421,182,2,2024 DHS
DRC,2013,DHS,DRC_2013_DHS_zd,children_12_23_months,zero_dose,ADM1,Kasai-Central,kasai central,10.156759148743,3.14228024485142,3.99800303950251,16.3155152579835,148,1,2013 DHS
DRC,2024,DHS,DRC_2024_DHS_zd,children_12_23_months,zero_dose,ADM1,Kasai-Central,kasai central,10.3290011447279,2.95084627164203,4.54544872839526,16.1125535610606,222,2,2024 DHS
DRC,2013,DHS,DRC_2013_DHS_zd,children_12_23_months,zero_dose,ADM1,Kasai-Oriental,kasai oriental,15.4812706935422,5.14390602379367,5.39940014704794,25.5631412400364,133,1,2013 DHS
DRC,2024,DHS,DRC_2024_DHS_zd,children_12_23_months,zero_dose,ADM1,Kasai-Oriental,kasai oriental,18.1291936669828,4.096690028051,10.0998287561784,26.1585585777872,148,2,2024 DHS
DRC,2013,DHS,DRC_2013_DHS_zd,children_12_23_months,zero_dose,ADM1,Kinshasa,kinshasa,2.16829353632835,1.68488848979669,-1.13402722163924,5.47061429429593,200,1,2013 DHS
DRC,2024,DHS,DRC_2024_DHS_zd,children_12_23_months,zero_dose,ADM1,Kinshasa,kinshasa,0.753249149853526,0.749648988948341,-0.716035869532087,2.22253416923914,116,2,2024 DHS
DRC,2013,DHS,DRC_2013_DHS_zd,children_12_23_months,zero_dose,ADM1,Kongo Central,kongo central,6.47819065801106,2.02065841793966,2.51777293379164,10.4386083822305,182,1,2013 DHS
DRC,2024,DHS,DRC_2024_DHS_zd,children_12_23_months,zero_dose,ADM1,Kongo Central,kongo central,42.5250177285588,7.94616298383083,26.9508244649651,58.0992109921526,99,2,2024 DHS
DRC,2013,DHS,DRC_2013_DHS_zd,children_12_23_months,zero_dose,ADM1,Kwango,kwango,17.1042532288439,5.08132919778346,7.14503100759655,27.0634754500913,147,1,2013 DHS
DRC,2024,DHS,DRC_2024_DHS_zd,children_12_23_months,zero_dose,ADM1,Kwango,kwango,29.0100537406742,7.27837220401857,14.7447063547204,43.275401126628,150,2,2024 DHS
DRC,2013,DHS,DRC_2013_DHS_zd,children_12_23_months,zero_dose,ADM1,Kwilu,kwilu,8.80816134193905,4.79120828012172,-0.582434329529612,18.1987570134077,177,1,2013 DHS
DRC,2024,DHS,DRC_2024_DHS_zd,children_12_23_months,zero_dose,ADM1,Kwilu,kwilu,21.3042840743879,5.79896720114222,9.9385172126201,32.6700509361557,175,2,2024 DHS
DRC,2013,DHS,DRC_2013_DHS_zd,children_12_23_months,zero_dose,ADM1,Lomami,lomami,21.854667097343,5.11208268544148,11.8351691478869,31.8741650467991,145,1,2013 DHS
DRC,2024,DHS,DRC_2024_DHS_zd,children_12_23_months,zero_dose,ADM1,Lomami,lomami,34.6492603797997,5.8547109778856,23.1742377232527,46.1242830363468,166,2,2024 DHS
DRC,2013,DHS,DRC_2013_DHS_zd,children_12_23_months,zero_dose,ADM1,Lualaba,lualaba,40.5235347490589,7.18786498721909,26.4355782483731,54.6114912497448,84,1,2013 DHS
DRC,2024,DHS,DRC_2024_DHS_zd,children_12_23_months,zero_dose,ADM1,Lualaba,lualaba,33.9425992046583,7.99841675743503,18.265990426744,49.6192079825726,215,2,2024 DHS
DRC,2013,DHS,DRC_2013_DHS_zd,children_12_23_months,zero_dose,ADM1,Mai-Ndombe,mai ndombe,13.4271072576509,5.12324961954772,3.38572251952882,23.468491995773,136,1,2013 DHS
DRC,2024,DHS,DRC_2024_DHS_zd,children_12_23_months,zero_dose,ADM1,Mai-Ndombe,mai ndombe,47.8005759638768,8.26825271599601,31.5950984254491,64.0060535023045,97,2,2024 DHS
DRC,2013,DHS,DRC_2013_DHS_zd,children_12_23_months,zero_dose,ADM1,Maniema,maniema,26.1697565410133,7.25739394695425,11.945525783364,40.3939872986626,159,1,2013 DHS
DRC,2024,DHS,DRC_2024_DHS_zd,children_12_23_months,zero_dose,ADM1,Maniema,maniema,78.346382124351,3.84115311349821,70.8178603627906,85.8749038859114,207,2,2024 DHS
DRC,2013,DHS,DRC_2013_DHS_zd,children_12_23_months,zero_dose,ADM1,Mongala,mongala,58.4491041798357,4.58188165031992,49.4687811637837,67.4294271958876,113,1,2013 DHS
DRC,2024,DHS,DRC_2024_DHS_zd,children_12_23_months,zero_dose,ADM1,Mongala,mongala,76.0945726449459,10.2885240684354,55.929436016739,96.2597092731528,135,2,2024 DHS
DRC,2013,DHS,DRC_2013_DHS_zd,children_12_23_months,zero_dose,ADM1,Nord-Kivu,nord kivu,6.27612270449062,2.07593083639884,2.20737303075278,10.3448723782285,212,1,2013 DHS
DRC,2024,DHS,DRC_2024_DHS_zd,children_12_23_months,zero_dose,ADM1,Nord-Kivu,nord kivu,9.9826046468922,2.70443807654496,4.6820034184453,15.2832058753391,196,2,2024 DHS
DRC,2013,DHS,DRC_2013_DHS_zd,children_12_23_months,zero_dose,ADM1,Nord-Ubangi,nord ubangi,22.7513790818308,4.60045123972268,13.7346603393417,31.7680978243199,109,1,2013 DHS
DRC,2024,DHS,DRC_2024_DHS_zd,children_12_23_months,zero_dose,ADM1,Nord-Ubangi,nord ubangi,38.4032753937544,6.73974256417926,25.1936227028914,51.6129280846174,150,2,2024 DHS
DRC,2013,DHS,DRC_2013_DHS_zd,children_12_23_months,zero_dose,ADM1,Sankuru,sankuru,46.2431542804946,10.3608195414703,25.9363211288941,66.5499874320951,108,1,2013 DHS
DRC,2024,DHS,DRC_2024_DHS_zd,children_12_23_months,zero_dose,ADM1,Sankuru,sankuru,64.8821756262305,7.24125798330272,50.689570776194,79.074780476267,121,2,2024 DHS
DRC,2013,DHS,DRC_2013_DHS_zd,children_12_23_months,zero_dose,ADM1,Sud-Kivu,sud kivu,4.85166427430551,1.54249539909494,1.82842884576068,7.87489970285033,206,1,2013 DHS
DRC,2024,DHS,DRC_2024_DHS_zd,children_12_23_months,zero_dose,ADM1,Sud-Kivu,sud kivu,27.0685127872073,10.9229173118831,5.65998824980735,48.4770373246072,203,2,2024 DHS
DRC,2013,DHS,DRC_2013_DHS_zd,children_12_23_months,zero_dose,ADM1,Sud-Ubangi,sud ubangi,18.3770770974732,4.50348479774278,9.55040908897369,27.2037451059727,106,1,2013 DHS
DRC,2024,DHS,DRC_2024_DHS_zd,children_12_23_months,zero_dose,ADM1,Sud-Ubangi,sud ubangi,60.8281271923587,4.89644724763277,51.2312669347982,70.4249874499192,199,2,2024 DHS
DRC,2013,DHS,DRC_2013_DHS_zd,children_12_23_months,zero_dose,ADM1,Tanganyika,tanganyika,61.2882922450016,13.3266323062378,35.1685728895675,87.4080116004357,106,1,2013 DHS
DRC,2024,DHS,DRC_2024_DHS_zd,children_12_23_months,zero_dose,ADM1,Tanganyika,tanganyika,51.6492389220687,15.3335160561105,21.5960996957254,81.702378148412,168,2,2024 DHS
DRC,2013,DHS,DRC_2013_DHS_zd,children_12_23_months,zero_dose,ADM1,Tshopo,tshopo,32.1500210238082,6.12976537682705,20.1359016515466,44.1641403960699,102,1,2013 DHS
DRC,2024,DHS,DRC_2024_DHS_zd,children_12_23_months,zero_dose,ADM1,Tshopo,tshopo,56.1011764155426,11.4287473495721,33.7012432219736,78.5011096091116,162,2,2024 DHS
DRC,2013,DHS,DRC_2013_DHS_zd,children_12_23_months,zero_dose,ADM1,Tshuapa,tshuapa,44.875080779924,8.39280884052831,28.4254777233591,61.3246838364888,102,1,2013 DHS
DRC,2024,DHS,DRC_2024_DHS_zd,children_12_23_months,zero_dose,ADM1,Tshuapa,tshuapa,65.7918442655262,5.9942605153771,54.0433095414366,77.5403789896158,117,2,2024 DHS
Ethiopia,2011,DHS,ETH_2011_DHS_zd,children_12_23_months,zero_dose,ADM1,Addis Ababa,addis ababa,3.89217153551568,2.10444553509906,-0.232465920704591,8.01680899173596,79,1,2011 DHS
Ethiopia,2016,DHS,ETH_2016_DHS_zd,children_12_23_months,zero_dose,ADM1,Addis Ababa,addis ababa,2.5448620873405,1.81514993862174,-1.01276641889819,6.1024905935792,102,2,2016 DHS
Ethiopia,2019,DHS,ETH_2019_DHS_zd,children_12_23_months,zero_dose,ADM1,Addis Ababa,addis ababa,3.73935704836801,2.42694883967617,-1.01737526971855,8.49608936645457,64,3,2019 DHS
Ethiopia,2024,DHS,ETH_2024_DHS_zd,children_12_23_months,zero_dose,ADM1,Addis Ababa,addis ababa,3.77207471602321,1.75752750674554,0.327384100963471,7.21676533108295,116,4,2024 DHS
Ethiopia,2016,DHS,ETH_2016_DHS_zd,children_12_23_months,zero_dose,ADM1,Afar,afar,52.767817628275,6.89419307090337,39.2554475068389,66.2801877497112,170,2,2016 DHS
Ethiopia,2019,DHS,ETH_2019_DHS_zd,children_12_23_months,zero_dose,ADM1,Afar,afar,53.0041734338401,6.6416261193543,39.9868254411252,66.0215214265551,109,3,2019 DHS
Ethiopia,2024,DHS,ETH_2024_DHS_zd,children_12_23_months,zero_dose,ADM1,Afar,afar,51.4235782086691,5.40625383696447,40.8275153969372,62.0196410204009,216,4,2024 DHS
Ethiopia,2011,DHS,ETH_2011_DHS_zd,children_12_23_months,zero_dose,ADM1,Affar,affar,70.5511909052563,4.77058289885039,61.2010202382468,79.9013615722657,173,1,2011 DHS
Ethiopia,2011,DHS,ETH_2011_DHS_zd,children_12_23_months,zero_dose,ADM1,Amhara,amhara,32.357258327986,4.47118825056794,23.5938903887742,41.1206262671978,221,1,2011 DHS
Ethiopia,2016,DHS,ETH_2016_DHS_zd,children_12_23_months,zero_dose,ADM1,Amhara,amhara,17.7699081695369,3.43758249115689,11.0323702929839,24.5074460460899,175,2,2016 DHS
Ethiopia,2019,DHS,ETH_2019_DHS_zd,children_12_23_months,zero_dose,ADM1,Amhara,amhara,14.1490863008138,4.27794593481412,5.76446634076862,22.533706260859,97,3,2019 DHS
Ethiopia,2024,DHS,ETH_2024_DHS_zd,children_12_23_months,zero_dose,ADM1,Amhara,amhara,12.0940322236331,2.91007113498276,6.3903976066173,17.7976668406489,179,4,2024 DHS
Ethiopia,2011,DHS,ETH_2011_DHS_zd,children_12_23_months,zero_dose,ADM1,Benishangul,benishangul,28.2635324159999,6.80257562576674,14.930729187387,41.5963356446127,170,1,2011 DHS
Ethiopia,2016,DHS,ETH_2016_DHS_zd,children_12_23_months,zero_dose,ADM1,Benishangul,benishangul,18.0887508394524,4.91147428319529,8.46243813339497,27.7150635455099,156,2,2016 DHS
Ethiopia,2019,DHS,ETH_2019_DHS_zd,children_12_23_months,zero_dose,ADM1,Benishangul,benishangul,9.80771091925079,3.6601384694269,2.63397134074452,16.9814504977571,82,3,2019 DHS
Ethiopia,2024,DHS,ETH_2024_DHS_zd,children_12_23_months,zero_dose,ADM1,Benishangul,benishangul,40.8941286972261,7.0147447598127,27.1454816072522,54.6427757872001,150,4,2024 DHS
Ethiopia,2011,DHS,ETH_2011_DHS_zd,children_12_23_months,zero_dose,ADM1,Dire Dawa,dire dawa,8.36481722801137,2.46291515535301,3.5375922265416,13.1920422294811,115,1,2011 DHS
Ethiopia,2016,DHS,ETH_2016_DHS_zd,children_12_23_months,zero_dose,ADM1,Dire Dawa,dire dawa,1.77979016544502,1.22773996226155,-0.626535942968182,4.18611627385821,110,2,2016 DHS
Ethiopia,2019,DHS,ETH_2019_DHS_zd,children_12_23_months,zero_dose,ADM1,Dire Dawa,dire dawa,4.78489312203685,2.18699189487396,0.49846777360289,9.07131847047082,80,3,2019 DHS
Ethiopia,2024,DHS,ETH_2024_DHS_zd,children_12_23_months,zero_dose,ADM1,Dire Dawa,dire dawa,23.5207289587181,4.36854097464599,14.9585459834244,32.0829119340117,115,4,2024 DHS
Ethiopia,2011,DHS,ETH_2011_DHS_zd,children_12_23_months,zero_dose,ADM1,Gambela,gambela,27.7796945475127,4.6910642933815,18.5853774833231,36.9740116117023,150,1,2011 DHS
Ethiopia,2016,DHS,ETH_2016_DHS_zd,children_12_23_months,zero_dose,ADM1,Gambela,gambela,25.9777463222422,6.22414814968761,13.7786401144129,38.1768525300715,136,2,2016 DHS
Ethiopia,2019,DHS,ETH_2019_DHS_zd,children_12_23_months,zero_dose,ADM1,Gambela,gambela,22.4238239982662,7.55063786564734,7.62484572129298,37.2228022752393,75,3,2019 DHS
Ethiopia,2024,DHS,ETH_2024_DHS_zd,children_12_23_months,zero_dose,ADM1,Gambela,gambela,33.005470098539,5.22056640432956,22.7733479671533,43.2375922299247,142,4,2024 DHS
Ethiopia,2011,DHS,ETH_2011_DHS_zd,children_12_23_months,zero_dose,ADM1,Harari,harari,26.1221140849145,5.02453668553641,16.2742031422629,35.9700250275661,115,1,2011 DHS
Ethiopia,2016,DHS,ETH_2016_DHS_zd,children_12_23_months,zero_dose,ADM1,Harari,harari,19.9241449655828,3.62727855921263,12.8148096276318,27.0334803035339,115,2,2016 DHS
Ethiopia,2019,DHS,ETH_2019_DHS_zd,children_12_23_months,zero_dose,ADM1,Harari,harari,33.3443396109163,6.980854510527,19.6621161889695,47.0265630328632,70,3,2019 DHS
Ethiopia,2024,DHS,ETH_2024_DHS_zd,children_12_23_months,zero_dose,ADM1,Harari,harari,16.4589023588454,3.40158856987521,9.79191127166691,23.125893446024,103,4,2024 DHS
Ethiopia,2016,DHS,ETH_2016_DHS_zd,children_12_23_months,zero_dose,ADM1,Oromia,oromia,34.7472357362065,3.5295326787367,27.8294788036254,41.6649926687876,285,2,2016 DHS
Ethiopia,2019,DHS,ETH_2019_DHS_zd,children_12_23_months,zero_dose,ADM1,Oromia,oromia,25.5005610024955,5.14509586568832,15.4163584087405,35.5847635962506,125,3,2019 DHS
Ethiopia,2024,DHS,ETH_2024_DHS_zd,children_12_23_months,zero_dose,ADM1,Oromia,oromia,41.6645727210315,4.84184935624822,32.1747223642165,51.1544230778464,240,4,2024 DHS
Ethiopia,2011,DHS,ETH_2011_DHS_zd,children_12_23_months,zero_dose,ADM1,Oromiya,oromiya,49.3672250547713,4.08676413088004,41.3573145449363,57.3771355646063,287,1,2011 DHS
Ethiopia,2011,DHS,ETH_2011_DHS_zd,children_12_23_months,zero_dose,ADM1,SNNPR,snnpr,25.3061800189846,3.61070637277798,18.2293255695905,32.3830344683786,252,1,2011 DHS
Ethiopia,2016,DHS,ETH_2016_DHS_zd,children_12_23_months,zero_dose,ADM1,SNNPR,snnpr,23.3106111248107,4.03933218492053,15.393665520773,31.2275567288485,231,2,2016 DHS
Ethiopia,2019,DHS,ETH_2019_DHS_zd,children_12_23_months,zero_dose,ADM1,SNNPR,snnpr,26.1386443124355,4.2458629945929,17.816905759742,34.4603828651289,114,3,2019 DHS
Ethiopia,2024,DHS,ETH_2024_DHS_zd,children_12_23_months,zero_dose,ADM1,SNNPR,snnpr,29.270097193579,2.34944320564293,24.6652731267965,33.8749212603614,658,4,2024 DHS
Ethiopia,2011,DHS,ETH_2011_DHS_zd,children_12_23_months,zero_dose,ADM1,Somali,somali,59.0956551744557,6.84945073778737,45.6709784145112,72.5203319344003,150,1,2011 DHS
Ethiopia,2016,DHS,ETH_2016_DHS_zd,children_12_23_months,zero_dose,ADM1,Somali,somali,38.3682746489946,4.834202617437,28.8934116248489,47.8431376731404,223,2,2016 DHS
Ethiopia,2019,DHS,ETH_2019_DHS_zd,children_12_23_months,zero_dose,ADM1,Somali,somali,55.99180169557,7.23225938521406,41.8168337736986,70.1667696174413,85,3,2019 DHS
Ethiopia,2024,DHS,ETH_2024_DHS_zd,children_12_23_months,zero_dose,ADM1,Somali,somali,66.9970311942265,4.58645429059718,58.0077459679168,75.9863164205361,214,4,2024 DHS
Ethiopia,2011,DHS,ETH_2011_DHS_zd,children_12_23_months,zero_dose,ADM1,Tigray,tigray,5.47590089434804,2.27511107996117,1.01676511679613,9.93503667189995,201,1,2011 DHS
Ethiopia,2016,DHS,ETH_2016_DHS_zd,children_12_23_months,zero_dose,ADM1,Tigray,tigray,7.29800878958731,2.66383029387748,2.07699735266069,12.5190202265139,215,2,2016 DHS
Ethiopia,2019,DHS,ETH_2019_DHS_zd,children_12_23_months,zero_dose,ADM1,Tigray,tigray,4.57217153027002,2.32693925371402,0.0114543987780324,9.13288866176201,93,3,2019 DHS
Ethiopia,2024,DHS,ETH_2024_DHS_zd,children_12_23_months,zero_dose,ADM1,Tigray,tigray,10.4386264513633,2.24089342632691,6.04655604257002,14.8306968601566,199,4,2024 DHS
Nigeria,2013,DHS,NGA_2013_DHS_zd,children_12_23_months,zero_dose,ADM1,Abia,abia,6.6303314619931,2.95019106259166,0.848063231801506,12.4125996921847,104,1,2013 DHS
Nigeria,2018,DHS,NGA_2018_DHS_zd,children_12_23_months,zero_dose,ADM1,Abia,abia,6.69275545749224,2.28731031113846,2.20970962619376,11.1758012887907,107,2,2018 DHS
Nigeria,2024,DHS,NGA_2024_DHS_zd,children_12_23_months,zero_dose,ADM1,Abia,abia,5.45723018996137,3.01127007586504,-0.4447507064573,11.35921108638,81,3,2024 DHS
Nigeria,2013,DHS,NGA_2013_DHS_zd,children_12_23_months,zero_dose,ADM1,Adamawa,adamawa,21.0086212606951,4.72621432778186,11.7454113950255,30.2718311263647,180,1,2013 DHS
Nigeria,2018,DHS,NGA_2018_DHS_zd,children_12_23_months,zero_dose,ADM1,Adamawa,adamawa,19.8208069674627,4.3541744464223,11.2867818700703,28.354832064855,177,2,2018 DHS
Nigeria,2024,DHS,NGA_2024_DHS_zd,children_12_23_months,zero_dose,ADM1,Adamawa,adamawa,29.1183166698174,6.54091819139893,16.2983525888526,41.9382807507821,149,3,2024 DHS
Nigeria,2013,DHS,NGA_2013_DHS_zd,children_12_23_months,zero_dose,ADM1,Akwa Ibom,akwa ibom,10.4749542263766,2.87710653856093,4.83592903111248,16.1139794216407,121,1,2013 DHS
Nigeria,2018,DHS,NGA_2018_DHS_zd,children_12_23_months,zero_dose,ADM1,Akwa Ibom,akwa ibom,16.7612909974792,3.53309654722944,9.83654901100666,23.6860329839517,122,2,2018 DHS
Nigeria,2024,DHS,NGA_2024_DHS_zd,children_12_23_months,zero_dose,ADM1,Akwa Ibom,akwa ibom,15.1376526379335,4.50054707976117,6.31674245087473,23.9585628249924,81,3,2024 DHS
Nigeria,2013,DHS,NGA_2013_DHS_zd,children_12_23_months,zero_dose,ADM1,Anambra,anambra,12.0099761243569,5.13638109058486,1.94285417593798,22.0770980727757,111,1,2013 DHS
Nigeria,2018,DHS,NGA_2018_DHS_zd,children_12_23_months,zero_dose,ADM1,Anambra,anambra,9.86915668750189,2.95778229831689,4.07200990869069,15.6663034663131,179,2,2018 DHS
Nigeria,2024,DHS,NGA_2024_DHS_zd,children_12_23_months,zero_dose,ADM1,Anambra,anambra,14.9287765329845,4.85485802637348,5.41342965123724,24.4441234147317,96,3,2024 DHS
Nigeria,2013,DHS,NGA_2013_DHS_zd,children_12_23_months,zero_dose,ADM1,Bauchi,bauchi,74.8951391277251,4.72322386972555,65.6377904521431,84.1524878033071,268,1,2013 DHS
Nigeria,2018,DHS,NGA_2018_DHS_zd,children_12_23_months,zero_dose,ADM1,Bauchi,bauchi,54.3939928070922,4.68402390057633,45.2134746592378,63.5745109549466,266,2,2018 DHS
Nigeria,2024,DHS,NGA_2024_DHS_zd,children_12_23_months,zero_dose,ADM1,Bauchi,bauchi,37.3235779856375,5.4688121949864,26.6049030452507,48.0422529260243,209,3,2024 DHS
Nigeria,2013,DHS,NGA_2013_DHS_zd,children_12_23_months,zero_dose,ADM1,Bayelsa,bayelsa,20.9475247571166,4.11598109027791,12.880350059124,29.0146994551092,160,1,2013 DHS
Nigeria,2018,DHS,NGA_2018_DHS_zd,children_12_23_months,zero_dose,ADM1,Bayelsa,bayelsa,29.2058022753551,4.54138031204668,20.3048604236444,38.1067441270659,122,2,2018 DHS
Nigeria,2024,DHS,NGA_2024_DHS_zd,children_12_23_months,zero_dose,ADM1,Bayelsa,bayelsa,17.2384201209838,5.35866797066323,6.73562389337551,27.741216348592,82,3,2024 DHS
Nigeria,2013,DHS,NGA_2013_DHS_zd,children_12_23_months,zero_dose,ADM1,Benue,benue,44.3774781230294,6.38403738311126,31.864994776174,56.8899614698848,124,1,2013 DHS
Nigeria,2018,DHS,NGA_2018_DHS_zd,children_12_23_months,zero_dose,ADM1,Benue,benue,23.6832124273729,4.40182605212113,15.0557918990054,32.3106329557405,186,2,2018 DHS
Nigeria,2024,DHS,NGA_2024_DHS_zd,children_12_23_months,zero_dose,ADM1,Benue,benue,32.0119504428842,5.51255715406319,21.2075369582018,42.8163639275667,97,3,2024 DHS
Nigeria,2013,DHS,NGA_2013_DHS_zd,children_12_23_months,zero_dose,ADM1,Borno,borno,80.4702893798202,5.03356371524715,70.6046857840482,90.3358929755922,121,1,2013 DHS
Nigeria,2018,DHS,NGA_2018_DHS_zd,children_12_23_months,zero_dose,ADM1,Borno,borno,44.1019482958698,4.11698573761083,36.0328045252875,52.1710920664521,203,2,2018 DHS
Nigeria,2024,DHS,NGA_2024_DHS_zd,children_12_23_months,zero_dose,ADM1,Borno,borno,31.7047594949059,5.25429633111889,21.4065279218119,42.0029910679998,160,3,2024 DHS
Nigeria,2013,DHS,NGA_2013_DHS_zd,children_12_23_months,zero_dose,ADM1,Cross River,cross river,11.7282302786784,6.77115323174485,-1.54298618934348,24.9994467467003,101,1,2013 DHS
Nigeria,2018,DHS,NGA_2018_DHS_zd,children_12_23_months,zero_dose,ADM1,Cross River,cross river,8.11846427145736,3.86504618936919,0.543112941709971,15.6938156012047,75,2,2018 DHS
Nigeria,2024,DHS,NGA_2024_DHS_zd,children_12_23_months,zero_dose,ADM1,Cross River,cross river,2.78850565396358,1.92368417897332,-0.981846054453626,6.55885736238079,69,3,2024 DHS
Nigeria,2013,DHS,NGA_2013_DHS_zd,children_12_23_months,zero_dose,ADM1,Delta,delta,26.8171627931876,6.63375477400694,13.8152423538634,39.8190832325119,126,1,2013 DHS
Nigeria,2018,DHS,NGA_2018_DHS_zd,children_12_23_months,zero_dose,ADM1,Delta,delta,18.6793205916073,4.56032870209979,9.74124057782741,27.6174006053872,99,2,2018 DHS
Nigeria,2024,DHS,NGA_2024_DHS_zd,children_12_23_months,zero_dose,ADM1,Delta,delta,7.59000272889116,2.73480179759475,2.22988970075005,12.9501157570323,112,3,2024 DHS
Nigeria,2013,DHS,NGA_2013_DHS_zd,children_12_23_months,zero_dose,ADM1,Ebonyi,ebonyi,11.3093605260846,4.09682785652846,3.27972547642842,19.3389955757408,133,1,2013 DHS
Nigeria,2018,DHS,NGA_2018_DHS_zd,children_12_23_months,zero_dose,ADM1,Ebonyi,ebonyi,4.89251255199403,1.70691386536347,1.54702285116958,8.23800225281847,181,2,2018 DHS
Nigeria,2024,DHS,NGA_2024_DHS_zd,children_12_23_months,zero_dose,ADM1,Ebonyi,ebonyi,3.00299516187026,1.36179762371719,0.333920865152329,5.67206945858819,176,3,2024 DHS
Nigeria,2013,DHS,NGA_2013_DHS_zd,children_12_23_months,zero_dose,ADM1,Edo,edo,8.77827559712646,3.01066331080957,2.8774839383636,14.6790672558893,122,1,2013 DHS
Nigeria,2018,DHS,NGA_2018_DHS_zd,children_12_23_months,zero_dose,ADM1,Edo,edo,8.66625381151401,3.50429778682493,1.79795635823373,15.5345512647943,90,2,2018 DHS
Nigeria,2024,DHS,NGA_2024_DHS_zd,children_12_23_months,zero_dose,ADM1,Edo,edo,2.09166295912149,2.03411406608381,-1.89512735084911,6.07845326909209,77,3,2024 DHS
Nigeria,2013,DHS,NGA_2013_DHS_zd,children_12_23_months,zero_dose,ADM1,Ekiti,ekiti,2.3983117883228,1.62447064985384,-0.785592179333104,5.58221575597871,89,1,2013 DHS
Nigeria,2018,DHS,NGA_2018_DHS_zd,children_12_23_months,zero_dose,ADM1,Ekiti,ekiti,3.90405462681165,2.34554812612685,-0.693135224402386,8.50124447802569,100,2,2018 DHS
Nigeria,2024,DHS,NGA_2024_DHS_zd,children_12_23_months,zero_dose,ADM1,Ekiti,ekiti,6.01514822846993,3.93010722699787,-1.68772039182648,13.7180168487663,49,3,2024 DHS
Nigeria,2013,DHS,NGA_2013_DHS_zd,children_12_23_months,zero_dose,ADM1,Enugu,enugu,11.669234050965,3.2149026501451,5.36814064287825,17.9703274590518,121,1,2013 DHS
Nigeria,2018,DHS,NGA_2018_DHS_zd,children_12_23_months,zero_dose,ADM1,Enugu,enugu,7.52084730345684,3.53691867521048,0.58861408379719,14.4530805231165,97,2,2018 DHS
Nigeria,2024,DHS,NGA_2024_DHS_zd,children_12_23_months,zero_dose,ADM1,Enugu,enugu,12.8317045134466,3.48063294230675,6.00978930312169,19.6536197237715,74,3,2024 DHS
Nigeria,2024,DHS,NGA_2024_DHS_zd,children_12_23_months,zero_dose,ADM1,FCT Abuja,fct abuja,6.19172019002938,2.53675839207979,1.21976510407325,11.1636752759855,92,3,2024 DHS
Nigeria,2013,DHS,NGA_2013_DHS_zd,children_12_23_months,zero_dose,ADM1,FCT Abuja,fct abuja,16.0523205891744,3.57734489153381,9.04085344148979,23.063787736859,97,1,2013 DHS
Nigeria,2018,DHS,NGA_2018_DHS_zd,children_12_23_months,zero_dose,ADM1,FCT Abuja,fct abuja,13.836499873618,3.09419300177611,7.77199302892093,19.901006718315,140,2,2018 DHS
Nigeria,2013,DHS,NGA_2013_DHS_zd,children_12_23_months,zero_dose,ADM1,Gombe,gombe,56.4857211241143,6.43995562748568,43.8636400322064,69.1078022160223,194,1,2013 DHS
Nigeria,2018,DHS,NGA_2018_DHS_zd,children_12_23_months,zero_dose,ADM1,Gombe,gombe,62.6954173315879,5.75756677077613,51.4107938222821,73.9800408408937,238,2,2018 DHS
Nigeria,2024,DHS,NGA_2024_DHS_zd,children_12_23_months,zero_dose,ADM1,Gombe,gombe,34.0258725524428,4.94117627596553,24.3413450102866,43.710400094599,175,3,2024 DHS
Nigeria,2013,DHS,NGA_2013_DHS_zd,children_12_23_months,zero_dose,ADM1,Imo,imo,8.28777140407196,3.14732843608541,2.11912102182579,14.4564217863181,84,1,2013 DHS
Nigeria,2018,DHS,NGA_2018_DHS_zd,children_12_23_months,zero_dose,ADM1,Imo,imo,9.52059015341363,2.85768431265156,3.91963182143148,15.1215484853958,134,2,2018 DHS
Nigeria,2024,DHS,NGA_2024_DHS_zd,children_12_23_months,zero_dose,ADM1,Imo,imo,6.71903004512018,3.12590144724434,0.592375789299642,12.8456843009407,117,3,2024 DHS
Nigeria,2013,DHS,NGA_2013_DHS_zd,children_12_23_months,zero_dose,ADM1,Jigawa,jigawa,79.0488755472681,4.32492504059233,70.5721782318717,87.5255728626645,281,1,2013 DHS
Nigeria,2018,DHS,NGA_2018_DHS_zd,children_12_23_months,zero_dose,ADM1,Jigawa,jigawa,42.6307357382492,5.28249146625381,32.2772427157515,52.9842287607468,250,2,2018 DHS
Nigeria,2024,DHS,NGA_2024_DHS_zd,children_12_23_months,zero_dose,ADM1,Jigawa,jigawa,34.2930450137434,4.46184672181379,25.5479861344503,43.0381038930365,208,3,2024 DHS
Nigeria,2013,DHS,NGA_2013_DHS_zd,children_12_23_months,zero_dose,ADM1,Kaduna,kaduna,39.4917714590198,8.22756404585062,23.3660422486559,55.6175006693836,138,1,2013 DHS
Nigeria,2018,DHS,NGA_2018_DHS_zd,children_12_23_months,zero_dose,ADM1,Kaduna,kaduna,48.0809258190111,5.87813337665893,36.5599961044368,59.6018555335854,227,2,2018 DHS
Nigeria,2024,DHS,NGA_2024_DHS_zd,children_12_23_months,zero_dose,ADM1,Kaduna,kaduna,45.6071497049894,5.09783950979654,35.6155678668229,55.598731543156,221,3,2024 DHS
Nigeria,2013,DHS,NGA_2013_DHS_zd,children_12_23_months,zero_dose,ADM1,Kano,kano,73.7092354406816,4.08511568039151,65.7025558344344,81.7159150469288,366,1,2013 DHS
Nigeria,2018,DHS,NGA_2018_DHS_zd,children_12_23_months,zero_dose,ADM1,Kano,kano,40.2421297908614,3.68924200797795,33.0113483249724,47.4729112567505,327,2,2018 DHS
Nigeria,2024,DHS,NGA_2024_DHS_zd,children_12_23_months,zero_dose,ADM1,Kano,kano,42.0231641782166,4.26863651561686,33.656790344515,50.3895380119182,269,3,2024 DHS
Nigeria,2013,DHS,NGA_2013_DHS_zd,children_12_23_months,zero_dose,ADM1,Katsina,katsina,76.6069505346669,4.66653786928633,67.4607043783734,85.7531966909604,275,1,2013 DHS
Nigeria,2018,DHS,NGA_2018_DHS_zd,children_12_23_months,zero_dose,ADM1,Katsina,katsina,57.5013111124864,5.38821417066653,46.9406053969916,68.0620168279811,257,2,2018 DHS
Nigeria,2024,DHS,NGA_2024_DHS_zd,children_12_23_months,zero_dose,ADM1,Katsina,katsina,39.8058631034841,4.68577387849998,30.6219150619255,48.9898111450426,202,3,2024 DHS
Nigeria,2013,DHS,NGA_2013_DHS_zd,children_12_23_months,zero_dose,ADM1,Kebbi,kebbi,95.1269719744188,2.3927375940821,90.4372924655629,99.8166514832747,203,1,2013 DHS
Nigeria,2018,DHS,NGA_2018_DHS_zd,children_12_23_months,zero_dose,ADM1,Kebbi,kebbi,69.9778687223207,4.39356473622272,61.3666400755789,78.5890973690624,237,2,2018 DHS
Nigeria,2024,DHS,NGA_2024_DHS_zd,children_12_23_months,zero_dose,ADM1,Kebbi,kebbi,84.0331511062681,2.75578291221555,78.6319158491147,89.4343863634215,226,3,2024 DHS
Nigeria,2013,DHS,NGA_2013_DHS_zd,children_12_23_months,zero_dose,ADM1,Kogi,kogi,12.8672160630863,3.25312856759984,6.49120123351219,19.2432308926603,98,1,2013 DHS
Nigeria,2018,DHS,NGA_2018_DHS_zd,children_12_23_months,zero_dose,ADM1,Kogi,kogi,19.7293401089413,6.17109166373095,7.63422270273323,31.8244575151493,102,2,2018 DHS
Nigeria,2024,DHS,NGA_2024_DHS_zd,children_12_23_months,zero_dose,ADM1,Kogi,kogi,56.9748815312665,9.72152039859866,37.9210516750416,76.0287113874913,119,3,2024 DHS
Nigeria,2013,DHS,NGA_2013_DHS_zd,children_12_23_months,zero_dose,ADM1,Kwara,kwara,26.5185026156251,5.19902524571479,16.3286003793096,36.7084048519405,123,1,2013 DHS
Nigeria,2018,DHS,NGA_2018_DHS_zd,children_12_23_months,zero_dose,ADM1,Kwara,kwara,38.8807331769382,8.08336106787514,23.0376366098697,54.7238297440067,129,2,2018 DHS
Nigeria,2024,DHS,NGA_2024_DHS_zd,children_12_23_months,zero_dose,ADM1,Kwara,kwara,51.7416993481461,9.31083955747125,33.4927891496716,69.9906095466207,105,3,2024 DHS
Nigeria,2013,DHS,NGA_2013_DHS_zd,children_12_23_months,zero_dose,ADM1,Lagos,lagos,8.99253199993385,2.70408245439489,3.6926277780932,14.2924362217745,181,1,2013 DHS
Nigeria,2018,DHS,NGA_2018_DHS_zd,children_12_23_months,zero_dose,ADM1,Lagos,lagos,3.02771227794241,1.28064087553568,0.517702284762641,5.53772227112218,155,2,2018 DHS
Nigeria,2024,DHS,NGA_2024_DHS_zd,children_12_23_months,zero_dose,ADM1,Lagos,lagos,1.09606660390317,1.08998385666183,-1.04026249888409,3.23239570669043,104,3,2024 DHS
Nigeria,2013,DHS,NGA_2013_DHS_zd,children_12_23_months,zero_dose,ADM1,Nasarawa,nasarawa,40.4890100010482,6.04879147894322,28.6335965523267,52.3444234497697,134,1,2013 DHS
Nigeria,2018,DHS,NGA_2018_DHS_zd,children_12_23_months,zero_dose,ADM1,Nasarawa,nasarawa,21.0592687541434,4.63243851196955,11.9798561100868,30.1386813982001,137,2,2018 DHS
Nigeria,2024,DHS,NGA_2024_DHS_zd,children_12_23_months,zero_dose,ADM1,Nasarawa,nasarawa,20.9702066559433,5.2957170988022,10.5907918699781,31.3496214419086,135,3,2024 DHS
Nigeria,2013,DHS,NGA_2013_DHS_zd,children_12_23_months,zero_dose,ADM1,Niger,niger,47.3370816797449,6.37248649007544,34.847237667229,59.8269256922608,168,1,2013 DHS
Nigeria,2018,DHS,NGA_2018_DHS_zd,children_12_23_months,zero_dose,ADM1,Niger,niger,45.562508678199,5.93760149758824,33.9250235883749,57.199993768023,230,2,2018 DHS
Nigeria,2024,DHS,NGA_2024_DHS_zd,children_12_23_months,zero_dose,ADM1,Niger,niger,56.6333576834893,5.79860525728312,45.2683002186498,67.9984151483288,166,3,2024 DHS
Nigeria,2013,DHS,NGA_2013_DHS_zd,children_12_23_months,zero_dose,ADM1,Ogun,ogun,22.4975690639452,4.5510520575063,13.577670939466,31.4174671884245,108,1,2013 DHS
Nigeria,2018,DHS,NGA_2018_DHS_zd,children_12_23_months,zero_dose,ADM1,Ogun,ogun,27.4254512659971,4.97859594425526,17.6675825216796,37.1833200103145,105,2,2018 DHS
Nigeria,2024,DHS,NGA_2024_DHS_zd,children_12_23_months,zero_dose,ADM1,Ogun,ogun,20.1737112644724,3.55787948986218,13.2003956030088,27.147026925936,110,3,2024 DHS
Nigeria,2013,DHS,NGA_2013_DHS_zd,children_12_23_months,zero_dose,ADM1,Ondo,ondo,29.6509571419169,8.1952434844242,13.588575067909,45.7133392159249,101,1,2013 DHS
Nigeria,2018,DHS,NGA_2018_DHS_zd,children_12_23_months,zero_dose,ADM1,Ondo,ondo,17.1849254318225,5.19466284348764,7.0035733467583,27.3662775168867,93,2,2018 DHS
Nigeria,2024,DHS,NGA_2024_DHS_zd,children_12_23_months,zero_dose,ADM1,Ondo,ondo,19.8397756265487,7.06202294077076,5.99846500464232,33.681086248455,57,3,2024 DHS
Nigeria,2013,DHS,NGA_2013_DHS_zd,children_12_23_months,zero_dose,ADM1,Osun,osun,7.8145672096261,2.95698901858705,2.01897523051504,13.6101591887371,112,1,2013 DHS
Nigeria,2018,DHS,NGA_2018_DHS_zd,children_12_23_months,zero_dose,ADM1,Osun,osun,11.1294184528981,3.50911936794775,4.25167087426854,18.0071660315276,92,2,2018 DHS
Nigeria,2024,DHS,NGA_2024_DHS_zd,children_12_23_months,zero_dose,ADM1,Osun,osun,12.938264671378,4.46545593651111,4.18613186126569,21.6903974814904,65,3,2024 DHS
Nigeria,2013,DHS,NGA_2013_DHS_zd,children_12_23_months,zero_dose,ADM1,Oyo,oyo,29.4033108024808,6.83563994363197,16.0057027016788,42.8009189032829,120,1,2013 DHS
Nigeria,2018,DHS,NGA_2018_DHS_zd,children_12_23_months,zero_dose,ADM1,Oyo,oyo,17.2624784239615,4.79849538949219,7.85760028057528,26.6673565673477,117,2,2018 DHS
Nigeria,2024,DHS,NGA_2024_DHS_zd,children_12_23_months,zero_dose,ADM1,Oyo,oyo,29.4341081391072,5.70278068229342,18.2568633900813,40.611352888133,90,3,2024 DHS
Nigeria,2013,DHS,NGA_2013_DHS_zd,children_12_23_months,zero_dose,ADM1,Plateau,plateau,38.0597957038613,7.70269564448415,22.9627896567988,53.1568017509237,119,1,2013 DHS
Nigeria,2018,DHS,NGA_2018_DHS_zd,children_12_23_months,zero_dose,ADM1,Plateau,plateau,14.6030012238797,3.55234121108811,7.64054038934966,21.5654620584098,134,2,2018 DHS
Nigeria,2024,DHS,NGA_2024_DHS_zd,children_12_23_months,zero_dose,ADM1,Plateau,plateau,35.2938735560045,6.26977577181452,23.0053388521062,47.5824082599028,152,3,2024 DHS
Nigeria,2013,DHS,NGA_2013_DHS_zd,children_12_23_months,zero_dose,ADM1,Rivers,rivers,12.0557992395747,3.95528036977114,4.303592166065,19.8080063130844,100,1,2013 DHS
Nigeria,2018,DHS,NGA_2018_DHS_zd,children_12_23_months,zero_dose,ADM1,Rivers,rivers,14.501840716788,3.6150971826642,7.41638043815399,21.5873009954221,123,2,2018 DHS
Nigeria,2024,DHS,NGA_2024_DHS_zd,children_12_23_months,zero_dose,ADM1,Rivers,rivers,22.011505020412,4.8775716379306,12.4516402780539,31.57136976277,102,3,2024 DHS
Nigeria,2013,DHS,NGA_2013_DHS_zd,children_12_23_months,zero_dose,ADM1,Sokoto,sokoto,96.6427689733241,1.3655077752378,93.9664229132486,99.3191150333996,251,1,2013 DHS
Nigeria,2018,DHS,NGA_2018_DHS_zd,children_12_23_months,zero_dose,ADM1,Sokoto,sokoto,74.6087533605013,4.20394413412967,66.3691742645887,82.8483324564139,191,2,2018 DHS
Nigeria,2024,DHS,NGA_2024_DHS_zd,children_12_23_months,zero_dose,ADM1,Sokoto,sokoto,86.2725564876875,3.57411315475517,79.2674234276965,93.2776895476784,205,3,2024 DHS
Nigeria,2013,DHS,NGA_2013_DHS_zd,children_12_23_months,zero_dose,ADM1,Taraba,taraba,56.8065135613666,7.96505590735238,41.195290848108,72.4177362746253,227,1,2013 DHS
Nigeria,2018,DHS,NGA_2018_DHS_zd,children_12_23_months,zero_dose,ADM1,Taraba,taraba,33.0426821275559,4.82536940670245,23.5851318783177,42.5002323767941,203,2,2018 DHS
Nigeria,2024,DHS,NGA_2024_DHS_zd,children_12_23_months,zero_dose,ADM1,Taraba,taraba,40.247273987595,6.28512518583468,27.9286549850335,52.5658929901566,125,3,2024 DHS
Nigeria,2013,DHS,NGA_2013_DHS_zd,children_12_23_months,zero_dose,ADM1,Yobe,yobe,81.1519531941548,4.01293377046319,73.2867475317024,89.0171588566072,189,1,2013 DHS
Nigeria,2018,DHS,NGA_2018_DHS_zd,children_12_23_months,zero_dose,ADM1,Yobe,yobe,49.5822005138119,3.40039960867237,42.9175397477699,56.2468612798538,215,2,2018 DHS
Nigeria,2024,DHS,NGA_2024_DHS_zd,children_12_23_months,zero_dose,ADM1,Yobe,yobe,40.5646522905825,4.45767501428647,31.827769807797,49.3015347733681,212,3,2024 DHS
Nigeria,2013,DHS,NGA_2013_DHS_zd,children_12_23_months,zero_dose,ADM1,Zamfara,zamfara,87.7645078327243,2.4554579425715,82.9518986997314,92.5771169657173,260,1,2013 DHS
Nigeria,2018,DHS,NGA_2018_DHS_zd,children_12_23_months,zero_dose,ADM1,Zamfara,zamfara,82.8626065945436,3.84311199439742,75.3302454969708,90.3949676921164,201,2,2018 DHS
Nigeria,2024,DHS,NGA_2024_DHS_zd,children_12_23_months,zero_dose,ADM1,Zamfara,zamfara,82.6235988633139,3.75185753183354,75.2700932257948,89.9771045008329,145,3,2024 DHS
DRC,2013,DHS,DRC_2013_DHS_malaria,children_6_59_months,malaria_microscopy_positive,ADM1,Bas-Uele,bas uele,54.4746812124293,4.94540907940851,44.7818575279712,64.1675048968873,202,1,2013 DHS
DRC,2013,DHS,DRC_2013_DHS_malaria,children_6_59_months,malaria_microscopy_positive,ADM1,Equateur,equateur,14.5695689468855,7.24291974057866,0.373707112437111,28.7654307813338,239,1,2013 DHS
DRC,2013,DHS,DRC_2013_DHS_malaria,children_6_59_months,malaria_microscopy_positive,ADM1,Haut-Katanga,haut katanga,23.1182540943631,7.15112225636589,9.10231202284315,37.1341961658831,249,1,2013 DHS
DRC,2013,DHS,DRC_2013_DHS_malaria,children_6_59_months,malaria_microscopy_positive,ADM1,Haut-Lomami,haut lomami,28.4439294539349,6.66900500297225,15.3729198353919,41.5149390724779,285,1,2013 DHS
DRC,2013,DHS,DRC_2013_DHS_malaria,children_6_59_months,malaria_microscopy_positive,ADM1,Haut-Uele,haut uele,47.8954510428646,7.50808698831386,33.1798709529756,62.6110311327535,200,1,2013 DHS
DRC,2013,DHS,DRC_2013_DHS_malaria,children_6_59_months,malaria_microscopy_positive,ADM1,Ituri,ituri,34.7980619504755,7.24559519548167,20.5969563207749,48.999167580176,282,1,2013 DHS
DRC,2013,DHS,DRC_2013_DHS_malaria,children_6_59_months,malaria_microscopy_positive,ADM1,Kasai,kasai,25.9559981596482,7.41761912047384,11.4177318324838,40.4942644868126,364,1,2013 DHS
DRC,2013,DHS,DRC_2013_DHS_malaria,children_6_59_months,malaria_microscopy_positive,ADM1,Kasai-Central,kasai central,36.6123102620876,6.55796362864493,23.75893773802,49.4656827861553,356,1,2013 DHS
DRC,2013,DHS,DRC_2013_DHS_malaria,children_6_59_months,malaria_microscopy_positive,ADM1,Kasai-Oriental,kasai oriental,23.4324230270302,3.76193157756651,16.0591726226959,30.8056734313645,301,1,2013 DHS
DRC,2013,DHS,DRC_2013_DHS_malaria,children_6_59_months,malaria_microscopy_positive,ADM1,Kinshasa,kinshasa,18.1422729717936,2.85969362429857,12.5373764613496,23.7471694822376,406,1,2013 DHS
DRC,2013,DHS,DRC_2013_DHS_malaria,children_6_59_months,malaria_microscopy_positive,ADM1,Kongo Central,kongo central,23.6771653417894,5.11929778835346,13.6435260504811,33.7108046330978,376,1,2013 DHS
DRC,2013,DHS,DRC_2013_DHS_malaria,children_6_59_months,malaria_microscopy_positive,ADM1,Kwango,kwango,10.3249080663785,3.42378027092455,3.61442204438763,17.0353940883694,364,1,2013 DHS
DRC,2013,DHS,DRC_2013_DHS_malaria,children_6_59_months,malaria_microscopy_positive,ADM1,Kwilu,kwilu,8.31132850342785,2.2456104346277,3.91001292825022,12.7126440786055,410,1,2013 DHS
DRC,2013,DHS,DRC_2013_DHS_malaria,children_6_59_months,malaria_microscopy_positive,ADM1,Lomami,lomami,37.9878305469592,4.61111110444492,28.9502188535345,47.025442240384,390,1,2013 DHS
DRC,2013,DHS,DRC_2013_DHS_malaria,children_6_59_months,malaria_microscopy_positive,ADM1,Lualaba,lualaba,39.1929547960287,9.65506143922508,20.2693821066261,58.1165274854314,206,1,2013 DHS
DRC,2013,DHS,DRC_2013_DHS_malaria,children_6_59_months,malaria_microscopy_positive,ADM1,Mai-Ndombe,mai ndombe,29.7447422999633,5.74977022430541,18.4753997409439,41.0140848589827,310,1,2013 DHS
DRC,2013,DHS,DRC_2013_DHS_malaria,children_6_59_months,malaria_microscopy_positive,ADM1,Maniema,maniema,34.2135461178877,5.99285639367958,22.4677634217551,45.9593288140203,392,1,2013 DHS
DRC,2013,DHS,DRC_2013_DHS_malaria,children_6_59_months,malaria_microscopy_positive,ADM1,Mongala,mongala,20.7210523234682,5.34689574773816,10.241329228811,31.2007754181253,295,1,2013 DHS
DRC,2013,DHS,DRC_2013_DHS_malaria,children_6_59_months,malaria_microscopy_positive,ADM1,Nord-Kivu,nord kivu,4.97069554730361,1.45792905622579,2.1132071050866,7.82818398952062,478,1,2013 DHS
DRC,2013,DHS,DRC_2013_DHS_malaria,children_6_59_months,malaria_microscopy_positive,ADM1,Nord-Ubangi,nord ubangi,33.1669884154513,5.34749464525917,22.6860915032225,43.6478853276801,252,1,2013 DHS
DRC,2013,DHS,DRC_2013_DHS_malaria,children_6_59_months,malaria_microscopy_positive,ADM1,Sankuru,sankuru,18.8099099181858,6.37630515936298,6.31258145139739,31.3072383849741,233,1,2013 DHS
DRC,2013,DHS,DRC_2013_DHS_malaria,children_6_59_months,malaria_microscopy_positive,ADM1,Sud-Kivu,sud kivu,9.9210547077301,2.38197026047089,5.25247878496166,14.5896306304985,452,1,2013 DHS
DRC,2013,DHS,DRC_2013_DHS_malaria,children_6_59_months,malaria_microscopy_positive,ADM1,Sud-Ubangi,sud ubangi,16.9112867954657,3.1550856281943,10.7274325960649,23.0951409948664,293,1,2013 DHS
DRC,2013,DHS,DRC_2013_DHS_malaria,children_6_59_months,malaria_microscopy_positive,ADM1,Tanganyika,tanganyika,48.5694594276404,7.58047645642995,33.7119985873839,63.4269202678969,276,1,2013 DHS
DRC,2013,DHS,DRC_2013_DHS_malaria,children_6_59_months,malaria_microscopy_positive,ADM1,Tshopo,tshopo,23.1561228349027,4.41033748936711,14.5120201960764,31.8002254737291,258,1,2013 DHS
DRC,2013,DHS,DRC_2013_DHS_malaria,children_6_59_months,malaria_microscopy_positive,ADM1,Tshuapa,tshuapa,17.9593504496425,4.51825547291419,9.10373244977968,26.8149684495053,219,1,2013 DHS
DRC,2013,DHS,DRC_2013_DHS_malaria,children_6_59_months,malaria_rdt_positive,ADM1,Bas-Uele,bas uele,73.0896211869402,3.88916714630216,65.4669936503315,80.7122487235489,197,1,2013 DHS
DRC,2024,DHS,DRC_2024_DHS_malaria,children_6_59_months,malaria_rdt_positive,ADM1,Bas-Uele,bas uele,61.0230203870532,3.21202693185427,54.7275632832462,67.3184774908603,342,2,2024 DHS
DRC,2013,DHS,DRC_2013_DHS_malaria,children_6_59_months,malaria_rdt_positive,ADM1,Equateur,equateur,26.3995254374865,8.16736259026022,10.3917889118967,42.4072619630763,227,1,2013 DHS
DRC,2024,DHS,DRC_2024_DHS_malaria,children_6_59_months,malaria_rdt_positive,ADM1,Equateur,equateur,21.7404956485719,4.87060562149783,12.1942840475378,31.286707249606,385,2,2024 DHS
DRC,2013,DHS,DRC_2013_DHS_malaria,children_6_59_months,malaria_rdt_positive,ADM1,Haut-Katanga,haut katanga,23.3145510757025,7.07701895281411,9.44384881027949,37.1852533411255,252,1,2013 DHS
DRC,2024,DHS,DRC_2024_DHS_malaria,children_6_59_months,malaria_rdt_positive,ADM1,Haut-Katanga,haut katanga,20.4622208808643,5.2795541770512,10.1144848394159,30.8099569223127,465,2,2024 DHS
DRC,2013,DHS,DRC_2013_DHS_malaria,children_6_59_months,malaria_rdt_positive,ADM1,Haut-Lomami,haut lomami,43.2975423623611,6.90075313157156,29.7723147582788,56.8227699664434,283,1,2013 DHS
DRC,2024,DHS,DRC_2024_DHS_malaria,children_6_59_months,malaria_rdt_positive,ADM1,Haut-Lomami,haut lomami,44.1932599849853,5.97652298690528,32.4794901778752,55.9070297920954,493,2,2024 DHS
DRC,2013,DHS,DRC_2013_DHS_malaria,children_6_59_months,malaria_rdt_positive,ADM1,Haut-Uele,haut uele,66.4513328435329,7.31652933380955,52.1111988574354,80.7914668296304,200,1,2013 DHS
DRC,2024,DHS,DRC_2024_DHS_malaria,children_6_59_months,malaria_rdt_positive,ADM1,Haut-Uele,haut uele,20.376568861471,4.83129116629277,10.9074121767107,29.8457255462314,249,2,2024 DHS
DRC,2013,DHS,DRC_2013_DHS_malaria,children_6_59_months,malaria_rdt_positive,ADM1,Ituri,ituri,44.0512277766634,9.5556316266227,25.322533938951,62.7799216143758,282,1,2013 DHS
DRC,2024,DHS,DRC_2024_DHS_malaria,children_6_59_months,malaria_rdt_positive,ADM1,Ituri,ituri,33.6751187803856,5.73655894984341,22.4316698435016,44.9185677172696,446,2,2024 DHS
DRC,2013,DHS,DRC_2013_DHS_malaria,children_6_59_months,malaria_rdt_positive,ADM1,Kasai,kasai,40.3079316645767,6.77200334006957,27.0350490148554,53.580814314298,364,1,2013 DHS
DRC,2024,DHS,DRC_2024_DHS_malaria,children_6_59_months,malaria_rdt_positive,ADM1,Kasai,kasai,37.450565618237,8.5674837462587,20.6586060374377,54.2425251990364,495,2,2024 DHS
DRC,2013,DHS,DRC_2013_DHS_malaria,children_6_59_months,malaria_rdt_positive,ADM1,Kasai-Central,kasai central,47.6862677990864,6.59943548677205,34.7516119267177,60.6209236714552,355,1,2013 DHS
DRC,2024,DHS,DRC_2024_DHS_malaria,children_6_59_months,malaria_rdt_positive,ADM1,Kasai-Central,kasai central,58.3035008530951,4.92915052905852,48.6425433417638,67.9644583644263,522,2,2024 DHS
DRC,2013,DHS,DRC_2013_DHS_malaria,children_6_59_months,malaria_rdt_positive,ADM1,Kasai-Oriental,kasai oriental,37.2212672594795,6.42543492127805,24.6276462287686,49.8148882901904,302,1,2013 DHS
DRC,2024,DHS,DRC_2024_DHS_malaria,children_6_59_months,malaria_rdt_positive,ADM1,Kasai-Oriental,kasai oriental,43.1312763132319,7.24428841683776,28.9327319226092,57.3298207038546,367,2,2024 DHS
DRC,2013,DHS,DRC_2013_DHS_malaria,children_6_59_months,malaria_rdt_positive,ADM1,Kinshasa,kinshasa,17.0944123906324,2.91089648071044,11.3891601257155,22.7996646555492,406,1,2013 DHS
DRC,2024,DHS,DRC_2024_DHS_malaria,children_6_59_months,malaria_rdt_positive,ADM1,Kinshasa,kinshasa,5.11181993165678,1.88367585499759,1.41988309731381,8.80375676599976,270,2,2024 DHS
DRC,2013,DHS,DRC_2013_DHS_malaria,children_6_59_months,malaria_rdt_positive,ADM1,Kongo Central,kongo central,47.104127567885,7.62802384369925,32.1534755610216,62.0547795747483,375,1,2013 DHS
DRC,2024,DHS,DRC_2024_DHS_malaria,children_6_59_months,malaria_rdt_positive,ADM1,Kongo Central,kongo central,50.8385739981526,6.46925654616371,38.1590641609218,63.5180838353835,289,2,2024 DHS
DRC,2013,DHS,DRC_2013_DHS_malaria,children_6_59_months,malaria_rdt_positive,ADM1,Kwango,kwango,19.3310985331302,4.64695777518493,10.2232286560894,28.4389684101711,360,1,2013 DHS
DRC,2024,DHS,DRC_2024_DHS_malaria,children_6_59_months,malaria_rdt_positive,ADM1,Kwango,kwango,50.1896173845489,6.54371033624599,37.3641808002442,63.0150539688535,393,2,2024 DHS
DRC,2013,DHS,DRC_2013_DHS_malaria,children_6_59_months,malaria_rdt_positive,ADM1,Kwilu,kwilu,14.4394735377209,4.12631612054572,6.35204255262427,22.5269045228176,410,1,2013 DHS
DRC,2024,DHS,DRC_2024_DHS_malaria,children_6_59_months,malaria_rdt_positive,ADM1,Kwilu,kwilu,29.585747880283,5.77516531642244,18.2666318553302,40.9048639052359,372,2,2024 DHS
DRC,2013,DHS,DRC_2013_DHS_malaria,children_6_59_months,malaria_rdt_positive,ADM1,Lomami,lomami,66.2041102934609,4.8629900657555,56.6728249074041,75.7353956795178,389,1,2013 DHS
DRC,2024,DHS,DRC_2024_DHS_malaria,children_6_59_months,malaria_rdt_positive,ADM1,Lomami,lomami,52.0857329751498,4.677896716484,42.9172238874429,61.2542420628566,404,2,2024 DHS
DRC,2013,DHS,DRC_2013_DHS_malaria,children_6_59_months,malaria_rdt_positive,ADM1,Lualaba,lualaba,42.5445274632973,7.02932433835654,28.7673049244677,56.321750002127,205,1,2013 DHS
DRC,2024,DHS,DRC_2024_DHS_malaria,children_6_59_months,malaria_rdt_positive,ADM1,Lualaba,lualaba,50.1599719787621,5.98313245855222,38.4332478452672,61.8866961122571,520,2,2024 DHS
DRC,2013,DHS,DRC_2013_DHS_malaria,children_6_59_months,malaria_rdt_positive,ADM1,Mai-Ndombe,mai ndombe,31.1310844284984,11.4029971881964,8.7816206238219,53.4805482331749,311,1,2013 DHS
DRC,2024,DHS,DRC_2024_DHS_malaria,children_6_59_months,malaria_rdt_positive,ADM1,Mai-Ndombe,mai ndombe,15.3626044665316,3.54721529497512,8.41019024297074,22.3150186900925,266,2,2024 DHS
DRC,2013,DHS,DRC_2013_DHS_malaria,children_6_59_months,malaria_rdt_positive,ADM1,Maniema,maniema,44.1098688054728,5.92947866376166,32.4883041774013,55.7314334335444,392,1,2013 DHS
DRC,2024,DHS,DRC_2024_DHS_malaria,children_6_59_months,malaria_rdt_positive,ADM1,Maniema,maniema,57.4007697256749,3.330687315894,50.8727425427583,63.9287969085916,453,2,2024 DHS
DRC,2013,DHS,DRC_2013_DHS_malaria,children_6_59_months,malaria_rdt_positive,ADM1,Mongala,mongala,25.3237005626641,5.33887950900864,14.8596890072083,35.78771211812,295,1,2013 DHS
DRC,2024,DHS,DRC_2024_DHS_malaria,children_6_59_months,malaria_rdt_positive,ADM1,Mongala,mongala,11.9341811665437,4.1413634161774,3.81725802394426,20.0511043091432,431,2,2024 DHS
DRC,2013,DHS,DRC_2013_DHS_malaria,children_6_59_months,malaria_rdt_positive,ADM1,Nord-Kivu,nord kivu,2.91161276666407,1.04485701965632,0.86373063914382,4.95949489418432,477,1,2013 DHS
DRC,2024,DHS,DRC_2024_DHS_malaria,children_6_59_months,malaria_rdt_positive,ADM1,Nord-Kivu,nord kivu,8.53866620795778,3.02418140574664,2.61137956997865,14.4659528459369,444,2,2024 DHS
DRC,2013,DHS,DRC_2013_DHS_malaria,children_6_59_months,malaria_rdt_positive,ADM1,Nord-Ubangi,nord ubangi,47.5458946931615,9.46910519056735,28.9867895538282,66.1049998324948,251,1,2013 DHS
DRC,2024,DHS,DRC_2024_DHS_malaria,children_6_59_months,malaria_rdt_positive,ADM1,Nord-Ubangi,nord ubangi,23.7065627222557,4.05928433290456,15.7505116267551,31.6626138177564,413,2,2024 DHS
DRC,2013,DHS,DRC_2013_DHS_malaria,children_6_59_months,malaria_rdt_positive,ADM1,Sankuru,sankuru,31.4883198335036,8.39824371479042,15.0280646191245,47.9485750478827,274,1,2013 DHS
DRC,2024,DHS,DRC_2024_DHS_malaria,children_6_59_months,malaria_rdt_positive,ADM1,Sankuru,sankuru,41.9269153117559,6.78440659295659,28.6297227330849,55.2241078904269,373,2,2024 DHS
DRC,2013,DHS,DRC_2013_DHS_malaria,children_6_59_months,malaria_rdt_positive,ADM1,Sud-Kivu,sud kivu,11.9510299734723,2.50289393970522,7.04544799452652,16.8566119524181,471,1,2013 DHS
DRC,2024,DHS,DRC_2024_DHS_malaria,children_6_59_months,malaria_rdt_positive,ADM1,Sud-Kivu,sud kivu,22.6186578351789,6.5810845962246,9.71996904736731,35.5173466229904,594,2,2024 DHS
DRC,2013,DHS,DRC_2013_DHS_malaria,children_6_59_months,malaria_rdt_positive,ADM1,Sud-Ubangi,sud ubangi,23.6158055224024,3.55920776354329,16.6398864923622,30.5917245524427,292,1,2013 DHS
DRC,2024,DHS,DRC_2024_DHS_malaria,children_6_59_months,malaria_rdt_positive,ADM1,Sud-Ubangi,sud ubangi,26.1019939926136,3.85741925984518,18.5415911700459,33.6623968151813,503,2,2024 DHS
DRC,2013,DHS,DRC_2013_DHS_malaria,children_6_59_months,malaria_rdt_positive,ADM1,Tanganyika,tanganyika,66.002763678959,8.99545503927856,48.3719957774237,83.6335315804943,275,1,2013 DHS
DRC,2024,DHS,DRC_2024_DHS_malaria,children_6_59_months,malaria_rdt_positive,ADM1,Tanganyika,tanganyika,44.8389607258171,3.86879466207787,37.2562625245636,52.4216589270705,393,2,2024 DHS
DRC,2013,DHS,DRC_2013_DHS_malaria,children_6_59_months,malaria_rdt_positive,ADM1,Tshopo,tshopo,25.9241305174126,4.27384212660799,17.5475538736508,34.3007071611743,259,1,2013 DHS
DRC,2024,DHS,DRC_2024_DHS_malaria,children_6_59_months,malaria_rdt_positive,ADM1,Tshopo,tshopo,43.7884556363081,4.69313522202289,34.5900796265668,52.9868316460493,381,2,2024 DHS
DRC,2013,DHS,DRC_2013_DHS_malaria,children_6_59_months,malaria_rdt_positive,ADM1,Tshuapa,tshuapa,26.632192367385,5.82311482408209,15.2190970343428,38.0452877004272,216,1,2013 DHS
DRC,2024,DHS,DRC_2024_DHS_malaria,children_6_59_months,malaria_rdt_positive,ADM1,Tshuapa,tshuapa,41.9512807062252,3.30524573801355,35.4731180996641,48.4294433127863,360,2,2024 DHS
Nigeria,2010,DHS,NGA_2010_DHS_malaria,children_6_59_months,malaria_microscopy_positive,ADM2,Abia,abia,38.8558810856379,8.73303908973799,21.739438994171,55.9723231771048,98,1,2010 DHS
Nigeria,2018,DHS,NGA_2018_DHS_malaria,children_6_59_months,malaria_microscopy_positive,ADM2,Abia,abia,13.4532145905648,3.57593814761561,6.44450461029533,20.4619245708343,182,2,2018 DHS
Nigeria,2021,DHS,NGA_2021_DHS_malaria,children_6_59_months,malaria_microscopy_positive,ADM2,Abia,abia,14.5086335409961,5.64887653419725,3.43703898085601,25.5802281011361,231,3,2021 DHS
Nigeria,2010,DHS,NGA_2010_DHS_malaria,children_6_59_months,malaria_microscopy_positive,ADM2,Adamawa,adamawa,20.2000549526072,5.50272721720763,9.41490779013196,30.9852021150825,141,1,2010 DHS
Nigeria,2018,DHS,NGA_2018_DHS_malaria,children_6_59_months,malaria_microscopy_positive,ADM2,Adamawa,adamawa,21.1126839629732,4.25536887471376,12.7723142276015,29.4530536983449,215,2,2018 DHS
Nigeria,2021,DHS,NGA_2021_DHS_malaria,children_6_59_months,malaria_microscopy_positive,ADM2,Adamawa,adamawa,10.6977794595111,3.83072153274606,3.18970322052678,18.2058556984955,260,3,2021 DHS
Nigeria,2010,DHS,NGA_2010_DHS_malaria,children_6_59_months,malaria_microscopy_positive,ADM2,Akwa Ibom,akwa ibom,31.7440759690403,6.17466758624786,19.6419498834877,43.846202054593,205,1,2010 DHS
Nigeria,2018,DHS,NGA_2018_DHS_malaria,children_6_59_months,malaria_microscopy_positive,ADM2,Akwa Ibom,akwa ibom,23.2223840606784,4.42393092602218,14.551638775582,31.8931293457748,161,2,2018 DHS
Nigeria,2021,DHS,NGA_2021_DHS_malaria,children_6_59_months,malaria_microscopy_positive,ADM2,Akwa Ibom,akwa ibom,30.1110997822381,7.12310338011606,16.1500736990551,44.0721258654211,155,3,2021 DHS
Nigeria,2010,DHS,NGA_2010_DHS_malaria,children_6_59_months,malaria_microscopy_positive,ADM2,Anambra,anambra,14.1656879443712,5.38341969782271,3.61437922297519,24.7169966657672,133,1,2010 DHS
Nigeria,2018,DHS,NGA_2018_DHS_malaria,children_6_59_months,malaria_microscopy_positive,ADM2,Anambra,anambra,8.84813549595767,2.39321378168697,4.15752267654632,13.538748315369,308,2,2018 DHS
Nigeria,2021,DHS,NGA_2021_DHS_malaria,children_6_59_months,malaria_microscopy_positive,ADM2,Anambra,anambra,5.44730613659941,2.66342041426043,0.227098048960212,10.6675142242386,194,3,2021 DHS
Nigeria,2010,DHS,NGA_2010_DHS_malaria,children_6_59_months,malaria_microscopy_positive,ADM2,Bauchi,bauchi,43.8022714923798,9.91660455354997,24.366083718496,63.2384592662637,250,1,2010 DHS
Nigeria,2018,DHS,NGA_2018_DHS_malaria,children_6_59_months,malaria_microscopy_positive,ADM2,Bauchi,bauchi,30.5684192006742,4.4261303436277,21.893363136284,39.2434752650644,244,2,2018 DHS
Nigeria,2021,DHS,NGA_2021_DHS_malaria,children_6_59_months,malaria_microscopy_positive,ADM2,Bauchi,bauchi,31.7144093365805,3.61266594500986,24.6337141961868,38.7951044769742,416,3,2021 DHS
Nigeria,2010,DHS,NGA_2010_DHS_malaria,children_6_59_months,malaria_microscopy_positive,ADM2,Bayelsa,bayelsa,20.5578670707064,9.61032249591548,1.72198109889695,39.3937530425158,123,1,2010 DHS
Nigeria,2018,DHS,NGA_2018_DHS_malaria,children_6_59_months,malaria_microscopy_positive,ADM2,Bayelsa,bayelsa,12.5262449258722,2.26142981161801,8.09392394153569,16.9585659102087,195,2,2018 DHS
Nigeria,2021,DHS,NGA_2021_DHS_malaria,children_6_59_months,malaria_microscopy_positive,ADM2,Bayelsa,bayelsa,16.7433337323747,3.75516043657163,9.38335452052462,24.1033129442248,243,3,2021 DHS
Nigeria,2010,DHS,NGA_2010_DHS_malaria,children_6_59_months,malaria_microscopy_positive,ADM2,Benue,benue,55.2309136463589,3.25919144131485,48.8430158026606,61.6188114900572,207,1,2010 DHS
Nigeria,2018,DHS,NGA_2018_DHS_malaria,children_6_59_months,malaria_microscopy_positive,ADM2,Benue,benue,12.7135662160896,2.16648877352354,8.46732624707307,16.959806185106,236,2,2018 DHS
Nigeria,2021,DHS,NGA_2021_DHS_malaria,children_6_59_months,malaria_microscopy_positive,ADM2,Benue,benue,17.5690729421955,3.42285485440308,10.8604007032573,24.2777451811336,316,3,2021 DHS
Nigeria,2010,DHS,NGA_2010_DHS_malaria,children_6_59_months,malaria_microscopy_positive,ADM2,Borno,borno,26.2693502418707,6.94845076470996,12.6506369946894,39.8880634890521,146,1,2010 DHS
Nigeria,2018,DHS,NGA_2018_DHS_malaria,children_6_59_months,malaria_microscopy_positive,ADM2,Borno,borno,10.0040683062677,2.28936963750957,5.51698626944945,14.491150343086,238,2,2018 DHS
Nigeria,2021,DHS,NGA_2021_DHS_malaria,children_6_59_months,malaria_microscopy_positive,ADM2,Borno,borno,5.55306183550524,1.21288443742936,3.17585202073457,7.93027165027591,342,3,2021 DHS
Nigeria,2010,DHS,NGA_2010_DHS_malaria,children_6_59_months,malaria_microscopy_positive,ADM2,Cross River,cross river,44.8405925420856,5.03039761307107,34.98119439255,54.6999906916211,121,1,2010 DHS
Nigeria,2018,DHS,NGA_2018_DHS_malaria,children_6_59_months,malaria_microscopy_positive,ADM2,Cross River,cross river,19.4564330591527,6.38523980609854,6.94159300654806,31.9712731117574,97,2,2018 DHS
Nigeria,2021,DHS,NGA_2021_DHS_malaria,children_6_59_months,malaria_microscopy_positive,ADM2,Cross River,cross river,23.6486901844499,7.69720194686404,8.56245158686484,38.7349287820351,237,3,2021 DHS
Nigeria,2010,DHS,NGA_2010_DHS_malaria,children_6_59_months,malaria_microscopy_positive,ADM2,Delta,delta,31.2566192727743,7.21876426566078,17.1081012991944,45.4051372463541,184,1,2010 DHS
Nigeria,2018,DHS,NGA_2018_DHS_malaria,children_6_59_months,malaria_microscopy_positive,ADM2,Delta,delta,17.0386316641002,5.32752634293026,6.59687190526853,27.4803914229319,133,2,2018 DHS
Nigeria,2021,DHS,NGA_2021_DHS_malaria,children_6_59_months,malaria_microscopy_positive,ADM2,Delta,delta,9.99816161719908,3.12658545949965,3.87016672199315,16.126156512405,347,3,2021 DHS
Nigeria,2010,DHS,NGA_2010_DHS_malaria,children_6_59_months,malaria_microscopy_positive,ADM2,Ebonyi,ebonyi,31.9808675735847,6.13828584915843,19.9500483824223,44.011686764747,115,1,2010 DHS
Nigeria,2018,DHS,NGA_2018_DHS_malaria,children_6_59_months,malaria_microscopy_positive,ADM2,Ebonyi,ebonyi,30.5289496522009,4.06536882994816,22.5609731616308,38.4969261427711,350,2,2018 DHS
Nigeria,2021,DHS,NGA_2021_DHS_malaria,children_6_59_months,malaria_microscopy_positive,ADM2,Ebonyi,ebonyi,25.7024793401684,3.95903855115663,17.9429063664958,33.462052313841,301,3,2021 DHS
Nigeria,2010,DHS,NGA_2010_DHS_malaria,children_6_59_months,malaria_microscopy_positive,ADM2,Edo,edo,53.6936754261042,9.95952190771296,34.1733711837492,73.2139796684593,130,1,2010 DHS
Nigeria,2018,DHS,NGA_2018_DHS_malaria,children_6_59_months,malaria_microscopy_positive,ADM2,Edo,edo,14.7423019386849,3.945507385166,7.00924956302274,22.4753543143471,104,2,2018 DHS
Nigeria,2021,DHS,NGA_2021_DHS_malaria,children_6_59_months,malaria_microscopy_positive,ADM2,Edo,edo,22.5889670351106,5.1306883192557,12.533002713469,32.6449313567521,104,3,2021 DHS
Nigeria,2010,DHS,NGA_2010_DHS_malaria,children_6_59_months,malaria_microscopy_positive,ADM2,Ekiti,ekiti,37.6700662872421,16.1607500957455,5.99557813642873,69.3445544380555,64,1,2010 DHS
Nigeria,2018,DHS,NGA_2018_DHS_malaria,children_6_59_months,malaria_microscopy_positive,ADM2,Ekiti,ekiti,32.2945849180796,4.75374898356295,22.9774081187523,41.6117617174069,186,2,2018 DHS
Nigeria,2021,DHS,NGA_2021_DHS_malaria,children_6_59_months,malaria_microscopy_positive,ADM2,Ekiti,ekiti,20.8138872100056,10.4502598225917,0.331754328639866,41.2960200913714,150,3,2021 DHS
Nigeria,2010,DHS,NGA_2010_DHS_malaria,children_6_59_months,malaria_microscopy_positive,ADM2,Enugu,enugu,27.6843139935844,6.63032995830774,14.6891060696842,40.6795219174845,146,1,2010 DHS
Nigeria,2018,DHS,NGA_2018_DHS_malaria,children_6_59_months,malaria_microscopy_positive,ADM2,Enugu,enugu,17.4218822285487,4.4556902216994,8.68888986775055,26.1548745893468,187,2,2018 DHS
Nigeria,2021,DHS,NGA_2021_DHS_malaria,children_6_59_months,malaria_microscopy_positive,ADM2,Enugu,enugu,24.3085166387378,6.65990585462148,11.2553410232522,37.3616922542233,222,3,2021 DHS
Nigeria,2021,DHS,NGA_2021_DHS_malaria,children_6_59_months,malaria_microscopy_positive,ADM2,FCT Abuja,fct abuja,18.7913239182797,4.56167598169196,9.85060328502209,27.7320445515373,243,3,2021 DHS
Nigeria,2010,DHS,NGA_2010_DHS_malaria,children_6_59_months,malaria_microscopy_positive,ADM2,FCT Abuja,fct abuja,41.1965456322883,9.84284773950379,21.9049185575494,60.4881727070273,51,1,2010 DHS
Nigeria,2018,DHS,NGA_2018_DHS_malaria,children_6_59_months,malaria_microscopy_positive,ADM2,FCT Abuja,fct abuja,20.0555245851811,3.48518760155969,13.2246824067586,26.8863667636036,199,2,2018 DHS
Nigeria,2010,DHS,NGA_2010_DHS_malaria,children_6_59_months,malaria_microscopy_positive,ADM2,Gombe,gombe,23.5026594059789,2.06431216131209,19.4566819169591,27.5486368949986,148,1,2010 DHS
Nigeria,2018,DHS,NGA_2018_DHS_malaria,children_6_59_months,malaria_microscopy_positive,ADM2,Gombe,gombe,30.3160084715096,4.41450724965688,21.6637332526911,38.968283690328,261,2,2018 DHS
Nigeria,2021,DHS,NGA_2021_DHS_malaria,children_6_59_months,malaria_microscopy_positive,ADM2,Gombe,gombe,17.7468508854407,5.44677745727739,7.07136323737236,28.422338533509,259,3,2021 DHS
Nigeria,2010,DHS,NGA_2010_DHS_malaria,children_6_59_months,malaria_microscopy_positive,ADM2,Imo,imo,26.6606268273961,4.28005823325573,18.2718668384807,35.0493868163115,142,1,2010 DHS
Nigeria,2018,DHS,NGA_2018_DHS_malaria,children_6_59_months,malaria_microscopy_positive,ADM2,Imo,imo,7.78736876391684,2.69250072871274,2.51016430729201,13.0645732205417,235,2,2018 DHS
Nigeria,2021,DHS,NGA_2021_DHS_malaria,children_6_59_months,malaria_microscopy_positive,ADM2,Imo,imo,15.526602970027,2.79670751885516,10.0451569577785,21.0080489822755,195,3,2021 DHS
Nigeria,2010,DHS,NGA_2010_DHS_malaria,children_6_59_months,malaria_microscopy_positive,ADM2,Jigawa,jigawa,41.1625970909213,14.0062545812825,13.7108425533084,68.6143516285341,104,1,2010 DHS
Nigeria,2018,DHS,NGA_2018_DHS_malaria,children_6_59_months,malaria_microscopy_positive,ADM2,Jigawa,jigawa,35.731599785217,3.42549913673383,29.0177448481457,42.4454547222884,287,2,2018 DHS
Nigeria,2021,DHS,NGA_2021_DHS_malaria,children_6_59_months,malaria_microscopy_positive,ADM2,Jigawa,jigawa,25.3986625165961,4.82184498673569,15.9480200035591,34.849305029633,396,3,2021 DHS
Nigeria,2010,DHS,NGA_2010_DHS_malaria,children_6_59_months,malaria_microscopy_positive,ADM2,Kaduna,kaduna,27.5692745114629,5.09192359716549,17.5892876489889,37.5492613739369,229,1,2010 DHS
Nigeria,2018,DHS,NGA_2018_DHS_malaria,children_6_59_months,malaria_microscopy_positive,ADM2,Kaduna,kaduna,33.0037648368814,4.29638318411438,24.5830085322337,41.4245211415291,280,2,2018 DHS
Nigeria,2021,DHS,NGA_2021_DHS_malaria,children_6_59_months,malaria_microscopy_positive,ADM2,Kaduna,kaduna,16.2029893655973,3.49505787863854,9.35280179958281,23.0531769316118,419,3,2021 DHS
Nigeria,2010,DHS,NGA_2010_DHS_malaria,children_6_59_months,malaria_microscopy_positive,ADM2,Kano,kano,37.4706018137041,6.77842414074903,24.1851346258992,50.7560690015091,287,1,2010 DHS
Nigeria,2018,DHS,NGA_2018_DHS_malaria,children_6_59_months,malaria_microscopy_positive,ADM2,Kano,kano,32.4244359312875,3.78448294152469,25.0069856657929,39.8418861967821,359,2,2018 DHS
Nigeria,2021,DHS,NGA_2021_DHS_malaria,children_6_59_months,malaria_microscopy_positive,ADM2,Kano,kano,25.4848682654811,3.20502123151687,19.2031420820219,31.7665944489404,521,3,2021 DHS
Nigeria,2010,DHS,NGA_2010_DHS_malaria,children_6_59_months,malaria_microscopy_positive,ADM2,Katsina,katsina,56.3574688623784,9.58475526322972,37.5716937458174,75.1432439789394,275,1,2010 DHS
Nigeria,2018,DHS,NGA_2018_DHS_malaria,children_6_59_months,malaria_microscopy_positive,ADM2,Katsina,katsina,25.4527296316937,3.57547268483598,18.4449319417084,32.4605273216789,305,2,2018 DHS
Nigeria,2021,DHS,NGA_2021_DHS_malaria,children_6_59_months,malaria_microscopy_positive,ADM2,Katsina,katsina,29.3052516085334,3.39975658077742,22.6418511540066,35.9686520630602,448,3,2021 DHS
Nigeria,2010,DHS,NGA_2010_DHS_malaria,children_6_59_months,malaria_microscopy_positive,ADM2,Kebbi,kebbi,72.3680538872884,5.26659994025998,62.045707683398,82.6904000911788,93,1,2010 DHS
Nigeria,2018,DHS,NGA_2018_DHS_malaria,children_6_59_months,malaria_microscopy_positive,ADM2,Kebbi,kebbi,52.2137609645318,4.6506904709626,43.0985751382015,61.3289467908621,218,2,2018 DHS
Nigeria,2021,DHS,NGA_2021_DHS_malaria,children_6_59_months,malaria_microscopy_positive,ADM2,Kebbi,kebbi,49.0125191956604,7.0574174925974,35.1802350863066,62.8448033050143,393,3,2021 DHS
Nigeria,2010,DHS,NGA_2010_DHS_malaria,children_6_59_months,malaria_microscopy_positive,ADM2,Kogi,kogi,40.5787509713309,8.5796917001561,23.7628642405677,57.394637702094,124,1,2010 DHS
Nigeria,2018,DHS,NGA_2018_DHS_malaria,children_6_59_months,malaria_microscopy_positive,ADM2,Kogi,kogi,25.3547685704391,4.69545782324238,16.1518403459572,34.557696794921,140,2,2018 DHS
Nigeria,2021,DHS,NGA_2021_DHS_malaria,children_6_59_months,malaria_microscopy_positive,ADM2,Kogi,kogi,15.8904527511494,3.98840160238472,8.07332925459354,23.7075762477053,204,3,2021 DHS
Nigeria,2010,DHS,NGA_2010_DHS_malaria,children_6_59_months,malaria_microscopy_positive,ADM2,Kwara,kwara,46.1860593547284,20.0239008845791,6.93993479095361,85.4321839185031,83,1,2010 DHS
Nigeria,2018,DHS,NGA_2018_DHS_malaria,children_6_59_months,malaria_microscopy_positive,ADM2,Kwara,kwara,20.2303814550752,4.05462044098036,12.2834714197737,28.1772914903766,181,2,2018 DHS
Nigeria,2021,DHS,NGA_2021_DHS_malaria,children_6_59_months,malaria_microscopy_positive,ADM2,Kwara,kwara,5.64439504961125,1.97711391385236,1.76932298512761,9.5194671140949,170,3,2021 DHS
Nigeria,2010,DHS,NGA_2010_DHS_malaria,children_6_59_months,malaria_microscopy_positive,ADM2,Lagos,lagos,11.5275376625219,5.43564629065145,0.873866700146288,22.1812086248975,107,1,2010 DHS
Nigeria,2018,DHS,NGA_2018_DHS_malaria,children_6_59_months,malaria_microscopy_positive,ADM2,Lagos,lagos,1.75094243366006,0.833339514379362,0.117626998582411,3.38425786873771,252,2,2018 DHS
Nigeria,2021,DHS,NGA_2021_DHS_malaria,children_6_59_months,malaria_microscopy_positive,ADM2,Lagos,lagos,2.57668345710539,1.50545989714926,-0.373963721476527,5.5273306356873,179,3,2021 DHS
Nigeria,2010,DHS,NGA_2010_DHS_malaria,children_6_59_months,malaria_microscopy_positive,ADM2,Nasarawa,nasarawa,34.5186615036095,5.3938570031387,23.9468960396985,45.0904269675205,116,1,2010 DHS
Nigeria,2018,DHS,NGA_2018_DHS_malaria,children_6_59_months,malaria_microscopy_positive,ADM2,Nasarawa,nasarawa,13.6215521853712,3.2917000428706,7.16993865343585,20.0731657173065,199,2,2018 DHS
Nigeria,2021,DHS,NGA_2021_DHS_malaria,children_6_59_months,malaria_microscopy_positive,ADM2,Nasarawa,nasarawa,15.2761510982972,2.0270627119387,11.3031811884933,19.2491210081012,452,3,2021 DHS
Nigeria,2010,DHS,NGA_2010_DHS_malaria,children_6_59_months,malaria_microscopy_positive,ADM2,Niger,niger,66.2532191262573,12.2987613674964,42.1480897915117,90.3583484610029,178,1,2010 DHS
Nigeria,2018,DHS,NGA_2018_DHS_malaria,children_6_59_months,malaria_microscopy_positive,ADM2,Niger,niger,31.5776966007579,4.63171472640039,22.4997025503493,40.6556906511664,256,2,2018 DHS
Nigeria,2021,DHS,NGA_2021_DHS_malaria,children_6_59_months,malaria_microscopy_positive,ADM2,Niger,niger,20.7370417233032,3.9960223803372,12.9049817764262,28.5691016701801,363,3,2021 DHS
Nigeria,2010,DHS,NGA_2010_DHS_malaria,children_6_59_months,malaria_microscopy_positive,ADM2,Ogun,ogun,68.6197227875401,9.50762389071431,49.9851223831875,87.2543231918927,45,1,2010 DHS
Nigeria,2018,DHS,NGA_2018_DHS_malaria,children_6_59_months,malaria_microscopy_positive,ADM2,Ogun,ogun,21.5897129935121,3.78627161709694,14.1687569883159,29.0106689987084,202,2,2018 DHS
Nigeria,2021,DHS,NGA_2021_DHS_malaria,children_6_59_months,malaria_microscopy_positive,ADM2,Ogun,ogun,24.8964434227855,8.55972971421748,8.11968146552191,41.6732053800491,172,3,2021 DHS
Nigeria,2010,DHS,NGA_2010_DHS_malaria,children_6_59_months,malaria_microscopy_positive,ADM2,Ondo,ondo,59.3837997361201,8.29942452700944,43.1172265707732,75.650372901467,78,1,2010 DHS
Nigeria,2018,DHS,NGA_2018_DHS_malaria,children_6_59_months,malaria_microscopy_positive,ADM2,Ondo,ondo,33.506271282104,4.81339511940921,24.0721902047011,42.9403523595069,156,2,2018 DHS
Nigeria,2021,DHS,NGA_2021_DHS_malaria,children_6_59_months,malaria_microscopy_positive,ADM2,Ondo,ondo,26.6694646693239,4.37921843929835,18.0863542478654,35.2525750907823,210,3,2021 DHS
Nigeria,2010,DHS,NGA_2010_DHS_malaria,children_6_59_months,malaria_microscopy_positive,ADM2,Osun,osun,61.6623504901381,1.41284102301907,58.89323296914,64.4314680111362,61,1,2010 DHS
Nigeria,2018,DHS,NGA_2018_DHS_malaria,children_6_59_months,malaria_microscopy_positive,ADM2,Osun,osun,27.737061507268,3.59277963204827,20.6953428240644,34.7787801904717,178,2,2018 DHS
Nigeria,2021,DHS,NGA_2021_DHS_malaria,children_6_59_months,malaria_microscopy_positive,ADM2,Osun,osun,19.3305323735931,3.61995064090802,12.2355594916007,26.4255052555855,148,3,2021 DHS
Nigeria,2010,DHS,NGA_2010_DHS_malaria,children_6_59_months,malaria_microscopy_positive,ADM2,Oyo,oyo,48.3573423144695,9.56677411150796,29.6068096076837,67.1078750212552,126,1,2010 DHS
Nigeria,2018,DHS,NGA_2018_DHS_malaria,children_6_59_months,malaria_microscopy_positive,ADM2,Oyo,oyo,23.7697975071431,4.55715988374709,14.8379282632081,32.7016667510781,264,2,2018 DHS
Nigeria,2021,DHS,NGA_2021_DHS_malaria,children_6_59_months,malaria_microscopy_positive,ADM2,Oyo,oyo,20.8873339611786,5.85000905108265,9.42152691182326,32.3531410105339,178,3,2021 DHS
Nigeria,2010,DHS,NGA_2010_DHS_malaria,children_6_59_months,malaria_microscopy_positive,ADM2,Plateau,plateau,26.7834529768598,15.0165335167223,-2.64841188855447,56.2153178422742,121,1,2010 DHS
Nigeria,2018,DHS,NGA_2018_DHS_malaria,children_6_59_months,malaria_microscopy_positive,ADM2,Plateau,plateau,21.4268044023013,4.46047858944305,12.6844270131809,30.1691817914217,206,2,2018 DHS
Nigeria,2021,DHS,NGA_2021_DHS_malaria,children_6_59_months,malaria_microscopy_positive,ADM2,Plateau,plateau,18.8311414664631,4.68265491589329,9.65330647928286,28.0089764536434,325,3,2021 DHS
Nigeria,2010,DHS,NGA_2010_DHS_malaria,children_6_59_months,malaria_microscopy_positive,ADM2,Rivers,rivers,19.4535232691837,5.97516776451034,7.74240964915871,31.1646368892087,191,1,2010 DHS
Nigeria,2018,DHS,NGA_2018_DHS_malaria,children_6_59_months,malaria_microscopy_positive,ADM2,Rivers,rivers,11.1798112365927,3.23006794222419,4.84899440221589,17.5106280709695,208,2,2018 DHS
Nigeria,2021,DHS,NGA_2021_DHS_malaria,children_6_59_months,malaria_microscopy_positive,ADM2,Rivers,rivers,8.64988049239408,3.34864255692795,2.08666168371719,15.213099301071,349,3,2021 DHS
Nigeria,2010,DHS,NGA_2010_DHS_malaria,children_6_59_months,malaria_microscopy_positive,ADM2,Sokoto,sokoto,37.9762751517461,6.46288063454916,25.3092618716484,50.6432884318438,168,1,2010 DHS
Nigeria,2018,DHS,NGA_2018_DHS_malaria,children_6_59_months,malaria_microscopy_positive,ADM2,Sokoto,sokoto,36.3779172813915,4.87737307387224,26.8184417174365,45.9373928453465,186,2,2018 DHS
Nigeria,2021,DHS,NGA_2021_DHS_malaria,children_6_59_months,malaria_microscopy_positive,ADM2,Sokoto,sokoto,35.9315654323393,5.82084721404317,24.5229145333043,47.3402163313742,372,3,2021 DHS
Nigeria,2010,DHS,NGA_2010_DHS_malaria,children_6_59_months,malaria_microscopy_positive,ADM2,Taraba,taraba,16.402814871479,8.32864037215878,0.0789797018615007,32.7266500410965,94,1,2010 DHS
Nigeria,2018,DHS,NGA_2018_DHS_malaria,children_6_59_months,malaria_microscopy_positive,ADM2,Taraba,taraba,20.8237962074547,2.97387403013841,14.9951102138244,26.652482201085,230,2,2018 DHS
Nigeria,2021,DHS,NGA_2021_DHS_malaria,children_6_59_months,malaria_microscopy_positive,ADM2,Taraba,taraba,17.8531489219741,4.66353615280681,8.71278602187232,26.993511822076,388,3,2021 DHS
Nigeria,2010,DHS,NGA_2010_DHS_malaria,children_6_59_months,malaria_microscopy_positive,ADM2,Yobe,yobe,38.6693408897291,11.705600319529,15.7267858460316,61.6118959334266,123,1,2010 DHS
Nigeria,2018,DHS,NGA_2018_DHS_malaria,children_6_59_months,malaria_microscopy_positive,ADM2,Yobe,yobe,13.2994212986515,2.96148573902914,7.49501590942545,19.1038266878776,248,2,2018 DHS
Nigeria,2021,DHS,NGA_2021_DHS_malaria,children_6_59_months,malaria_microscopy_positive,ADM2,Yobe,yobe,20.4815966890954,6.91144880654258,6.9354059472796,34.0277874309112,371,3,2021 DHS
Nigeria,2010,DHS,NGA_2010_DHS_malaria,children_6_59_months,malaria_microscopy_positive,ADM2,Zamfara,zamfara,65.922574424723,10.4700869255984,45.4015811355465,86.4435677138996,101,1,2010 DHS
Nigeria,2018,DHS,NGA_2018_DHS_malaria,children_6_59_months,malaria_microscopy_positive,ADM2,Zamfara,zamfara,35.7267761932518,6.15453931940458,23.6641007857831,47.7894516007204,241,2,2018 DHS
Nigeria,2021,DHS,NGA_2021_DHS_malaria,children_6_59_months,malaria_microscopy_positive,ADM2,Zamfara,zamfara,36.604385034291,5.00426009651727,26.7962154758462,46.4125545927358,358,3,2021 DHS
Nigeria,2010,DHS,NGA_2010_DHS_malaria,children_6_59_months,malaria_rdt_positive,ADM2,Abia,abia,49.5160888501757,7.82777735120298,34.1739271628196,64.8582505375319,97,1,2010 DHS
Nigeria,2018,DHS,NGA_2018_DHS_malaria,children_6_59_months,malaria_rdt_positive,ADM2,Abia,abia,20.6683550156822,3.93535413389049,12.955202646846,28.3815073845184,263,2,2018 DHS
Nigeria,2021,DHS,NGA_2021_DHS_malaria,children_6_59_months,malaria_rdt_positive,ADM2,Abia,abia,26.420456803257,8.47882726920222,9.80226072448454,43.0386528820294,231,3,2021 DHS
Nigeria,2010,DHS,NGA_2010_DHS_malaria,children_6_59_months,malaria_rdt_positive,ADM2,Adamawa,adamawa,29.9162231573133,14.6586081477042,1.18587912432777,58.6465671902989,141,1,2010 DHS
Nigeria,2018,DHS,NGA_2018_DHS_malaria,children_6_59_months,malaria_rdt_positive,ADM2,Adamawa,adamawa,38.8631935191109,5.17406288782587,28.7222166052269,49.0041704329949,281,2,2018 DHS
Nigeria,2021,DHS,NGA_2021_DHS_malaria,children_6_59_months,malaria_rdt_positive,ADM2,Adamawa,adamawa,27.9578965006534,5.92341946654766,16.3482076808965,39.5675853204103,260,3,2021 DHS
Nigeria,2010,DHS,NGA_2010_DHS_malaria,children_6_59_months,malaria_rdt_positive,ADM2,Akwa Ibom,akwa ibom,70.9355753338642,6.80489345468958,57.5982292440402,84.2729214236881,205,1,2010 DHS
Nigeria,2018,DHS,NGA_2018_DHS_malaria,children_6_59_months,malaria_rdt_positive,ADM2,Akwa Ibom,akwa ibom,33.2284698439561,3.61245402671167,26.1481900557946,40.3087496321177,233,2,2018 DHS
Nigeria,2021,DHS,NGA_2021_DHS_malaria,children_6_59_months,malaria_rdt_positive,ADM2,Akwa Ibom,akwa ibom,33.5014773841419,7.28312716918227,19.2268104377195,47.7761443305643,156,3,2021 DHS
Nigeria,2010,DHS,NGA_2010_DHS_malaria,children_6_59_months,malaria_rdt_positive,ADM2,Anambra,anambra,14.88916009145,4.14024611439833,6.77442682009741,23.0038933628026,133,1,2010 DHS
Nigeria,2018,DHS,NGA_2018_DHS_malaria,children_6_59_months,malaria_rdt_positive,ADM2,Anambra,anambra,15.1724244935883,2.6407916926985,9.99656788522668,20.3482811019499,395,2,2018 DHS
Nigeria,2021,DHS,NGA_2021_DHS_malaria,children_6_59_months,malaria_rdt_positive,ADM2,Anambra,anambra,20.1623636718537,4.87965929560633,10.5984071956392,29.7263201480682,196,3,2021 DHS
Nigeria,2010,DHS,NGA_2010_DHS_malaria,children_6_59_months,malaria_rdt_positive,ADM2,Bauchi,bauchi,43.1468923660362,8.88100943082621,25.7404337352562,60.5533509968161,253,1,2010 DHS
Nigeria,2018,DHS,NGA_2018_DHS_malaria,children_6_59_months,malaria_rdt_positive,ADM2,Bauchi,bauchi,48.5793545707363,3.95866685374106,40.8205101106113,56.3381990308612,392,2,2018 DHS
Nigeria,2021,DHS,NGA_2021_DHS_malaria,children_6_59_months,malaria_rdt_positive,ADM2,Bauchi,bauchi,59.6393853220091,4.1738861382204,51.4587188155262,67.8200518284921,416,3,2021 DHS
Nigeria,2010,DHS,NGA_2010_DHS_malaria,children_6_59_months,malaria_rdt_positive,ADM2,Bayelsa,bayelsa,22.8515178240709,9.99672378921592,3.25829923381295,42.4447364143289,124,1,2010 DHS
Nigeria,2018,DHS,NGA_2018_DHS_malaria,children_6_59_months,malaria_rdt_positive,ADM2,Bayelsa,bayelsa,30.1100844159152,3.70681990018214,22.8448509143818,37.3753179174485,259,2,2018 DHS
Nigeria,2021,DHS,NGA_2021_DHS_malaria,children_6_59_months,malaria_rdt_positive,ADM2,Bayelsa,bayelsa,27.0737871831754,5.76690008722709,15.7708707097694,38.3767036565814,243,3,2021 DHS
Nigeria,2010,DHS,NGA_2010_DHS_malaria,children_6_59_months,malaria_rdt_positive,ADM2,Benue,benue,45.6115892989347,4.15357566037016,37.470730597547,53.7524480003224,207,1,2010 DHS
Nigeria,2018,DHS,NGA_2018_DHS_malaria,children_6_59_months,malaria_rdt_positive,ADM2,Benue,benue,26.000255451083,3.4504895911505,19.2374201233977,32.7630907787684,339,2,2018 DHS
Nigeria,2021,DHS,NGA_2021_DHS_malaria,children_6_59_months,malaria_rdt_positive,ADM2,Benue,benue,33.9762087046503,5.81079991142831,22.5872501568822,45.3651672524183,320,3,2021 DHS
Nigeria,2010,DHS,NGA_2010_DHS_malaria,children_6_59_months,malaria_rdt_positive,ADM2,Borno,borno,62.0049337211265,12.1474948095147,38.1962813920905,85.8135860501626,146,1,2010 DHS
Nigeria,2018,DHS,NGA_2018_DHS_malaria,children_6_59_months,malaria_rdt_positive,ADM2,Borno,borno,16.1645025091572,2.86829823773457,10.5427412662778,21.7862637520367,330,2,2018 DHS
Nigeria,2021,DHS,NGA_2021_DHS_malaria,children_6_59_months,malaria_rdt_positive,ADM2,Borno,borno,18.6237367566965,4.39094118411163,10.017650177604,27.2298233357889,343,3,2021 DHS
Nigeria,2010,DHS,NGA_2010_DHS_malaria,children_6_59_months,malaria_rdt_positive,ADM2,Cross River,cross river,52.318249088643,7.7690556672958,37.0911797868564,67.5453183904296,121,1,2010 DHS
Nigeria,2018,DHS,NGA_2018_DHS_malaria,children_6_59_months,malaria_rdt_positive,ADM2,Cross River,cross river,26.386753576379,5.7869339804166,15.0445713938514,37.7289357589065,140,2,2018 DHS
Nigeria,2021,DHS,NGA_2021_DHS_malaria,children_6_59_months,malaria_rdt_positive,ADM2,Cross River,cross river,40.5583512004773,8.54547704111373,23.8095239691805,57.3071784317741,237,3,2021 DHS
Nigeria,2010,DHS,NGA_2010_DHS_malaria,children_6_59_months,malaria_rdt_positive,ADM2,Delta,delta,44.1455343703176,11.2028052492271,22.1884395560162,66.102629184619,185,1,2010 DHS
Nigeria,2018,DHS,NGA_2018_DHS_malaria,children_6_59_months,malaria_rdt_positive,ADM2,Delta,delta,24.939146266452,5.22634634906948,14.6956956515434,35.1825968813606,181,2,2018 DHS
Nigeria,2021,DHS,NGA_2021_DHS_malaria,children_6_59_months,malaria_rdt_positive,ADM2,Delta,delta,18.891351411979,4.94398922817182,9.2013105848082,28.5813922391497,349,3,2021 DHS
Nigeria,2010,DHS,NGA_2010_DHS_malaria,children_6_59_months,malaria_rdt_positive,ADM2,Ebonyi,ebonyi,49.9289327481588,3.88388392558467,42.3166601338788,57.5412053624388,117,1,2010 DHS
Nigeria,2018,DHS,NGA_2018_DHS_malaria,children_6_59_months,malaria_rdt_positive,ADM2,Ebonyi,ebonyi,49.3314630283464,3.94785002707786,41.5938191589083,57.0691068977844,444,2,2018 DHS
Nigeria,2021,DHS,NGA_2021_DHS_malaria,children_6_59_months,malaria_rdt_positive,ADM2,Ebonyi,ebonyi,30.1870185145776,5.68566052604765,19.0433286552031,41.330708373952,303,3,2021 DHS
Nigeria,2010,DHS,NGA_2010_DHS_malaria,children_6_59_months,malaria_rdt_positive,ADM2,Edo,edo,48.2637490016968,11.983991583027,24.7755571079327,71.7519408954609,130,1,2010 DHS
Nigeria,2018,DHS,NGA_2018_DHS_malaria,children_6_59_months,malaria_rdt_positive,ADM2,Edo,edo,19.053659391023,4.36042676425378,10.5073799758611,27.5999388061849,146,2,2018 DHS
Nigeria,2021,DHS,NGA_2021_DHS_malaria,children_6_59_months,malaria_rdt_positive,ADM2,Edo,edo,30.20342428668,5.23055539252062,19.9517240981978,40.4551244751622,104,3,2021 DHS
Nigeria,2010,DHS,NGA_2010_DHS_malaria,children_6_59_months,malaria_rdt_positive,ADM2,Ekiti,ekiti,37.6389018477374,10.0547642819991,17.9319259819794,57.3458777134953,64,1,2010 DHS
Nigeria,2018,DHS,NGA_2018_DHS_malaria,children_6_59_months,malaria_rdt_positive,ADM2,Ekiti,ekiti,46.3407626517259,5.02224976786929,36.4973339853375,56.1841913181144,254,2,2018 DHS
Nigeria,2021,DHS,NGA_2021_DHS_malaria,children_6_59_months,malaria_rdt_positive,ADM2,Ekiti,ekiti,36.5224226513981,7.39646268399714,22.0256221777692,51.0192231250269,150,3,2021 DHS
Nigeria,2010,DHS,NGA_2010_DHS_malaria,children_6_59_months,malaria_rdt_positive,ADM2,Enugu,enugu,36.8788332720681,6.01944529129962,25.0809372942117,48.6767292499246,146,1,2010 DHS
Nigeria,2018,DHS,NGA_2018_DHS_malaria,children_6_59_months,malaria_rdt_positive,ADM2,Enugu,enugu,30.1684374572853,5.0372781112748,20.2955537790748,40.0413211354959,243,2,2018 DHS
Nigeria,2021,DHS,NGA_2021_DHS_malaria,children_6_59_months,malaria_rdt_positive,ADM2,Enugu,enugu,30.2174941297335,7.90214340770026,14.7295776499704,45.7054106094967,223,3,2021 DHS
Nigeria,2021,DHS,NGA_2021_DHS_malaria,children_6_59_months,malaria_rdt_positive,ADM2,FCT Abuja,fct abuja,34.5613966058666,5.11412898359658,24.5378879857249,44.5849052260084,243,3,2021 DHS
Nigeria,2010,DHS,NGA_2010_DHS_malaria,children_6_59_months,malaria_rdt_positive,ADM2,FCT Abuja,fct abuja,23.4025531608091,7.28487432563843,9.12446185065726,37.6806444709609,51,1,2010 DHS
Nigeria,2018,DHS,NGA_2018_DHS_malaria,children_6_59_months,malaria_rdt_positive,ADM2,FCT Abuja,fct abuja,31.304180235985,4.68942420715122,22.1130776817383,40.4952827902316,269,2,2018 DHS
Nigeria,2010,DHS,NGA_2010_DHS_malaria,children_6_59_months,malaria_rdt_positive,ADM2,Gombe,gombe,25.9451225070787,6.09087628235219,14.0072243593791,37.8830206547782,149,1,2010 DHS
Nigeria,2018,DHS,NGA_2018_DHS_malaria,children_6_59_months,malaria_rdt_positive,ADM2,Gombe,gombe,51.9691195241283,4.50988562133768,43.1299061319114,60.8083329163452,372,2,2018 DHS
Nigeria,2021,DHS,NGA_2021_DHS_malaria,children_6_59_months,malaria_rdt_positive,ADM2,Gombe,gombe,33.0798232284539,7.96002797525925,17.4784550810145,48.6811913758933,264,3,2021 DHS
Nigeria,2010,DHS,NGA_2010_DHS_malaria,children_6_59_months,malaria_rdt_positive,ADM2,Imo,imo,29.8360340249993,5.52723582869943,19.002850866689,40.6692171833096,142,1,2010 DHS
Nigeria,2018,DHS,NGA_2018_DHS_malaria,children_6_59_months,malaria_rdt_positive,ADM2,Imo,imo,15.6060293836137,3.10257417617291,9.52509573895078,21.6869630282766,319,2,2018 DHS
Nigeria,2021,DHS,NGA_2021_DHS_malaria,children_6_59_months,malaria_rdt_positive,ADM2,Imo,imo,26.1702187113049,4.417129417081,17.5128041387737,34.827633283836,197,3,2021 DHS
Nigeria,2010,DHS,NGA_2010_DHS_malaria,children_6_59_months,malaria_rdt_positive,ADM2,Jigawa,jigawa,45.4563104740918,8.40830827128603,28.976329091461,61.9362918567227,104,1,2010 DHS
Nigeria,2018,DHS,NGA_2018_DHS_malaria,children_6_59_months,malaria_rdt_positive,ADM2,Jigawa,jigawa,49.4023112782542,3.28922829747098,42.9555422782811,55.8490802782274,380,2,2018 DHS
Nigeria,2021,DHS,NGA_2021_DHS_malaria,children_6_59_months,malaria_rdt_positive,ADM2,Jigawa,jigawa,54.5283739270935,5.73994884108445,43.2782809254656,65.7784669287214,398,3,2021 DHS
Nigeria,2010,DHS,NGA_2010_DHS_malaria,children_6_59_months,malaria_rdt_positive,ADM2,Kaduna,kaduna,36.8072863304626,13.3773825265974,10.5880983709163,63.0264742900089,231,1,2010 DHS
Nigeria,2018,DHS,NGA_2018_DHS_malaria,children_6_59_months,malaria_rdt_positive,ADM2,Kaduna,kaduna,34.3150653795494,3.96544526302125,26.5429354813628,42.087195277736,376,2,2018 DHS
Nigeria,2021,DHS,NGA_2021_DHS_malaria,children_6_59_months,malaria_rdt_positive,ADM2,Kaduna,kaduna,32.2864099505895,5.47746531209226,21.5507752123212,43.0220446888578,420,3,2021 DHS
Nigeria,2010,DHS,NGA_2010_DHS_malaria,children_6_59_months,malaria_rdt_positive,ADM2,Kano,kano,35.8728461025883,7.10775493627868,21.9419024165453,49.8037897886313,286,1,2010 DHS
Nigeria,2018,DHS,NGA_2018_DHS_malaria,children_6_59_months,malaria_rdt_positive,ADM2,Kano,kano,43.0370772914887,3.93297696553383,35.3285840870168,50.7455704959607,510,2,2018 DHS
Nigeria,2021,DHS,NGA_2021_DHS_malaria,children_6_59_months,malaria_rdt_positive,ADM2,Kano,kano,54.0345657124141,4.72450652683781,44.7747030750876,63.2944283497407,531,3,2021 DHS
Nigeria,2010,DHS,NGA_2010_DHS_malaria,children_6_59_months,malaria_rdt_positive,ADM2,Katsina,katsina,68.2751404198077,5.57585219763313,57.3466709293283,79.2036099102872,272,1,2010 DHS
Nigeria,2018,DHS,NGA_2018_DHS_malaria,children_6_59_months,malaria_rdt_positive,ADM2,Katsina,katsina,55.4179330380829,4.03883359423804,47.5019646538259,63.33390142234,439,2,2018 DHS
Nigeria,2021,DHS,NGA_2021_DHS_malaria,children_6_59_months,malaria_rdt_positive,ADM2,Katsina,katsina,49.4754135675412,4.87256367733317,39.9253642475901,59.0254628874922,452,3,2021 DHS
Nigeria,2010,DHS,NGA_2010_DHS_malaria,children_6_59_months,malaria_rdt_positive,ADM2,Kebbi,kebbi,71.9685237281652,2.35973041224351,67.3435371069441,76.5935103493863,93,1,2010 DHS
Nigeria,2018,DHS,NGA_2018_DHS_malaria,children_6_59_months,malaria_rdt_positive,ADM2,Kebbi,kebbi,76.8016765454911,3.42412425572185,70.0905163256862,83.5128367652959,318,2,2018 DHS
Nigeria,2021,DHS,NGA_2021_DHS_malaria,children_6_59_months,malaria_rdt_positive,ADM2,Kebbi,kebbi,75.6071995912066,5.56400427843812,64.7019515956412,86.5124475867721,393,3,2021 DHS
Nigeria,2010,DHS,NGA_2010_DHS_malaria,children_6_59_months,malaria_rdt_positive,ADM2,Kogi,kogi,41.1682450859486,6.37094351311538,28.6814252527033,53.6550649191938,124,1,2010 DHS
Nigeria,2018,DHS,NGA_2018_DHS_malaria,children_6_59_months,malaria_rdt_positive,ADM2,Kogi,kogi,45.9866537176892,5.59267246479931,35.0252171093537,56.9480903260247,194,2,2018 DHS
Nigeria,2021,DHS,NGA_2021_DHS_malaria,children_6_59_months,malaria_rdt_positive,ADM2,Kogi,kogi,27.7335217944166,6.72138530373694,14.5598486728754,40.9071949159578,206,3,2021 DHS
Nigeria,2010,DHS,NGA_2010_DHS_malaria,children_6_59_months,malaria_rdt_positive,ADM2,Kwara,kwara,54.1332818329005,7.41768834301017,39.594879832058,68.6716838337431,81,1,2010 DHS
Nigeria,2018,DHS,NGA_2018_DHS_malaria,children_6_59_months,malaria_rdt_positive,ADM2,Kwara,kwara,43.6681115294847,6.99448395275486,29.9591748916419,57.3770481673276,244,2,2018 DHS
Nigeria,2021,DHS,NGA_2021_DHS_malaria,children_6_59_months,malaria_rdt_positive,ADM2,Kwara,kwara,17.6124674182838,6.20420178141548,5.4524553738902,29.7724794626774,170,3,2021 DHS
Nigeria,2010,DHS,NGA_2010_DHS_malaria,children_6_59_months,malaria_rdt_positive,ADM2,Lagos,lagos,27.0355010432486,11.9840643478543,3.54716653304364,50.5238355534535,106,1,2010 DHS
Nigeria,2018,DHS,NGA_2018_DHS_malaria,children_6_59_months,malaria_rdt_positive,ADM2,Lagos,lagos,3.42272739054684,1.06889093272752,1.32773965899946,5.51771512209421,321,2,2018 DHS
Nigeria,2021,DHS,NGA_2021_DHS_malaria,children_6_59_months,malaria_rdt_positive,ADM2,Lagos,lagos,3.24418280755937,2.09170628147291,-0.855486170363726,7.34385178548248,180,3,2021 DHS
Nigeria,2010,DHS,NGA_2010_DHS_malaria,children_6_59_months,malaria_rdt_positive,ADM2,Nasarawa,nasarawa,45.1432159942986,13.5526253706678,18.5805583718259,71.7058736167711,116,1,2010 DHS
Nigeria,2018,DHS,NGA_2018_DHS_malaria,children_6_59_months,malaria_rdt_positive,ADM2,Nasarawa,nasarawa,32.1206088739478,4.71450689414778,22.8803451565524,41.3608725913432,265,2,2018 DHS
Nigeria,2021,DHS,NGA_2021_DHS_malaria,children_6_59_months,malaria_rdt_positive,ADM2,Nasarawa,nasarawa,29.9390005868955,5.46180994831607,19.2340497977934,40.6439513759975,452,3,2021 DHS
Nigeria,2010,DHS,NGA_2010_DHS_malaria,children_6_59_months,malaria_rdt_positive,ADM2,Niger,niger,45.9628091017552,9.60551399327929,27.1363476219323,64.7892705815781,180,1,2010 DHS
Nigeria,2018,DHS,NGA_2018_DHS_malaria,children_6_59_months,malaria_rdt_positive,ADM2,Niger,niger,43.7679733745162,4.03966234558974,35.8503806674577,51.6855660815747,371,2,2018 DHS
Nigeria,2021,DHS,NGA_2021_DHS_malaria,children_6_59_months,malaria_rdt_positive,ADM2,Niger,niger,42.5528228948759,5.60021432306518,31.5766045159628,53.529041273789,375,3,2021 DHS
Nigeria,2010,DHS,NGA_2010_DHS_malaria,children_6_59_months,malaria_rdt_positive,ADM2,Ogun,ogun,78.0893142206201,10.6921249813286,57.1331343390151,99.0454941022251,45,1,2010 DHS
Nigeria,2018,DHS,NGA_2018_DHS_malaria,children_6_59_months,malaria_rdt_positive,ADM2,Ogun,ogun,32.1835441961762,4.84373545964961,22.6899971446234,41.677091247729,278,2,2018 DHS
Nigeria,2021,DHS,NGA_2021_DHS_malaria,children_6_59_months,malaria_rdt_positive,ADM2,Ogun,ogun,35.6011802931324,10.0507584977018,15.902055620327,55.300304965938,173,3,2021 DHS
Nigeria,2010,DHS,NGA_2010_DHS_malaria,children_6_59_months,malaria_rdt_positive,ADM2,Ondo,ondo,65.6410696602201,7.94597179861518,50.0672511127634,81.2148882076768,78,1,2010 DHS
Nigeria,2018,DHS,NGA_2018_DHS_malaria,children_6_59_months,malaria_rdt_positive,ADM2,Ondo,ondo,41.5934732037063,6.32019045089484,29.2061275445184,53.9808188628941,209,2,2018 DHS
Nigeria,2021,DHS,NGA_2021_DHS_malaria,children_6_59_months,malaria_rdt_positive,ADM2,Ondo,ondo,44.8433026339791,5.50448858551208,34.0547032530636,55.6319020148946,210,3,2021 DHS
Nigeria,2010,DHS,NGA_2010_DHS_malaria,children_6_59_months,malaria_rdt_positive,ADM2,Osun,osun,84.9561373275932,5.59176618374113,73.9964769974915,95.9157976576947,61,1,2010 DHS
Nigeria,2018,DHS,NGA_2018_DHS_malaria,children_6_59_months,malaria_rdt_positive,ADM2,Osun,osun,54.9450952405264,4.34549188082134,46.4280876590054,63.4621028220474,251,2,2018 DHS
Nigeria,2021,DHS,NGA_2021_DHS_malaria,children_6_59_months,malaria_rdt_positive,ADM2,Osun,osun,27.5532013443118,4.56538961241663,18.6052021285819,36.5012005600417,149,3,2021 DHS
Nigeria,2010,DHS,NGA_2010_DHS_malaria,children_6_59_months,malaria_rdt_positive,ADM2,Oyo,oyo,53.9499994998055,13.6157132379479,27.2636919296024,80.6363070700086,126,1,2010 DHS
Nigeria,2018,DHS,NGA_2018_DHS_malaria,children_6_59_months,malaria_rdt_positive,ADM2,Oyo,oyo,33.9203759555311,3.85224866551276,26.3701073116336,41.4706445994286,349,2,2018 DHS
Nigeria,2021,DHS,NGA_2021_DHS_malaria,children_6_59_months,malaria_rdt_positive,ADM2,Oyo,oyo,29.5609876569663,5.58768468310899,18.6093269211065,40.512648392826,178,3,2021 DHS
Nigeria,2010,DHS,NGA_2010_DHS_malaria,children_6_59_months,malaria_rdt_positive,ADM2,Plateau,plateau,37.289288647035,16.0472855977966,5.83718682572544,68.7413904683446,123,1,2010 DHS
Nigeria,2018,DHS,NGA_2018_DHS_malaria,children_6_59_months,malaria_rdt_positive,ADM2,Plateau,plateau,37.1938186401421,5.97023873212892,25.4923657460633,48.8952715342209,291,2,2018 DHS
Nigeria,2021,DHS,NGA_2021_DHS_malaria,children_6_59_months,malaria_rdt_positive,ADM2,Plateau,plateau,26.4344279195974,4.25790424127386,18.0890889570803,34.7797668821145,326,3,2021 DHS
Nigeria,2010,DHS,NGA_2010_DHS_malaria,children_6_59_months,malaria_rdt_positive,ADM2,Rivers,rivers,71.2085534784687,4.62287423674113,62.147886469398,80.2692204875394,195,1,2010 DHS
Nigeria,2018,DHS,NGA_2018_DHS_malaria,children_6_59_months,malaria_rdt_positive,ADM2,Rivers,rivers,22.3429259148142,3.8083193554122,14.8787571365795,29.8070946930489,287,2,2018 DHS
Nigeria,2021,DHS,NGA_2021_DHS_malaria,children_6_59_months,malaria_rdt_positive,ADM2,Rivers,rivers,33.840012385649,5.86611517312534,22.3426379171594,45.3373868541386,349,3,2021 DHS
Nigeria,2010,DHS,NGA_2010_DHS_malaria,children_6_59_months,malaria_rdt_positive,ADM2,Sokoto,sokoto,78.6079782667005,6.53450428017203,65.8005852207405,91.4153713126605,168,1,2010 DHS
Nigeria,2018,DHS,NGA_2018_DHS_malaria,children_6_59_months,malaria_rdt_positive,ADM2,Sokoto,sokoto,54.6912861852338,4.66954783929684,45.5391405961252,63.8434317743425,259,2,2018 DHS
Nigeria,2021,DHS,NGA_2021_DHS_malaria,children_6_59_months,malaria_rdt_positive,ADM2,Sokoto,sokoto,40.3234862461083,6.41801538239991,27.7444072443804,52.9025652478362,376,3,2021 DHS
Nigeria,2010,DHS,NGA_2010_DHS_malaria,children_6_59_months,malaria_rdt_positive,ADM2,Taraba,taraba,25.597332693814,11.1121413853827,3.81793578734694,47.376729600281,94,1,2010 DHS
Nigeria,2018,DHS,NGA_2018_DHS_malaria,children_6_59_months,malaria_rdt_positive,ADM2,Taraba,taraba,35.1799035189791,3.54115459402122,28.2393680510089,42.1204389869492,311,2,2018 DHS
Nigeria,2021,DHS,NGA_2021_DHS_malaria,children_6_59_months,malaria_rdt_positive,ADM2,Taraba,taraba,24.524532126708,4.44593693386753,15.8106558587912,33.2384083946248,389,3,2021 DHS
Nigeria,2010,DHS,NGA_2010_DHS_malaria,children_6_59_months,malaria_rdt_positive,ADM2,Yobe,yobe,71.4168843744057,13.6608638307825,44.6420832683661,98.1916854804453,123,1,2010 DHS
Nigeria,2018,DHS,NGA_2018_DHS_malaria,children_6_59_months,malaria_rdt_positive,ADM2,Yobe,yobe,30.3404355269208,3.48568104938352,23.5086262085353,37.1722448453063,337,2,2018 DHS
Nigeria,2021,DHS,NGA_2021_DHS_malaria,children_6_59_months,malaria_rdt_positive,ADM2,Yobe,yobe,62.5115712942298,4.2464499449552,54.1886823399655,70.8344602484941,373,3,2021 DHS
Nigeria,2010,DHS,NGA_2010_DHS_malaria,children_6_59_months,malaria_rdt_positive,ADM2,Zamfara,zamfara,68.5449811217784,13.5719369698605,41.944473460404,95.1454887831527,101,1,2010 DHS
Nigeria,2018,DHS,NGA_2018_DHS_malaria,children_6_59_months,malaria_rdt_positive,ADM2,Zamfara,zamfara,51.7631424499046,5.69445827267756,40.6022093239904,62.9240755758188,323,2,2018 DHS
Nigeria,2021,DHS,NGA_2021_DHS_malaria,children_6_59_months,malaria_rdt_positive,ADM2,Zamfara,zamfara,59.7368967550116,6.40213703264633,47.1889387469347,72.2848547630885,358,3,2021 DHS
DRC,2013,DHS,DRC_2013_DHS_afb,women_first_birth_ever,first_birth_under20,ADM1,Bas-Uele,bas uele,65.773625343946,2.87371034194162,60.1412565717401,71.4059941161519,359,1,2013 DHS
DRC,2024,DHS,DRC_2024_DHS_afb,women_first_birth_ever,first_birth_under20,ADM1,Bas-Uele,bas uele,61.6205361208251,1.29094637057909,59.0903277285174,64.1507445131328,583,2,2024 DHS
DRC,2013,DHS,DRC_2013_DHS_afb,women_first_birth_ever,first_birth_under20,ADM1,Equateur,equateur,63.740877995332,2.07077740071536,59.6822288699304,67.7995271207336,420,1,2013 DHS
DRC,2024,DHS,DRC_2024_DHS_afb,women_first_birth_ever,first_birth_under20,ADM1,Equateur,equateur,58.0827569925556,2.5437691563903,53.0970610610468,63.0684529240644,750,2,2024 DHS
DRC,2013,DHS,DRC_2013_DHS_afb,women_first_birth_ever,first_birth_under20,ADM1,Haut-Katanga,haut katanga,67.7943633064841,5.08812119228616,57.8218290206283,77.76689759234,433,1,2013 DHS
DRC,2024,DHS,DRC_2024_DHS_afb,women_first_birth_ever,first_birth_under20,ADM1,Haut-Katanga,haut katanga,59.6350635201811,2.13025718947143,55.4598361510096,63.8102908893526,805,2,2024 DHS
DRC,2013,DHS,DRC_2013_DHS_afb,women_first_birth_ever,first_birth_under20,ADM1,Haut-Lomami,haut lomami,63.8256474378465,2.74213811188801,58.4511554979114,69.2001393777817,433,1,2013 DHS
DRC,2024,DHS,DRC_2024_DHS_afb,women_first_birth_ever,first_birth_under20,ADM1,Haut-Lomami,haut lomami,54.3451811747126,1.87485501148164,50.6705328759742,58.0198294734511,894,2,2024 DHS
DRC,2013,DHS,DRC_2013_DHS_afb,women_first_birth_ever,first_birth_under20,ADM1,Haut-Uele,haut uele,63.2499199802154,3.05176109581102,57.2685781430053,69.2312618174255,382,1,2013 DHS
DRC,2024,DHS,DRC_2024_DHS_afb,women_first_birth_ever,first_birth_under20,ADM1,Haut-Uele,haut uele,53.6147762265154,3.19276787708718,47.3570661764281,59.8724862766027,534,2,2024 DHS
DRC,2013,DHS,DRC_2013_DHS_afb,women_first_birth_ever,first_birth_under20,ADM1,Ituri,ituri,65.7204778292414,1.76531637855104,62.2605213059627,69.1804343525201,476,1,2013 DHS
DRC,2024,DHS,DRC_2024_DHS_afb,women_first_birth_ever,first_birth_under20,ADM1,Ituri,ituri,64.0685116105876,1.86250402269375,60.4180708050469,67.7189524161283,929,2,2024 DHS
DRC,2013,DHS,DRC_2013_DHS_afb,women_first_birth_ever,first_birth_under20,ADM1,Kasai,kasai,65.4497163035186,1.81022040524488,61.9017495051592,68.9976831018781,606,1,2013 DHS
DRC,2024,DHS,DRC_2024_DHS_afb,women_first_birth_ever,first_birth_under20,ADM1,Kasai,kasai,58.6287740528026,2.53735915706324,53.6556414891158,63.6019066164895,783,2,2024 DHS
DRC,2013,DHS,DRC_2013_DHS_afb,women_first_birth_ever,first_birth_under20,ADM1,Kasai-Central,kasai central,64.4340484442267,3.7322103663063,57.1190505435393,71.7490463449141,560,1,2013 DHS
DRC,2024,DHS,DRC_2024_DHS_afb,women_first_birth_ever,first_birth_under20,ADM1,Kasai-Central,kasai central,61.8588893009207,3.23700349135973,55.5144790400252,68.2032995618162,886,2,2024 DHS
DRC,2013,DHS,DRC_2013_DHS_afb,women_first_birth_ever,first_birth_under20,ADM1,Kasai-Oriental,kasai oriental,68.6750579457065,2.54536994918585,63.6862245179717,73.6638913734413,519,1,2013 DHS
DRC,2024,DHS,DRC_2024_DHS_afb,women_first_birth_ever,first_birth_under20,ADM1,Kasai-Oriental,kasai oriental,64.3767507881355,2.79998341770473,58.8888841321249,69.8646174441462,609,2,2024 DHS
DRC,2013,DHS,DRC_2013_DHS_afb,women_first_birth_ever,first_birth_under20,ADM1,Kinshasa,kinshasa,45.5164306961124,2.27569578759084,41.0561489126649,49.97671247956,1048,1,2013 DHS
DRC,2024,DHS,DRC_2024_DHS_afb,women_first_birth_ever,first_birth_under20,ADM1,Kinshasa,kinshasa,42.3896691097492,2.83457222514842,36.8340096368807,47.9453285826176,848,2,2024 DHS
DRC,2013,DHS,DRC_2013_DHS_afb,women_first_birth_ever,first_birth_under20,ADM1,Kongo Central,kongo central,59.8397010156379,2.83036720269755,54.2922832353273,65.3871187959485,758,1,2013 DHS
DRC,2024,DHS,DRC_2024_DHS_afb,women_first_birth_ever,first_birth_under20,ADM1,Kongo Central,kongo central,49.3835856810608,3.08644059986612,43.334273264901,55.4328980972206,699,2,2024 DHS
DRC,2013,DHS,DRC_2013_DHS_afb,women_first_birth_ever,first_birth_under20,ADM1,Kwango,kwango,43.2068143896923,2.57310437346802,38.1636224892324,48.2500062901521,622,1,2013 DHS
DRC,2024,DHS,DRC_2024_DHS_afb,women_first_birth_ever,first_birth_under20,ADM1,Kwango,kwango,45.8972666174339,2.01669166185803,41.9446235922699,49.8499096425979,694,2,2024 DHS
DRC,2013,DHS,DRC_2013_DHS_afb,women_first_birth_ever,first_birth_under20,ADM1,Kwilu,kwilu,52.1748659482957,2.52128748366242,47.2332332856457,57.1164986109456,738,1,2013 DHS
DRC,2024,DHS,DRC_2024_DHS_afb,women_first_birth_ever,first_birth_under20,ADM1,Kwilu,kwilu,47.2951655890142,2.66766424776994,42.06663974054,52.5236914374884,811,2,2024 DHS
DRC,2013,DHS,DRC_2013_DHS_afb,women_first_birth_ever,first_birth_under20,ADM1,Lomami,lomami,65.4030674907522,3.12943181617401,59.2694938389774,71.5366411425271,569,1,2013 DHS
DRC,2024,DHS,DRC_2024_DHS_afb,women_first_birth_ever,first_birth_under20,ADM1,Lomami,lomami,51.0833691727536,2.98544463933376,45.2320052018213,56.934733143686,696,2,2024 DHS
DRC,2013,DHS,DRC_2013_DHS_afb,women_first_birth_ever,first_birth_under20,ADM1,Lualaba,lualaba,66.4714633964605,4.32938458004411,57.9860255443509,74.95690124857,351,1,2013 DHS
DRC,2024,DHS,DRC_2024_DHS_afb,women_first_birth_ever,first_birth_under20,ADM1,Lualaba,lualaba,64.704040100239,4.24286995866473,56.3881677901691,73.0199124103088,788,2,2024 DHS
DRC,2013,DHS,DRC_2013_DHS_afb,women_first_birth_ever,first_birth_under20,ADM1,Mai-Ndombe,mai ndombe,63.6054296771561,1.65021898597873,60.3710598980336,66.8397994562786,551,1,2013 DHS
DRC,2024,DHS,DRC_2024_DHS_afb,women_first_birth_ever,first_birth_under20,ADM1,Mai-Ndombe,mai ndombe,53.2142247935571,3.69469401640475,45.9727575875081,60.455691999606,605,2,2024 DHS
DRC,2013,DHS,DRC_2013_DHS_afb,women_first_birth_ever,first_birth_under20,ADM1,Maniema,maniema,60.6447718616919,2.60612481911855,55.5368610770036,65.7526826463802,671,1,2013 DHS
DRC,2024,DHS,DRC_2024_DHS_afb,women_first_birth_ever,first_birth_under20,ADM1,Maniema,maniema,68.597021667105,2.23013893513363,64.2260296737225,72.9680136604874,782,2,2024 DHS
DRC,2013,DHS,DRC_2013_DHS_afb,women_first_birth_ever,first_birth_under20,ADM1,Mongala,mongala,70.5071321999654,2.79752936683037,65.0240753952847,75.990189004646,443,1,2013 DHS
DRC,2024,DHS,DRC_2024_DHS_afb,women_first_birth_ever,first_birth_under20,ADM1,Mongala,mongala,70.6792096108695,3.66458622086891,63.4967525997247,77.8616666220143,746,2,2024 DHS
DRC,2013,DHS,DRC_2013_DHS_afb,women_first_birth_ever,first_birth_under20,ADM1,Nord-Kivu,nord kivu,60.8348016006344,2.8308378566506,55.2864613555267,66.3831418457421,802,1,2013 DHS
DRC,2024,DHS,DRC_2024_DHS_afb,women_first_birth_ever,first_birth_under20,ADM1,Nord-Kivu,nord kivu,56.9217116863746,3.24725866181535,50.5572016607308,63.2862217120184,901,2,2024 DHS
DRC,2013,DHS,DRC_2013_DHS_afb,women_first_birth_ever,first_birth_under20,ADM1,Nord-Ubangi,nord ubangi,57.2702040368856,3.13966560705339,51.1165725235619,63.4238355502093,432,1,2013 DHS
DRC,2024,DHS,DRC_2024_DHS_afb,women_first_birth_ever,first_birth_under20,ADM1,Nord-Ubangi,nord ubangi,52.7301923677126,2.7478068054417,47.3445899925728,58.1157947428524,683,2,2024 DHS
DRC,2013,DHS,DRC_2013_DHS_afb,women_first_birth_ever,first_birth_under20,ADM1,Sankuru,sankuru,59.5355145320096,2.85907144838185,53.9318374639544,65.1391916000648,477,1,2013 DHS
DRC,2024,DHS,DRC_2024_DHS_afb,women_first_birth_ever,first_birth_under20,ADM1,Sankuru,sankuru,55.9617678435595,5.10882517841881,45.9486544905473,65.9748811965718,579,2,2024 DHS
DRC,2013,DHS,DRC_2013_DHS_afb,women_first_birth_ever,first_birth_under20,ADM1,Sud-Kivu,sud kivu,63.3551566086515,3.33243762287941,56.8236988870816,69.8866143302214,751,1,2013 DHS
DRC,2024,DHS,DRC_2024_DHS_afb,women_first_birth_ever,first_birth_under20,ADM1,Sud-Kivu,sud kivu,61.5211408670305,5.23626675483786,51.2582466141038,71.7840351199571,858,2,2024 DHS
DRC,2013,DHS,DRC_2013_DHS_afb,women_first_birth_ever,first_birth_under20,ADM1,Sud-Ubangi,sud ubangi,62.2436927337319,1.44715266641533,59.4073256274267,65.080059840037,448,1,2013 DHS
DRC,2024,DHS,DRC_2024_DHS_afb,women_first_birth_ever,first_birth_under20,ADM1,Sud-Ubangi,sud ubangi,62.291595575014,2.74965344301386,56.9023738567403,67.6808172932878,967,2,2024 DHS
DRC,2013,DHS,DRC_2013_DHS_afb,women_first_birth_ever,first_birth_under20,ADM1,Tanganyika,tanganyika,69.5755195208379,2.90375087904093,63.8842723778412,75.2667666638347,458,1,2013 DHS
DRC,2024,DHS,DRC_2024_DHS_afb,women_first_birth_ever,first_birth_under20,ADM1,Tanganyika,tanganyika,60.9431440528517,4.14216057469377,52.8246585082702,69.0616295974332,755,2,2024 DHS
DRC,2013,DHS,DRC_2013_DHS_afb,women_first_birth_ever,first_birth_under20,ADM1,Tshopo,tshopo,64.9168287331072,3.13489242393735,58.7725524867825,71.0611049794318,449,1,2013 DHS
DRC,2024,DHS,DRC_2024_DHS_afb,women_first_birth_ever,first_birth_under20,ADM1,Tshopo,tshopo,64.7343138562536,3.98740387641981,56.9191458666553,72.5494818458518,714,2,2024 DHS
DRC,2013,DHS,DRC_2013_DHS_afb,women_first_birth_ever,first_birth_under20,ADM1,Tshuapa,tshuapa,60.8933478533963,3.4417847162096,54.147573767085,67.6391219397075,426,1,2013 DHS
DRC,2024,DHS,DRC_2024_DHS_afb,women_first_birth_ever,first_birth_under20,ADM1,Tshuapa,tshuapa,59.5518061798434,2.41626581892527,54.8160121976747,64.2876001620121,657,2,2024 DHS
Ethiopia,2011,DHS,ETH_2011_DHS_afb,women_first_birth_ever,first_birth_under20,ADM1,Addis Ababa,addis ababa,46.1374359628375,2.04704276025318,42.1253058779278,50.1495660477471,746,1,2011 DHS
Ethiopia,2016,DHS,ETH_2016_DHS_afb,women_first_birth_ever,first_birth_under20,ADM1,Addis Ababa,addis ababa,37.0528683494003,1.80807237826201,33.5091116065651,40.5966250922355,760,2,2016 DHS
Ethiopia,2019,DHS,ETH_2019_DHS_afb,women_first_birth_ever,first_birth_under20,ADM1,Addis Ababa,addis ababa,37.5933950634143,3.41777651672609,30.8946761834244,44.2921139434041,374,3,2019 DHS
Ethiopia,2024,DHS,ETH_2024_DHS_afb,women_first_birth_ever,first_birth_under20,ADM1,Addis Ababa,addis ababa,25.0636951843531,2.29541094442333,20.5647724035643,29.5626179651419,827,4,2024 DHS
Ethiopia,2011,DHS,ETH_2011_DHS_afb,women_first_birth_ever,first_birth_under20,ADM1,Afar,afar,66.2950100059741,1.95904356495013,62.4553551745269,70.1346648374213,944,1,2011 DHS
Ethiopia,2016,DHS,ETH_2016_DHS_afb,women_first_birth_ever,first_birth_under20,ADM1,Afar,afar,71.0043644584145,2.20307620449998,66.6864144423973,75.3223144744316,835,2,2016 DHS
Ethiopia,2019,DHS,ETH_2019_DHS_afb,women_first_birth_ever,first_birth_under20,ADM1,Afar,afar,66.4502333507736,2.77854447004108,61.0043862600502,71.8960804414971,500,3,2019 DHS
Ethiopia,2024,DHS,ETH_2024_DHS_afb,women_first_birth_ever,first_birth_under20,ADM1,Afar,afar,61.3802036470239,1.58871302406103,58.2663833380945,64.4940239559532,1045,4,2024 DHS
Ethiopia,2011,DHS,ETH_2011_DHS_afb,women_first_birth_ever,first_birth_under20,ADM1,Amhara,amhara,71.2569186068765,1.35836501238397,68.5945721047447,73.9192651090084,1415,1,2011 DHS
Ethiopia,2016,DHS,ETH_2016_DHS_afb,women_first_birth_ever,first_birth_under20,ADM1,Amhara,amhara,68.7529869087139,1.58954800508651,65.6375300670468,71.8684437503809,1160,2,2016 DHS
Ethiopia,2019,DHS,ETH_2019_DHS_afb,women_first_birth_ever,first_birth_under20,ADM1,Amhara,amhara,66.8049915731741,2.5976600357137,61.7136714590962,71.896311687252,643,3,2019 DHS
Ethiopia,2024,DHS,ETH_2024_DHS_afb,women_first_birth_ever,first_birth_under20,ADM1,Amhara,amhara,52.1416547691368,1.93062567343231,48.3576979815811,55.9256115566926,1170,4,2024 DHS
Ethiopia,2011,DHS,ETH_2011_DHS_afb,women_first_birth_ever,first_birth_under20,ADM1,Benishangul,benishangul,71.3587534159974,1.56853259191897,68.284486027259,74.4330208047359,916,1,2011 DHS
Ethiopia,2016,DHS,ETH_2016_DHS_afb,women_first_birth_ever,first_birth_under20,ADM1,Benishangul,benishangul,71.3291527936713,2.06477899185724,67.2822603335962,75.3760452537464,804,2,2016 DHS
Ethiopia,2019,DHS,ETH_2019_DHS_afb,women_first_birth_ever,first_birth_under20,ADM1,Benishangul,benishangul,69.935621951757,3.66489696251898,62.7525558981696,77.1186880053445,523,3,2019 DHS
Ethiopia,2024,DHS,ETH_2024_DHS_afb,women_first_birth_ever,first_birth_under20,ADM1,Benishangul,benishangul,61.2738850342381,2.28702259094507,56.7914031241563,65.7563669443199,821,4,2024 DHS
Ethiopia,2011,DHS,ETH_2011_DHS_afb,women_first_birth_ever,first_birth_under20,ADM1,Dire Dawa,dire dawa,49.898477585878,1.80586602900766,46.3590452081186,53.4379099636374,670,1,2011 DHS
Ethiopia,2016,DHS,ETH_2016_DHS_afb,women_first_birth_ever,first_birth_under20,ADM1,Dire Dawa,dire dawa,59.7202963225478,2.62136713965678,54.5825111385637,64.8580815065319,654,2,2016 DHS
Ethiopia,2019,DHS,ETH_2019_DHS_afb,women_first_birth_ever,first_birth_under20,ADM1,Dire Dawa,dire dawa,54.2418430727403,3.17392126097764,48.0210717114581,60.4626144340224,469,3,2019 DHS
Ethiopia,2024,DHS,ETH_2024_DHS_afb,women_first_birth_ever,first_birth_under20,ADM1,Dire Dawa,dire dawa,48.0384522983764,2.69361349413914,42.7590668615926,53.3178377351602,657,4,2024 DHS
Ethiopia,2011,DHS,ETH_2011_DHS_afb,women_first_birth_ever,first_birth_under20,ADM1,Gambela,gambela,68.9772480021103,1.9909654793961,65.0750273680314,72.8794686361892,832,1,2011 DHS
Ethiopia,2016,DHS,ETH_2016_DHS_afb,women_first_birth_ever,first_birth_under20,ADM1,Gambela,gambela,66.5213933583858,2.28809521374988,62.0368091462375,71.005977570534,756,2,2016 DHS
Ethiopia,2019,DHS,ETH_2019_DHS_afb,women_first_birth_ever,first_birth_under20,ADM1,Gambela,gambela,82.3392428025944,3.00492599377533,76.4496960785866,88.2287895266023,529,3,2019 DHS
Ethiopia,2024,DHS,ETH_2024_DHS_afb,women_first_birth_ever,first_birth_under20,ADM1,Gambela,gambela,62.9912961130608,2.99759386676305,57.1161200939271,68.8664721321946,886,4,2024 DHS
Ethiopia,2011,DHS,ETH_2011_DHS_afb,women_first_birth_ever,first_birth_under20,ADM1,Harari,harari,59.2881454852364,1.83547471057322,55.6906811579788,62.885609812494,695,1,2011 DHS
Ethiopia,2016,DHS,ETH_2016_DHS_afb,women_first_birth_ever,first_birth_under20,ADM1,Harari,harari,57.0568428562968,2.50575833768012,52.1456467604828,61.9680389521108,605,2,2016 DHS
Ethiopia,2019,DHS,ETH_2019_DHS_afb,women_first_birth_ever,first_birth_under20,ADM1,Harari,harari,61.9665589290833,2.8466555280541,56.3872166177054,67.5459012404612,476,3,2019 DHS
Ethiopia,2024,DHS,ETH_2024_DHS_afb,women_first_birth_ever,first_birth_under20,ADM1,Harari,harari,56.2870911264915,2.7774011086032,50.8434849830076,61.7306972699754,698,4,2024 DHS
Ethiopia,2011,DHS,ETH_2011_DHS_afb,women_first_birth_ever,first_birth_under20,ADM1,Oromia,oromia,66.3117741943962,1.78650540809056,62.8102879363527,69.8132604524398,1469,1,2011 DHS
Ethiopia,2016,DHS,ETH_2016_DHS_afb,women_first_birth_ever,first_birth_under20,ADM1,Oromia,oromia,67.2942294782278,1.81818238871452,63.7306574790224,70.8578014774333,1366,2,2016 DHS
Ethiopia,2019,DHS,ETH_2019_DHS_afb,women_first_birth_ever,first_birth_under20,ADM1,Oromia,oromia,72.6297625104553,1.94095847657261,68.8255538008852,76.4339712200253,708,3,2019 DHS
Ethiopia,2024,DHS,ETH_2024_DHS_afb,women_first_birth_ever,first_birth_under20,ADM1,Oromia,oromia,60.3550342679942,1.84062839425611,56.7474689063304,63.9625996296579,1424,4,2024 DHS
Ethiopia,2011,DHS,ETH_2011_DHS_afb,women_first_birth_ever,first_birth_under20,ADM1,SNNPR,snnpr,57.529727975859,1.89362468085588,53.8182918011453,61.2411641505727,1358,1,2011 DHS
Ethiopia,2016,DHS,ETH_2016_DHS_afb,women_first_birth_ever,first_birth_under20,ADM1,SNNPR,snnpr,61.67042070623,1.85982037479041,58.025239753927,65.315601658533,1225,2,2016 DHS
Ethiopia,2019,DHS,ETH_2019_DHS_afb,women_first_birth_ever,first_birth_under20,ADM1,SNNPR,snnpr,68.3227744008265,3.28935131726262,61.8757642864924,74.7697845151606,690,3,2019 DHS
Ethiopia,2024,DHS,ETH_2024_DHS_afb,women_first_birth_ever,first_birth_under20,ADM1,SNNPR,snnpr,48.8461568815253,0.993757663981832,46.8984276507603,50.7938861122904,4145,4,2024 DHS
Ethiopia,2011,DHS,ETH_2011_DHS_afb,women_first_birth_ever,first_birth_under20,ADM1,Somali,somali,58.0885344952754,2.77659844371287,52.6465015460682,63.5305674444826,678,1,2011 DHS
Ethiopia,2016,DHS,ETH_2016_DHS_afb,women_first_birth_ever,first_birth_under20,ADM1,Somali,somali,58.3620293557923,1.84251366581124,54.7507689297794,61.9732897818052,1002,2,2016 DHS
Ethiopia,2019,DHS,ETH_2019_DHS_afb,women_first_birth_ever,first_birth_under20,ADM1,Somali,somali,60.9596262102065,2.24706949359055,56.5554509320103,65.3638014884026,430,3,2019 DHS
Ethiopia,2024,DHS,ETH_2024_DHS_afb,women_first_birth_ever,first_birth_under20,ADM1,Somali,somali,54.8335276967959,2.17667555012206,50.5673220125277,59.099733381064,992,4,2024 DHS
Ethiopia,2011,DHS,ETH_2011_DHS_afb,women_first_birth_ever,first_birth_under20,ADM1,Tigray,tigray,67.2747578343547,1.83508023191611,63.6780666710577,70.8714489976517,1173,1,2011 DHS
Ethiopia,2016,DHS,ETH_2016_DHS_afb,women_first_birth_ever,first_birth_under20,ADM1,Tigray,tigray,65.7053425714865,1.64607144328604,62.479101826666,68.931583316307,1107,2,2016 DHS
Ethiopia,2019,DHS,ETH_2019_DHS_afb,women_first_birth_ever,first_birth_under20,ADM1,Tigray,tigray,61.5878562842299,2.99118560743402,55.7252402225847,67.4504723458752,504,3,2019 DHS
Ethiopia,2024,DHS,ETH_2024_DHS_afb,women_first_birth_ever,first_birth_under20,ADM1,Tigray,tigray,51.8917780822776,1.93459197106156,48.1000474942166,55.6835086703386,1165,4,2024 DHS
Nigeria,2013,DHS,NGA_2013_DHS_afb,women_first_birth_ever,first_birth_under20,ADM1,Abia,abia,32.848425737946,2.23690463705209,28.4641732124733,37.2326782634188,493,1,2013 DHS
Nigeria,2018,DHS,NGA_2018_DHS_afb,women_first_birth_ever,first_birth_under20,ADM1,Abia,abia,23.1636325705011,2.66692498904884,17.9365556424955,28.3907094985067,644,2,2018 DHS
Nigeria,2024,DHS,NGA_2024_DHS_afb,women_first_birth_ever,first_birth_under20,ADM1,Abia,abia,16.3614800072362,1.88520279391471,12.6665504276091,20.0564095868633,470,3,2024 DHS
Nigeria,2013,DHS,NGA_2013_DHS_afb,women_first_birth_ever,first_birth_under20,ADM1,Adamawa,adamawa,67.5626823324008,2.22482142203745,63.2021124731742,71.9232521916274,823,1,2013 DHS
Nigeria,2018,DHS,NGA_2018_DHS_afb,women_first_birth_ever,first_birth_under20,ADM1,Adamawa,adamawa,59.3409364509743,3.67892813087757,52.130369812743,66.5515030892055,797,2,2018 DHS
Nigeria,2024,DHS,NGA_2024_DHS_afb,women_first_birth_ever,first_birth_under20,ADM1,Adamawa,adamawa,59.3711990622395,3.2609334850767,52.9798868755085,65.7625112489705,789,3,2024 DHS
Nigeria,2013,DHS,NGA_2013_DHS_afb,women_first_birth_ever,first_birth_under20,ADM1,Akwa Ibom,akwa ibom,57.9723721916204,2.74007536941872,52.6019231526345,63.3428212306064,608,1,2013 DHS
Nigeria,2018,DHS,NGA_2018_DHS_afb,women_first_birth_ever,first_birth_under20,ADM1,Akwa Ibom,akwa ibom,47.5544830808059,2.48465317141126,42.6846523507666,52.4243138108452,627,2,2018 DHS
Nigeria,2024,DHS,NGA_2024_DHS_afb,women_first_birth_ever,first_birth_under20,ADM1,Akwa Ibom,akwa ibom,46.9427533595541,2.68307489312967,41.6840232011963,52.2014835179119,494,3,2024 DHS
Nigeria,2013,DHS,NGA_2013_DHS_afb,women_first_birth_ever,first_birth_under20,ADM1,Anambra,anambra,37.4740255430799,4.63669210681835,28.3862760063148,46.561775079845,515,1,2013 DHS
Nigeria,2018,DHS,NGA_2018_DHS_afb,women_first_birth_ever,first_birth_under20,ADM1,Anambra,anambra,29.1973234161726,2.04125448655652,25.196538139241,33.1981086931041,817,2,2018 DHS
Nigeria,2024,DHS,NGA_2024_DHS_afb,women_first_birth_ever,first_birth_under20,ADM1,Anambra,anambra,21.4885275349397,1.93910136977492,17.6879586878086,25.2890963820709,643,3,2024 DHS
Nigeria,2013,DHS,NGA_2013_DHS_afb,women_first_birth_ever,first_birth_under20,ADM1,Bauchi,bauchi,80.8068431328952,1.80150796440895,77.2759524047917,84.3377338609989,1001,1,2013 DHS
Nigeria,2018,DHS,NGA_2018_DHS_afb,women_first_birth_ever,first_birth_under20,ADM1,Bauchi,bauchi,81.6433680013244,1.44509878629313,78.8110264260873,84.4757095765615,1077,2,2018 DHS
Nigeria,2024,DHS,NGA_2024_DHS_afb,women_first_birth_ever,first_birth_under20,ADM1,Bauchi,bauchi,65.5409513830954,2.89833823912544,59.8603128193943,71.2215899467964,884,3,2024 DHS
Nigeria,2013,DHS,NGA_2013_DHS_afb,women_first_birth_ever,first_birth_under20,ADM1,Bayelsa,bayelsa,69.0593860272512,2.15560975244965,64.8344685477266,73.2843035067758,816,1,2013 DHS
Nigeria,2018,DHS,NGA_2018_DHS_afb,women_first_birth_ever,first_birth_under20,ADM1,Bayelsa,bayelsa,53.3562436869342,2.99743567833787,47.4813777114166,59.2311096624519,556,2,2018 DHS
Nigeria,2024,DHS,NGA_2024_DHS_afb,women_first_birth_ever,first_birth_under20,ADM1,Bayelsa,bayelsa,48.087378554831,4.03736483987943,40.174288876219,56.000468233443,513,3,2024 DHS
Nigeria,2013,DHS,NGA_2013_DHS_afb,women_first_birth_ever,first_birth_under20,ADM1,Benue,benue,70.4748898833508,2.61136705905719,65.3567044971845,75.5930752695172,580,1,2013 DHS
Nigeria,2018,DHS,NGA_2018_DHS_afb,women_first_birth_ever,first_birth_under20,ADM1,Benue,benue,55.2878568831835,2.08689312130066,51.1976215258498,59.3780922405172,901,2,2018 DHS
Nigeria,2024,DHS,NGA_2024_DHS_afb,women_first_birth_ever,first_birth_under20,ADM1,Benue,benue,48.9766108550982,2.61578059120794,43.8497751048717,54.1034466053246,631,3,2024 DHS
Nigeria,2013,DHS,NGA_2013_DHS_afb,women_first_birth_ever,first_birth_under20,ADM1,Borno,borno,62.5303620146399,2.23953684188562,58.1409504624935,66.9197735667863,537,1,2013 DHS
Nigeria,2018,DHS,NGA_2018_DHS_afb,women_first_birth_ever,first_birth_under20,ADM1,Borno,borno,66.3496365455496,1.94819081059386,62.5312527217738,70.1680203693255,874,2,2018 DHS
Nigeria,2024,DHS,NGA_2024_DHS_afb,women_first_birth_ever,first_birth_under20,ADM1,Borno,borno,52.5796871719947,2.82183028044888,47.0490014518303,58.1103728921591,671,3,2024 DHS
Nigeria,2013,DHS,NGA_2013_DHS_afb,women_first_birth_ever,first_birth_under20,ADM1,Cross River,cross river,51.1484623021708,3.78364659197502,43.7326512516721,58.5642733526696,533,1,2013 DHS
Nigeria,2018,DHS,NGA_2018_DHS_afb,women_first_birth_ever,first_birth_under20,ADM1,Cross River,cross river,51.6381867614969,3.39343314508685,44.9871800131822,58.2891935098116,545,2,2018 DHS
Nigeria,2024,DHS,NGA_2024_DHS_afb,women_first_birth_ever,first_birth_under20,ADM1,Cross River,cross river,35.7698324130615,2.35962881315547,31.1450449223938,40.3946199037292,549,3,2024 DHS
Nigeria,2013,DHS,NGA_2013_DHS_afb,women_first_birth_ever,first_birth_under20,ADM1,Delta,delta,48.1590195319025,4.37047957467115,39.5930369703791,56.7250020934259,677,1,2013 DHS
Nigeria,2018,DHS,NGA_2018_DHS_afb,women_first_birth_ever,first_birth_under20,ADM1,Delta,delta,36.277131909141,3.73652232101036,28.9536827325307,43.6005810857513,553,2,2018 DHS
Nigeria,2024,DHS,NGA_2024_DHS_afb,women_first_birth_ever,first_birth_under20,ADM1,Delta,delta,31.4426847121348,2.74206402170449,26.0683379862909,36.8170314379786,613,3,2024 DHS
Nigeria,2013,DHS,NGA_2013_DHS_afb,women_first_birth_ever,first_birth_under20,ADM1,Ebonyi,ebonyi,50.4908031718049,2.73065347302613,45.1388207104145,55.8427856331954,661,1,2013 DHS
Nigeria,2018,DHS,NGA_2018_DHS_afb,women_first_birth_ever,first_birth_under20,ADM1,Ebonyi,ebonyi,41.5453510014706,2.85731123191795,35.9451238942897,47.1455781086516,893,2,2018 DHS
Nigeria,2024,DHS,NGA_2024_DHS_afb,women_first_birth_ever,first_birth_under20,ADM1,Ebonyi,ebonyi,39.1251889268816,2.52816123651515,34.1700839562016,44.0802938975615,840,3,2024 DHS
Nigeria,2013,DHS,NGA_2013_DHS_afb,women_first_birth_ever,first_birth_under20,ADM1,Edo,edo,40.7617266312301,3.65025604821557,33.6073562423781,47.9160970200822,606,1,2013 DHS
Nigeria,2018,DHS,NGA_2018_DHS_afb,women_first_birth_ever,first_birth_under20,ADM1,Edo,edo,30.1504807855938,2.51590214886239,25.2194031851966,35.081558385991,479,2,2018 DHS
Nigeria,2024,DHS,NGA_2024_DHS_afb,women_first_birth_ever,first_birth_under20,ADM1,Edo,edo,23.0743037415571,2.47780882497618,18.2178876840283,27.930719799086,541,3,2024 DHS
Nigeria,2013,DHS,NGA_2013_DHS_afb,women_first_birth_ever,first_birth_under20,ADM1,Ekiti,ekiti,34.0570517720379,2.47328966065207,29.2094931138246,38.9046104302513,557,1,2013 DHS
Nigeria,2018,DHS,NGA_2018_DHS_afb,women_first_birth_ever,first_birth_under20,ADM1,Ekiti,ekiti,39.1859489181556,2.61224008258338,34.0660524373203,44.305845398991,567,2,2018 DHS
Nigeria,2024,DHS,NGA_2024_DHS_afb,women_first_birth_ever,first_birth_under20,ADM1,Ekiti,ekiti,31.1305013179017,3.0405554268265,25.171122188324,37.0898804474795,369,3,2024 DHS
Nigeria,2013,DHS,NGA_2013_DHS_afb,women_first_birth_ever,first_birth_under20,ADM1,Enugu,enugu,41.1649790838561,2.32876131786411,36.6006907722524,45.7292673954598,536,1,2013 DHS
Nigeria,2018,DHS,NGA_2018_DHS_afb,women_first_birth_ever,first_birth_under20,ADM1,Enugu,enugu,35.8822088578771,2.72630536704984,30.5387485276012,41.2256691881531,614,2,2018 DHS
Nigeria,2024,DHS,NGA_2024_DHS_afb,women_first_birth_ever,first_birth_under20,ADM1,Enugu,enugu,30.7432961551665,2.61695791728996,25.6141528882212,35.8724394221118,485,3,2024 DHS
Nigeria,2013,DHS,NGA_2013_DHS_afb,women_first_birth_ever,first_birth_under20,ADM1,FCT Abuja,fct abuja,41.8890376473894,3.11097865471193,35.7916315274811,47.9864437672977,452,1,2013 DHS
Nigeria,2018,DHS,NGA_2018_DHS_afb,women_first_birth_ever,first_birth_under20,ADM1,FCT Abuja,fct abuja,47.5405462261531,3.71606554200354,40.2571915996359,54.8239008526704,796,2,2018 DHS
Nigeria,2024,DHS,NGA_2024_DHS_afb,women_first_birth_ever,first_birth_under20,ADM1,FCT Abuja,fct abuja,31.3905349622657,2.99184462774306,25.5266272445497,37.2544426799818,520,3,2024 DHS
Nigeria,2013,DHS,NGA_2013_DHS_afb,women_first_birth_ever,first_birth_under20,ADM1,Gombe,gombe,74.6739018562027,1.97267365052566,70.8075325479212,78.5402711644841,855,1,2013 DHS
Nigeria,2018,DHS,NGA_2018_DHS_afb,women_first_birth_ever,first_birth_under20,ADM1,Gombe,gombe,76.9284541144339,2.90207779566545,71.2404861545962,82.6164220742715,1037,2,2018 DHS
Nigeria,2024,DHS,NGA_2024_DHS_afb,women_first_birth_ever,first_birth_under20,ADM1,Gombe,gombe,68.308569730378,3.46256153777854,61.5220738220784,75.0950656386775,806,3,2024 DHS
Nigeria,2013,DHS,NGA_2013_DHS_afb,women_first_birth_ever,first_birth_under20,ADM1,Imo,imo,30.0455055872582,4.06752135282787,22.0733102293679,38.0177009451484,416,1,2013 DHS
Nigeria,2018,DHS,NGA_2018_DHS_afb,women_first_birth_ever,first_birth_under20,ADM1,Imo,imo,22.4439523249111,2.56508480728409,17.4164784853434,27.4714261644788,649,2,2018 DHS
Nigeria,2024,DHS,NGA_2024_DHS_afb,women_first_birth_ever,first_birth_under20,ADM1,Imo,imo,17.9399905997753,1.81312064661607,14.3863394327818,21.4936417667688,653,3,2024 DHS
Nigeria,2013,DHS,NGA_2013_DHS_afb,women_first_birth_ever,first_birth_under20,ADM1,Jigawa,jigawa,79.4215990638065,2.20487633830818,75.1001208503579,83.7430772772551,1037,1,2013 DHS
Nigeria,2018,DHS,NGA_2018_DHS_afb,women_first_birth_ever,first_birth_under20,ADM1,Jigawa,jigawa,82.1019512005115,1.60183886850362,78.962404709208,85.241497691815,1106,2,2018 DHS
Nigeria,2024,DHS,NGA_2024_DHS_afb,women_first_birth_ever,first_birth_under20,ADM1,Jigawa,jigawa,67.8365552671209,1.8890775033933,64.1340313964652,71.5390791377766,955,3,2024 DHS
Nigeria,2013,DHS,NGA_2013_DHS_afb,women_first_birth_ever,first_birth_under20,ADM1,Kaduna,kaduna,67.1886831772009,2.68786958988021,61.9205555858953,72.4568107685066,900,1,2013 DHS
Nigeria,2018,DHS,NGA_2018_DHS_afb,women_first_birth_ever,first_birth_under20,ADM1,Kaduna,kaduna,67.7859463447061,2.85892808900085,62.1825502558745,73.3893424335377,1202,2,2018 DHS
Nigeria,2024,DHS,NGA_2024_DHS_afb,women_first_birth_ever,first_birth_under20,ADM1,Kaduna,kaduna,67.5076666062421,3.13485200221493,61.3634695850375,73.6518636274466,1080,3,2024 DHS
Nigeria,2013,DHS,NGA_2013_DHS_afb,women_first_birth_ever,first_birth_under20,ADM1,Kano,kano,74.3217252725329,1.61138273473687,71.163473147139,77.4799773979269,1677,1,2013 DHS
Nigeria,2018,DHS,NGA_2018_DHS_afb,women_first_birth_ever,first_birth_under20,ADM1,Kano,kano,76.4774775204646,1.94865253044632,72.658188742407,80.2967662985222,1494,2,2018 DHS
Nigeria,2024,DHS,NGA_2024_DHS_afb,women_first_birth_ever,first_birth_under20,ADM1,Kano,kano,60.6434017302923,2.2846408570308,56.1655879329032,65.1212155276814,1210,3,2024 DHS
Nigeria,2013,DHS,NGA_2013_DHS_afb,women_first_birth_ever,first_birth_under20,ADM1,Katsina,katsina,82.7227627958243,1.3006782378582,80.1734802941473,85.2720452975014,1111,1,2013 DHS
Nigeria,2018,DHS,NGA_2018_DHS_afb,women_first_birth_ever,first_birth_under20,ADM1,Katsina,katsina,80.9219016984417,1.62797545165684,77.7311284454789,84.1126749514044,1106,2,2018 DHS
Nigeria,2024,DHS,NGA_2024_DHS_afb,women_first_birth_ever,first_birth_under20,ADM1,Katsina,katsina,67.0829037441109,1.89159730922139,63.3754411447841,70.7903663434377,914,3,2024 DHS
Nigeria,2013,DHS,NGA_2013_DHS_afb,women_first_birth_ever,first_birth_under20,ADM1,Kebbi,kebbi,74.1945209311237,1.62667559989779,71.0062953407939,77.3827465214534,953,1,2013 DHS
Nigeria,2018,DHS,NGA_2018_DHS_afb,women_first_birth_ever,first_birth_under20,ADM1,Kebbi,kebbi,79.4835148551962,1.24600538322794,77.0413891795264,81.9256405308659,1041,2,2018 DHS
Nigeria,2024,DHS,NGA_2024_DHS_afb,women_first_birth_ever,first_birth_under20,ADM1,Kebbi,kebbi,62.1448273478049,1.92662825437621,58.3687053576303,65.9209493379796,1008,3,2024 DHS
Nigeria,2013,DHS,NGA_2013_DHS_afb,women_first_birth_ever,first_birth_under20,ADM1,Kogi,kogi,50.1258087964843,3.67673523586669,42.9195401534962,57.3320774394724,537,1,2013 DHS
Nigeria,2018,DHS,NGA_2018_DHS_afb,women_first_birth_ever,first_birth_under20,ADM1,Kogi,kogi,56.6677578925552,2.96702952928786,50.8524868740841,62.4830289110262,649,2,2018 DHS
Nigeria,2024,DHS,NGA_2024_DHS_afb,women_first_birth_ever,first_birth_under20,ADM1,Kogi,kogi,46.7375005964548,3.72107477638135,39.4443280509669,54.0306731419427,699,3,2024 DHS
Nigeria,2013,DHS,NGA_2013_DHS_afb,women_first_birth_ever,first_birth_under20,ADM1,Kwara,kwara,31.4528693171465,4.11044411176294,23.3965468976264,39.5091917366666,644,1,2013 DHS
Nigeria,2018,DHS,NGA_2018_DHS_afb,women_first_birth_ever,first_birth_under20,ADM1,Kwara,kwara,43.0766774380698,4.10796829584312,35.0252075285849,51.1281473475547,642,2,2018 DHS
Nigeria,2024,DHS,NGA_2024_DHS_afb,women_first_birth_ever,first_birth_under20,ADM1,Kwara,kwara,32.9379725141752,2.7229067431853,27.6011733642708,38.2747716640797,664,3,2024 DHS
Nigeria,2013,DHS,NGA_2013_DHS_afb,women_first_birth_ever,first_birth_under20,ADM1,Lagos,lagos,23.7567720746734,2.3174441485722,19.2146650072888,28.298879142058,976,1,2013 DHS
Nigeria,2018,DHS,NGA_2018_DHS_afb,women_first_birth_ever,first_birth_under20,ADM1,Lagos,lagos,24.7204723982225,4.03066995955876,16.8205044439198,32.6204403525252,947,2,2018 DHS
Nigeria,2024,DHS,NGA_2024_DHS_afb,women_first_birth_ever,first_birth_under20,ADM1,Lagos,lagos,15.2429162427151,2.10102074248446,11.124991256674,19.3608412287563,631,3,2024 DHS
Nigeria,2013,DHS,NGA_2013_DHS_afb,women_first_birth_ever,first_birth_under20,ADM1,Nasarawa,nasarawa,52.8736989177219,2.25642664701715,48.4511839558118,57.296213879632,604,1,2013 DHS
Nigeria,2018,DHS,NGA_2018_DHS_afb,women_first_birth_ever,first_birth_under20,ADM1,Nasarawa,nasarawa,55.4018186038829,3.96598278987391,47.6286351724243,63.1750020353414,750,2,2018 DHS
Nigeria,2024,DHS,NGA_2024_DHS_afb,women_first_birth_ever,first_birth_under20,ADM1,Nasarawa,nasarawa,49.561481420137,3.14692756943046,43.3936167220972,55.7293461181769,750,3,2024 DHS
Nigeria,2013,DHS,NGA_2013_DHS_afb,women_first_birth_ever,first_birth_under20,ADM1,Niger,niger,61.9749901199304,3.34077803129892,55.4271854982419,68.5227947416189,773,1,2013 DHS
Nigeria,2018,DHS,NGA_2018_DHS_afb,women_first_birth_ever,first_birth_under20,ADM1,Niger,niger,62.695349452667,2.04594340634517,58.6853740618233,66.7053248435107,974,2,2018 DHS
Nigeria,2024,DHS,NGA_2024_DHS_afb,women_first_birth_ever,first_birth_under20,ADM1,Niger,niger,51.0756518991223,2.38020985864239,46.410526300536,55.7407774977085,935,3,2024 DHS
Nigeria,2013,DHS,NGA_2013_DHS_afb,women_first_birth_ever,first_birth_under20,ADM1,Ogun,ogun,41.4046543998382,3.90925716869625,33.7426511428885,49.0666576567878,529,1,2013 DHS
Nigeria,2018,DHS,NGA_2018_DHS_afb,women_first_birth_ever,first_birth_under20,ADM1,Ogun,ogun,31.0002697739041,2.94011481712262,25.2377506219312,36.762788925877,595,2,2018 DHS
Nigeria,2024,DHS,NGA_2024_DHS_afb,women_first_birth_ever,first_birth_under20,ADM1,Ogun,ogun,24.3711037599809,2.19918290210688,20.0607844764351,28.6814230435267,670,3,2024 DHS
Nigeria,2013,DHS,NGA_2013_DHS_afb,women_first_birth_ever,first_birth_under20,ADM1,Ondo,ondo,39.5973821168862,4.16128993117605,31.441403722552,47.7533605112204,623,1,2013 DHS
Nigeria,2018,DHS,NGA_2018_DHS_afb,women_first_birth_ever,first_birth_under20,ADM1,Ondo,ondo,38.4034145305642,2.78156669061464,32.9516439963632,43.8551850647651,620,2,2018 DHS
Nigeria,2024,DHS,NGA_2024_DHS_afb,women_first_birth_ever,first_birth_under20,ADM1,Ondo,ondo,30.9351878379297,2.71274876559957,25.6182979582491,36.2520777176104,483,3,2024 DHS
Nigeria,2013,DHS,NGA_2013_DHS_afb,women_first_birth_ever,first_birth_under20,ADM1,Osun,osun,26.014349427472,1.99468891176692,22.1048310000475,29.9238678548966,627,1,2013 DHS
Nigeria,2018,DHS,NGA_2018_DHS_afb,women_first_birth_ever,first_birth_under20,ADM1,Osun,osun,32.2942647477196,2.68718923319945,27.0274706310048,37.5610588644343,566,2,2018 DHS
Nigeria,2024,DHS,NGA_2024_DHS_afb,women_first_birth_ever,first_birth_under20,ADM1,Osun,osun,22.1231382540344,2.20243557331481,17.8064438520675,26.4398326560012,434,3,2024 DHS
Nigeria,2013,DHS,NGA_2013_DHS_afb,women_first_birth_ever,first_birth_under20,ADM1,Oyo,oyo,43.7779970383886,3.02964304591039,37.840005782392,49.7159882943852,672,1,2013 DHS
Nigeria,2018,DHS,NGA_2018_DHS_afb,women_first_birth_ever,first_birth_under20,ADM1,Oyo,oyo,35.153805348529,3.73278678879107,27.8376776805316,42.4699330165264,688,2,2018 DHS
Nigeria,2024,DHS,NGA_2024_DHS_afb,women_first_birth_ever,first_birth_under20,ADM1,Oyo,oyo,24.2277991454072,1.71504071531363,20.8663811113727,27.5892171794418,745,3,2024 DHS
Nigeria,2013,DHS,NGA_2013_DHS_afb,women_first_birth_ever,first_birth_under20,ADM1,Plateau,plateau,42.0328606404769,2.45153223052105,37.2279457617165,46.8377755192373,600,1,2013 DHS
Nigeria,2018,DHS,NGA_2018_DHS_afb,women_first_birth_ever,first_birth_under20,ADM1,Plateau,plateau,52.5876426749285,3.03837358725515,46.6325398723306,58.5427454775263,740,2,2018 DHS
Nigeria,2024,DHS,NGA_2024_DHS_afb,women_first_birth_ever,first_birth_under20,ADM1,Plateau,plateau,50.3882793781595,2.91604232291126,44.6729414478589,56.1036173084601,876,3,2024 DHS
Nigeria,2013,DHS,NGA_2013_DHS_afb,women_first_birth_ever,first_birth_under20,ADM1,Rivers,rivers,44.9278224974209,4.63075017992544,35.8517189233647,54.0039260714772,590,1,2013 DHS
Nigeria,2018,DHS,NGA_2018_DHS_afb,women_first_birth_ever,first_birth_under20,ADM1,Rivers,rivers,33.4863211170546,2.45393310776832,28.6767006053582,38.2959416287509,741,2,2018 DHS
Nigeria,2024,DHS,NGA_2024_DHS_afb,women_first_birth_ever,first_birth_under20,ADM1,Rivers,rivers,33.2904245224169,2.34918992980027,28.6860968671642,37.8947521776697,720,3,2024 DHS
Nigeria,2013,DHS,NGA_2013_DHS_afb,women_first_birth_ever,first_birth_under20,ADM1,Sokoto,sokoto,83.2619020970798,1.4792706415623,80.3625849162302,86.1612192779294,1057,1,2013 DHS
Nigeria,2018,DHS,NGA_2018_DHS_afb,women_first_birth_ever,first_birth_under20,ADM1,Sokoto,sokoto,75.79265301028,1.57220432800149,72.7111891510591,78.8741168695009,834,2,2018 DHS
Nigeria,2024,DHS,NGA_2024_DHS_afb,women_first_birth_ever,first_birth_under20,ADM1,Sokoto,sokoto,58.7574012522508,2.35116652032845,54.1491995507507,63.3656029537509,1002,3,2024 DHS
Nigeria,2013,DHS,NGA_2013_DHS_afb,women_first_birth_ever,first_birth_under20,ADM1,Taraba,taraba,68.510527263847,2.63701918182607,63.3420646409266,73.6789898867674,1039,1,2013 DHS
Nigeria,2018,DHS,NGA_2018_DHS_afb,women_first_birth_ever,first_birth_under20,ADM1,Taraba,taraba,68.3516801557905,2.59375649497909,63.2680108409646,73.4353494706163,931,2,2018 DHS
Nigeria,2024,DHS,NGA_2024_DHS_afb,women_first_birth_ever,first_birth_under20,ADM1,Taraba,taraba,55.8558913188499,3.46687794588579,49.0609354061176,62.6508472315823,636,3,2024 DHS
Nigeria,2013,DHS,NGA_2013_DHS_afb,women_first_birth_ever,first_birth_under20,ADM1,Yobe,yobe,68.5513536264625,2.73460921157911,63.191618059976,73.911089192949,841,1,2013 DHS
Nigeria,2018,DHS,NGA_2018_DHS_afb,women_first_birth_ever,first_birth_under20,ADM1,Yobe,yobe,75.8927226158394,1.42124371569169,73.1071361198298,78.678309111849,978,2,2018 DHS
Nigeria,2024,DHS,NGA_2024_DHS_afb,women_first_birth_ever,first_birth_under20,ADM1,Yobe,yobe,65.5622488081923,3.86912381218886,57.9789054845759,73.1455921318088,837,3,2024 DHS
Nigeria,2013,DHS,NGA_2013_DHS_afb,women_first_birth_ever,first_birth_under20,ADM1,Zamfara,zamfara,76.761219462819,1.81237137339881,73.209036844346,80.3134020812921,995,1,2013 DHS
Nigeria,2018,DHS,NGA_2018_DHS_afb,women_first_birth_ever,first_birth_under20,ADM1,Zamfara,zamfara,76.5328998782957,2.58667096063448,71.4631179555965,81.6026818009949,962,2,2018 DHS
Nigeria,2024,DHS,NGA_2024_DHS_afb,women_first_birth_ever,first_birth_under20,ADM1,Zamfara,zamfara,69.2262039165461,2.5191189241842,64.2888215523717,74.1635862807204,677,3,2024 DHS
