country,admin_name,indicator,label,direction,latest_year,prev,se,ci_l,ci_u,prevalence_rank,n_units,rank_band,prov_avg,prov_min,prov_max,gap_worse,pos_worse
DRC,Kinshasa,anc4plus,ANC4+,beneficial,2024,69.19981,3.091446,63.140688,75.258932,1,26,Best fifth,40.6052685384615,14.184444,69.19981,-28.5945414615385,0
DRC,Mai-Ndombe,anc4plus,ANC4+,beneficial,2024,62.428795,6.458511,49.770346,75.087243,2,26,Best fifth,40.6052685384615,14.184444,69.19981,-21.8235264615385,0.123074978725035
DRC,Sud-Kivu,anc4plus,ANC4+,beneficial,2024,61.335376,4.700957,52.121669,70.549083,3,26,Best fifth,40.6052685384615,14.184444,69.19981,-20.7301074615385,0.142949771523832
DRC,Lualaba,anc4plus,ANC4+,beneficial,2024,56.845866,5.262666,46.531231,67.160501,4,26,Best fifth,40.6052685384615,14.184444,69.19981,-16.2405974615385,0.224554427212208
DRC,Nord-Kivu,anc4plus,ANC4+,beneficial,2024,50.668947,4.186123,42.464298,58.873597,5,26,Best fifth,40.6052685384615,14.184444,69.19981,-10.0636784615385,0.336830677451096
DRC,Kwilu,anc4plus,ANC4+,beneficial,2024,49.32902,5.448985,38.649206,60.008835,6,26,Best fifth,40.6052685384615,14.184444,69.19981,-8.72375146153846,0.361186182056846
DRC,Tshopo,anc4plus,ANC4+,beneficial,2024,49.27738,6.417624,36.699069,61.855692,7,26,Better half,40.6052685384615,14.184444,69.19981,-8.67211146153846,0.362124828906891
DRC,Equateur,anc4plus,ANC4+,beneficial,2024,48.688968,6.481857,35.984762,61.393173,8,26,Better half,40.6052685384615,14.184444,69.19981,-8.08369946153847,0.372820240803269
DRC,Haut-Katanga,anc4plus,ANC4+,beneficial,2024,47.965755,5.195718,37.782334,58.149176,9,26,Better half,40.6052685384615,14.184444,69.19981,-7.36048646153846,0.385965895419109
DRC,Kongo Central,anc4plus,ANC4+,beneficial,2024,46.591919,4.509343,37.75377,55.430069,10,26,Better half,40.6052685384615,14.184444,69.19981,-5.98665046153846,0.410937755099185
DRC,Mongala,anc4plus,ANC4+,beneficial,2024,45.638067,4.217576,37.37177,53.904364,11,26,Better half,40.6052685384615,14.184444,69.19981,-5.03279846153846,0.428275674836009
DRC,Kasai-Central,anc4plus,ANC4+,beneficial,2024,43.295979,3.506245,36.423865,50.168093,12,26,Better half,40.6052685384615,14.184444,69.19981,-2.69071046153847,0.470847199307917
DRC,Nord-Ubangi,anc4plus,ANC4+,beneficial,2024,40.777702,7.316276,26.438065,55.117339,13,26,Better half,40.6052685384615,14.184444,69.19981,-0.172433461538461,0.516621265411558
DRC,Sud-Ubangi,anc4plus,ANC4+,beneficial,2024,39.788027,3.739306,32.459123,47.116932,14,26,Worse half,40.6052685384615,14.184444,69.19981,0.817241538461538,0.534610330502936
DRC,Ituri,anc4plus,ANC4+,beneficial,2024,39.702706,2.839788,34.136825,45.268588,15,26,Worse half,40.6052685384615,14.184444,69.19981,0.902562538461538,0.536161188130603
DRC,Kasai-Oriental,anc4plus,ANC4+,beneficial,2024,34.698145,4.545622,25.788889,43.607401,16,26,Worse half,40.6052685384615,14.184444,69.19981,5.90712353846154,0.627127791897267
DRC,Haut-Lomami,anc4plus,ANC4+,beneficial,2024,34.381983,3.229135,28.052995,40.71097,17,26,Worse half,40.6052685384615,14.184444,69.19981,6.22328553846154,0.632874586347385
DRC,Lomami,anc4plus,ANC4+,beneficial,2024,31.705168,3.928071,24.00629,39.404045,18,26,Worse half,40.6052685384615,14.184444,69.19981,8.90010053846154,0.681530356446234
DRC,Haut-Uele,anc4plus,ANC4+,beneficial,2024,30.473965,3.870326,22.888267,38.059664,19,26,Worse half,40.6052685384615,14.184444,69.19981,10.1313035384615,0.703909613179707
DRC,Maniema,anc4plus,ANC4+,beneficial,2024,29.817499,3.012601,23.91291,35.722089,20,26,Worse half,40.6052685384615,14.184444,69.19981,10.7877695384615,0.715842024935361
DRC,Kwango,anc4plus,ANC4+,beneficial,2024,28.543366,5.002835,18.737989,38.348742,21,26,Worst fifth,40.6052685384615,14.184444,69.19981,12.0619025384615,0.739001609114079
DRC,Kasai,anc4plus,ANC4+,beneficial,2024,26.604883,6.801005,13.275159,39.934608,22,26,Worst fifth,40.6052685384615,14.184444,69.19981,14.0003855384615,0.774236910466069
DRC,Tanganyika,anc4plus,ANC4+,beneficial,2024,25.468926,3.371451,18.861004,32.076849,23,26,Worst fifth,40.6052685384615,14.184444,69.19981,15.1363425384615,0.794884905428058
DRC,Bas-Uele,anc4plus,ANC4+,beneficial,2024,24.25363,5.929883,12.631273,35.875987,24,26,Worst fifth,40.6052685384615,14.184444,69.19981,16.3516385384615,0.816975024759446
DRC,Tshuapa,anc4plus,ANC4+,beneficial,2024,24.070656,4.118437,15.998668,32.142643,25,26,Worst fifth,40.6052685384615,14.184444,69.19981,16.5346125384615,0.820300895571612
DRC,Sankuru,anc4plus,ANC4+,beneficial,2024,14.184444,3.601164,7.126292,21.242595,26,26,Worst fifth,40.6052685384615,14.184444,69.19981,26.4208245384615,1
DRC,Haut-Uele,anemia_women,"Anemia, women",adverse,2024,20.01550384,5.411356499,9.409439994,30.62156769,1,26,Best fifth,41.2640839861539,20.01550384,53.86678421,-21.2485801461539,0
DRC,Nord-Kivu,anemia_women,"Anemia, women",adverse,2024,20.05860565,2.172609988,15.80036832,24.31684298,2,26,Best fifth,41.2640839861539,20.01550384,53.86678421,-21.2054783361539,0.00127326971177721
DRC,Ituri,anemia_women,"Anemia, women",adverse,2024,26.65892704,2.852767909,21.06760468,32.2502494,3,26,Best fifth,41.2640839861539,20.01550384,53.86678421,-14.6051569461539,0.196253232592277
DRC,Nord-Ubangi,anemia_women,"Anemia, women",adverse,2024,30.64932186,2.622680599,25.50896234,35.78968137,4,26,Best fifth,41.2640839861539,20.01550384,53.86678421,-10.6147621261539,0.314133406588189
DRC,Sud-Kivu,anemia_women,"Anemia, women",adverse,2024,33.47917132,3.782278245,26.06604218,40.89230046,5,26,Best fifth,41.2640839861539,20.01550384,53.86678421,-7.78491266615385,0.397729933191298
DRC,Kwilu,anemia_women,"Anemia, women",adverse,2024,33.72567736,3.831903568,26.21528438,41.23607035,6,26,Best fifth,41.2640839861539,20.01550384,53.86678421,-7.53840662615385,0.405011963215145
DRC,Lomami,anemia_women,"Anemia, women",adverse,2024,34.56479806,2.735362226,29.20358662,39.92600951,7,26,Better half,41.2640839861539,20.01550384,53.86678421,-6.69928592615385,0.429800411121052
DRC,Kasai-Central,anemia_women,"Anemia, women",adverse,2024,37.70505018,4.193569187,29.4858056,45.92429475,8,26,Better half,41.2640839861539,20.01550384,53.86678421,-3.55903380615385,0.52256653652832
DRC,Kasai-Oriental,anemia_women,"Anemia, women",adverse,2024,38.29265923,2.292681622,33.79908582,42.78623264,9,26,Better half,41.2640839861539,20.01550384,53.86678421,-2.97142475615385,0.539925083784948
DRC,Kasai,anemia_women,"Anemia, women",adverse,2024,39.43153683,3.549942895,32.47377661,46.38929705,10,26,Better half,41.2640839861539,20.01550384,53.86678421,-1.83254715615385,0.573568644310632
DRC,Kwango,anemia_women,"Anemia, women",adverse,2024,40.80110987,3.949455078,33.06032016,48.54189958,11,26,Better half,41.2640839861539,20.01550384,53.86678421,-0.462974116153852,0.614027174240086
DRC,Lualaba,anemia_women,"Anemia, women",adverse,2024,41.82974505,3.351623655,35.26068339,48.3988067,12,26,Better half,41.2640839861539,20.01550384,53.86678421,0.56566106384615,0.644414065629625
DRC,Sankuru,anemia_women,"Anemia, women",adverse,2024,43.22528283,4.280811836,34.83504581,51.61551986,13,26,Better half,41.2640839861539,20.01550384,53.86678421,1.96119884384615,0.685639619426897
DRC,Sud-Ubangi,anemia_women,"Anemia, women",adverse,2024,43.47286191,3.217217454,37.16723157,49.77849225,14,26,Worse half,41.2640839861539,20.01550384,53.86678421,2.20877792384615,0.692953348104038
DRC,Mongala,anemia_women,"Anemia, women",adverse,2024,44.25433334,3.496098086,37.402107,51.10655967,15,26,Worse half,41.2640839861539,20.01550384,53.86678421,2.99024935384615,0.716038780071704
DRC,Tanganyika,anemia_women,"Anemia, women",adverse,2024,46.04104555,4.518494162,37.18495972,54.89713137,16,26,Worse half,41.2640839861539,20.01550384,53.86678421,4.77696156384615,0.768820009923896
DRC,Equateur,anemia_women,"Anemia, women",adverse,2024,46.13368683,3.424976813,39.42085563,52.84651803,17,26,Worse half,41.2640839861539,20.01550384,53.86678421,4.86960284384615,0.771556724133445
DRC,Tshopo,anemia_women,"Anemia, women",adverse,2024,46.39290663,2.112516872,42.25244964,50.53336361,18,26,Worse half,41.2640839861539,20.01550384,53.86678421,5.12882264384615,0.779214331088535
DRC,Mai-Ndombe,anemia_women,"Anemia, women",adverse,2024,47.23483535,3.81710123,39.75345442,54.71621629,19,26,Worse half,41.2640839861539,20.01550384,53.86678421,5.97075136384615,0.804085730657402
DRC,Haut-Katanga,anemia_women,"Anemia, women",adverse,2024,47.73422063,1.899344151,44.0115745,51.45686676,20,26,Worse half,41.2640839861539,20.01550384,53.86678421,6.47013664384615,0.818838061279512
DRC,Maniema,anemia_women,"Anemia, women",adverse,2024,50.37001028,3.600214506,43.31371951,57.42630105,21,26,Worst fifth,41.2640839861539,20.01550384,53.86678421,9.10592629384615,0.896701870895881
DRC,Haut-Lomami,anemia_women,"Anemia, women",adverse,2024,50.62036479,3.215311995,44.31846908,56.9222605,22,26,Worst fifth,41.2640839861539,20.01550384,53.86678421,9.35628080384615,0.904097588495439
DRC,Kinshasa,anemia_women,"Anemia, women",adverse,2024,51.37402788,2.413980875,46.64271231,56.10534346,23,26,Worst fifth,41.2640839861539,20.01550384,53.86678421,10.1099438938462,0.926361534844361
DRC,Bas-Uele,anemia_women,"Anemia, women",adverse,2024,52.19790521,3.074446334,46.17210113,58.2237093,24,26,Worst fifth,41.2640839861539,20.01550384,53.86678421,10.9338212238462,0.950699678660338
DRC,Tshuapa,anemia_women,"Anemia, women",adverse,2024,52.73581191,2.544508423,47.74866704,57.72295678,25,26,Worst fifth,41.2640839861539,20.01550384,53.86678421,11.4717279238462,0.966589969784354
DRC,Kongo Central,anemia_women,"Anemia, women",adverse,2024,53.86678421,2.515002463,48.93746996,58.79609846,26,26,Worst fifth,41.2640839861539,20.01550384,53.86678421,12.6027002238461,1
DRC,Nord-Kivu,facility_delivery,Facility delivery,beneficial,2024,98.882948,0.613542,97.680427,100,1,26,Best fifth,76.6750572692308,38.116438,98.882948,-22.2078907307692,0
DRC,Sud-Kivu,facility_delivery,Facility delivery,beneficial,2024,97.41304,1.282618,94.899155,99.926924,2,26,Best fifth,76.6750572692308,38.116438,98.882948,-20.7379827307692,0.0241894425070652
DRC,Kinshasa,facility_delivery,Facility delivery,beneficial,2024,97.397626,1.313879,94.822471,99.972781,3,26,Best fifth,76.6750572692308,38.116438,98.882948,-20.7225687307692,0.0244431019652107
DRC,Ituri,facility_delivery,Facility delivery,beneficial,2024,95.972076,1.380827,93.265706,98.678447,4,26,Best fifth,76.6750572692308,38.116438,98.882948,-19.2970187307692,0.0479025700175968
DRC,Kongo Central,facility_delivery,Facility delivery,beneficial,2024,94.630055,1.674866,91.347378,97.912731,5,26,Best fifth,76.6750572692308,38.116438,98.882948,-17.9549977307692,0.0699874486785567
DRC,Kwilu,facility_delivery,Facility delivery,beneficial,2024,92.432617,2.145823,88.226881,96.638352,6,26,Best fifth,76.6750572692308,38.116438,98.882948,-15.7575597307692,0.106149439880619
DRC,Mai-Ndombe,facility_delivery,Facility delivery,beneficial,2024,92.18783,4.251952,83.854157,100,7,26,Better half,76.6750572692308,38.116438,98.882948,-15.5127727307692,0.110177760743541
DRC,Haut-Katanga,facility_delivery,Facility delivery,beneficial,2024,91.594271,2.46199,86.76886,96.419682,8,26,Better half,76.6750572692308,38.116438,98.882948,-14.9192137307692,0.119945624654106
DRC,Kasai-Central,facility_delivery,Facility delivery,beneficial,2024,91.305537,2.625825,86.159014,96.45206,9,26,Better half,76.6750572692308,38.116438,98.882948,-14.6304797307692,0.124697156377748
DRC,Lualaba,facility_delivery,Facility delivery,beneficial,2024,90.362809,4.087376,82.3517,98.373918,10,26,Better half,76.6750572692308,38.116438,98.882948,-13.6877517307692,0.140211096539854
DRC,Kasai-Oriental,facility_delivery,Facility delivery,beneficial,2024,87.456933,6.942519,73.849846,100,11,26,Better half,76.6750572692308,38.116438,98.882948,-10.7818757307692,0.18803145021822
DRC,Kasai,facility_delivery,Facility delivery,beneficial,2024,84.275093,4.035075,76.366491,92.183695,12,26,Better half,76.6750572692308,38.116438,98.882948,-7.60003573076924,0.240393186970915
DRC,Kwango,facility_delivery,Facility delivery,beneficial,2024,76.791197,5.353661,66.298214,87.28418,13,26,Better half,76.6750572692308,38.116438,98.882948,-0.116139730769234,0.363551420017375
DRC,Lomami,facility_delivery,Facility delivery,beneficial,2024,75.645139,5.805937,64.265712,87.024566,14,26,Worse half,76.6750572692308,38.116438,98.882948,1.02991826923076,0.382411446699835
DRC,Haut-Uele,facility_delivery,Facility delivery,beneficial,2024,73.0025,7.610487,58.08622,87.91878,15,26,Worse half,76.6750572692308,38.116438,98.882948,3.67255726923077,0.425899858326568
DRC,Tshopo,facility_delivery,Facility delivery,beneficial,2024,72.553502,6.555673,59.70462,85.402384,16,26,Worse half,76.6750572692308,38.116438,98.882948,4.12155526923077,0.433288763827312
DRC,Maniema,facility_delivery,Facility delivery,beneficial,2024,71.421659,4.045588,63.492452,79.350866,17,26,Worse half,76.6750572692308,38.116438,98.882948,5.25339826923076,0.451914862314785
DRC,Sud-Ubangi,facility_delivery,Facility delivery,beneficial,2024,71.124878,4.310107,62.677225,79.572532,18,26,Worse half,76.6750572692308,38.116438,98.882948,5.55017926923077,0.456798818954717
DRC,Nord-Ubangi,facility_delivery,Facility delivery,beneficial,2024,69.338891,6.446306,56.704365,81.973418,19,26,Worse half,76.6750572692308,38.116438,98.882948,7.33616626923076,0.486189794345603
DRC,Haut-Lomami,facility_delivery,Facility delivery,beneficial,2024,64.487289,6.232395,52.272019,76.702558,20,26,Worse half,76.6750572692308,38.116438,98.882948,12.1877682692308,0.566029857564636
DRC,Equateur,facility_delivery,Facility delivery,beneficial,2024,63.416808,5.960501,51.734441,75.099175,21,26,Worst fifth,76.6750572692308,38.116438,98.882948,13.2582492692308,0.583646156410826
DRC,Mongala,facility_delivery,Facility delivery,beneficial,2024,63.268784,6.23095,51.056347,75.481221,22,26,Worst fifth,76.6750572692308,38.116438,98.882948,13.4062732692308,0.5860821034481
DRC,Bas-Uele,facility_delivery,Facility delivery,beneficial,2024,59.058099,9.631072,40.181544,77.934654,23,26,Worst fifth,76.6750572692308,38.116438,98.882948,17.6169582692308,0.655374959002911
DRC,Sankuru,facility_delivery,Facility delivery,beneficial,2024,42.439303,7.526509,27.687616,57.19099,24,26,Worst fifth,76.6750572692308,38.116438,98.882948,34.2357542692308,0.928861061792096
DRC,Tanganyika,facility_delivery,Facility delivery,beneficial,2024,38.976167,8.411974,22.489,55.463333,25,26,Worst fifth,76.6750572692308,38.116438,98.882948,37.6988902692308,0.985851927319835
DRC,Tshuapa,facility_delivery,Facility delivery,beneficial,2024,38.116438,8.250936,21.944901,54.287975,26,26,Worst fifth,76.6750572692308,38.116438,98.882948,38.5586192692308,1
DRC,Haut-Uele,fever_care_seeking,Fever care-seeking,beneficial,2024,69.184773,9.982413,49.619604,88.749942,1,26,Best fifth,49.0877410384615,29.545519,69.184773,-20.0970319615385,0
DRC,Nord-Kivu,fever_care_seeking,Fever care-seeking,beneficial,2024,66.437937,4.950855,56.73444,76.141434,2,26,Best fifth,49.0877410384615,29.545519,69.184773,-17.3501959615385,0.0692958550632664
DRC,Mai-Ndombe,fever_care_seeking,Fever care-seeking,beneficial,2024,62.046759,7.181635,47.971012,76.122505,3,26,Best fifth,49.0877410384615,29.545519,69.184773,-12.9590179615385,0.180074377787231
DRC,Kasai-Central,fever_care_seeking,Fever care-seeking,beneficial,2024,58.423824,3.331269,51.894657,64.952991,4,26,Best fifth,49.0877410384615,29.545519,69.184773,-9.33608296153847,0.271472036279997
DRC,Sud-Kivu,fever_care_seeking,Fever care-seeking,beneficial,2024,57.531234,5.543964,46.665265,68.397203,5,26,Best fifth,49.0877410384615,29.545519,69.184773,-8.44349296153846,0.293989866711417
DRC,Maniema,fever_care_seeking,Fever care-seeking,beneficial,2024,56.15737,3.428293,49.438038,62.876701,6,26,Best fifth,49.0877410384615,29.545519,69.184773,-7.06962896153846,0.328649045716148
DRC,Equateur,fever_care_seeking,Fever care-seeking,beneficial,2024,54.88529,4.39658,46.268152,63.502428,7,26,Better half,49.0877410384615,29.545519,69.184773,-5.79754896153846,0.360740467012825
DRC,Tanganyika,fever_care_seeking,Fever care-seeking,beneficial,2024,51.231683,7.660846,36.2167,66.246665,8,26,Better half,49.0877410384615,29.545519,69.184773,-2.14394196153846,0.452911903942491
DRC,Lomami,fever_care_seeking,Fever care-seeking,beneficial,2024,50.57388,6.877699,37.093837,64.053923,9,26,Better half,49.0877410384615,29.545519,69.184773,-1.48613896153847,0.469506641068472
DRC,Kongo Central,fever_care_seeking,Fever care-seeking,beneficial,2024,50.162542,7.471148,35.51936,64.805724,10,26,Better half,49.0877410384615,29.545519,69.184773,-1.07480096153846,0.479883677931981
DRC,Kasai,fever_care_seeking,Fever care-seeking,beneficial,2024,49.358891,5.059442,39.442567,59.275215,11,26,Better half,49.0877410384615,29.545519,69.184773,-0.271149961538463,0.50015779812607
DRC,Lualaba,fever_care_seeking,Fever care-seeking,beneficial,2024,48.374323,1.971745,44.509774,52.238872,12,26,Better half,49.0877410384615,29.545519,69.184773,0.713418038461541,0.5249960052225
DRC,Tshopo,fever_care_seeking,Fever care-seeking,beneficial,2024,47.598405,6.426007,35.003662,60.193148,13,26,Better half,49.0877410384615,29.545519,69.184773,1.48933603846154,0.544570490655551
DRC,Haut-Lomami,fever_care_seeking,Fever care-seeking,beneficial,2024,47.497681,2.430497,42.733995,52.261368,14,26,Worse half,49.0877410384615,29.545519,69.184773,1.59006003846154,0.547111507194359
DRC,Kwango,fever_care_seeking,Fever care-seeking,beneficial,2024,47.113303,5.242331,36.838522,57.388083,15,26,Worse half,49.0877410384615,29.545519,69.184773,1.97443803846154,0.556808410168365
DRC,Mongala,fever_care_seeking,Fever care-seeking,beneficial,2024,45.200093,3.1919,38.944083,51.456103,16,26,Worse half,49.0877410384615,29.545519,69.184773,3.88764803846154,0.605073950180798
DRC,Haut-Katanga,fever_care_seeking,Fever care-seeking,beneficial,2024,45.171391,6.261482,32.899112,57.44367,17,26,Worse half,49.0877410384615,29.545519,69.184773,3.91635003846154,0.60579803040693
DRC,Kwilu,fever_care_seeking,Fever care-seeking,beneficial,2024,44.415115,5.013874,34.588103,54.242127,18,26,Worse half,49.0877410384615,29.545519,69.184773,4.67262603846154,0.624876996928348
DRC,Sud-Ubangi,fever_care_seeking,Fever care-seeking,beneficial,2024,44.380793,5.616493,33.372669,55.388917,19,26,Worse half,49.0877410384615,29.545519,69.184773,4.70694803846154,0.62574285580652
DRC,Kasai-Oriental,fever_care_seeking,Fever care-seeking,beneficial,2024,43.683373,4.700032,34.47148,52.895266,20,26,Worse half,49.0877410384615,29.545519,69.184773,5.40436803846153,0.643337031519312
DRC,Kinshasa,fever_care_seeking,Fever care-seeking,beneficial,2024,43.454341,5.550785,32.575002,54.333681,21,26,Worst fifth,49.0877410384615,29.545519,69.184773,5.63340003846154,0.64911494045776
DRC,Nord-Ubangi,fever_care_seeking,Fever care-seeking,beneficial,2024,43.185416,7.959618,27.584851,58.78598,22,26,Worst fifth,49.0877410384615,29.545519,69.184773,5.90232503846154,0.655899250778029
DRC,Tshuapa,fever_care_seeking,Fever care-seeking,beneficial,2024,41.229332,5.756188,29.947412,52.511252,23,26,Worst fifth,49.0877410384615,29.545519,69.184773,7.85840903846154,0.70524639540391
DRC,Bas-Uele,fever_care_seeking,Fever care-seeking,beneficial,2024,40.879176,9.200947,22.845651,58.9127,24,26,Worst fifth,49.0877410384615,29.545519,69.184773,8.20856503846154,0.71407996225156
DRC,Ituri,fever_care_seeking,Fever care-seeking,beneficial,2024,38.558823,8.952815,21.011627,56.106018,25,26,Worst fifth,49.0877410384615,29.545519,69.184773,10.5289180384615,0.772616709688835
DRC,Sankuru,fever_care_seeking,Fever care-seeking,beneficial,2024,29.545519,4.108566,21.492877,37.59816,26,26,Worst fifth,49.0877410384615,29.545519,69.184773,19.5422220384615,1
DRC,Kinshasa,first_birth_under20,First birth <20,adverse,2024,42.38966911,2.83457222514842,36.8340096368807,47.9453285826176,1,26,Best fifth,57.8511717138462,42.38966911,70.67920961,-15.4615026038462,0
DRC,Kwango,first_birth_under20,First birth <20,adverse,2024,45.89726662,2.01669166185803,41.9446235922699,49.8499096425979,2,26,Best fifth,57.8511717138462,42.38966911,70.67920961,-11.9539050938462,0.123989200531553
DRC,Kwilu,first_birth_under20,First birth <20,adverse,2024,47.29516559,2.66766424776994,42.06663974054,52.5236914374884,3,26,Best fifth,57.8511717138462,42.38966911,70.67920961,-10.5560061238462,0.173403186948194
DRC,Kongo Central,first_birth_under20,First birth <20,adverse,2024,49.38358568,3.08644059986612,43.334273264901,55.4328980972206,4,26,Best fifth,57.8511717138462,42.38966911,70.67920961,-8.46758603384615,0.247226234374503
DRC,Lomami,first_birth_under20,First birth <20,adverse,2024,51.08336917,2.98544463933376,45.2320052018213,56.934733143686,5,26,Best fifth,57.8511717138462,42.38966911,70.67920961,-6.76780254384616,0.307311462340648
DRC,Nord-Ubangi,first_birth_under20,First birth <20,adverse,2024,52.73019237,2.7478068054417,47.3445899925728,58.1157947428524,6,26,Best fifth,57.8511717138462,42.38966911,70.67920961,-5.12097934384616,0.365524610058619
DRC,Mai-Ndombe,first_birth_under20,First birth <20,adverse,2024,53.21422479,3.69469401640475,45.9727575875081,60.455691999606,7,26,Better half,57.8511717138462,42.38966911,70.67920961,-4.63694692384615,0.382634552865926
DRC,Haut-Uele,first_birth_under20,First birth <20,adverse,2024,53.61477623,3.19276787708718,47.3570661764281,59.8724862766027,8,26,Better half,57.8511717138462,42.38966911,70.67920961,-4.23639548384616,0.396793547070869
DRC,Haut-Lomami,first_birth_under20,First birth <20,adverse,2024,54.34518117,1.87485501148164,50.6705328759742,58.0198294734511,9,26,Better half,57.8511717138462,42.38966911,70.67920961,-3.50599054384616,0.42261245141115
DRC,Sankuru,first_birth_under20,First birth <20,adverse,2024,55.96176784,5.10882517841881,45.9486544905473,65.9748811965718,10,26,Better half,57.8511717138462,42.38966911,70.67920961,-1.88940387384616,0.479756775476788
DRC,Nord-Kivu,first_birth_under20,First birth <20,adverse,2024,56.92171169,3.24725866181535,50.5572016607308,63.2862217120184,11,26,Better half,57.8511717138462,42.38966911,70.67920961,-0.929460023846154,0.513689594215926
DRC,Equateur,first_birth_under20,First birth <20,adverse,2024,58.08275699,2.5437691563903,53.0970610610468,63.0684529240644,12,26,Better half,57.8511717138462,42.38966911,70.67920961,0.231585276153844,0.554731098583945
DRC,Kasai,first_birth_under20,First birth <20,adverse,2024,58.62877405,2.53735915706324,53.6556414891158,63.6019066164895,13,26,Better half,57.8511717138462,42.38966911,70.67920961,0.777602336153841,0.574032121165064
DRC,Tshuapa,first_birth_under20,First birth <20,adverse,2024,59.55180618,2.41626581892527,54.8160121976747,64.2876001620121,14,26,Worse half,57.8511717138462,42.38966911,70.67920961,1.70063446615384,0.606660156604523
DRC,Haut-Katanga,first_birth_under20,First birth <20,adverse,2024,59.63506352,2.13025718947143,55.4598361510096,63.8102908893526,15,26,Worse half,57.8511717138462,42.38966911,70.67920961,1.78389180615385,0.609603199811605
DRC,Tanganyika,first_birth_under20,First birth <20,adverse,2024,60.94314405,4.14216057469377,52.8246585082702,69.0616295974332,16,26,Worse half,57.8511717138462,42.38966911,70.67920961,3.09197233615384,0.655842216313128
DRC,Sud-Kivu,first_birth_under20,First birth <20,adverse,2024,61.52114087,5.23626675483786,51.2582466141038,71.7840351199571,17,26,Worse half,57.8511717138462,42.38966911,70.67920961,3.66996915615385,0.676273683554528
DRC,Bas-Uele,first_birth_under20,First birth <20,adverse,2024,61.62053612,1.29094637057909,59.0903277285174,64.1507445131328,18,26,Worse half,57.8511717138462,42.38966911,70.67920961,3.76936440615384,0.679787181767763
DRC,Kasai-Central,first_birth_under20,First birth <20,adverse,2024,61.8588893,3.23700349135973,55.5144790400252,68.2032995618162,19,26,Worse half,57.8511717138462,42.38966911,70.67920961,4.00771758615385,0.688212669626076
DRC,Sud-Ubangi,first_birth_under20,First birth <20,adverse,2024,62.29159558,2.74965344301386,56.9023738567403,67.6808172932878,20,26,Worse half,57.8511717138462,42.38966911,70.67920961,4.44042386615384,0.7035082973511
DRC,Ituri,first_birth_under20,First birth <20,adverse,2024,64.06851161,1.86250402269375,60.4180708050469,67.7189524161283,21,26,Worst fifth,57.8511717138462,42.38966911,70.67920961,6.21733989615385,0.766320064477541
DRC,Kasai-Oriental,first_birth_under20,First birth <20,adverse,2024,64.37675079,2.79998341770473,58.8888841321249,69.8646174441462,22,26,Worst fifth,57.8511717138462,42.38966911,70.67920961,6.52557907615385,0.777215935338363
DRC,Lualaba,first_birth_under20,First birth <20,adverse,2024,64.7040401,4.24286995866473,56.3881677901691,73.0199124103088,23,26,Worst fifth,57.8511717138462,42.38966911,70.67920961,6.85286838615384,0.788785204552898
DRC,Tshopo,first_birth_under20,First birth <20,adverse,2024,64.73431386,3.98740387641981,56.9191458666553,72.5494818458518,24,26,Worst fifth,57.8511717138462,42.38966911,70.67920961,6.88314214615384,0.789855344239331
DRC,Maniema,first_birth_under20,First birth <20,adverse,2024,68.59702167,2.23013893513363,64.2260296737225,72.9680136604874,25,26,Worst fifth,57.8511717138462,42.38966911,70.67920961,10.7458499561538,0.92639725130919
DRC,Mongala,first_birth_under20,First birth <20,adverse,2024,70.67920961,3.66458622086891,63.4967525997247,77.8616666220143,26,26,Worst fifth,57.8511717138462,42.38966911,70.67920961,12.8280378961538,1
DRC,Kinshasa,malaria_rdt_positive,Malaria RDT+,adverse,2024,5.111819932,1.88367585499759,1.41988309731381,8.80375676599976,1,26,Best fifth,35.2498669226923,5.111819932,61.02302039,-30.1380469906923,0
DRC,Nord-Kivu,malaria_rdt_positive,Malaria RDT+,adverse,2024,8.538666208,3.02418140574664,2.61137956997865,14.4659528459369,2,26,Best fifth,35.2498669226923,5.111819932,61.02302039,-26.7112007146923,0.061290872811329
DRC,Mongala,malaria_rdt_positive,Malaria RDT+,adverse,2024,11.93418117,4.1413634161774,3.81725802394426,20.0511043091432,3,26,Best fifth,35.2498669226923,5.111819932,61.02302039,-23.3156857526923,0.12202136928047
DRC,Mai-Ndombe,malaria_rdt_positive,Malaria RDT+,adverse,2024,15.36260447,3.54721529497512,8.41019024297074,22.3150186900925,4,26,Best fifth,35.2498669226923,5.111819932,61.02302039,-19.8872624526923,0.183340447960875
DRC,Haut-Uele,malaria_rdt_positive,Malaria RDT+,adverse,2024,20.37656886,4.83129116629277,10.9074121767107,29.8457255462314,5,26,Best fifth,35.2498669226923,5.111819932,61.02302039,-14.8732980626923,0.273017728164623
DRC,Haut-Katanga,malaria_rdt_positive,Malaria RDT+,adverse,2024,20.46222088,5.2795541770512,10.1144848394159,30.8099569223127,6,26,Best fifth,35.2498669226923,5.111819932,61.02302039,-14.7876460426923,0.274549657711805
DRC,Equateur,malaria_rdt_positive,Malaria RDT+,adverse,2024,21.74049565,4.87060562149783,12.1942840475378,31.286707249606,7,26,Better half,35.2498669226923,5.111819932,61.02302039,-13.5093712726923,0.297412246236625
DRC,Sud-Kivu,malaria_rdt_positive,Malaria RDT+,adverse,2024,22.61865784,6.5810845962246,9.71996904736731,35.5173466229904,8,26,Better half,35.2498669226923,5.111819932,61.02302039,-12.6312090826923,0.313118619607372
DRC,Nord-Ubangi,malaria_rdt_positive,Malaria RDT+,adverse,2024,23.70656272,4.05928433290456,15.7505116267551,31.6626138177564,9,26,Better half,35.2498669226923,5.111819932,61.02302039,-11.5433042026923,0.332576346701198
DRC,Sud-Ubangi,malaria_rdt_positive,Malaria RDT+,adverse,2024,26.10199399,3.85741925984518,18.5415911700459,33.6623968151813,10,26,Better half,35.2498669226923,5.111819932,61.02302039,-9.14787293269231,0.375419842286657
DRC,Kwilu,malaria_rdt_positive,Malaria RDT+,adverse,2024,29.58574788,5.77516531642244,18.2666318553302,40.9048639052359,11,26,Better half,35.2498669226923,5.111819932,61.02302039,-5.66411904269231,0.437728536456387
DRC,Ituri,malaria_rdt_positive,Malaria RDT+,adverse,2024,33.67511878,5.73655894984341,22.4316698435016,44.9185677172696,12,26,Better half,35.2498669226923,5.111819932,61.02302039,-1.57474814269231,0.510868996087045
DRC,Kasai,malaria_rdt_positive,Malaria RDT+,adverse,2024,37.45056562,8.5674837462587,20.6586060374377,54.2425251990364,13,26,Better half,35.2498669226923,5.111819932,61.02302039,2.20069869730769,0.578394765683713
DRC,Sankuru,malaria_rdt_positive,Malaria RDT+,adverse,2024,41.92691531,6.78440659295659,28.6297227330849,55.2241078904269,14,26,Worse half,35.2498669226923,5.111819932,61.02302039,6.67704838730769,0.658456536014732
DRC,Tshuapa,malaria_rdt_positive,Malaria RDT+,adverse,2024,41.95128071,3.30524573801355,35.4731180996641,48.4294433127863,15,26,Worse half,35.2498669226923,5.111819932,61.02302039,6.70141378730769,0.65889232347414
DRC,Kasai-Oriental,malaria_rdt_positive,Malaria RDT+,adverse,2024,43.13127631,7.24428841683776,28.9327319226092,57.3298207038546,16,26,Worse half,35.2498669226923,5.111819932,61.02302039,7.88140938730769,0.679997139509817
DRC,Tshopo,malaria_rdt_positive,Malaria RDT+,adverse,2024,43.78845564,4.69313522202289,34.5900796265668,52.9868316460493,17,26,Worse half,35.2498669226923,5.111819932,61.02302039,8.5385887173077,0.691751123051875
DRC,Haut-Lomami,malaria_rdt_positive,Malaria RDT+,adverse,2024,44.19325998,5.97652298690528,32.4794901778752,55.9070297920954,18,26,Worse half,35.2498669226923,5.111819932,61.02302039,8.9433930573077,0.698991252698243
DRC,Tanganyika,malaria_rdt_positive,Malaria RDT+,adverse,2024,44.83896073,3.86879466207787,37.2562625245636,52.4216589270705,19,26,Worse half,35.2498669226923,5.111819932,61.02302039,9.58909380730769,0.71053993605168
DRC,Lualaba,malaria_rdt_positive,Malaria RDT+,adverse,2024,50.15997198,5.98313245855222,38.4332478452672,61.8866961122571,20,26,Worse half,35.2498669226923,5.111819932,61.02302039,14.9101050573077,0.805708904101241
DRC,Kwango,malaria_rdt_positive,Malaria RDT+,adverse,2024,50.18961738,6.54371033624599,37.3641808002442,63.0150539688535,21,26,Worst fifth,35.2498669226923,5.111819932,61.02302039,14.9397504573077,0.806239127021822
DRC,Kongo Central,malaria_rdt_positive,Malaria RDT+,adverse,2024,50.838574,6.46925654616371,38.1590641609218,63.5180838353835,22,26,Worst fifth,35.2498669226923,5.111819932,61.02302039,15.5887070773077,0.8178460432512
DRC,Lomami,malaria_rdt_positive,Malaria RDT+,adverse,2024,52.08573298,4.677896716484,42.9172238874429,61.2542420628566,23,26,Worst fifth,35.2498669226923,5.111819932,61.02302039,16.8358660573077,0.840152110189199
DRC,Maniema,malaria_rdt_positive,Malaria RDT+,adverse,2024,57.40076973,3.330687315894,50.8727425427583,63.9287969085916,24,26,Worst fifth,35.2498669226923,5.111819932,61.02302039,22.1509028073077,0.935214221295052
DRC,Kasai-Central,malaria_rdt_positive,Malaria RDT+,adverse,2024,58.30350085,4.92915052905852,48.6425433417638,67.9644583644263,25,26,Worst fifth,35.2498669226923,5.111819932,61.02302039,23.0536339273077,0.951360022361836
DRC,Bas-Uele,malaria_rdt_positive,Malaria RDT+,adverse,2024,61.02302039,3.21202693185427,54.7275632832462,67.3184774908603,26,26,Worst fifth,35.2498669226923,5.111819932,61.02302039,25.7731534673077,1
DRC,Nord-Kivu,wasting,Wasting,adverse,2024,2.266849853,0.905713268,0.491684467,4.04201524,1,26,Best fifth,7.719503262,2.266849853,16.05166661,-5.452653409,0
DRC,Sud-Ubangi,wasting,Wasting,adverse,2024,2.320354371,0.81077321,0.731268081,3.909440661,2,26,Best fifth,7.719503262,2.266849853,16.05166661,-5.399148891,0.0038814094480313
DRC,Ituri,wasting,Wasting,adverse,2024,3.832645285,1.393194621,1.102034003,6.563256566,3,26,Best fifth,7.719503262,2.266849853,16.05166661,-3.886857977,0.113588411046877
DRC,Nord-Ubangi,wasting,Wasting,adverse,2024,4.761222179,1.459365063,1.900919215,7.621525143,4,26,Best fifth,7.719503262,2.266849853,16.05166661,-2.958281083,0.180950706126242
DRC,Haut-Uele,wasting,Wasting,adverse,2024,4.999207201,2.623078796,-0.141932768,10.14034717,5,26,Best fifth,7.719503262,2.266849853,16.05166661,-2.720296061,0.198214992347468
DRC,Kinshasa,wasting,Wasting,adverse,2024,5.054251357,1.651238934,1.817882516,8.290620197,6,26,Best fifth,7.719503262,2.266849853,16.05166661,-2.665251905,0.202208092652704
DRC,Kasai-Central,wasting,Wasting,adverse,2024,5.250054819,1.248942323,2.802172848,7.697936791,7,26,Better half,7.719503262,2.266849853,16.05166661,-2.469448443,0.216412377370567
DRC,Haut-Katanga,wasting,Wasting,adverse,2024,5.320855323,1.576968834,2.230053204,8.411657441,8,26,Better half,7.719503262,2.266849853,16.05166661,-2.398647939,0.221548499616374
DRC,Tanganyika,wasting,Wasting,adverse,2024,5.372098747,1.559486285,2.315561793,8.428635701,9,26,Better half,7.719503262,2.266849853,16.05166661,-2.347404515,0.225265881203908
DRC,Mongala,wasting,Wasting,adverse,2024,6.002141898,1.331759507,3.391941229,8.612342567,10,26,Better half,7.719503262,2.266849853,16.05166661,-1.717361364,0.270971468888275
DRC,Sankuru,wasting,Wasting,adverse,2024,6.3361994,1.708194093,2.988200499,9.684198301,11,26,Better half,7.719503262,2.266849853,16.05166661,-1.383303862,0.295205197046494
DRC,Lualaba,wasting,Wasting,adverse,2024,6.537129322,1.746186227,3.114667207,9.959591437,12,26,Better half,7.719503262,2.266849853,16.05166661,-1.18237394,0.309781373541402
DRC,Sud-Kivu,wasting,Wasting,adverse,2024,6.711761749,1.21766973,4.325172934,9.098350564,13,26,Better half,7.719503262,2.266849853,16.05166661,-1.007741513,0.322449835522322
DRC,Equateur,wasting,Wasting,adverse,2024,7.356872998,2.057882313,3.32349778,11.39024822,14,26,Worse half,7.719503262,2.266849853,16.05166661,-0.362630264,0.369248517026188
DRC,Tshuapa,wasting,Wasting,adverse,2024,8.08918282,1.37842243,5.387524502,10.79084114,15,26,Worse half,7.719503262,2.266849853,16.05166661,0.369679558,0.422372895457126
DRC,Haut-Lomami,wasting,Wasting,adverse,2024,8.39330609,1.032699649,6.369251972,10.41736021,16,26,Worse half,7.719503262,2.266849853,16.05166661,0.673802828,0.444435087168566
DRC,Lomami,wasting,Wasting,adverse,2024,8.39511332,1.491060762,5.472687928,11.31753871,17,26,Worse half,7.719503262,2.266849853,16.05166661,0.675610058,0.444566190108261
DRC,Kasai-Oriental,wasting,Wasting,adverse,2024,8.527883032,2.45009708,3.725780996,13.32998507,18,26,Worse half,7.719503262,2.266849853,16.05166661,0.80837977,0.454197780744573
DRC,Maniema,wasting,Wasting,adverse,2024,8.76312653,1.304498979,6.206355512,11.31989755,19,26,Worse half,7.719503262,2.266849853,16.05166661,1.043623268,0.47126318699167
DRC,Kongo Central,wasting,Wasting,adverse,2024,8.82370853,2.053998845,4.797944769,12.84947229,20,26,Worse half,7.719503262,2.266849853,16.05166661,1.104205268,0.475658022343343
DRC,Tshopo,wasting,Wasting,adverse,2024,8.954720928,2.250196819,4.544416205,13.36502565,21,26,Worst fifth,7.719503262,2.266849853,16.05166661,1.235217666,0.485162131125455
DRC,Kwilu,wasting,Wasting,adverse,2024,10.04908018,2.149782487,5.835583929,14.26257643,22,26,Worst fifth,7.719503262,2.266849853,16.05166661,2.329576918,0.564550872469751
DRC,Bas-Uele,wasting,Wasting,adverse,2024,13.33877398,2.272636098,8.884489081,17.79305889,23,26,Worst fifth,7.719503262,2.266849853,16.05166661,5.619270718,0.803197048040383
DRC,Kasai,wasting,Wasting,adverse,2024,14.52925549,2.667770158,9.300522066,19.75798892,24,26,Worst fifth,7.719503262,2.266849853,16.05166661,6.809752228,0.889558842396152
DRC,Kwango,wasting,Wasting,adverse,2024,14.6696228,1.643533042,11.44835723,17.89088837,25,26,Worst fifth,7.719503262,2.266849853,16.05166661,6.950119538,0.899741590014376
DRC,Mai-Ndombe,wasting,Wasting,adverse,2024,16.05166661,1.866438633,12.39351411,19.70981911,26,26,Worst fifth,7.719503262,2.266849853,16.05166661,8.332163348,1
DRC,Kinshasa,zero_dose,Zero-dose,adverse,2024,0.75324915,0.749648988948341,-0.716035869532087,2.22253416923914,1,26,Best fifth,41.0631857745,0.75324915,78.34638212,-40.3099366245,0
DRC,Nord-Kivu,zero_dose,Zero-dose,adverse,2024,9.982604647,2.70443807654496,4.6820034184453,15.2832058753391,2,26,Best fifth,41.0631857745,0.75324915,78.34638212,-31.0805811275,0.118945519322804
DRC,Kasai-Central,zero_dose,Zero-dose,adverse,2024,10.32900114,2.95084627164203,4.54544872839526,16.1125535610606,3,26,Best fifth,41.0631857745,0.75324915,78.34638212,-30.7341846345,0.12340978671015
DRC,Kasai-Oriental,zero_dose,Zero-dose,adverse,2024,18.12919367,4.096690028051,10.0998287561784,26.1585585777872,4,26,Best fifth,41.0631857745,0.75324915,78.34638212,-22.9339921045,0.223936627571387
DRC,Ituri,zero_dose,Zero-dose,adverse,2024,21.22315736,5.21485847549975,11.0022225601006,31.4440921530065,5,26,Best fifth,41.0631857745,0.75324915,78.34638212,-19.8400284145,0.263810822252973
DRC,Kwilu,zero_dose,Zero-dose,adverse,2024,21.30428407,5.79896720114222,9.9385172126201,32.6700509361557,6,26,Best fifth,41.0631857745,0.75324915,78.34638212,-19.7589017045,0.264856362069382
DRC,Haut-Katanga,zero_dose,Zero-dose,adverse,2024,25.72857572,3.43911986354963,18.988024645363,32.4691267875102,7,26,Better half,41.0631857745,0.75324915,78.34638212,-15.3346100545,0.321875475496733
DRC,Sud-Kivu,zero_dose,Zero-dose,adverse,2024,27.06851279,10.9229173118831,5.65998824980735,48.4770373246072,8,26,Better half,41.0631857745,0.75324915,78.34638212,-13.9946729845,0.339144233938515
DRC,Kwango,zero_dose,Zero-dose,adverse,2024,29.01005374,7.27837220401857,14.7447063547204,43.275401126628,9,26,Better half,41.0631857745,0.75324915,78.34638212,-12.0531320345,0.364166305811173
DRC,Lualaba,zero_dose,Zero-dose,adverse,2024,33.9425992,7.99841675743503,18.265990426744,49.6192079825726,10,26,Better half,41.0631857745,0.75324915,78.34638212,-7.1205865745,0.42773566138684
DRC,Lomami,zero_dose,Zero-dose,adverse,2024,34.64926038,5.8547109778856,23.1742377232527,46.1242830363468,11,26,Better half,41.0631857745,0.75324915,78.34638212,-6.4139253945,0.436842925818001
DRC,Nord-Ubangi,zero_dose,Zero-dose,adverse,2024,38.40327539,6.73974256417926,25.1936227028914,51.6129280846174,12,26,Better half,41.0631857745,0.75324915,78.34638212,-2.6599103845,0.485223689247819
DRC,Kongo Central,zero_dose,Zero-dose,adverse,2024,42.52501773,7.94616298383083,26.9508244649651,58.0992109921526,13,26,Better half,41.0631857745,0.75324915,78.34638212,1.4618319555,0.538343626312271
DRC,Haut-Uele,zero_dose,Zero-dose,adverse,2024,45.71143912,5.98720397181108,33.9767349622477,57.4461432679375,14,26,Worse half,41.0631857745,0.75324915,78.34638212,4.6482533455,0.579409391645293
DRC,Equateur,zero_dose,Zero-dose,adverse,2024,46.44776014,7.73935006502908,31.2789127522288,61.6166075346383,15,26,Worse half,41.0631857745,0.75324915,78.34638212,5.3845743655,0.588898904335606
DRC,Haut-Lomami,zero_dose,Zero-dose,adverse,2024,46.92928069,6.1162707424915,34.9416103191882,58.916951069147,16,26,Worse half,41.0631857745,0.75324915,78.34638212,5.8660949155,0.595104615222241
DRC,Mai-Ndombe,zero_dose,Zero-dose,adverse,2024,47.80057596,8.26825271599601,31.5950984254491,64.0060535023045,17,26,Worse half,41.0631857745,0.75324915,78.34638212,6.7373901855,0.606333640738415
DRC,Tanganyika,zero_dose,Zero-dose,adverse,2024,51.64923892,15.3335160561105,21.5960996957254,81.702378148412,18,26,Worse half,41.0631857745,0.75324915,78.34638212,10.5860531455,0.655934202188717
DRC,Kasai,zero_dose,Zero-dose,adverse,2024,51.83293396,8.59439460293868,34.9882300673716,68.6776378487421,19,26,Worse half,41.0631857745,0.75324915,78.34638212,10.7697481855,0.658301615811145
DRC,Tshopo,zero_dose,Zero-dose,adverse,2024,56.10117642,11.4287473495721,33.7012432219736,78.5011096091116,20,26,Worse half,41.0631857745,0.75324915,78.34638212,15.0379906455,0.713309608098945
DRC,Sud-Ubangi,zero_dose,Zero-dose,adverse,2024,60.82812719,4.89644724763277,51.2312669347982,70.4249874499192,21,26,Worst fifth,41.0631857745,0.75324915,78.34638212,19.7649414155,0.774229313091751
DRC,Bas-Uele,zero_dose,Zero-dose,adverse,2024,62.17853809,8.07244896937409,46.3568288469061,78.0002473409275,22,26,Worst fifth,41.0631857745,0.75324915,78.34638212,21.1153523155,0.791633055514706
DRC,Sankuru,zero_dose,Zero-dose,adverse,2024,64.88217563,7.24125798330272,50.689570776194,79.074780476267,23,26,Worst fifth,41.0631857745,0.75324915,78.34638212,23.8189898555,0.826476828881163
DRC,Tshuapa,zero_dose,Zero-dose,adverse,2024,65.79184427,5.9942605153771,54.0433095414366,77.5403789896158,24,26,Worst fifth,41.0631857745,0.75324915,78.34638212,24.7286584955,0.838200400351743
DRC,Mongala,zero_dose,Zero-dose,adverse,2024,76.09457264,10.2885240684354,55.929436016739,96.2597092731528,25,26,Worst fifth,41.0631857745,0.75324915,78.34638212,35.0313868655,0.970979268476366
DRC,Maniema,zero_dose,Zero-dose,adverse,2024,78.34638212,3.84115311349821,70.8178603627906,85.8749038859114,26,26,Worst fifth,41.0631857745,0.75324915,78.34638212,37.2831963455,1
Ethiopia,Addis Ababa,anc4plus,ANC4+,beneficial,2024,94.777966616822,2.10771426940214,90.6469225590927,98.9090106745514,1,11,Best fifth,53.8367184702742,12.7228879656821,94.777966616822,-40.9412481465478,0
Ethiopia,Dire Dawa,anc4plus,ANC4+,beneficial,2024,69.1466719984166,3.69366362469405,61.9072243230105,76.3861196738226,2,11,Best fifth,53.8367184702742,12.7228879656821,94.777966616822,-15.3099535281424,0.312366949611709
Ethiopia,Amhara,anc4plus,ANC4+,beneficial,2024,62.0280243726502,3.39173916106418,55.3803377720103,68.6757109732901,3,11,Best fifth,53.8367184702742,12.7228879656821,94.777966616822,-8.19130590237599,0.399121453327823
Ethiopia,Benishangul,anc4plus,ANC4+,beneficial,2024,57.1513670707644,4.8028479383191,47.7379580884365,66.5647760530923,4,11,Better half,53.8367184702742,12.7228879656821,94.777966616822,-3.31464860049019,0.458552964235504
Ethiopia,Tigray,anc4plus,ANC4+,beneficial,2024,57.1395572379225,3.16224545481528,50.9416700362091,63.3374444396359,5,11,Better half,53.8367184702742,12.7228879656821,94.777966616822,-3.30283876764829,0.458696889913671
Ethiopia,Gambela,anc4plus,ANC4+,beneficial,2024,49.1721433127265,4.37595450800172,40.5954300790574,57.7488565463955,6,11,Worse half,53.8367184702742,12.7228879656821,94.777966616822,4.66457515754772,0.555795254282679
Ethiopia,SNNPR,anc4plus,ANC4+,beneficial,2024,48.9137361070571,2.42937914570083,44.1522404766908,53.6752317374234,7,11,Worse half,53.8367184702742,12.7228879656821,94.777966616822,4.92298236321712,0.558944446385315
Ethiopia,Oromia,anc4plus,ANC4+,beneficial,2024,48.4482470546643,3.5095688824935,41.5696184437145,55.326875665614,8,11,Worse half,53.8367184702742,12.7228879656821,94.777966616822,5.38847141560991,0.564617331720931
Ethiopia,Harari,anc4plus,ANC4+,beneficial,2024,46.526136466134,4.5040060925002,37.6984467386846,55.3538261935834,9,11,Worst fifth,53.8367184702742,12.7228879656821,94.777966616822,7.31058200414022,0.588041970635753
Ethiopia,Afar,anc4plus,ANC4+,beneficial,2024,46.1771649701767,4.18319420345862,37.9782549910611,54.3760749492923,10,11,Worst fifth,53.8367184702742,12.7228879656821,94.777966616822,7.65955350009752,0.592294863956847
Ethiopia,Somali,anc4plus,ANC4+,beneficial,2024,12.7228879656821,3.28365520057057,6.28704203491612,19.158733896448,11,11,Worst fifth,53.8367184702742,12.7228879656821,94.777966616822,41.1138305045921,1
Ethiopia,Addis Ababa,anemia_women,"Anemia, women",adverse,2016,15.96796288,1.344503581,13.33278428,18.60314147,1,11,Best fifth,28.1917650745455,15.96796288,59.54086719,-12.2238021945455,0
Ethiopia,Amhara,anemia_women,"Anemia, women",adverse,2016,17.18962792,1.211172567,14.8157733,19.56348253,2,11,Best fifth,28.1917650745455,15.96796288,59.54086719,-11.0021371545455,0.0280372644271873
Ethiopia,Benishangul,anemia_women,"Anemia, women",adverse,2016,19.22993609,1.679095934,15.93896853,22.52090364,3,11,Best fifth,28.1917650745455,15.96796288,59.54086719,-8.96182898454546,0.0748624233719343
Ethiopia,Tigray,anemia_women,"Anemia, women",adverse,2016,19.7412697,1.583105697,16.63843955,22.84409985,4,11,Better half,28.1917650745455,15.96796288,59.54086719,-8.45049537454545,0.086597551385484
Ethiopia,SNNPR,anemia_women,"Anemia, women",adverse,2016,22.54381813,1.672840465,19.26511107,25.8225252,5,11,Better half,28.1917650745455,15.96796288,59.54086719,-5.64794694454546,0.150916156591628
Ethiopia,Gambela,anemia_women,"Anemia, women",adverse,2016,26.10307417,2.588876957,21.02896857,31.17717977,6,11,Worse half,28.1917650745455,15.96796288,59.54086719,-2.08869090454546,0.232601233507264
Ethiopia,Oromia,anemia_women,"Anemia, women",adverse,2016,27.29235308,1.871535411,23.62421108,30.96049508,7,11,Worse half,28.1917650745455,15.96796288,59.54086719,-0.899411994545453,0.259895234878825
Ethiopia,Harari,anemia_women,"Anemia, women",adverse,2016,27.69211022,2.137111955,23.50344776,31.88077269,8,11,Worse half,28.1917650745455,15.96796288,59.54086719,-0.499654854545454,0.269069678178631
Ethiopia,Dire Dawa,anemia_women,"Anemia, women",adverse,2016,30.11001267,2.316239234,25.57026719,34.64975815,9,11,Worst fifth,28.1917650745455,15.96796288,59.54086719,1.91824759545455,0.324560641847195
Ethiopia,Afar,anemia_women,"Anemia, women",adverse,2016,44.69838377,2.463930796,39.86916815,49.52759939,10,11,Worst fifth,28.1917650745455,15.96796288,59.54086719,16.5066186954545,0.659364376668515
Ethiopia,Somali,anemia_women,"Anemia, women",adverse,2016,59.54086719,2.163080811,55.3013067,63.78042768,11,11,Worst fifth,28.1917650745455,15.96796288,59.54086719,31.3491021154545,1
Ethiopia,Addis Ababa,facility_delivery,Facility delivery,beneficial,2024,97.9416405799212,1.22348689027176,95.5436503394317,100,1,11,Best fifth,64.9159399669674,33.2626823278194,97.9416405799212,-33.0257006129538,0
Ethiopia,Dire Dawa,facility_delivery,Facility delivery,beneficial,2024,82.4382949816844,3.96958993536877,74.6580416749689,90.2185482883998,2,11,Best fifth,64.9159399669674,33.2626823278194,97.9416405799212,-17.522355014717,0.239696897062083
Ethiopia,Harari,facility_delivery,Facility delivery,beneficial,2024,78.6870782393419,5.82801698615709,67.2643748451864,90.1097816334975,3,11,Best fifth,64.9159399669674,33.2626823278194,97.9416405799212,-13.7711382723745,0.297694379453825
Ethiopia,Amhara,facility_delivery,Facility delivery,beneficial,2024,72.7674788005083,3.34573308099673,66.2099624598705,79.3249951411461,4,11,Better half,64.9159399669674,33.2626823278194,97.9416405799212,-7.85153883354089,0.389217180667792
Ethiopia,Gambela,facility_delivery,Facility delivery,beneficial,2024,71.8199499981991,3.6288673768539,64.7075006348932,78.9323993615051,5,11,Better half,64.9159399669674,33.2626823278194,97.9416405799212,-6.90401003123169,0.403866903358377
Ethiopia,Tigray,facility_delivery,Facility delivery,beneficial,2024,68.2572836924451,3.46234631517392,61.4712096126993,75.043357772191,6,11,Worse half,64.9159399669674,33.2626823278194,97.9416405799212,-3.34134372547769,0.45894921145412
Ethiopia,Benishangul,facility_delivery,Facility delivery,beneficial,2024,61.4920220602003,5.70385953054318,50.3126628074602,72.6713813129405,7,11,Worse half,64.9159399669674,33.2626823278194,97.9416405799212,3.42391790676712,0.563546777881761
Ethiopia,SNNPR,facility_delivery,Facility delivery,beneficial,2024,59.4510568687614,2.71050880455014,54.1385572320644,64.7635565054584,8,11,Worse half,64.9159399669674,33.2626823278194,97.9416405799212,5.46488309820602,0.595102097364238
Ethiopia,Oromia,facility_delivery,Facility delivery,beneficial,2024,53.7375831650415,4.45670610585579,45.0025997078844,62.4725666221986,9,11,Worst fifth,64.9159399669674,33.2626823278194,97.9416405799212,11.1783568019259,0.683437992964942
Ethiopia,Somali,facility_delivery,Facility delivery,beneficial,2024,34.220268922719,4.79585733024361,24.8205612804491,43.6199765649889,10,11,Worst fifth,64.9159399669674,33.2626823278194,97.9416405799212,30.6956710442484,0.985194773991764
Ethiopia,Afar,facility_delivery,Facility delivery,beneficial,2024,33.2626823278194,3.90080417191308,25.6172466401262,40.9081180155126,11,11,Worst fifth,64.9159399669674,33.2626823278194,97.9416405799212,31.653257639148,1
Ethiopia,Benishangul,fever_care_seeking,Fever care-seeking,beneficial,2024,67.678,4.44545,58.965078,76.390922,1,11,Best fifth,44.3355017272727,28.283234,67.678,-23.3424982727273,0
Ethiopia,Gambela,fever_care_seeking,Fever care-seeking,beneficial,2024,63.533277,4.332936,55.040878,72.025676,2,11,Best fifth,44.3355017272727,28.283234,67.678,-19.1977752727273,0.105209991601422
Ethiopia,Harari,fever_care_seeking,Fever care-seeking,beneficial,2024,48.786803,9.488731,30.189231,67.384374,3,11,Best fifth,44.3355017272727,28.283234,67.678,-4.45130127272727,0.479535707865355
Ethiopia,Addis Ababa,fever_care_seeking,Fever care-seeking,beneficial,2024,46.286052,7.657742,31.277154,61.29495,4,11,Better half,44.3355017272727,28.283234,67.678,-1.95055027272727,0.543014978182635
Ethiopia,SNNPR,fever_care_seeking,Fever care-seeking,beneficial,2024,42.708545,3.111421,36.610271,48.806819,5,11,Better half,44.3355017272727,28.283234,67.678,1.62695672727273,0.63382671190381
Ethiopia,Oromia,fever_care_seeking,Fever care-seeking,beneficial,2024,42.475027,7.058311,28.640991,56.309062,6,11,Worse half,44.3355017272727,28.283234,67.678,1.86047472727273,0.639754352139063
Ethiopia,Dire Dawa,fever_care_seeking,Fever care-seeking,beneficial,2024,39.807431,6.648723,26.776174,52.838688,7,11,Worse half,44.3355017272727,28.283234,67.678,4.52807072727273,0.707468829742509
Ethiopia,Afar,fever_care_seeking,Fever care-seeking,beneficial,2024,39.623656,4.405587,30.988864,48.258449,8,11,Worse half,44.3355017272727,28.283234,67.678,4.71184572727273,0.712133789549607
Ethiopia,Tigray,fever_care_seeking,Fever care-seeking,beneficial,2024,34.32616,3.31229,27.834191,40.818128,9,11,Worst fifth,44.3355017272727,28.283234,67.678,10.0093417272727,0.846605866373213
Ethiopia,Amhara,fever_care_seeking,Fever care-seeking,beneficial,2024,34.182334,5.966567,22.488078,45.87659,10,11,Worst fifth,44.3355017272727,28.283234,67.678,10.1531677272727,0.850256757458593
Ethiopia,Somali,fever_care_seeking,Fever care-seeking,beneficial,2024,28.283234,7.411703,13.756564,42.809904,11,11,Worst fifth,44.3355017272727,28.283234,67.678,16.0522677272727,1
Ethiopia,Addis Ababa,first_birth_under20,First birth <20,adverse,2024,25.06369518,2.29541094442333,20.5647724035643,29.5626179651419,1,11,Best fifth,53.0093431909091,25.06369518,62.99129611,-27.9456480109091,0
Ethiopia,Dire Dawa,first_birth_under20,First birth <20,adverse,2024,48.0384523,2.69361349413914,42.7590668615926,53.3178377351602,2,11,Best fifth,53.0093431909091,25.06369518,62.99129611,-4.97089089090909,0.6057529755811
Ethiopia,SNNPR,first_birth_under20,First birth <20,adverse,2024,48.84615688,0.993757663981832,46.8984276507603,50.7938861122904,3,11,Best fifth,53.0093431909091,25.06369518,62.99129611,-4.16318631090909,0.627048933147484
Ethiopia,Tigray,first_birth_under20,First birth <20,adverse,2024,51.89177808,1.93459197106156,48.1000474942166,55.6835086703386,4,11,Better half,53.0093431909091,25.06369518,62.99129611,-1.11756511090909,0.70734985188002
Ethiopia,Amhara,first_birth_under20,First birth <20,adverse,2024,52.14165477,1.93062567343231,48.3576979815811,55.9256115566926,5,11,Better half,53.0093431909091,25.06369518,62.99129611,-0.86768842090909,0.713938106445901
Ethiopia,Somali,first_birth_under20,First birth <20,adverse,2024,54.8335277,2.17667555012206,50.5673220125277,59.099733381064,6,11,Worse half,53.0093431909091,25.06369518,62.99129611,1.82418450909091,0.784912090140999
Ethiopia,Harari,first_birth_under20,First birth <20,adverse,2024,56.28709113,2.7774011086032,50.8434849830076,61.7306972699754,7,11,Worse half,53.0093431909091,25.06369518,62.99129611,3.27774793909091,0.823236777027542
Ethiopia,Oromia,first_birth_under20,First birth <20,adverse,2024,60.35503427,1.84062839425611,56.7474689063304,63.9625996296579,8,11,Worse half,53.0093431909091,25.06369518,62.99129611,7.34569107909091,0.930492259585162
Ethiopia,Benishangul,first_birth_under20,First birth <20,adverse,2024,61.27388503,2.28702259094507,56.7914031241563,65.7563669443199,9,11,Worst fifth,53.0093431909091,25.06369518,62.99129611,8.26454183909091,0.954718699894315
Ethiopia,Afar,first_birth_under20,First birth <20,adverse,2024,61.38020365,1.58871302406103,58.2663833380945,64.4940239559532,10,11,Worst fifth,53.0093431909091,25.06369518,62.99129611,8.37086045909091,0.957521899078893
Ethiopia,Gambela,first_birth_under20,First birth <20,adverse,2024,62.99129611,2.99759386676305,57.1161200939271,68.8664721321946,11,11,Worst fifth,53.0093431909091,25.06369518,62.99129611,9.98195291909091,1
Ethiopia,Addis Ababa,wasting,Wasting,adverse,2024,2.354158264,1.202993862,-0.003666379,4.711982906,1,11,Best fifth,6.446128751,2.354158264,13.72103265,-4.091970487,0
Ethiopia,Harari,wasting,Wasting,adverse,2024,2.649625748,1.136681197,0.42177154,4.877479957,2,11,Best fifth,6.446128751,2.354158264,13.72103265,-3.796503003,0.0259937317829352
Ethiopia,Oromia,wasting,Wasting,adverse,2024,3.860214346,0.918945033,2.059115177,5.661313515,3,11,Best fifth,6.446128751,2.354158264,13.72103265,-2.585914405,0.132495181248324
Ethiopia,Benishangul,wasting,Wasting,adverse,2024,4.157369547,0.94712924,2.301030348,6.013708747,4,11,Better half,6.446128751,2.354158264,13.72103265,-2.288759204,0.158637389819397
Ethiopia,SNNPR,wasting,Wasting,adverse,2024,4.174819533,0.672101078,2.857525627,5.49211344,5,11,Better half,6.446128751,2.354158264,13.72103265,-2.271309218,0.160172551149366
Ethiopia,Amhara,wasting,Wasting,adverse,2024,4.535431126,0.915450267,2.741181573,6.32968068,6,11,Worse half,6.446128751,2.354158264,13.72103265,-1.910697625,0.191897331485123
Ethiopia,Tigray,wasting,Wasting,adverse,2024,5.183301796,1.174217362,2.881878056,7.484725537,7,11,Worse half,6.446128751,2.354158264,13.72103265,-1.262826955,0.248893709557001
Ethiopia,Dire Dawa,wasting,Wasting,adverse,2024,6.842042901,1.80787819,3.298666761,10.38541904,8,11,Worse half,6.446128751,2.354158264,13.72103265,0.39591415,0.394821345305575
Ethiopia,Afar,wasting,Wasting,adverse,2024,10.5138072,1.362490655,7.843374587,13.18423981,9,11,Worst fifth,6.446128751,2.354158264,13.72103265,4.067678449,0.717844559455133
Ethiopia,Gambela,wasting,Wasting,adverse,2024,12.91561315,2.022320644,8.951937518,16.87928877,10,11,Worst fifth,6.446128751,2.354158264,13.72103265,6.469484399,0.929143274338283
Ethiopia,Somali,wasting,Wasting,adverse,2024,13.72103265,1.420254859,10.93738428,16.50468102,11,11,Worst fifth,6.446128751,2.354158264,13.72103265,7.274903899,1
Ethiopia,Addis Ababa,zero_dose,Zero-dose,adverse,2024,3.772074716,1.75752750674554,0.327384100963471,7.21676533108295,1,11,Best fifth,29.9581129832727,3.772074716,66.99703119,-26.1860382672727,0
Ethiopia,Tigray,zero_dose,Zero-dose,adverse,2024,10.43862645,2.24089342632691,6.04655604257002,14.8306968601566,2,11,Best fifth,29.9581129832727,3.772074716,66.99703119,-19.5194865332727,0.105441776567161
Ethiopia,Amhara,zero_dose,Zero-dose,adverse,2024,12.09403222,2.91007113498276,6.3903976066173,17.7976668406489,3,11,Best fifth,29.9581129832727,3.772074716,66.99703119,-17.8640807632727,0.131624566755095
Ethiopia,Harari,zero_dose,Zero-dose,adverse,2024,16.45890236,3.40158856987521,9.79191127166691,23.125893446024,4,11,Better half,29.9581129832727,3.772074716,66.99703119,-13.4992106232727,0.200661706255459
Ethiopia,Dire Dawa,zero_dose,Zero-dose,adverse,2024,23.52072896,4.36854097464599,14.9585459834244,32.0829119340117,5,11,Better half,29.9581129832727,3.772074716,66.99703119,-6.43738402327273,0.312355363219922
Ethiopia,SNNPR,zero_dose,Zero-dose,adverse,2024,29.27009719,2.34944320564293,24.6652731267965,33.8749212603614,6,11,Worse half,29.9581129832727,3.772074716,66.99703119,-0.688015793272726,0.403290470978585
Ethiopia,Gambela,zero_dose,Zero-dose,adverse,2024,33.0054701,5.22056640432956,22.7733479671533,43.2375922299247,7,11,Worse half,29.9581129832727,3.772074716,66.99703119,3.04735711672727,0.462371142889148
Ethiopia,Benishangul,zero_dose,Zero-dose,adverse,2024,40.8941287,7.0147447598127,27.1454816072522,54.6427757872001,8,11,Worse half,29.9581129832727,3.772074716,66.99703119,10.9360157167273,0.58714242056087
Ethiopia,Oromia,zero_dose,Zero-dose,adverse,2024,41.66457272,4.84184935624822,32.1747223642165,51.1544230778464,9,11,Worst fifth,29.9581129832727,3.772074716,66.99703119,11.7064597367273,0.599328178574271
Ethiopia,Afar,zero_dose,Zero-dose,adverse,2024,51.42357821,5.40625383696447,40.8275153969372,62.0196410204009,10,11,Worst fifth,29.9581129832727,3.772074716,66.99703119,21.4654652267273,0.753681871075637
Ethiopia,Somali,zero_dose,Zero-dose,adverse,2024,66.99703119,4.58645429059718,58.0077459679168,75.9863164205361,11,11,Worst fifth,29.9581129832727,3.772074716,66.99703119,37.0389182067273,1
Nigeria,Lagos,anc4plus,ANC4+,beneficial,2024,95.432872,1.901386,91.706223,99.159521,1,37,Best fifth,58.4871637567568,14.031834,95.432872,-36.9457082432433,0
Nigeria,Osun,anc4plus,ANC4+,beneficial,2024,91.974982,2.655644,86.770016,97.179948,2,37,Best fifth,58.4871637567568,14.031834,95.432872,-33.4878182432432,0.0424796794360289
Nigeria,Imo,anc4plus,ANC4+,beneficial,2024,84.932995,2.042584,80.929604,88.936385,3,37,Best fifth,58.4871637567568,14.031834,95.432872,-26.4458312432433,0.128989473082641
Nigeria,Anambra,anc4plus,ANC4+,beneficial,2024,84.858744,3.692502,77.621574,92.095914,4,37,Best fifth,58.4871637567568,14.031834,95.432872,-26.3715802432432,0.129901635898058
Nigeria,Cross River,anc4plus,ANC4+,beneficial,2024,79.987405,3.157941,73.797954,86.176856,5,37,Best fifth,58.4871637567568,14.031834,95.432872,-21.5002412432432,0.189745332240112
Nigeria,FCT Abuja,anc4plus,ANC4+,beneficial,2024,79.905067,3.393497,73.253934,86.5562,6,37,Best fifth,58.4871637567568,14.031834,95.432872,-21.4179032432432,0.190756842683013
Nigeria,Abia,anc4plus,ANC4+,beneficial,2024,79.05641,3.812215,71.584606,86.528213,7,37,Best fifth,58.4871637567568,14.031834,95.432872,-20.5692462432432,0.201182471407797
Nigeria,Rivers,anc4plus,ANC4+,beneficial,2024,76.477595,3.783049,69.062955,83.892234,8,37,Best fifth,58.4871637567568,14.031834,95.432872,-17.9904312432432,0.232862841380475
Nigeria,Oyo,anc4plus,ANC4+,beneficial,2024,73.775034,4.032655,65.871176,81.678892,9,37,Better half,58.4871637567568,14.031834,95.432872,-15.2878702432432,0.266063413098
Nigeria,Ogun,anc4plus,ANC4+,beneficial,2024,73.656235,3.627835,66.54581,80.76666,10,37,Better half,58.4871637567568,14.031834,95.432872,-15.1690712432432,0.267522841662044
Nigeria,Ekiti,anc4plus,ANC4+,beneficial,2024,68.589093,6.0634,56.705047,80.473138,11,37,Better half,58.4871637567568,14.031834,95.432872,-10.1019292432432,0.32977194959111
Nigeria,Ondo,anc4plus,ANC4+,beneficial,2024,66.281513,4.638294,57.190623,75.372403,12,37,Better half,58.4871637567568,14.031834,95.432872,-7.79434924324325,0.358120236746858
Nigeria,Nasarawa,anc4plus,ANC4+,beneficial,2024,65.953382,3.393401,59.302439,72.604325,13,37,Better half,58.4871637567568,14.031834,95.432872,-7.46621824324325,0.362151278709738
Nigeria,Akwa Ibom,anc4plus,ANC4+,beneficial,2024,65.724152,4.072382,57.74243,73.705874,14,37,Better half,58.4871637567568,14.031834,95.432872,-7.23698824324325,0.36496733616591
Nigeria,Edo,anc4plus,ANC4+,beneficial,2024,62.99775,4.280562,54.608003,71.387497,15,37,Better half,58.4871637567568,14.031834,95.432872,-4.51058624324325,0.398460791126521
Nigeria,Enugu,anc4plus,ANC4+,beneficial,2024,61.907756,4.752942,52.592162,71.22335,16,37,Better half,58.4871637567568,14.031834,95.432872,-3.42059224324324,0.411851210054594
Nigeria,Ebonyi,anc4plus,ANC4+,beneficial,2024,61.727962,4.692678,52.530483,70.925442,17,37,Better half,58.4871637567568,14.031834,95.432872,-3.24079824324324,0.414059953387818
Nigeria,Borno,anc4plus,ANC4+,beneficial,2024,61.103373,4.111647,53.044692,69.162053,18,37,Better half,58.4871637567568,14.031834,95.432872,-2.61620924324324,0.421732939081195
Nigeria,Delta,anc4plus,ANC4+,beneficial,2024,60.458586,4.270333,52.088888,68.828285,19,37,Worse half,58.4871637567568,14.031834,95.432872,-1.97142224324324,0.429654054288595
Nigeria,Kaduna,anc4plus,ANC4+,beneficial,2024,59.432276,4.338295,50.929374,67.935177,20,37,Worse half,58.4871637567568,14.031834,95.432872,-0.945112243243244,0.442262124470698
Nigeria,Adamawa,anc4plus,ANC4+,beneficial,2024,56.421333,4.809207,46.995462,65.847205,21,37,Worse half,58.4871637567568,14.031834,95.432872,2.06583075675676,0.479251124537257
Nigeria,Kogi,anc4plus,ANC4+,beneficial,2024,54.10791,5.114843,44.083002,64.132818,22,37,Worse half,58.4871637567568,14.031834,95.432872,4.37925375675676,0.507671192104455
Nigeria,Kwara,anc4plus,ANC4+,beneficial,2024,51.302839,7.882414,35.853592,66.752086,23,37,Worse half,58.4871637567568,14.031834,95.432872,7.18432475675676,0.542131084372659
Nigeria,Kano,anc4plus,ANC4+,beneficial,2024,51.261443,3.330648,44.733493,57.789394,24,37,Worse half,58.4871637567568,14.031834,95.432872,7.22572075675676,0.542639628256338
Nigeria,Taraba,anc4plus,ANC4+,beneficial,2024,50.546595,5.199923,40.354934,60.738257,25,37,Worse half,58.4871637567568,14.031834,95.432872,7.94056875675675,0.551421432734064
Nigeria,Benue,anc4plus,ANC4+,beneficial,2024,49.128425,4.578292,40.155137,58.101713,26,37,Worse half,58.4871637567568,14.031834,95.432872,9.35873875675676,0.568843446443521
Nigeria,Bayelsa,anc4plus,ANC4+,beneficial,2024,48.615939,6.982816,34.929871,62.302006,27,37,Worse half,58.4871637567568,14.031834,95.432872,9.87122475675676,0.575139262966155
Nigeria,Yobe,anc4plus,ANC4+,beneficial,2024,48.495499,2.892871,42.825577,54.165422,28,37,Worse half,58.4871637567568,14.031834,95.432872,9.99166475675676,0.576618850978289
Nigeria,Bauchi,anc4plus,ANC4+,beneficial,2024,46.602332,4.895231,37.007856,56.196807,29,37,Worse half,58.4871637567568,14.031834,95.432872,11.8848317567568,0.599876134257649
Nigeria,Plateau,anc4plus,ANC4+,beneficial,2024,46.436564,4.494361,37.627778,55.245349,30,37,Worst fifth,58.4871637567568,14.031834,95.432872,12.0505997567568,0.6019125702058
Nigeria,Gombe,anc4plus,ANC4+,beneficial,2024,39.103663,5.126891,29.055141,49.152186,31,37,Worst fifth,58.4871637567568,14.031834,95.432872,19.3835007567568,0.691996200343293
Nigeria,Jigawa,anc4plus,ANC4+,beneficial,2024,37.660619,2.826926,32.119945,43.201293,32,37,Worst fifth,58.4871637567568,14.031834,95.432872,20.8265447567568,0.709723787551702
Nigeria,Katsina,anc4plus,ANC4+,beneficial,2024,37.178724,4.488321,28.381776,45.975671,33,37,Worst fifth,58.4871637567568,14.031834,95.432872,21.3084397567568,0.715643798055745
Nigeria,Niger,anc4plus,ANC4+,beneficial,2024,34.69295,4.718987,25.443904,43.941995,34,37,Worst fifth,58.4871637567568,14.031834,95.432872,23.7942137567568,0.746181172775708
Nigeria,Sokoto,anc4plus,ANC4+,beneficial,2024,22.747631,4.286488,14.346268,31.148993,35,37,Worst fifth,58.4871637567568,14.031834,95.432872,35.7395327567568,0.89292769215056
Nigeria,Zamfara,anc4plus,ANC4+,beneficial,2024,21.457577,4.627795,12.387266,30.527888,36,37,Worst fifth,58.4871637567568,14.031834,95.432872,37.0295867567568,0.908775819296064
Nigeria,Kebbi,anc4plus,ANC4+,beneficial,2024,14.031834,2.128107,9.86082,18.202848,37,37,Worst fifth,58.4871637567568,14.031834,95.432872,44.4553297567568,1
Nigeria,Kebbi,anemia_women,"Anemia, women",adverse,2024,20.08032564,2.042293875,16.0775032,24.08314808,1,37,Best fifth,42.8281536021622,20.08032564,71.68532422,-22.7478279621622,0
Nigeria,Plateau,anemia_women,"Anemia, women",adverse,2024,23.72343165,2.900756021,18.03805432,29.40880898,2,37,Best fifth,42.8281536021622,20.08032564,71.68532422,-19.1047219521622,0.0705959908971283
Nigeria,Kaduna,anemia_women,"Anemia, women",adverse,2024,26.11484997,2.169731411,21.86225455,30.36744539,3,37,Best fifth,42.8281536021622,20.08032564,71.68532422,-16.7133036321622,0.11693681806124
Nigeria,Benue,anemia_women,"Anemia, women",adverse,2024,26.74018447,2.469545504,21.89996422,31.58040472,4,37,Best fifth,42.8281536021622,20.08032564,71.68532422,-16.0879691321622,0.129054529856747
Nigeria,FCT Abuja,anemia_women,"Anemia, women",adverse,2024,29.82901728,2.935745508,24.07506182,35.58297274,5,37,Best fifth,42.8281536021622,20.08032564,71.68532422,-12.9991363221622,0.188909832540489
Nigeria,Nasarawa,anemia_women,"Anemia, women",adverse,2024,31.06414698,3.016117404,25.15266549,36.97562846,6,37,Best fifth,42.8281536021622,20.08032564,71.68532422,-11.7640066221622,0.212844136076711
Nigeria,Kano,anemia_women,"Anemia, women",adverse,2024,33.46541688,2.438222648,28.6865883,38.24424545,7,37,Best fifth,42.8281536021622,20.08032564,71.68532422,-9.36273672216216,0.259375866840688
Nigeria,Delta,anemia_women,"Anemia, women",adverse,2024,35.82449551,2.795708227,30.34500807,41.30398294,8,37,Best fifth,42.8281536021622,20.08032564,71.68532422,-7.00365809216216,0.305090016533821
Nigeria,Yobe,anemia_women,"Anemia, women",adverse,2024,37.25458425,2.961842129,31.44948034,43.05968815,9,37,Better half,42.8281536021622,20.08032564,71.68532422,-5.57356935216216,0.33280223006645
Nigeria,Osun,anemia_women,"Anemia, women",adverse,2024,37.61204694,3.382606426,30.98226017,44.24183371,10,37,Better half,42.8281536021622,20.08032564,71.68532422,-5.21610666216216,0.339729130557414
Nigeria,Oyo,anemia_women,"Anemia, women",adverse,2024,38.2913686,2.534709039,33.32343017,43.25930702,11,37,Better half,42.8281536021622,20.08032564,71.68532422,-4.53678500216216,0.352893003800176
Nigeria,Cross River,anemia_women,"Anemia, women",adverse,2024,38.5152347,3.562492678,31.53287736,45.49759205,12,37,Better half,42.8281536021622,20.08032564,71.68532422,-4.31291890216216,0.357231073874007
Nigeria,Gombe,anemia_women,"Anemia, women",adverse,2024,38.6254518,2.987074992,32.7708924,44.48001121,13,37,Better half,42.8281536021622,20.08032564,71.68532422,-4.20270180216216,0.359366857287103
Nigeria,Zamfara,anemia_women,"Anemia, women",adverse,2024,39.06831555,4.190080378,30.85590892,47.28072219,14,37,Better half,42.8281536021622,20.08032564,71.68532422,-3.75983805216216,0.367948656767505
Nigeria,Borno,anemia_women,"Anemia, women",adverse,2024,39.09120376,2.655796885,33.88593752,44.29647001,15,37,Better half,42.8281536021622,20.08032564,71.68532422,-3.73694984216216,0.368392183763529
Nigeria,Niger,anemia_women,"Anemia, women",adverse,2024,40.03126674,3.7372628,32.70636625,47.35616723,16,37,Better half,42.8281536021622,20.08032564,71.68532422,-2.79688686216216,0.386608693905326
Nigeria,Imo,anemia_women,"Anemia, women",adverse,2024,40.12632595,3.141126428,33.96983128,46.28282062,17,37,Better half,42.8281536021622,20.08032564,71.68532422,-2.70182765216216,0.388450748214322
Nigeria,Taraba,anemia_women,"Anemia, women",adverse,2024,40.33693676,3.943062286,32.60867669,48.06519683,18,37,Better half,42.8281536021622,20.08032564,71.68532422,-2.49121684216216,0.392531957705559
Nigeria,Ekiti,anemia_women,"Anemia, women",adverse,2024,40.40354179,4.304537792,31.96680275,48.84028084,19,37,Worse half,42.8281536021622,20.08032564,71.68532422,-2.42461181216216,0.393822627831182
Nigeria,Ogun,anemia_women,"Anemia, women",adverse,2024,41.67780639,3.258856117,35.29056577,48.06504701,20,37,Worse half,42.8281536021622,20.08032564,71.68532422,-1.15034721216216,0.418515286198851
Nigeria,Kogi,anemia_women,"Anemia, women",adverse,2024,43.47425178,3.34582614,36.91655304,50.03195051,21,37,Worse half,42.8281536021622,20.08032564,71.68532422,0.646098177837843,0.453326747092801
Nigeria,Adamawa,anemia_women,"Anemia, women",adverse,2024,44.23647588,3.406562642,37.55973579,50.91321597,22,37,Worse half,42.8281536021622,20.08032564,71.68532422,1.40832227783784,0.468097101147135
Nigeria,Ondo,anemia_women,"Anemia, women",adverse,2024,45.22823992,4.574910176,36.26158074,54.1948991,23,37,Worse half,42.8281536021622,20.08032564,71.68532422,2.40008631783784,0.487315472764034
Nigeria,Lagos,anemia_women,"Anemia, women",adverse,2024,46.30045303,3.686721882,39.07461092,53.52629514,24,37,Worse half,42.8281536021622,20.08032564,71.68532422,3.47229942783784,0.508092783867682
Nigeria,Bauchi,anemia_women,"Anemia, women",adverse,2024,46.67997221,5.091405613,36.70100058,56.65894384,25,37,Worse half,42.8281536021622,20.08032564,71.68532422,3.85181860783784,0.515447094311305
Nigeria,Bayelsa,anemia_women,"Anemia, women",adverse,2024,47.70077996,2.936705709,41.94494254,53.45661738,26,37,Worse half,42.8281536021622,20.08032564,71.68532422,4.87262635783784,0.535228274004925
Nigeria,Enugu,anemia_women,"Anemia, women",adverse,2024,47.76113895,2.776790262,42.31873004,53.20354785,27,37,Worse half,42.8281536021622,20.08032564,71.68532422,4.93298534783784,0.536397908568647
Nigeria,Jigawa,anemia_women,"Anemia, women",adverse,2024,48.83952536,2.876290897,43.20209879,54.47695192,28,37,Worse half,42.8281536021622,20.08032564,71.68532422,6.01137175783784,0.557294845680819
Nigeria,Rivers,anemia_women,"Anemia, women",adverse,2024,49.74679356,2.423386301,44.99704369,54.49654343,29,37,Worse half,42.8281536021622,20.08032564,71.68532422,6.91863995783784,0.574875859632278
Nigeria,Edo,anemia_women,"Anemia, women",adverse,2024,50.81819356,3.000715585,44.93689909,56.69948804,30,37,Worst fifth,42.8281536021622,20.08032564,71.68532422,7.99003995783784,0.595637414316542
Nigeria,Anambra,anemia_women,"Anemia, women",adverse,2024,52.27675929,4.128479216,44.18508872,60.36842987,31,37,Worst fifth,42.8281536021622,20.08032564,71.68532422,9.44860568783784,0.623901454043989
Nigeria,Katsina,anemia_women,"Anemia, women",adverse,2024,52.36303215,3.813292486,44.88911621,59.83694808,32,37,Worst fifth,42.8281536021622,20.08032564,71.68532422,9.53487854783784,0.625573246745742
Nigeria,Akwa Ibom,anemia_women,"Anemia, women",adverse,2024,55.52269926,3.016878508,49.60972604,61.43567248,33,37,Worst fifth,42.8281536021622,20.08032564,71.68532422,12.6945456578378,0.686801174212919
Nigeria,Kwara,anemia_women,"Anemia, women",adverse,2024,55.82042091,3.160711475,49.62554025,62.01530157,34,37,Worst fifth,42.8281536021622,20.08032564,71.68532422,12.9922673078378,0.692570414755353
Nigeria,Abia,anemia_women,"Anemia, women",adverse,2024,64.03379026,3.639001412,56.90147856,71.16610197,35,37,Worst fifth,42.8281536021622,20.08032564,71.68532422,21.2056366578378,0.85172882142147
Nigeria,Sokoto,anemia_women,"Anemia, women",adverse,2024,64.27788137,2.413298525,59.54790318,69.00785957,36,37,Worst fifth,42.8281536021622,20.08032564,71.68532422,21.4497277678378,0.856458811087521
Nigeria,Ebonyi,anemia_women,"Anemia, women",adverse,2024,71.68532422,2.519925477,66.74636104,76.6242874,37,37,Worst fifth,42.8281536021622,20.08032564,71.68532422,28.8571706178378,1
Nigeria,Imo,facility_delivery,Facility delivery,beneficial,2024,97.026071,1.042056,94.983679,99.068463,1,37,Best fifth,55.6341671081081,8.843813,97.026071,-41.3919038918919,0
Nigeria,Enugu,facility_delivery,Facility delivery,beneficial,2024,92.587143,2.235517,88.205609,96.968676,2,37,Best fifth,55.6341671081081,8.843813,97.026071,-36.9529758918919,0.0503381076950877
Nigeria,Edo,facility_delivery,Facility delivery,beneficial,2024,90.920718,2.325872,86.362094,95.479343,3,37,Best fifth,55.6341671081081,8.843813,97.026071,-35.2865508918919,0.0692356165341106
Nigeria,Osun,facility_delivery,Facility delivery,beneficial,2024,86.672552,3.17767,80.444434,92.90067,4,37,Best fifth,55.6341671081081,8.843813,97.026071,-31.0383848918919,0.117410454606413
Nigeria,Abia,facility_delivery,Facility delivery,beneficial,2024,85.956188,3.704615,78.695276,93.2171,5,37,Best fifth,55.6341671081081,8.843813,97.026071,-30.3220208918919,0.125534129552455
Nigeria,Lagos,facility_delivery,Facility delivery,beneficial,2024,85.844276,4.986066,76.071767,95.616786,6,37,Best fifth,55.6341671081081,8.843813,97.026071,-30.2101088918919,0.1268032283773
Nigeria,Ogun,facility_delivery,Facility delivery,beneficial,2024,83.329697,3.197899,77.061931,89.597463,7,37,Best fifth,55.6341671081081,8.843813,97.026071,-27.6955298918919,0.155318930481458
Nigeria,Anambra,facility_delivery,Facility delivery,beneficial,2024,83.24692,3.447872,76.489215,90.004624,8,37,Best fifth,55.6341671081081,8.843813,97.026071,-27.6127528918919,0.156257634046976
Nigeria,Ondo,facility_delivery,Facility delivery,beneficial,2024,83.187846,4.382165,74.59896,91.776731,9,37,Better half,55.6341671081081,8.843813,97.026071,-27.5536788918919,0.15692754204593
Nigeria,Delta,facility_delivery,Facility delivery,beneficial,2024,82.982899,5.174832,72.840416,93.125383,10,37,Better half,55.6341671081081,8.843813,97.026071,-27.3487318918919,0.159251671691147
Nigeria,Ekiti,facility_delivery,Facility delivery,beneficial,2024,81.658578,2.79933,76.171992,87.145164,11,37,Better half,55.6341671081081,8.843813,97.026071,-26.0244108918919,0.174269669982821
Nigeria,FCT Abuja,facility_delivery,Facility delivery,beneficial,2024,81.334621,5.472685,70.608356,92.060886,12,37,Better half,55.6341671081081,8.843813,97.026071,-25.7004538918919,0.177943390834923
Nigeria,Ebonyi,facility_delivery,Facility delivery,beneficial,2024,79.367592,3.471276,72.564016,86.171167,13,37,Better half,55.6341671081081,8.843813,97.026071,-23.7334248918919,0.200249794011852
Nigeria,Oyo,facility_delivery,Facility delivery,beneficial,2024,75.027198,3.8995,67.384318,82.670078,14,37,Better half,55.6341671081081,8.843813,97.026071,-19.3930308918919,0.249470511403779
Nigeria,Kogi,facility_delivery,Facility delivery,beneficial,2024,62.161529,4.747924,52.855769,71.467288,15,37,Better half,55.6341671081081,8.843813,97.026071,-6.52736189189189,0.395369122890911
Nigeria,Benue,facility_delivery,Facility delivery,beneficial,2024,59.046486,5.43247,48.399041,69.69393,16,37,Better half,55.6341671081081,8.843813,97.026071,-3.41231889189189,0.43069417659956
Nigeria,Cross River,facility_delivery,Facility delivery,beneficial,2024,58.834953,5.576589,47.905039,69.764868,17,37,Better half,55.6341671081081,8.843813,97.026071,-3.20078589189189,0.433092992470209
Nigeria,Rivers,facility_delivery,Facility delivery,beneficial,2024,56.884896,5.613115,45.883393,67.886399,18,37,Better half,55.6341671081081,8.843813,97.026071,-1.25072889189189,0.455206930627701
Nigeria,Nasarawa,facility_delivery,Facility delivery,beneficial,2024,55.708749,5.033576,45.843122,65.574375,19,37,Worse half,55.6341671081081,8.843813,97.026071,-0.0745818918918886,0.468544613588824
Nigeria,Kwara,facility_delivery,Facility delivery,beneficial,2024,51.497966,8.196374,35.433368,67.562564,20,37,Worse half,55.6341671081081,8.843813,97.026071,4.13620110810811,0.516295522847691
Nigeria,Gombe,facility_delivery,Facility delivery,beneficial,2024,48.530973,5.339848,38.065063,58.996882,21,37,Worse half,55.6341671081081,8.843813,97.026071,7.10319410810811,0.549941667404343
Nigeria,Bayelsa,facility_delivery,Facility delivery,beneficial,2024,46.117097,7.780099,30.868384,61.365811,22,37,Worse half,55.6341671081081,8.843813,97.026071,9.51707010810811,0.577315382420804
Nigeria,Borno,facility_delivery,Facility delivery,beneficial,2024,45.915765,5.754784,34.636595,57.194935,23,37,Worse half,55.6341671081081,8.843813,97.026071,9.71840210810811,0.579598517425127
Nigeria,Plateau,facility_delivery,Facility delivery,beneficial,2024,45.687297,5.676341,34.561873,56.812721,24,37,Worse half,55.6341671081081,8.843813,97.026071,9.94687010810811,0.582189378729676
Nigeria,Adamawa,facility_delivery,Facility delivery,beneficial,2024,41.579381,5.252174,31.285308,51.873453,25,37,Worse half,55.6341671081081,8.843813,97.026071,14.0547861081081,0.628773760817057
Nigeria,Akwa Ibom,facility_delivery,Facility delivery,beneficial,2024,38.588981,5.110384,28.572812,48.605151,26,37,Worse half,55.6341671081081,8.843813,97.026071,17.0451861081081,0.662685344255984
Nigeria,Taraba,facility_delivery,Facility delivery,beneficial,2024,33.001944,5.545304,22.133348,43.870539,27,37,Worse half,55.6341671081081,8.843813,97.026071,22.6322231081081,0.726043179797006
Nigeria,Kano,facility_delivery,Facility delivery,beneficial,2024,32.673853,2.891535,27.006549,38.341156,28,37,Worse half,55.6341671081081,8.843813,97.026071,22.9603141081081,0.729763780827658
Nigeria,Yobe,facility_delivery,Facility delivery,beneficial,2024,32.082441,3.213104,25.784874,38.380008,29,37,Worse half,55.6341671081081,8.843813,97.026071,23.5517261081081,0.736470481397743
Nigeria,Bauchi,facility_delivery,Facility delivery,beneficial,2024,31.142297,3.239342,24.793303,37.491291,30,37,Worst fifth,55.6341671081081,8.843813,97.026071,24.4918701081081,0.747131855026892
Nigeria,Niger,facility_delivery,Facility delivery,beneficial,2024,30.184659,4.143666,22.063223,38.306095,31,37,Worst fifth,55.6341671081081,8.843813,97.026071,25.4495081081081,0.757991613233583
Nigeria,Kaduna,facility_delivery,Facility delivery,beneficial,2024,25.859501,4.297865,17.435841,34.283161,32,37,Worst fifth,55.6341671081081,8.843813,97.026071,29.7746661081081,0.807039552105822
Nigeria,Jigawa,facility_delivery,Facility delivery,beneficial,2024,21.405216,2.564674,16.378548,26.431884,33,37,Worst fifth,55.6341671081081,8.843813,97.026071,34.2289511081081,0.857551810478702
Nigeria,Katsina,facility_delivery,Facility delivery,beneficial,2024,15.80346,2.45499,10.991767,20.615152,34,37,Worst fifth,55.6341671081081,8.843813,97.026071,39.8307071081081,0.921076561682056
Nigeria,Zamfara,facility_delivery,Facility delivery,beneficial,2024,15.314362,4.175571,7.130393,23.49833,35,37,Worst fifth,55.6341671081081,8.843813,97.026071,40.3198051081081,0.926623006183398
Nigeria,Sokoto,facility_delivery,Facility delivery,beneficial,2024,12.456265,3.077848,6.423795,18.488736,36,37,Worst fifth,55.6341671081081,8.843813,97.026071,43.1779021081081,0.959034253806474
Nigeria,Kebbi,facility_delivery,Facility delivery,beneficial,2024,8.843813,1.414773,6.07091,11.616717,37,37,Worst fifth,55.6341671081081,8.843813,97.026071,46.7903541081081,1
Nigeria,Imo,fever_care_seeking,Fever care-seeking,beneficial,2024,91.521115,2.008576,87.584379,95.457851,1,37,Best fifth,65.4574417567568,38.603106,91.521115,-26.0636732432432,0
Nigeria,Anambra,fever_care_seeking,Fever care-seeking,beneficial,2024,88.41948,3.724898,81.118814,95.720146,2,37,Best fifth,65.4574417567568,38.603106,91.521115,-22.9620382432432,0.0586120879944671
Nigeria,FCT Abuja,fever_care_seeking,Fever care-seeking,beneficial,2024,88.242503,3.688251,81.013664,95.471343,3,37,Best fifth,65.4574417567568,38.603106,91.521115,-22.7850612432433,0.0619564504023573
Nigeria,Gombe,fever_care_seeking,Fever care-seeking,beneficial,2024,83.810327,2.574135,78.765116,88.855538,4,37,Best fifth,65.4574417567568,38.603106,91.521115,-18.3528852432433,0.145711982474624
Nigeria,Cross River,fever_care_seeking,Fever care-seeking,beneficial,2024,83.384644,5.736548,72.141216,94.628072,5,37,Best fifth,65.4574417567568,38.603106,91.521115,-17.9272022432432,0.153756181567602
Nigeria,Lagos,fever_care_seeking,Fever care-seeking,beneficial,2024,81.480825,7.306596,67.160159,95.80149,6,37,Best fifth,65.4574417567568,38.603106,91.521115,-16.0233832432432,0.189732950837209
Nigeria,Ogun,fever_care_seeking,Fever care-seeking,beneficial,2024,79.949113,5.412161,69.341472,90.556755,7,37,Best fifth,65.4574417567568,38.603106,91.521115,-14.4916712432432,0.218677955174013
Nigeria,Nasarawa,fever_care_seeking,Fever care-seeking,beneficial,2024,72.818953,4.824383,63.363336,82.27457,8,37,Best fifth,65.4574417567568,38.603106,91.521115,-7.36151124324324,0.353417718342351
Nigeria,Bayelsa,fever_care_seeking,Fever care-seeking,beneficial,2024,71.31183,4.806375,61.891509,80.732152,9,37,Better half,65.4574417567568,38.603106,91.521115,-5.85438824324325,0.38189806045046
Nigeria,Adamawa,fever_care_seeking,Fever care-seeking,beneficial,2024,70.305299,5.807695,58.922425,81.688173,10,37,Better half,65.4574417567568,38.603106,91.521115,-4.84785724324325,0.400918636224579
Nigeria,Akwa Ibom,fever_care_seeking,Fever care-seeking,beneficial,2024,70.056854,5.91152,58.470488,81.643219,11,37,Better half,65.4574417567568,38.603106,91.521115,-4.59941224324325,0.405613540751316
Nigeria,Borno,fever_care_seeking,Fever care-seeking,beneficial,2024,69.901994,5.92993,58.279545,81.524444,12,37,Better half,65.4574417567568,38.603106,91.521115,-4.44455224324325,0.408539954706157
Nigeria,Jigawa,fever_care_seeking,Fever care-seeking,beneficial,2024,69.456826,4.93566,59.78311,79.130541,13,37,Better half,65.4574417567568,38.603106,91.521115,-3.99938424324326,0.41695236493119
Nigeria,Osun,fever_care_seeking,Fever care-seeking,beneficial,2024,69.141468,9.763022,50.006297,88.27664,14,37,Better half,65.4574417567568,38.603106,91.521115,-3.68402624324325,0.422911735020114
Nigeria,Kwara,fever_care_seeking,Fever care-seeking,beneficial,2024,68.005494,12.034188,44.41892,91.592069,15,37,Better half,65.4574417567568,38.603106,91.521115,-2.54805224324325,0.444378415673197
Nigeria,Zamfara,fever_care_seeking,Fever care-seeking,beneficial,2024,67.853352,8.595555,51.006374,84.700329,16,37,Better half,65.4574417567568,38.603106,91.521115,-2.39591024324325,0.447253467151419
Nigeria,Benue,fever_care_seeking,Fever care-seeking,beneficial,2024,67.178773,11.985473,43.687677,90.66987,17,37,Better half,65.4574417567568,38.603106,91.521115,-1.72133124324326,0.460001093389587
Nigeria,Kogi,fever_care_seeking,Fever care-seeking,beneficial,2024,66.707402,4.839692,57.22178,76.193024,18,37,Better half,65.4574417567568,38.603106,91.521115,-1.24996024324325,0.468908665857024
Nigeria,Delta,fever_care_seeking,Fever care-seeking,beneficial,2024,65.252366,7.977935,49.6159,80.888832,19,37,Worse half,65.4574417567568,38.603106,91.521115,0.205075756756756,0.496404711673865
Nigeria,Ondo,fever_care_seeking,Fever care-seeking,beneficial,2024,65.15844,11.44138,42.733748,87.583133,20,37,Worse half,65.4574417567568,38.603106,91.521115,0.299001756756752,0.498179646176786
Nigeria,Niger,fever_care_seeking,Fever care-seeking,beneficial,2024,64.979575,6.0688,53.084945,76.874206,21,37,Worse half,65.4574417567568,38.603106,91.521115,0.477866756756754,0.501559686419797
Nigeria,Oyo,fever_care_seeking,Fever care-seeking,beneficial,2024,63.467586,9.029683,45.769733,81.165439,22,37,Worse half,65.4574417567568,38.603106,91.521115,1.98985575675675,0.530131982100838
Nigeria,Yobe,fever_care_seeking,Fever care-seeking,beneficial,2024,62.122155,4.476358,53.348655,70.895655,23,37,Worse half,65.4574417567568,38.603106,91.521115,3.33528675675675,0.555556804867696
Nigeria,Ekiti,fever_care_seeking,Fever care-seeking,beneficial,2024,61.840265,10.096069,42.052333,81.628198,24,37,Worse half,65.4574417567568,38.603106,91.521115,3.61717675675675,0.560883724858205
Nigeria,Abia,fever_care_seeking,Fever care-seeking,beneficial,2024,60.588801,5.43343,49.939473,71.238129,25,37,Worse half,65.4574417567568,38.603106,91.521115,4.86864075675675,0.584532838338646
Nigeria,Edo,fever_care_seeking,Fever care-seeking,beneficial,2024,59.138604,6.878038,45.657896,72.619311,26,37,Worse half,65.4574417567568,38.603106,91.521115,6.31883775675675,0.611937440805832
Nigeria,Sokoto,fever_care_seeking,Fever care-seeking,beneficial,2024,59.118744,9.739945,40.028803,78.208686,27,37,Worse half,65.4574417567568,38.603106,91.521115,6.33869775675675,0.6123127383723
Nigeria,Rivers,fever_care_seeking,Fever care-seeking,beneficial,2024,58.384398,7.706684,43.279575,73.489222,28,37,Worse half,65.4574417567568,38.603106,91.521115,7.07304375675675,0.626189791078497
Nigeria,Kaduna,fever_care_seeking,Fever care-seeking,beneficial,2024,58.035336,3.501981,51.171579,64.899093,29,37,Worse half,65.4574417567568,38.603106,91.521115,7.42210575675675,0.632786070995226
Nigeria,Katsina,fever_care_seeking,Fever care-seeking,beneficial,2024,56.315834,4.665027,47.172549,65.459119,30,37,Worst fifth,65.4574417567568,38.603106,91.521115,9.14160775675675,0.665279772714049
Nigeria,Taraba,fever_care_seeking,Fever care-seeking,beneficial,2024,56.12855,6.429787,43.5264,68.7307,31,37,Worst fifth,65.4574417567568,38.603106,91.521115,9.32889175675675,0.668818908133902
Nigeria,Plateau,fever_care_seeking,Fever care-seeking,beneficial,2024,54.335655,6.117205,42.346153,66.325157,32,37,Worst fifth,65.4574417567568,38.603106,91.521115,11.1217867567567,0.702699529001554
Nigeria,Enugu,fever_care_seeking,Fever care-seeking,beneficial,2024,52.717287,9.165875,34.752503,70.682072,33,37,Worst fifth,65.4574417567568,38.603106,91.521115,12.7401547567568,0.733282085499475
Nigeria,Kano,fever_care_seeking,Fever care-seeking,beneficial,2024,45.078199,3.007371,39.18386,50.972538,34,37,Worst fifth,65.4574417567568,38.603106,91.521115,20.3792427567568,0.877639141714496
Nigeria,Kebbi,fever_care_seeking,Fever care-seeking,beneficial,2024,41.447545,6.208956,29.278215,53.616874,35,37,Worst fifth,65.4574417567568,38.603106,91.521115,24.0098967567568,0.946248185565712
Nigeria,Ebonyi,fever_care_seeking,Fever care-seeking,beneficial,2024,39.666647,5.671417,28.550875,50.78242,36,37,Worst fifth,65.4574417567568,38.603106,91.521115,25.7907947567568,0.97990209722365
Nigeria,Bauchi,fever_care_seeking,Fever care-seeking,beneficial,2024,38.603106,6.072733,26.700768,50.505445,37,37,Worst fifth,65.4574417567568,38.603106,91.521115,26.8543357567568,1
Nigeria,Lagos,first_birth_under20,First birth <20,adverse,2024,15.24291624,2.10102074248446,11.124991256674,19.3608412287563,1,37,Best fifth,43.8860012445946,15.24291624,69.22620392,-28.6430850045946,0
Nigeria,Abia,first_birth_under20,First birth <20,adverse,2024,16.36148001,1.88520279391471,12.6665504276091,20.0564095868633,2,37,Best fifth,43.8860012445946,15.24291624,69.22620392,-27.5245212345946,0.0207205566402435
Nigeria,Imo,first_birth_under20,First birth <20,adverse,2024,17.9399906,1.81312064661607,14.3863394327818,21.4936417667688,3,37,Best fifth,43.8860012445946,15.24291624,69.22620392,-25.9460106445946,0.0499612838696971
Nigeria,Anambra,first_birth_under20,First birth <20,adverse,2024,21.48852753,1.93910136977492,17.6879586878086,25.2890963820709,4,37,Best fifth,43.8860012445946,15.24291624,69.22620392,-22.3974737145946,0.115695274563907
Nigeria,Osun,first_birth_under20,First birth <20,adverse,2024,22.12313825,2.20243557331481,17.8064438520675,26.4398326560012,5,37,Best fifth,43.8860012445946,15.24291624,69.22620392,-21.7628629945946,0.127450963171867
Nigeria,Edo,first_birth_under20,First birth <20,adverse,2024,23.07430374,2.47780882497618,18.2178876840283,27.930719799086,6,37,Best fifth,43.8860012445946,15.24291624,69.22620392,-20.8116975045946,0.145070591965843
Nigeria,Oyo,first_birth_under20,First birth <20,adverse,2024,24.22779915,1.71504071531363,20.8663811113727,27.5892171794418,7,37,Best fifth,43.8860012445946,15.24291624,69.22620392,-19.6582020945946,0.16643823109219
Nigeria,Ogun,first_birth_under20,First birth <20,adverse,2024,24.37110376,2.19918290210688,20.0607844764351,28.6814230435267,8,37,Best fifth,43.8860012445946,15.24291624,69.22620392,-19.5148974845946,0.169092841734829
Nigeria,Enugu,first_birth_under20,First birth <20,adverse,2024,30.74329616,2.61695791728996,25.6141528882212,35.8724394221118,9,37,Better half,43.8860012445946,15.24291624,69.22620392,-13.1427050845946,0.287132936620729
Nigeria,Ondo,first_birth_under20,First birth <20,adverse,2024,30.93518784,2.71274876559957,25.6182979582491,36.2520777176104,10,37,Better half,43.8860012445946,15.24291624,69.22620392,-12.9508134045946,0.290687586369693
Nigeria,Ekiti,first_birth_under20,First birth <20,adverse,2024,31.13050132,3.0405554268265,25.171122188324,37.0898804474795,11,37,Better half,43.8860012445946,15.24291624,69.22620392,-12.7554999245946,0.294305622402581
Nigeria,FCT Abuja,first_birth_under20,First birth <20,adverse,2024,31.39053496,2.99184462774306,25.5266272445497,37.2544426799818,12,37,Better half,43.8860012445946,15.24291624,69.22620392,-12.4954662845946,0.29912255095909
Nigeria,Delta,first_birth_under20,First birth <20,adverse,2024,31.44268471,2.74206402170449,26.0683379862909,36.8170314379786,13,37,Better half,43.8860012445946,15.24291624,69.22620392,-12.4433165345946,0.300088586045895
Nigeria,Kwara,first_birth_under20,First birth <20,adverse,2024,32.93797251,2.7229067431853,27.6011733642708,38.2747716640797,14,37,Better half,43.8860012445946,15.24291624,69.22620392,-10.9480287345946,0.327787673379437
Nigeria,Rivers,first_birth_under20,First birth <20,adverse,2024,33.29042452,2.34918992980027,28.6860968671642,37.8947521776697,15,37,Better half,43.8860012445946,15.24291624,69.22620392,-10.5955767245946,0.334316583068844
Nigeria,Cross River,first_birth_under20,First birth <20,adverse,2024,35.76983241,2.35962881315547,31.1450449223938,40.3946199037292,16,37,Better half,43.8860012445946,15.24291624,69.22620392,-8.1161688345946,0.380245758496197
Nigeria,Ebonyi,first_birth_under20,First birth <20,adverse,2024,39.12518893,2.52816123651515,34.1700839562016,44.0802938975615,17,37,Better half,43.8860012445946,15.24291624,69.22620392,-4.7608123145946,0.442401226682754
Nigeria,Kogi,first_birth_under20,First birth <20,adverse,2024,46.7375006,3.72107477638135,39.4443280509669,54.0306731419427,18,37,Better half,43.8860012445946,15.24291624,69.22620392,2.8514993554054,0.583413602867101
Nigeria,Akwa Ibom,first_birth_under20,First birth <20,adverse,2024,46.94275336,2.68307489312967,41.6840232011963,52.2014835179119,19,37,Worse half,43.8860012445946,15.24291624,69.22620392,3.0567521154054,0.587215756622847
Nigeria,Bayelsa,first_birth_under20,First birth <20,adverse,2024,48.08737855,4.03736483987943,40.174288876219,56.000468233443,20,37,Worse half,43.8860012445946,15.24291624,69.22620392,4.2013773054054,0.608419081562689
Nigeria,Benue,first_birth_under20,First birth <20,adverse,2024,48.97661086,2.61578059120794,43.8497751048717,54.1034466053246,21,37,Worse half,43.8860012445946,15.24291624,69.22620392,5.09060961540541,0.624891444551604
Nigeria,Nasarawa,first_birth_under20,First birth <20,adverse,2024,49.56148142,3.14692756943046,43.3936167220972,55.7293461181769,22,37,Worse half,43.8860012445946,15.24291624,69.22620392,5.6754801754054,0.635725733924029
Nigeria,Plateau,first_birth_under20,First birth <20,adverse,2024,50.38827938,2.91604232291126,44.6729414478589,56.1036173084601,23,37,Worse half,43.8860012445946,15.24291624,69.22620392,6.50227813540541,0.651041547308739
Nigeria,Niger,first_birth_under20,First birth <20,adverse,2024,51.0756519,2.38020985864239,46.410526300536,55.7407774977085,24,37,Worse half,43.8860012445946,15.24291624,69.22620392,7.1896506554054,0.66377460877166
Nigeria,Borno,first_birth_under20,First birth <20,adverse,2024,52.57968717,2.82183028044888,47.0490014518303,58.1103728921591,25,37,Worse half,43.8860012445946,15.24291624,69.22620392,8.6936859254054,0.69163573643983
Nigeria,Taraba,first_birth_under20,First birth <20,adverse,2024,55.85589132,3.46687794588579,49.0609354061176,62.6508472315823,26,37,Worse half,43.8860012445946,15.24291624,69.22620392,11.9698900754054,0.752324966214433
Nigeria,Sokoto,first_birth_under20,First birth <20,adverse,2024,58.75740125,2.35116652032845,54.1491995507507,63.3656029537509,27,37,Worse half,43.8860012445946,15.24291624,69.22620392,14.8714000054054,0.806073266006758
Nigeria,Adamawa,first_birth_under20,First birth <20,adverse,2024,59.37119906,3.2609334850767,52.9798868755085,65.7625112489705,28,37,Worse half,43.8860012445946,15.24291624,69.22620392,15.4851978154054,0.817443411034576
Nigeria,Kano,first_birth_under20,First birth <20,adverse,2024,60.64340173,2.2846408570308,56.1655879329032,65.1212155276814,29,37,Worse half,43.8860012445946,15.24291624,69.22620392,16.7574004854054,0.841010013304918
Nigeria,Kebbi,first_birth_under20,First birth <20,adverse,2024,62.14482735,1.92662825437621,58.3687053576303,65.9209493379796,30,37,Worst fifth,43.8860012445946,15.24291624,69.22620392,18.2588261054054,0.868822799160053
Nigeria,Bauchi,first_birth_under20,First birth <20,adverse,2024,65.54095138,2.89833823912544,59.8603128193943,71.2215899467964,31,37,Worst fifth,43.8860012445946,15.24291624,69.22620392,21.6549501354054,0.931733454956554
Nigeria,Yobe,first_birth_under20,First birth <20,adverse,2024,65.56224881,3.86912381218886,57.9789054845759,73.1455921318088,32,37,Worst fifth,43.8860012445946,15.24291624,69.22620392,21.6762475654054,0.932127973907053
Nigeria,Katsina,first_birth_under20,First birth <20,adverse,2024,67.08290374,1.89159730922139,63.3754411447841,70.7903663434377,33,37,Worst fifth,43.8860012445946,15.24291624,69.22620392,23.1969024954054,0.960296968337591
Nigeria,Kaduna,first_birth_under20,First birth <20,adverse,2024,67.50766661,3.13485200221493,61.3634695850375,73.6518636274466,34,37,Worst fifth,43.8860012445946,15.24291624,69.22620392,23.6216653654054,0.968165382586791
Nigeria,Jigawa,first_birth_under20,First birth <20,adverse,2024,67.83655527,1.8890775033933,64.1340313964652,71.5390791377766,35,37,Worst fifth,43.8860012445946,15.24291624,69.22620392,23.9505540254054,0.974257798853647
Nigeria,Gombe,first_birth_under20,First birth <20,adverse,2024,68.30856973,3.46256153777854,61.5220738220784,75.0950656386775,36,37,Worst fifth,43.8860012445946,15.24291624,69.22620392,24.4225684854054,0.983001513441724
Nigeria,Zamfara,first_birth_under20,First birth <20,adverse,2024,69.22620392,2.5191189241842,64.2888215523717,74.1635862807204,37,37,Worst fifth,43.8860012445946,15.24291624,69.22620392,25.3402026754054,1
Nigeria,Lagos,malaria_rdt_positive,Malaria RDT+,adverse,2021,3.244182808,2.09170628147291,-0.855486170363726,7.34385178548248,1,37,Best fifth,35.1267667556216,3.244182808,75.60719959,-31.8825839476216,0
Nigeria,Kwara,malaria_rdt_positive,Malaria RDT+,adverse,2021,17.61246742,6.20420178141548,5.4524553738902,29.7724794626774,2,37,Best fifth,35.1267667556216,3.244182808,75.60719959,-17.5142993356216,0.198558396967967
Nigeria,Borno,malaria_rdt_positive,Malaria RDT+,adverse,2021,18.62373676,4.39094118411163,10.017650177604,27.2298233357889,3,37,Best fifth,35.1267667556216,3.244182808,75.60719959,-16.5030299956216,0.212533344185087
Nigeria,Delta,malaria_rdt_positive,Malaria RDT+,adverse,2021,18.89135141,4.94398922817182,9.2013105848082,28.5813922391497,4,37,Best fifth,35.1267667556216,3.244182808,75.60719959,-16.2354153456216,0.216231568248992
Nigeria,Anambra,malaria_rdt_positive,Malaria RDT+,adverse,2021,20.16236367,4.87965929560633,10.5984071956392,29.7263201480682,5,37,Best fifth,35.1267667556216,3.244182808,75.60719959,-14.9644030856216,0.233795958410185
Nigeria,Taraba,malaria_rdt_positive,Malaria RDT+,adverse,2021,24.52453213,4.44593693386753,15.8106558587912,33.2384083946248,6,37,Best fifth,35.1267667556216,3.244182808,75.60719959,-10.6022346256216,0.2940776969831
Nigeria,Imo,malaria_rdt_positive,Malaria RDT+,adverse,2021,26.17021871,4.417129417081,17.5128041387737,34.827633283836,7,37,Best fifth,35.1267667556216,3.244182808,75.60719959,-8.95654804562162,0.316819791677104
Nigeria,Abia,malaria_rdt_positive,Malaria RDT+,adverse,2021,26.4204568,8.47882726920222,9.80226072448454,43.0386528820294,8,37,Best fifth,35.1267667556216,3.244182808,75.60719959,-8.70630995562162,0.320277885343291
Nigeria,Plateau,malaria_rdt_positive,Malaria RDT+,adverse,2021,26.43442792,4.25790424127386,18.0890889570803,34.7797668821145,9,37,Better half,35.1267667556216,3.244182808,75.60719959,-8.69233883562162,0.320470955237572
Nigeria,Bayelsa,malaria_rdt_positive,Malaria RDT+,adverse,2021,27.07378718,5.76690008722709,15.7708707097694,38.3767036565814,10,37,Better half,35.1267667556216,3.244182808,75.60719959,-8.05297957562162,0.329306397545431
Nigeria,Osun,malaria_rdt_positive,Malaria RDT+,adverse,2021,27.55320134,4.56538961241663,18.6052021285819,36.5012005600417,11,37,Better half,35.1267667556216,3.244182808,75.60719959,-7.57356541562162,0.335931524320401
Nigeria,Kogi,malaria_rdt_positive,Malaria RDT+,adverse,2021,27.73352179,6.72138530373694,14.5598486728754,40.9071949159578,12,37,Better half,35.1267667556216,3.244182808,75.60719959,-7.39324496562162,0.338423411171155
Nigeria,Adamawa,malaria_rdt_positive,Malaria RDT+,adverse,2021,27.9578965,5.92341946654766,16.3482076808965,39.5675853204103,13,37,Better half,35.1267667556216,3.244182808,75.60719959,-7.16887025562162,0.341524093259576
Nigeria,Oyo,malaria_rdt_positive,Malaria RDT+,adverse,2021,29.56098766,5.58768468310899,18.6093269211065,40.512648392826,14,37,Better half,35.1267667556216,3.244182808,75.60719959,-5.56577909562163,0.363677552737771
Nigeria,Nasarawa,malaria_rdt_positive,Malaria RDT+,adverse,2021,29.93900059,5.46180994831607,19.2340497977934,40.6439513759975,15,37,Better half,35.1267667556216,3.244182808,75.60719959,-5.18776616562163,0.36890139423596
Nigeria,Ebonyi,malaria_rdt_positive,Malaria RDT+,adverse,2021,30.18701851,5.68566052604765,19.0433286552031,41.330708373952,16,37,Better half,35.1267667556216,3.244182808,75.60719959,-4.93974824562162,0.372328806898249
Nigeria,Edo,malaria_rdt_positive,Malaria RDT+,adverse,2021,30.20342429,5.23055539252062,19.9517240981978,40.4551244751622,17,37,Better half,35.1267667556216,3.244182808,75.60719959,-4.92334246562162,0.372555521879596
Nigeria,Enugu,malaria_rdt_positive,Malaria RDT+,adverse,2021,30.21749413,7.90214340770026,14.7295776499704,45.7054106094967,18,37,Better half,35.1267667556216,3.244182808,75.60719959,-4.90927262562163,0.372749956006664
Nigeria,Kaduna,malaria_rdt_positive,Malaria RDT+,adverse,2021,32.28640995,5.47746531209226,21.5507752123212,43.0220446888578,19,37,Worse half,35.1267667556216,3.244182808,75.60719959,-2.84035680562162,0.401340746053917
Nigeria,Gombe,malaria_rdt_positive,Malaria RDT+,adverse,2021,33.07982323,7.96002797525925,17.4784550810145,48.6811913758933,20,37,Worse half,35.1267667556216,3.244182808,75.60719959,-2.04694352562162,0.412305093800643
Nigeria,Akwa Ibom,malaria_rdt_positive,Malaria RDT+,adverse,2021,33.50147738,7.28312716918227,19.2268104377195,47.7761443305643,21,37,Worse half,35.1267667556216,3.244182808,75.60719959,-1.62528937562163,0.418132022648431
Nigeria,Rivers,malaria_rdt_positive,Malaria RDT+,adverse,2021,33.84001239,5.86611517312534,22.3426379171594,45.3373868541386,22,37,Worse half,35.1267667556216,3.244182808,75.60719959,-1.28675436562163,0.422810310329828
Nigeria,Benue,malaria_rdt_positive,Malaria RDT+,adverse,2021,33.9762087,5.81079991142831,22.5872501568822,45.3651672524183,23,37,Worse half,35.1267667556216,3.244182808,75.60719959,-1.15055805562162,0.424692436256257
Nigeria,FCT Abuja,malaria_rdt_positive,Malaria RDT+,adverse,2021,34.56139661,5.11412898359658,24.5378879857249,44.5849052260084,24,37,Worse half,35.1267667556216,3.244182808,75.60719959,-0.565370145621621,0.432779273096724
Nigeria,Ogun,malaria_rdt_positive,Malaria RDT+,adverse,2021,35.60118029,10.0507584977018,15.902055620327,55.300304965938,25,37,Worse half,35.1267667556216,3.244182808,75.60719959,0.474413534378378,0.447148266074621
Nigeria,Ekiti,malaria_rdt_positive,Malaria RDT+,adverse,2021,36.52242265,7.39646268399714,22.0256221777692,51.0192231250269,26,37,Worse half,35.1267667556216,3.244182808,75.60719959,1.39565589437838,0.459879111207506
Nigeria,Sokoto,malaria_rdt_positive,Malaria RDT+,adverse,2021,40.32348625,6.41801538239991,27.7444072443804,52.9025652478362,27,37,Worse half,35.1267667556216,3.244182808,75.60719959,5.19671949437838,0.51240682175682
Nigeria,Cross River,malaria_rdt_positive,Malaria RDT+,adverse,2021,40.5583512,8.54547704111373,23.8095239691805,57.3071784317741,28,37,Worse half,35.1267667556216,3.244182808,75.60719959,5.43158444437837,0.515652470714595
Nigeria,Niger,malaria_rdt_positive,Malaria RDT+,adverse,2021,42.55282289,5.60021432306518,31.5766045159628,53.529041273789,29,37,Worse half,35.1267667556216,3.244182808,75.60719959,7.42605613437838,0.54321450141335
Nigeria,Ondo,malaria_rdt_positive,Malaria RDT+,adverse,2021,44.84330263,5.50448858551208,34.0547032530636,55.6319020148946,30,37,Worst fifth,35.1267667556216,3.244182808,75.60719959,9.71653587437837,0.574867130641071
Nigeria,Katsina,malaria_rdt_positive,Malaria RDT+,adverse,2021,49.47541357,4.87256367733317,39.9253642475901,59.0254628874922,31,37,Worst fifth,35.1267667556216,3.244182808,75.60719959,14.3486468143784,0.638879262058348
Nigeria,Kano,malaria_rdt_positive,Malaria RDT+,adverse,2021,54.03456571,4.72450652683781,44.7747030750876,63.2944283497407,32,37,Worst fifth,35.1267667556216,3.244182808,75.60719959,18.9077989543784,0.701883160219958
Nigeria,Jigawa,malaria_rdt_positive,Malaria RDT+,adverse,2021,54.52837393,5.73994884108445,43.2782809254656,65.7784669287214,33,37,Worst fifth,35.1267667556216,3.244182808,75.60719959,19.4016071743784,0.708707201587493
Nigeria,Bauchi,malaria_rdt_positive,Malaria RDT+,adverse,2021,59.63938532,4.1738861382204,51.4587188155262,67.8200518284921,34,37,Worst fifth,35.1267667556216,3.244182808,75.60719959,24.5126185643784,0.779337360711419
Nigeria,Zamfara,malaria_rdt_positive,Malaria RDT+,adverse,2021,59.73689676,6.40213703264633,47.1889387469347,72.2848547630885,35,37,Worst fifth,35.1267667556216,3.244182808,75.60719959,24.6101300043784,0.780684892148559
Nigeria,Yobe,malaria_rdt_positive,Malaria RDT+,adverse,2021,62.51157129,4.2464499449552,54.1886823399655,70.8344602484941,36,37,Worst fifth,35.1267667556216,3.244182808,75.60719959,27.3848045343784,0.81902871269931
Nigeria,Kebbi,malaria_rdt_positive,Malaria RDT+,adverse,2021,75.60719959,5.56400427843812,64.7019515956412,86.5124475867721,37,37,Worst fifth,35.1267667556216,3.244182808,75.60719959,40.4804328343784,1
Nigeria,Enugu,wasting,Wasting,adverse,2024,3.885584696,1.054209741,1.819371572,5.951797819,1,37,Best fifth,8.44294495818919,3.885584696,15.13267289,-4.55736026218919,0
Nigeria,Plateau,wasting,Wasting,adverse,2024,4.771686141,1.576574865,1.681656186,7.861716096,2,37,Best fifth,8.44294495818919,3.885584696,15.13267289,-3.67125881718919,0.0787849645806734
Nigeria,Ekiti,wasting,Wasting,adverse,2024,4.97736177,1.930436801,1.193775167,8.760948374,3,37,Best fifth,8.44294495818919,3.885584696,15.13267289,-3.46558318818919,0.0970719758899403
Nigeria,Bauchi,wasting,Wasting,adverse,2024,5.24001237,1.254262966,2.781702129,7.698322611,4,37,Best fifth,8.44294495818919,3.885584696,15.13267289,-3.20293258818919,0.120424740220544
Nigeria,Zamfara,wasting,Wasting,adverse,2024,5.275815423,1.50061894,2.334656347,8.216974499,5,37,Best fifth,8.44294495818919,3.885584696,15.13267289,-3.16712953518919,0.123608057749707
Nigeria,Cross River,wasting,Wasting,adverse,2024,5.623908292,1.66894829,2.352829751,8.894986833,6,37,Best fifth,8.44294495818919,3.885584696,15.13267289,-2.81903666618919,0.154557656703301
Nigeria,Niger,wasting,Wasting,adverse,2024,5.794032154,1.318156103,3.210493665,8.377570642,7,37,Best fifth,8.44294495818919,3.885584696,15.13267289,-2.64891280418919,0.169683692799537
Nigeria,Kogi,wasting,Wasting,adverse,2024,5.858815758,1.974159958,1.989533341,9.728098176,8,37,Best fifth,8.44294495818919,3.885584696,15.13267289,-2.58412920018919,0.17544372623064
Nigeria,Kaduna,wasting,Wasting,adverse,2024,5.896358091,1.310014022,3.328777788,8.463938393,9,37,Better half,8.44294495818919,3.885584696,15.13267289,-2.54658686718919,0.178781686452205
Nigeria,Lagos,wasting,Wasting,adverse,2024,5.968777471,2.20446613,1.648103251,10.28945169,10,37,Better half,8.44294495818919,3.885584696,15.13267289,-2.47416748718919,0.185220631248479
Nigeria,Sokoto,wasting,Wasting,adverse,2024,6.035052676,1.410968738,3.269604766,8.800500586,11,37,Better half,8.44294495818919,3.885584696,15.13267289,-2.40789228218919,0.191113285761081
Nigeria,Kwara,wasting,Wasting,adverse,2024,6.147213268,1.705884711,2.803740673,9.490685863,12,37,Better half,8.44294495818919,3.885584696,15.13267289,-2.29573169018919,0.201085697292435
Nigeria,Ebonyi,wasting,Wasting,adverse,2024,6.53616366,0.923729963,4.725686201,8.346641119,13,37,Better half,8.44294495818919,3.885584696,15.13267289,-1.90678129818919,0.235668016315015
Nigeria,Katsina,wasting,Wasting,adverse,2024,6.721186552,1.829286772,3.135850363,10.30652274,14,37,Better half,8.44294495818919,3.885584696,15.13267289,-1.72175840618919,0.252118753502148
Nigeria,Benue,wasting,Wasting,adverse,2024,6.740900604,1.884860957,3.046641013,10.4351602,15,37,Better half,8.44294495818919,3.885584696,15.13267289,-1.70204435418919,0.253871567355827
Nigeria,Adamawa,wasting,Wasting,adverse,2024,6.959847223,1.685534009,3.656261271,10.26343317,16,37,Better half,8.44294495818919,3.885584696,15.13267289,-1.48309773518919,0.273338527623535
Nigeria,FCT Abuja,wasting,Wasting,adverse,2024,6.972642657,2.762848397,1.557559303,12.38772601,17,37,Better half,8.44294495818919,3.885584696,15.13267289,-1.47030230118919,0.274476193993647
Nigeria,Imo,wasting,Wasting,adverse,2024,7.13242604,1.967300693,3.276587535,10.98826454,18,37,Better half,8.44294495818919,3.885584696,15.13267289,-1.31051891818919,0.288682838437428
Nigeria,Edo,wasting,Wasting,adverse,2024,8.001086275,1.580151008,4.904047208,11.09812534,19,37,Worse half,8.44294495818919,3.885584696,15.13267289,-0.441858683189189,0.365917071868922
Nigeria,Abia,wasting,Wasting,adverse,2024,8.22455821,1.794118315,4.708150928,11.74096549,20,37,Worse half,8.44294495818919,3.885584696,15.13267289,-0.218386748189189,0.385786386588016
Nigeria,Gombe,wasting,Wasting,adverse,2024,8.822882214,1.303283063,6.268494348,11.37727008,21,37,Worse half,8.44294495818919,3.885584696,15.13267289,0.379937255810811,0.438984511620875
Nigeria,Bayelsa,wasting,Wasting,adverse,2024,8.895952244,1.785596535,5.396247344,12.39565714,22,37,Worse half,8.44294495818919,3.885584696,15.13267289,0.453007285810811,0.445481306945996
Nigeria,Taraba,wasting,Wasting,adverse,2024,9.488313678,2.724072794,4.149229111,14.82739825,23,37,Worse half,8.44294495818919,3.885584696,15.13267289,1.04536871981081,0.498149288541091
Nigeria,Kebbi,wasting,Wasting,adverse,2024,9.552864695,1.593297528,6.430058922,12.67567047,24,37,Worse half,8.44294495818919,3.885584696,15.13267289,1.10991973681081,0.503888642219711
Nigeria,Nasarawa,wasting,Wasting,adverse,2024,9.567999943,1.680913379,6.27347026,12.86252963,25,37,Worse half,8.44294495818919,3.885584696,15.13267289,1.12505498481081,0.505234345902205
Nigeria,Anambra,wasting,Wasting,adverse,2024,9.789366528,1.539631247,6.771744734,12.80698832,26,37,Worse half,8.44294495818919,3.885584696,15.13267289,1.34642156981081,0.52491646994904
Nigeria,Yobe,wasting,Wasting,adverse,2024,10.09131788,2.279649429,5.623287103,14.55934866,27,37,Worse half,8.44294495818919,3.885584696,15.13267289,1.64837292181081,0.551763538878497
Nigeria,Ondo,wasting,Wasting,adverse,2024,10.20967123,2.56578645,5.180822191,15.23852026,28,37,Worse half,8.44294495818919,3.885584696,15.13267289,1.76672627181081,0.562286560300445
Nigeria,Borno,wasting,Wasting,adverse,2024,10.33049408,2.395537212,5.635327426,15.02566074,29,37,Worse half,8.44294495818919,3.885584696,15.13267289,1.88754912181081,0.573029149663659
Nigeria,Kano,wasting,Wasting,adverse,2024,10.39470898,1.90219659,6.666472174,14.12294579,30,37,Worst fifth,8.44294495818919,3.885584696,15.13267289,1.95176402181081,0.578738618540613
Nigeria,Akwa Ibom,wasting,Wasting,adverse,2024,11.7771064,3.140572834,5.621696753,17.93251604,31,37,Worst fifth,8.44294495818919,3.885584696,15.13267289,3.33416144181081,0.701650202068292
Nigeria,Osun,wasting,Wasting,adverse,2024,11.83325332,3.100907536,5.755586235,17.91092041,32,37,Worst fifth,8.44294495818919,3.885584696,15.13267289,3.39030836181081,0.706642331500508
Nigeria,Rivers,wasting,Wasting,adverse,2024,12.70018555,2.409343752,7.977958567,17.42241253,33,37,Worst fifth,8.44294495818919,3.885584696,15.13267289,4.25724059181081,0.783722924721293
Nigeria,Jigawa,wasting,Wasting,adverse,2024,13.19888173,1.647346371,9.970142171,16.42762128,34,37,Worst fifth,8.44294495818919,3.885584696,15.13267289,4.75593677181081,0.828062950459336
Nigeria,Ogun,wasting,Wasting,adverse,2024,13.41720692,2.880203776,7.772111253,19.06230259,35,37,Worst fifth,8.44294495818919,3.885584696,15.13267289,4.97426196181081,0.847474658292877
Nigeria,Oyo,wasting,Wasting,adverse,2024,14.42265584,2.708380371,9.11432786,19.73098383,36,37,Worst fifth,8.44294495818919,3.885584696,15.13267289,5.97971088181081,0.936871033839783
Nigeria,Delta,wasting,Wasting,adverse,2024,15.13267289,2.478521696,10.27485963,19.99048615,37,37,Worst fifth,8.44294495818919,3.885584696,15.13267289,6.68972793181081,1
Nigeria,Lagos,zero_dose,Zero-dose,adverse,2024,1.096066604,1.08998385666183,-1.04026249888409,3.23239570669043,1,37,Best fifth,29.3717629981351,1.096066604,86.27255649,-28.2756963941351,0
Nigeria,Edo,zero_dose,Zero-dose,adverse,2024,2.091662959,2.03411406608381,-1.89512735084911,6.07845326909209,2,37,Best fifth,29.3717629981351,1.096066604,86.27255649,-27.2801000391351,0.01168862859144
Nigeria,Cross River,zero_dose,Zero-dose,adverse,2024,2.788505654,1.92368417897332,-0.981846054453626,6.55885736238079,3,37,Best fifth,29.3717629981351,1.096066604,86.27255649,-26.5832573441351,0.0198697909747767
Nigeria,Ebonyi,zero_dose,Zero-dose,adverse,2024,3.002995162,1.36179762371719,0.333920865152329,5.67206945858819,4,37,Best fifth,29.3717629981351,1.096066604,86.27255649,-26.3687678361351,0.0223879683296674
Nigeria,Abia,zero_dose,Zero-dose,adverse,2024,5.45723019,3.01127007586504,-0.4447507064573,11.35921108638,5,37,Best fifth,29.3717629981351,1.096066604,86.27255649,-23.9145328081351,0.0512014945889056
Nigeria,Ekiti,zero_dose,Zero-dose,adverse,2024,6.015148228,3.93010722699787,-1.68772039182648,13.7180168487663,6,37,Best fifth,29.3717629981351,1.096066604,86.27255649,-23.3566147701351,0.0577516358162175
Nigeria,FCT Abuja,zero_dose,Zero-dose,adverse,2024,6.19172019,2.53675839207979,1.21976510407325,11.1636752759855,7,37,Best fifth,29.3717629981351,1.096066604,86.27255649,-23.1800428081351,0.0598246487125733
Nigeria,Imo,zero_dose,Zero-dose,adverse,2024,6.719030045,3.12590144724434,0.592375789299642,12.8456843009407,8,37,Best fifth,29.3717629981351,1.096066604,86.27255649,-22.6527329531351,0.0660154398065213
Nigeria,Delta,zero_dose,Zero-dose,adverse,2024,7.590002729,2.73480179759475,2.22988970075005,12.9501157570323,9,37,Better half,29.3717629981351,1.096066604,86.27255649,-21.7817602691351,0.0762409455201954
Nigeria,Enugu,zero_dose,Zero-dose,adverse,2024,12.83170451,3.48063294230675,6.00978930312169,19.6536197237715,10,37,Better half,29.3717629981351,1.096066604,86.27255649,-16.5400584881351,0.137780248067359
Nigeria,Osun,zero_dose,Zero-dose,adverse,2024,12.93826467,4.46545593651111,4.18613186126569,21.6903974814904,11,37,Better half,29.3717629981351,1.096066604,86.27255649,-16.4334983281351,0.139031299386128
Nigeria,Anambra,zero_dose,Zero-dose,adverse,2024,14.92877653,4.85485802637348,5.41342965123724,24.4441234147317,12,37,Better half,29.3717629981351,1.096066604,86.27255649,-14.4429864681351,0.162400563166123
Nigeria,Akwa Ibom,zero_dose,Zero-dose,adverse,2024,15.13765264,4.50054707976117,6.31674245087473,23.9585628249924,13,37,Better half,29.3717629981351,1.096066604,86.27255649,-14.2341103581351,0.16485283738263
Nigeria,Bayelsa,zero_dose,Zero-dose,adverse,2024,17.23842012,5.35866797066323,6.73562389337551,27.741216348592,14,37,Better half,29.3717629981351,1.096066604,86.27255649,-12.1333428781351,0.189516538396979
Nigeria,Ondo,zero_dose,Zero-dose,adverse,2024,19.83977563,7.06202294077076,5.99846500464232,33.681086248455,15,37,Better half,29.3717629981351,1.096066604,86.27255649,-9.53198736813514,0.22005730749279
Nigeria,Ogun,zero_dose,Zero-dose,adverse,2024,20.17371126,3.55787948986218,13.2003956030088,27.147026925936,16,37,Better half,29.3717629981351,1.096066604,86.27255649,-9.19805173813513,0.223977821597644
Nigeria,Nasarawa,zero_dose,Zero-dose,adverse,2024,20.97020666,5.2957170988022,10.5907918699781,31.3496214419086,17,37,Better half,29.3717629981351,1.096066604,86.27255649,-8.40155633813514,0.233328939506658
Nigeria,Rivers,zero_dose,Zero-dose,adverse,2024,22.01150502,4.8775716379306,12.4516402780539,31.57136976277,18,37,Better half,29.3717629981351,1.096066604,86.27255649,-7.36025797813513,0.245554124665071
Nigeria,Adamawa,zero_dose,Zero-dose,adverse,2024,29.11831667,6.54091819139893,16.2983525888526,41.9382807507821,19,37,Worse half,29.3717629981351,1.096066604,86.27255649,-0.253446328135137,0.328990430381728
Nigeria,Oyo,zero_dose,Zero-dose,adverse,2024,29.43410814,5.70278068229342,18.2568633900813,40.611352888133,20,37,Worse half,29.3717629981351,1.096066604,86.27255649,0.0623451418648635,0.332697926081805
Nigeria,Borno,zero_dose,Zero-dose,adverse,2024,31.70475949,5.25429633111889,21.4065279218119,42.0029910679998,21,37,Worse half,29.3717629981351,1.096066604,86.27255649,2.33299649186487,0.359356119593172
Nigeria,Benue,zero_dose,Zero-dose,adverse,2024,32.01195044,5.51255715406319,21.2075369582018,42.8163639275667,22,37,Worse half,29.3717629981351,1.096066604,86.27255649,2.64018744186486,0.362962642360324
Nigeria,Gombe,zero_dose,Zero-dose,adverse,2024,34.02587255,4.94117627596553,24.3413450102866,43.710400094599,23,37,Worse half,29.3717629981351,1.096066604,86.27255649,4.65410955186487,0.386606750173354
Nigeria,Jigawa,zero_dose,Zero-dose,adverse,2024,34.29304501,4.46184672181379,25.5479861344503,43.0381038930365,24,37,Worse half,29.3717629981351,1.096066604,86.27255649,4.92128201186486,0.389743442708554
Nigeria,Plateau,zero_dose,Zero-dose,adverse,2024,35.29387356,6.26977577181452,23.0053388521062,47.5824082599028,25,37,Worse half,29.3717629981351,1.096066604,86.27255649,5.92211056186487,0.401493498989806
Nigeria,Bauchi,zero_dose,Zero-dose,adverse,2024,37.32357799,5.4688121949864,26.6049030452507,48.0422529260243,26,37,Worse half,29.3717629981351,1.096066604,86.27255649,7.95181499186486,0.425322896429365
Nigeria,Katsina,zero_dose,Zero-dose,adverse,2024,39.8058631,4.68577387849998,30.6219150619255,48.9898111450426,27,37,Worse half,29.3717629981351,1.096066604,86.27255649,10.4341001018649,0.454465739875042
Nigeria,Taraba,zero_dose,Zero-dose,adverse,2024,40.24727399,6.28512518583468,27.9286549850335,52.5658929901566,28,37,Worse half,29.3717629981351,1.096066604,86.27255649,10.8755109918649,0.459648048873579
Nigeria,Yobe,zero_dose,Zero-dose,adverse,2024,40.56465229,4.45767501428647,31.827769807797,49.3015347733681,29,37,Worse half,29.3717629981351,1.096066604,86.27255649,11.1928892918649,0.463374174479656
Nigeria,Kano,zero_dose,Zero-dose,adverse,2024,42.02316418,4.26863651561686,33.656790344515,50.3895380119182,30,37,Worst fifth,29.3717629981351,1.096066604,86.27255649,12.6514011818649,0.480497583673344
Nigeria,Kaduna,zero_dose,Zero-dose,adverse,2024,45.6071497,5.09783950979654,35.6155678668229,55.598731543156,31,37,Worst fifth,29.3717629981351,1.096066604,86.27255649,16.2353867018649,0.522574752206548
Nigeria,Kwara,zero_dose,Zero-dose,adverse,2024,51.74169935,9.31083955747125,33.4927891496716,69.9906095466207,32,37,Worst fifth,29.3717629981351,1.096066604,86.27255649,22.3699363518649,0.594596382332543
Nigeria,Niger,zero_dose,Zero-dose,adverse,2024,56.63335768,5.79860525728312,45.2683002186498,67.9984151483288,33,37,Worst fifth,29.3717629981351,1.096066604,86.27255649,27.2615946818649,0.652026059659549
Nigeria,Kogi,zero_dose,Zero-dose,adverse,2024,56.97488153,9.72152039859866,37.9210516750416,76.0287113874913,34,37,Worst fifth,29.3717629981351,1.096066604,86.27255649,27.6031185318649,0.656035661962451
Nigeria,Zamfara,zero_dose,Zero-dose,adverse,2024,82.62359886,3.75185753183354,75.2700932257948,89.9771045008329,35,37,Worst fifth,29.3717629981351,1.096066604,86.27255649,53.2518358618649,0.9571600375305
Nigeria,Kebbi,zero_dose,Zero-dose,adverse,2024,84.03315111,2.75578291221555,78.6319158491147,89.4343863634215,36,37,Worst fifth,29.3717629981351,1.096066604,86.27255649,54.6613881118649,0.973708644451101
Nigeria,Sokoto,zero_dose,Zero-dose,adverse,2024,86.27255649,3.57411315475517,79.2674234276965,93.2776895476784,37,37,Worst fifth,29.3717629981351,1.096066604,86.27255649,56.9007934918649,1
